
/home/runner/work/BMCU-C-PJARCZAK/BMCU-C-PJARCZAK/.pio/build/dm_ams_a_010/firmware.elf:     file format elf32-littleriscv


Disassembly of section .init:

00000000 <_sinit>:
   0:	73d0806f          	j	8f3c <handle_reset>

Disassembly of section .vector:

00000004 <_vector_base>:
	...
   c:	00008f3a          	.word	0x00008f3a
  10:	00008f3a          	.word	0x00008f3a
  14:	00000000          	.word	0x00000000
  18:	00008f3a          	.word	0x00008f3a
	...
  24:	00008f3a          	.word	0x00008f3a
  28:	00008f3a          	.word	0x00008f3a
	...
  34:	00008f3a          	.word	0x00008f3a
  38:	00000000          	.word	0x00000000
  3c:	00008f3a          	.word	0x00008f3a
  40:	00000000          	.word	0x00000000
  44:	00008f3a          	.word	0x00008f3a
  48:	00008f3a          	.word	0x00008f3a
  4c:	00008f3a          	.word	0x00008f3a
  50:	00008f3a          	.word	0x00008f3a
  54:	00008f3a          	.word	0x00008f3a
  58:	00008f3a          	.word	0x00008f3a
  5c:	00008f3a          	.word	0x00008f3a
  60:	00008f3a          	.word	0x00008f3a
  64:	00008f3a          	.word	0x00008f3a
  68:	00008f3a          	.word	0x00008f3a
  6c:	00008f3a          	.word	0x00008f3a
  70:	00008f3a          	.word	0x00008f3a
  74:	00008f3a          	.word	0x00008f3a
  78:	00008f3a          	.word	0x00008f3a
  7c:	00008f3a          	.word	0x00008f3a
  80:	00008f3a          	.word	0x00008f3a
  84:	00008f3a          	.word	0x00008f3a
  88:	00008f3a          	.word	0x00008f3a
  8c:	00008f3a          	.word	0x00008f3a
  90:	00008f3a          	.word	0x00008f3a
  94:	00008f3a          	.word	0x00008f3a
  98:	00008f3a          	.word	0x00008f3a
  9c:	00008f3a          	.word	0x00008f3a
  a0:	00008f3a          	.word	0x00008f3a
  a4:	00008f3a          	.word	0x00008f3a
  a8:	00008f3a          	.word	0x00008f3a
  ac:	00008f3a          	.word	0x00008f3a
  b0:	00008f3a          	.word	0x00008f3a
  b4:	00008f3a          	.word	0x00008f3a
  b8:	00008f3a          	.word	0x00008f3a
  bc:	00008f3a          	.word	0x00008f3a
  c0:	00008f3a          	.word	0x00008f3a
  c4:	00008f3a          	.word	0x00008f3a
  c8:	00008f3a          	.word	0x00008f3a
  cc:	00008f3a          	.word	0x00008f3a
  d0:	00008f3a          	.word	0x00008f3a
  d4:	00008f3a          	.word	0x00008f3a
  d8:	0000635e          	.word	0x0000635e
  dc:	00008f3a          	.word	0x00008f3a
  e0:	00008f3a          	.word	0x00008f3a
  e4:	00008f3a          	.word	0x00008f3a
  e8:	00008f3a          	.word	0x00008f3a
  ec:	00008f3a          	.word	0x00008f3a
  f0:	00008f3a          	.word	0x00008f3a
  f4:	00008f3a          	.word	0x00008f3a
  f8:	00008f3a          	.word	0x00008f3a
  fc:	00008f3a          	.word	0x00008f3a

Disassembly of section .text:

00000100 <memcpy>:
     100:	832a                	mv	t1,a0
     102:	ca09                	beqz	a2,114 <memcpy+0x14>
     104:	00058383          	lb	t2,0(a1)
     108:	00730023          	sb	t2,0(t1)
     10c:	167d                	addi	a2,a2,-1
     10e:	0305                	addi	t1,t1,1
     110:	0585                	addi	a1,a1,1
     112:	fa6d                	bnez	a2,104 <memcpy+0x4>
     114:	8082                	ret

00000116 <memset>:
     116:	832a                	mv	t1,a0
     118:	c611                	beqz	a2,124 <memset+0xe>
     11a:	00b30023          	sb	a1,0(t1)
     11e:	167d                	addi	a2,a2,-1
     120:	0305                	addi	t1,t1,1
     122:	fe65                	bnez	a2,11a <memset+0x4>
     124:	8082                	ret

00000126 <__riscv_save_12>:
     126:	7139                	addi	sp,sp,-64
     128:	4301                	li	t1,0
     12a:	c66e                	sw	s11,12(sp)
     12c:	a019                	j	132 <__riscv_save_10+0x4>

0000012e <__riscv_save_10>:
     12e:	7139                	addi	sp,sp,-64
     130:	5341                	li	t1,-16
     132:	c86a                	sw	s10,16(sp)
     134:	ca66                	sw	s9,20(sp)
     136:	cc62                	sw	s8,24(sp)
     138:	ce5e                	sw	s7,28(sp)
     13a:	a019                	j	140 <__riscv_save_4+0x4>

0000013c <__riscv_save_4>:
     13c:	7139                	addi	sp,sp,-64
     13e:	5301                	li	t1,-32
     140:	d05a                	sw	s6,32(sp)
     142:	d256                	sw	s5,36(sp)
     144:	d452                	sw	s4,40(sp)
     146:	d64e                	sw	s3,44(sp)
     148:	d84a                	sw	s2,48(sp)
     14a:	da26                	sw	s1,52(sp)
     14c:	dc22                	sw	s0,56(sp)
     14e:	de06                	sw	ra,60(sp)
     150:	40610133          	sub	sp,sp,t1
     154:	8282                	jr	t0

00000156 <__riscv_save_0>:
     156:	1141                	addi	sp,sp,-16
     158:	c04a                	sw	s2,0(sp)
     15a:	c226                	sw	s1,4(sp)
     15c:	c422                	sw	s0,8(sp)
     15e:	c606                	sw	ra,12(sp)
     160:	8282                	jr	t0

00000162 <__riscv_restore_12>:
     162:	4db2                	lw	s11,12(sp)
     164:	0141                	addi	sp,sp,16

00000166 <__riscv_restore_10>:
     166:	4d02                	lw	s10,0(sp)
     168:	4c92                	lw	s9,4(sp)
     16a:	4c22                	lw	s8,8(sp)
     16c:	4bb2                	lw	s7,12(sp)
     16e:	0141                	addi	sp,sp,16

00000170 <__riscv_restore_4>:
     170:	4b02                	lw	s6,0(sp)
     172:	4a92                	lw	s5,4(sp)
     174:	4a22                	lw	s4,8(sp)
     176:	49b2                	lw	s3,12(sp)
     178:	0141                	addi	sp,sp,16

0000017a <__riscv_restore_0>:
     17a:	4902                	lw	s2,0(sp)
     17c:	4492                	lw	s1,4(sp)
     17e:	4422                	lw	s0,8(sp)
     180:	40b2                	lw	ra,12(sp)
     182:	0141                	addi	sp,sp,16
     184:	8082                	ret

00000186 <_ZL12filter_resetv>:
     186:	fd1ff2ef          	jal	t0,156 <__riscv_save_0>
     18a:	8481a703          	lw	a4,-1976(gp) # 200001d8 <_ZL7g_scale+0x18>
     18e:	aa018423          	sb	zero,-1368(gp) # 20000438 <_ZL10g_ring_idx>
     192:	20003537          	lui	a0,0x20003
     196:	aa0183a3          	sb	zero,-1369(gp) # 20000437 <_ZL15g_blocks_filled>
     19a:	02000613          	li	a2,32
     19e:	4581                	li	a1,0
     1a0:	c3050513          	addi	a0,a0,-976 # 20002c30 <_ZL9g_acc_sum>
     1a4:	82e1a823          	sw	a4,-2000(gp) # 200001c0 <_ZL7g_scale>
     1a8:	37bd                	jal	116 <memset>
     1aa:	20003537          	lui	a0,0x20003
     1ae:	08000613          	li	a2,128
     1b2:	4581                	li	a1,0
     1b4:	bb050513          	addi	a0,a0,-1104 # 20002bb0 <_ZL10g_ring_sum>
     1b8:	3fb9                	jal	116 <memset>
     1ba:	20003537          	lui	a0,0x20003
     1be:	04000613          	li	a2,64
     1c2:	4581                	li	a1,0
     1c4:	b7050513          	addi	a0,a0,-1168 # 20002b70 <_ZL3g_v>
     1c8:	37b9                	jal	116 <memset>
     1ca:	aa018323          	sb	zero,-1370(gp) # 20000436 <_ZL6g_v_rd>
     1ce:	aa0182a3          	sb	zero,-1371(gp) # 20000435 <_ZL11g_acc_dirty>
     1d2:	b765                	j	17a <__riscv_restore_0>

000001d4 <_ZL26process_half_update_filterPKm>:
     1d4:	67c1                	lui	a5,0x10
     1d6:	40050693          	addi	a3,a0,1024
     1da:	4801                	li	a6,0
     1dc:	4881                	li	a7,0
     1de:	4301                	li	t1,0
     1e0:	4e01                	li	t3,0
     1e2:	4e81                	li	t4,0
     1e4:	4f01                	li	t5,0
     1e6:	4f81                	li	t6,0
     1e8:	4281                	li	t0,0
     1ea:	17fd                	addi	a5,a5,-1 # ffff <MC_PULL_calibration.cpp.947435e8+0x716>
     1ec:	4118                	lw	a4,0(a0)
     1ee:	00f77633          	and	a2,a4,a5
     1f2:	8341                	srli	a4,a4,0x10
     1f4:	9732                	add	a4,a4,a2
     1f6:	92ba                	add	t0,t0,a4
     1f8:	4158                	lw	a4,4(a0)
     1fa:	00f77633          	and	a2,a4,a5
     1fe:	8341                	srli	a4,a4,0x10
     200:	9732                	add	a4,a4,a2
     202:	9fba                	add	t6,t6,a4
     204:	4518                	lw	a4,8(a0)
     206:	00f77633          	and	a2,a4,a5
     20a:	8341                	srli	a4,a4,0x10
     20c:	9732                	add	a4,a4,a2
     20e:	9f3a                	add	t5,t5,a4
     210:	4558                	lw	a4,12(a0)
     212:	00f77633          	and	a2,a4,a5
     216:	8341                	srli	a4,a4,0x10
     218:	9732                	add	a4,a4,a2
     21a:	9eba                	add	t4,t4,a4
     21c:	4918                	lw	a4,16(a0)
     21e:	00f77633          	and	a2,a4,a5
     222:	8341                	srli	a4,a4,0x10
     224:	9732                	add	a4,a4,a2
     226:	9e3a                	add	t3,t3,a4
     228:	4958                	lw	a4,20(a0)
     22a:	01075613          	srli	a2,a4,0x10
     22e:	8f7d                	and	a4,a4,a5
     230:	9732                	add	a4,a4,a2
     232:	933a                	add	t1,t1,a4
     234:	4d18                	lw	a4,24(a0)
     236:	01075613          	srli	a2,a4,0x10
     23a:	8f7d                	and	a4,a4,a5
     23c:	9732                	add	a4,a4,a2
     23e:	98ba                	add	a7,a7,a4
     240:	4d58                	lw	a4,28(a0)
     242:	02050513          	addi	a0,a0,32
     246:	01075613          	srli	a2,a4,0x10
     24a:	8f7d                	and	a4,a4,a5
     24c:	9732                	add	a4,a4,a2
     24e:	983a                	add	a6,a6,a4
     250:	f8d51ee3          	bne	a0,a3,1ec <_ZL26process_half_update_filterPKm+0x18>
     254:	aa81c683          	lbu	a3,-1368(gp) # 20000438 <_ZL10g_ring_idx>
     258:	200037b7          	lui	a5,0x20003
     25c:	bb078793          	addi	a5,a5,-1104 # 20002bb0 <_ZL10g_ring_sum>
     260:	00569713          	slli	a4,a3,0x5
     264:	97ba                	add	a5,a5,a4
     266:	20003737          	lui	a4,0x20003
     26a:	c3070713          	addi	a4,a4,-976 # 20002c30 <_ZL9g_acc_sum>
     26e:	4388                	lw	a0,0(a5)
     270:	4310                	lw	a2,0(a4)
     272:	0057a023          	sw	t0,0(a5)
     276:	8e09                	sub	a2,a2,a0
     278:	9616                	add	a2,a2,t0
     27a:	43c8                	lw	a0,4(a5)
     27c:	c310                	sw	a2,0(a4)
     27e:	4350                	lw	a2,4(a4)
     280:	01f7a223          	sw	t6,4(a5)
     284:	8e09                	sub	a2,a2,a0
     286:	967e                	add	a2,a2,t6
     288:	4788                	lw	a0,8(a5)
     28a:	c350                	sw	a2,4(a4)
     28c:	4710                	lw	a2,8(a4)
     28e:	01e7a423          	sw	t5,8(a5)
     292:	8e09                	sub	a2,a2,a0
     294:	967a                	add	a2,a2,t5
     296:	47c8                	lw	a0,12(a5)
     298:	c710                	sw	a2,8(a4)
     29a:	4750                	lw	a2,12(a4)
     29c:	01d7a623          	sw	t4,12(a5)
     2a0:	8e09                	sub	a2,a2,a0
     2a2:	9676                	add	a2,a2,t4
     2a4:	4b88                	lw	a0,16(a5)
     2a6:	c750                	sw	a2,12(a4)
     2a8:	4b10                	lw	a2,16(a4)
     2aa:	01c7a823          	sw	t3,16(a5)
     2ae:	8e09                	sub	a2,a2,a0
     2b0:	9672                	add	a2,a2,t3
     2b2:	4bc8                	lw	a0,20(a5)
     2b4:	cb10                	sw	a2,16(a4)
     2b6:	4b50                	lw	a2,20(a4)
     2b8:	0067aa23          	sw	t1,20(a5)
     2bc:	8e09                	sub	a2,a2,a0
     2be:	961a                	add	a2,a2,t1
     2c0:	4f88                	lw	a0,24(a5)
     2c2:	cb50                	sw	a2,20(a4)
     2c4:	4f10                	lw	a2,24(a4)
     2c6:	0117ac23          	sw	a7,24(a5)
     2ca:	8e09                	sub	a2,a2,a0
     2cc:	9646                	add	a2,a2,a7
     2ce:	cf10                	sw	a2,24(a4)
     2d0:	4fd0                	lw	a2,28(a5)
     2d2:	0107ae23          	sw	a6,28(a5)
     2d6:	4f5c                	lw	a5,28(a4)
     2d8:	8f91                	sub	a5,a5,a2
     2da:	97c2                	add	a5,a5,a6
     2dc:	cf5c                	sw	a5,28(a4)
     2de:	00168793          	addi	a5,a3,1
     2e2:	0ff7f793          	zext.b	a5,a5
     2e6:	470d                	li	a4,3
     2e8:	00f77363          	bgeu	a4,a5,2ee <_ZL26process_half_update_filterPKm+0x11a>
     2ec:	4781                	li	a5,0
     2ee:	aaf18423          	sb	a5,-1368(gp) # 20000438 <_ZL10g_ring_idx>
     2f2:	aa71c783          	lbu	a5,-1369(gp) # 20000437 <_ZL15g_blocks_filled>
     2f6:	468d                	li	a3,3
     2f8:	00f6ee63          	bltu	a3,a5,314 <_ZL26process_half_update_filterPKm+0x140>
     2fc:	0785                	addi	a5,a5,1
     2fe:	0ff7f793          	zext.b	a5,a5
     302:	aaf183a3          	sb	a5,-1369(gp) # 20000437 <_ZL15g_blocks_filled>
     306:	4605                	li	a2,1
     308:	00c79a63          	bne	a5,a2,31c <_ZL26process_half_update_filterPKm+0x148>
     30c:	8481a783          	lw	a5,-1976(gp) # 200001d8 <_ZL7g_scale+0x18>
     310:	82f1a823          	sw	a5,-2000(gp) # 200001c0 <_ZL7g_scale>
     314:	4705                	li	a4,1
     316:	aae182a3          	sb	a4,-1371(gp) # 20000435 <_ZL11g_acc_dirty>
     31a:	8082                	ret
     31c:	4609                	li	a2,2
     31e:	00c79563          	bne	a5,a2,328 <_ZL26process_half_update_filterPKm+0x154>
     322:	84c1a783          	lw	a5,-1972(gp) # 200001dc <_ZL7g_scale+0x1c>
     326:	b7ed                	j	310 <_ZL26process_half_update_filterPKm+0x13c>
     328:	00d79563          	bne	a5,a3,332 <_ZL26process_half_update_filterPKm+0x15e>
     32c:	8501a783          	lw	a5,-1968(gp) # 200001e0 <_ZL7g_scale+0x20>
     330:	b7c5                	j	310 <_ZL26process_half_update_filterPKm+0x13c>
     332:	8541a783          	lw	a5,-1964(gp) # 200001e4 <_ZL7g_scale+0x24>
     336:	bfe9                	j	310 <_ZL26process_half_update_filterPKm+0x13c>

00000338 <_Z12ADC_DMA_pollv>:
     338:	e1fff2ef          	jal	t0,156 <__riscv_save_0>
     33c:	4491                	li	s1,4
     33e:	40020437          	lui	s0,0x40020
     342:	401c                	lw	a5,0(s0)
     344:	0087f713          	andi	a4,a5,8
     348:	cb09                	beqz	a4,35a <_Z12ADC_DMA_pollv+0x22>
     34a:	47b9                	li	a5,14
     34c:	c05c                	sw	a5,4(s0)
     34e:	0ff0000f          	fence
     352:	3d15                	jal	186 <_ZL12filter_resetv>
     354:	14fd                	addi	s1,s1,-1
     356:	f4f5                	bnez	s1,342 <_Z12ADC_DMA_pollv+0xa>
     358:	b50d                	j	17a <__riscv_restore_0>
     35a:	0047f713          	andi	a4,a5,4
     35e:	cb19                	beqz	a4,374 <_Z12ADC_DMA_pollv+0x3c>
     360:	4791                	li	a5,4
     362:	c05c                	sw	a5,4(s0)
     364:	0ff0000f          	fence
     368:	20002537          	lui	a0,0x20002
     36c:	37050513          	addi	a0,a0,880 # 20002370 <_ZL9g_dma_buf>
     370:	3595                	jal	1d4 <_ZL26process_half_update_filterPKm>
     372:	b7cd                	j	354 <_Z12ADC_DMA_pollv+0x1c>
     374:	8b89                	andi	a5,a5,2
     376:	d3ed                	beqz	a5,358 <_Z12ADC_DMA_pollv+0x20>
     378:	4789                	li	a5,2
     37a:	c05c                	sw	a5,4(s0)
     37c:	0ff0000f          	fence
     380:	20002537          	lui	a0,0x20002
     384:	77050513          	addi	a0,a0,1904 # 20002770 <_ZL9g_dma_buf+0x400>
     388:	b7e5                	j	370 <_Z12ADC_DMA_pollv+0x38>

0000038a <_Z17ADC_DMA_get_valuev>:
     38a:	db3ff2ef          	jal	t0,13c <__riscv_save_4>
     38e:	376d                	jal	338 <_Z12ADC_DMA_pollv>
     390:	aa51c783          	lbu	a5,-1371(gp) # 20000435 <_ZL11g_acc_dirty>
     394:	200039b7          	lui	s3,0x20003
     398:	b7098993          	addi	s3,s3,-1168 # 20002b70 <_ZL3g_v>
     39c:	cbd1                	beqz	a5,430 <_Z17ADC_DMA_get_valuev+0xa6>
     39e:	200034b7          	lui	s1,0x20003
     3a2:	c3048493          	addi	s1,s1,-976 # 20002c30 <_ZL9g_acc_sum>
     3a6:	aa61ca03          	lbu	s4,-1370(gp) # 20000436 <_ZL6g_v_rd>
     3aa:	4088                	lw	a0,0(s1)
     3ac:	8301a903          	lw	s2,-2000(gp) # 200001c0 <_ZL7g_scale>
     3b0:	001a4a13          	xori	s4,s4,1
     3b4:	4fd0a0ef          	jal	ra,b0b0 <__floatunsisf>
     3b8:	85ca                	mv	a1,s2
     3ba:	005a1413          	slli	s0,s4,0x5
     3be:	50c0a0ef          	jal	ra,a8ca <__mulsf3>
     3c2:	944e                	add	s0,s0,s3
     3c4:	c008                	sw	a0,0(s0)
     3c6:	40c8                	lw	a0,4(s1)
     3c8:	4e90a0ef          	jal	ra,b0b0 <__floatunsisf>
     3cc:	85ca                	mv	a1,s2
     3ce:	4fc0a0ef          	jal	ra,a8ca <__mulsf3>
     3d2:	c048                	sw	a0,4(s0)
     3d4:	4488                	lw	a0,8(s1)
     3d6:	4db0a0ef          	jal	ra,b0b0 <__floatunsisf>
     3da:	85ca                	mv	a1,s2
     3dc:	4ee0a0ef          	jal	ra,a8ca <__mulsf3>
     3e0:	c408                	sw	a0,8(s0)
     3e2:	44c8                	lw	a0,12(s1)
     3e4:	4cd0a0ef          	jal	ra,b0b0 <__floatunsisf>
     3e8:	85ca                	mv	a1,s2
     3ea:	4e00a0ef          	jal	ra,a8ca <__mulsf3>
     3ee:	c448                	sw	a0,12(s0)
     3f0:	4888                	lw	a0,16(s1)
     3f2:	4bf0a0ef          	jal	ra,b0b0 <__floatunsisf>
     3f6:	85ca                	mv	a1,s2
     3f8:	4d20a0ef          	jal	ra,a8ca <__mulsf3>
     3fc:	c808                	sw	a0,16(s0)
     3fe:	48c8                	lw	a0,20(s1)
     400:	4b10a0ef          	jal	ra,b0b0 <__floatunsisf>
     404:	85ca                	mv	a1,s2
     406:	4c40a0ef          	jal	ra,a8ca <__mulsf3>
     40a:	c848                	sw	a0,20(s0)
     40c:	4c88                	lw	a0,24(s1)
     40e:	4a30a0ef          	jal	ra,b0b0 <__floatunsisf>
     412:	85ca                	mv	a1,s2
     414:	4b60a0ef          	jal	ra,a8ca <__mulsf3>
     418:	cc08                	sw	a0,24(s0)
     41a:	4cc8                	lw	a0,28(s1)
     41c:	4950a0ef          	jal	ra,b0b0 <__floatunsisf>
     420:	85ca                	mv	a1,s2
     422:	4a80a0ef          	jal	ra,a8ca <__mulsf3>
     426:	cc48                	sw	a0,28(s0)
     428:	ab418323          	sb	s4,-1370(gp) # 20000436 <_ZL6g_v_rd>
     42c:	aa0182a3          	sb	zero,-1371(gp) # 20000435 <_ZL11g_acc_dirty>
     430:	aa61c503          	lbu	a0,-1370(gp) # 20000436 <_ZL6g_v_rd>
     434:	0516                	slli	a0,a0,0x5
     436:	954e                	add	a0,a0,s3
     438:	bb25                	j	170 <__riscv_restore_4>

0000043a <_ZL14crc32_hw_wordsPKvm>:
     43a:	400237b7          	lui	a5,0x40023
     43e:	4705                	li	a4,1
     440:	c798                	sw	a4,8(a5)
     442:	8189                	srli	a1,a1,0x2
     444:	4781                	li	a5,0
     446:	400236b7          	lui	a3,0x40023
     44a:	00279713          	slli	a4,a5,0x2
     44e:	972a                	add	a4,a4,a0
     450:	4318                	lw	a4,0(a4)
     452:	0785                	addi	a5,a5,1 # 40023001 <__freertos_irq_stack_top+0x2001e001>
     454:	c298                	sw	a4,0(a3)
     456:	fef59ae3          	bne	a1,a5,44a <_ZL14crc32_hw_wordsPKvm+0x10>
     45a:	4288                	lw	a0,0(a3)
     45c:	8082                	ret

0000045e <_ZL15adc_pull_raw_chiPKf>:
     45e:	4785                	li	a5,1
     460:	00f50863          	beq	a0,a5,470 <_ZL15adc_pull_raw_chiPKf+0x12>
     464:	4789                	li	a5,2
     466:	00f50763          	beq	a0,a5,474 <_ZL15adc_pull_raw_chiPKf+0x16>
     46a:	e519                	bnez	a0,478 <_ZL15adc_pull_raw_chiPKf+0x1a>
     46c:	4d88                	lw	a0,24(a1)
     46e:	8082                	ret
     470:	4988                	lw	a0,16(a1)
     472:	8082                	ret
     474:	4588                	lw	a0,8(a1)
     476:	8082                	ret
     478:	4188                	lw	a0,0(a1)
     47a:	8082                	ret

0000047c <_ZL22dm_key_v_to_centi_ceilf>:
     47c:	cdbff2ef          	jal	t0,156 <__riscv_save_0>
     480:	1141                	addi	sp,sp,-16
     482:	00000593          	li	a1,0
     486:	842a                	mv	s0,a0
     488:	3aa0a0ef          	jal	ra,a832 <__lesf2>
     48c:	04a05663          	blez	a0,4d8 <_ZL22dm_key_v_to_centi_ceilf+0x5c>
     490:	8581a583          	lw	a1,-1960(gp) # 200001e8 <_ZL7g_scale+0x28>
     494:	8522                	mv	a0,s0
     496:	4340a0ef          	jal	ra,a8ca <__mulsf3>
     49a:	85c1a583          	lw	a1,-1956(gp) # 200001ec <_ZL7g_scale+0x2c>
     49e:	7080a0ef          	jal	ra,aba6 <__subsf3>
     4a2:	c62a                	sw	a0,12(sp)
     4a4:	28f0a0ef          	jal	ra,af32 <__fixsfsi>
     4a8:	842a                	mv	s0,a0
     4aa:	33b0a0ef          	jal	ra,afe4 <__floatsisf>
     4ae:	45b2                	lw	a1,12(sp)
     4b0:	3820a0ef          	jal	ra,a832 <__lesf2>
     4b4:	00055363          	bgez	a0,4ba <_ZL22dm_key_v_to_centi_ceilf+0x3e>
     4b8:	0405                	addi	s0,s0,1 # 40020001 <__freertos_irq_stack_top+0x2001b001>
     4ba:	0ff00793          	li	a5,255
     4be:	8522                	mv	a0,s0
     4c0:	0087d863          	bge	a5,s0,4d0 <_ZL22dm_key_v_to_centi_ceilf+0x54>
     4c4:	0ff00513          	li	a0,255
     4c8:	0ff57513          	zext.b	a0,a0
     4cc:	0141                	addi	sp,sp,16
     4ce:	b175                	j	17a <__riscv_restore_0>
     4d0:	fe045ce3          	bgez	s0,4c8 <_ZL22dm_key_v_to_centi_ceilf+0x4c>
     4d4:	4501                	li	a0,0
     4d6:	bfcd                	j	4c8 <_ZL22dm_key_v_to_centi_ceilf+0x4c>
     4d8:	4501                	li	a0,0
     4da:	bfcd                	j	4cc <_ZL22dm_key_v_to_centi_ceilf+0x50>

000004dc <_ZL19pull_v_to_percent_fhf>:
     4dc:	c61ff2ef          	jal	t0,13c <__riscv_save_4>
     4e0:	200007b7          	lui	a5,0x20000
     4e4:	050a                	slli	a0,a0,0x2
     4e6:	18078793          	addi	a5,a5,384 # 20000180 <MC_PULL_V_MIN>
     4ea:	97aa                	add	a5,a5,a0
     4ec:	4380                	lw	s0,0(a5)
     4ee:	200007b7          	lui	a5,0x20000
     4f2:	17078793          	addi	a5,a5,368 # 20000170 <MC_PULL_V_MAX>
     4f6:	97aa                	add	a5,a5,a0
     4f8:	0007a903          	lw	s2,0(a5)
     4fc:	8601a983          	lw	s3,-1952(gp) # 200001f0 <_ZL7g_scale+0x30>
     500:	84ae                	mv	s1,a1
     502:	8522                	mv	a0,s0
     504:	85ce                	mv	a1,s3
     506:	2960a0ef          	jal	ra,a79c <__gesf2>
     50a:	00a05363          	blez	a0,510 <_ZL19pull_v_to_percent_fhf+0x34>
     50e:	844e                	mv	s0,s3
     510:	8641a983          	lw	s3,-1948(gp) # 200001f4 <_ZL7g_scale+0x34>
     514:	854a                	mv	a0,s2
     516:	85ce                	mv	a1,s3
     518:	31a0a0ef          	jal	ra,a832 <__lesf2>
     51c:	00055363          	bgez	a0,522 <_ZL19pull_v_to_percent_fhf+0x46>
     520:	894e                	mv	s2,s3
     522:	8781a583          	lw	a1,-1928(gp) # 20000208 <_ZL7g_scale+0x48>
     526:	8522                	mv	a0,s0
     528:	3c5090ef          	jal	ra,a0ec <__addsf3>
     52c:	85ca                	mv	a1,s2
     52e:	26e0a0ef          	jal	ra,a79c <__gesf2>
     532:	00054663          	bltz	a0,53e <_ZL19pull_v_to_percent_fhf+0x62>
     536:	8681a903          	lw	s2,-1944(gp) # 200001f8 <_ZL7g_scale+0x38>
     53a:	86c1a403          	lw	s0,-1940(gp) # 200001fc <_ZL7g_scale+0x3c>
     53e:	87c1aa03          	lw	s4,-1924(gp) # 2000020c <_ZL7g_scale+0x4c>
     542:	8526                	mv	a0,s1
     544:	85d2                	mv	a1,s4
     546:	2ec0a0ef          	jal	ra,a832 <__lesf2>
     54a:	04a04b63          	bgtz	a0,5a0 <_ZL19pull_v_to_percent_fhf+0xc4>
     54e:	85a2                	mv	a1,s0
     550:	8552                	mv	a0,s4
     552:	6540a0ef          	jal	ra,aba6 <__subsf3>
     556:	8701aa03          	lw	s4,-1936(gp) # 20000200 <_ZL7g_scale+0x40>
     55a:	892a                	mv	s2,a0
     55c:	85d2                	mv	a1,s4
     55e:	2d40a0ef          	jal	ra,a832 <__lesf2>
     562:	00055363          	bgez	a0,568 <_ZL19pull_v_to_percent_fhf+0x8c>
     566:	8952                	mv	s2,s4
     568:	85a2                	mv	a1,s0
     56a:	8526                	mv	a0,s1
     56c:	63a0a0ef          	jal	ra,aba6 <__subsf3>
     570:	8801a583          	lw	a1,-1920(gp) # 20000210 <_ZL7g_scale+0x50>
     574:	3560a0ef          	jal	ra,a8ca <__mulsf3>
     578:	85ca                	mv	a1,s2
     57a:	6db090ef          	jal	ra,a454 <__divsf3>
     57e:	00000593          	li	a1,0
     582:	842a                	mv	s0,a0
     584:	2ae0a0ef          	jal	ra,a832 <__lesf2>
     588:	04054a63          	bltz	a0,5dc <_ZL19pull_v_to_percent_fhf+0x100>
     58c:	8741a483          	lw	s1,-1932(gp) # 20000204 <_ZL7g_scale+0x44>
     590:	8522                	mv	a0,s0
     592:	85a6                	mv	a1,s1
     594:	2080a0ef          	jal	ra,a79c <__gesf2>
     598:	04a05463          	blez	a0,5e0 <_ZL19pull_v_to_percent_fhf+0x104>
     59c:	8426                	mv	s0,s1
     59e:	a089                	j	5e0 <_ZL19pull_v_to_percent_fhf+0x104>
     5a0:	85d2                	mv	a1,s4
     5a2:	854a                	mv	a0,s2
     5a4:	6020a0ef          	jal	ra,aba6 <__subsf3>
     5a8:	8701a903          	lw	s2,-1936(gp) # 20000200 <_ZL7g_scale+0x40>
     5ac:	842a                	mv	s0,a0
     5ae:	85ca                	mv	a1,s2
     5b0:	2820a0ef          	jal	ra,a832 <__lesf2>
     5b4:	00055363          	bgez	a0,5ba <_ZL19pull_v_to_percent_fhf+0xde>
     5b8:	844a                	mv	s0,s2
     5ba:	87c1a583          	lw	a1,-1924(gp) # 2000020c <_ZL7g_scale+0x4c>
     5be:	8526                	mv	a0,s1
     5c0:	5e60a0ef          	jal	ra,aba6 <__subsf3>
     5c4:	8801a583          	lw	a1,-1920(gp) # 20000210 <_ZL7g_scale+0x50>
     5c8:	3020a0ef          	jal	ra,a8ca <__mulsf3>
     5cc:	85a2                	mv	a1,s0
     5ce:	687090ef          	jal	ra,a454 <__divsf3>
     5d2:	8801a583          	lw	a1,-1920(gp) # 20000210 <_ZL7g_scale+0x50>
     5d6:	317090ef          	jal	ra,a0ec <__addsf3>
     5da:	b755                	j	57e <_ZL19pull_v_to_percent_fhf+0xa2>
     5dc:	00000413          	li	s0,0
     5e0:	8581a583          	lw	a1,-1960(gp) # 200001e8 <_ZL7g_scale+0x28>
     5e4:	8522                	mv	a0,s0
     5e6:	2e40a0ef          	jal	ra,a8ca <__mulsf3>
     5ea:	b659                	j	170 <__riscv_restore_4>

000005ec <_ZL19MC_PULL_ONLINE_readm>:
     5ec:	b3bff2ef          	jal	t0,126 <__riscv_save_12>
     5f0:	7179                	addi	sp,sp,-48
     5f2:	20002ab7          	lui	s5,0x20002
     5f6:	8b2a                	mv	s6,a0
     5f8:	3b49                	jal	38a <_Z17ADC_DMA_get_valuev>
     5fa:	220a8793          	addi	a5,s5,544 # 20002220 <MC_PULL_V_OFFSET>
     5fe:	47cc                	lw	a1,12(a5)
     600:	842a                	mv	s0,a0
     602:	4108                	lw	a0,0(a0)
     604:	220a8a93          	addi	s5,s5,544
     608:	2e5090ef          	jal	ra,a0ec <__addsf3>
     60c:	82418793          	addi	a5,gp,-2012 # 200001b4 <MC_PULL_POLARITY>
     610:	00378783          	lb	a5,3(a5)
     614:	85aa                	mv	a1,a0
     616:	82418b93          	addi	s7,gp,-2012 # 200001b4 <MC_PULL_POLARITY>
     61a:	0007d763          	bgez	a5,628 <_ZL19MC_PULL_ONLINE_readm+0x3c>
     61e:	8841a503          	lw	a0,-1916(gp) # 20000214 <_ZL7g_scale+0x54>
     622:	5840a0ef          	jal	ra,aba6 <__subsf3>
     626:	85aa                	mv	a1,a0
     628:	200004b7          	lui	s1,0x20000
     62c:	15048793          	addi	a5,s1,336 # 20000150 <_ZL15MC_PULL_stu_raw>
     630:	c7cc                	sw	a1,12(a5)
     632:	4408                	lw	a0,8(s0)
     634:	008aa583          	lw	a1,8(s5)
     638:	00442903          	lw	s2,4(s0)
     63c:	15048493          	addi	s1,s1,336
     640:	2ad090ef          	jal	ra,a0ec <__addsf3>
     644:	002b8783          	lb	a5,2(s7)
     648:	85aa                	mv	a1,a0
     64a:	0007d763          	bgez	a5,658 <_ZL19MC_PULL_ONLINE_readm+0x6c>
     64e:	8841a503          	lw	a0,-1916(gp) # 20000214 <_ZL7g_scale+0x54>
     652:	5540a0ef          	jal	ra,aba6 <__subsf3>
     656:	85aa                	mv	a1,a0
     658:	c48c                	sw	a1,8(s1)
     65a:	4808                	lw	a0,16(s0)
     65c:	004aa583          	lw	a1,4(s5)
     660:	00c42a03          	lw	s4,12(s0)
     664:	289090ef          	jal	ra,a0ec <__addsf3>
     668:	001b8783          	lb	a5,1(s7)
     66c:	85aa                	mv	a1,a0
     66e:	0007d763          	bgez	a5,67c <_ZL19MC_PULL_ONLINE_readm+0x90>
     672:	8841a503          	lw	a0,-1916(gp) # 20000214 <_ZL7g_scale+0x54>
     676:	5300a0ef          	jal	ra,aba6 <__subsf3>
     67a:	85aa                	mv	a1,a0
     67c:	c0cc                	sw	a1,4(s1)
     67e:	4c08                	lw	a0,24(s0)
     680:	000aa583          	lw	a1,0(s5)
     684:	01442b83          	lw	s7,20(s0)
     688:	265090ef          	jal	ra,a0ec <__addsf3>
     68c:	82418783          	lb	a5,-2012(gp) # 200001b4 <MC_PULL_POLARITY>
     690:	85aa                	mv	a1,a0
     692:	0007d763          	bgez	a5,6a0 <_ZL19MC_PULL_ONLINE_readm+0xb4>
     696:	8841a503          	lw	a0,-1916(gp) # 20000214 <_ZL7g_scale+0x54>
     69a:	50c0a0ef          	jal	ra,aba6 <__subsf3>
     69e:	85aa                	mv	a1,a0
     6a0:	4c5c                	lw	a5,28(s0)
     6a2:	c08c                	sw	a1,0(s1)
     6a4:	d25e                	sw	s7,36(sp)
     6a6:	d03e                	sw	a5,32(sp)
     6a8:	82c1a783          	lw	a5,-2004(gp) # 200001bc <time_hw_tpms>
     6ac:	d452                	sw	s4,40(sp)
     6ae:	d64a                	sw	s2,44(sp)
     6b0:	e391                	bnez	a5,6b4 <_ZL19MC_PULL_ONLINE_readm+0xc8>
     6b2:	4785                	li	a5,1
     6b4:	06400713          	li	a4,100
     6b8:	02e78733          	mul	a4,a5,a4
     6bc:	20002a37          	lui	s4,0x20002
     6c0:	20002ab7          	lui	s5,0x20002
     6c4:	a8c18413          	addi	s0,gp,-1396 # 2000041c <_ZZL19MC_PULL_ONLINE_readmE8gst_step>
     6c8:	a8818913          	addi	s2,gp,-1400 # 20000418 <_ZZL19MC_PULL_ONLINE_readmE10gst_active>
     6cc:	210a0a13          	addi	s4,s4,528 # 20002210 <_ZZL19MC_PULL_ONLINE_readmE12gst_t0_ticks>
     6d0:	c43a                	sw	a4,8(sp)
     6d2:	7d000713          	li	a4,2000
     6d6:	02e78733          	mul	a4,a5,a4
     6da:	200a8a93          	addi	s5,s5,512 # 20002200 <_ZZL19MC_PULL_ONLINE_readmE16gst_act_t0_ticks>
     6de:	4981                	li	s3,0
     6e0:	a9018b93          	addi	s7,gp,-1392 # 20000420 <filament_channel_inserted>
     6e4:	a8418c93          	addi	s9,gp,-1404 # 20000414 <_ZL17MC_ONLINE_key_stu>
     6e8:	c63a                	sw	a4,12(sp)
     6ea:	6705                	lui	a4,0x1
     6ec:	57c70713          	addi	a4,a4,1404 # 157c <_Z10set_motionhhhh.part.0+0x2ec>
     6f0:	02e787b3          	mul	a5,a5,a4
     6f4:	c83e                	sw	a5,16(sp)
     6f6:	a8018793          	addi	a5,gp,-1408 # 20000410 <_ZL13dm_fail_latch>
     6fa:	ca3e                	sw	a5,20(sp)
     6fc:	8641a783          	lw	a5,-1948(gp) # 200001f4 <_ZL7g_scale+0x34>
     700:	c23e                	sw	a5,4(sp)
     702:	200007b7          	lui	a5,0x20000
     706:	16078793          	addi	a5,a5,352 # 20000160 <MC_DM_KEY_NONE_THRESH>
     70a:	cc3e                	sw	a5,24(sp)
     70c:	8981a783          	lw	a5,-1896(gp) # 20000228 <_ZL7g_scale+0x68>
     710:	ce3e                	sw	a5,28(sp)
     712:	017987b3          	add	a5,s3,s7
     716:	239c                	lbu	a5,0(a5)
     718:	e7f1                	bnez	a5,7e4 <_ZL19MC_PULL_ONLINE_readm+0x1f8>
     71a:	00040023          	sb	zero,0(s0)
     71e:	00090023          	sb	zero,0(s2)
     722:	000a2023          	sw	zero,0(s4)
     726:	000aa023          	sw	zero,0(s5)
     72a:	01998733          	add	a4,s3,s9
     72e:	a31c                	sb	a5,0(a4)
     730:	0985                	addi	s3,s3,1
     732:	4791                	li	a5,4
     734:	0405                	addi	s0,s0,1
     736:	0905                	addi	s2,s2,1
     738:	0a11                	addi	s4,s4,4
     73a:	0a91                	addi	s5,s5,4
     73c:	fcf99be3          	bne	s3,a5,712 <_ZL19MC_PULL_ONLINE_readm+0x126>
     740:	82018993          	addi	s3,gp,-2016 # 200001b0 <MC_PULL_pct>
     744:	82018c13          	addi	s8,gp,-2016 # 200001b0 <MC_PULL_pct>
     748:	8801a783          	lw	a5,-1920(gp) # 20000210 <_ZL7g_scale+0x50>
     74c:	20000937          	lui	s2,0x20000
     750:	c23e                	sw	a5,4(sp)
     752:	89c1ad83          	lw	s11,-1892(gp) # 2000022c <_ZL7g_scale+0x6c>
     756:	14090913          	addi	s2,s2,320 # 20000140 <_ZL13MC_PULL_pct_f>
     75a:	4401                	li	s0,0
     75c:	06400b13          	li	s6,100
     760:	03200a93          	li	s5,50
     764:	a7c18a13          	addi	s4,gp,-1412 # 2000040c <_ZL11MC_PULL_stu>
     768:	4d11                	li	s10,4
     76a:	008b87b3          	add	a5,s7,s0
     76e:	239c                	lbu	a5,0(a5)
     770:	18079163          	bnez	a5,8f2 <__stack_size+0xf2>
     774:	008c87b3          	add	a5,s9,s0
     778:	00078023          	sb	zero,0(a5)
     77c:	01b92023          	sw	s11,0(s2)
     780:	01598023          	sb	s5,0(s3)
     784:	4701                	li	a4,0
     786:	014407b3          	add	a5,s0,s4
     78a:	a398                	sb	a4,0(a5)
     78c:	0405                	addi	s0,s0,1
     78e:	0985                	addi	s3,s3,1
     790:	0491                	addi	s1,s1,4
     792:	0911                	addi	s2,s2,4
     794:	fda41be3          	bne	s0,s10,76a <_ZL19MC_PULL_ONLINE_readm+0x17e>
     798:	200027b7          	lui	a5,0x20002
     79c:	db078713          	addi	a4,a5,-592 # 20001db0 <ams>
     7a0:	10474683          	lbu	a3,260(a4)
     7a4:	460d                	li	a2,3
     7a6:	18d66763          	bltu	a2,a3,934 <__stack_size+0x134>
     7aa:	9bb6                	add	s7,s7,a3
     7ac:	000bc783          	lbu	a5,0(s7)
     7b0:	18078263          	beqz	a5,934 <__stack_size+0x134>
     7b4:	00dc07b3          	add	a5,s8,a3
     7b8:	2394                	lbu	a3,0(a5)
     7ba:	03200613          	li	a2,50
     7be:	4781                	li	a5,0
     7c0:	00d67463          	bgeu	a2,a3,7c8 <_ZL19MC_PULL_ONLINE_readm+0x1dc>
     7c4:	fce68793          	addi	a5,a3,-50 # 40022fce <__freertos_irq_stack_top+0x2001dfce>
     7c8:	66c1                	lui	a3,0x10
     7ca:	16fd                	addi	a3,a3,-1 # ffff <MC_PULL_calibration.cpp.947435e8+0x716>
     7cc:	02d787b3          	mul	a5,a5,a3
     7d0:	03200693          	li	a3,50
     7d4:	02d7d7b3          	divu	a5,a5,a3
     7d8:	07c2                	slli	a5,a5,0x10
     7da:	83c1                	srli	a5,a5,0x10
     7dc:	10f71723          	sh	a5,270(a4)
     7e0:	6145                	addi	sp,sp,48
     7e2:	b241                	j	162 <__riscv_restore_12>
     7e4:	47d2                	lw	a5,20(sp)
     7e6:	00299c13          	slli	s8,s3,0x2
     7ea:	97ce                	add	a5,a5,s3
     7ec:	239c                	lbu	a5,0(a5)
     7ee:	cfa1                	beqz	a5,846 <__stack_size+0x46>
     7f0:	00040023          	sb	zero,0(s0)
     7f4:	00090023          	sb	zero,0(s2)
     7f8:	018487b3          	add	a5,s1,s8
     7fc:	438c                	lw	a1,0(a5)
     7fe:	0ff9f513          	zext.b	a0,s3
     802:	39e9                	jal	4dc <_ZL19pull_v_to_percent_fhf>
     804:	201c                	lbu	a5,0(s0)
     806:	8d2a                	mv	s10,a0
     808:	e7ad                	bnez	a5,872 <__stack_size+0x72>
     80a:	8881a583          	lw	a1,-1912(gp) # 20000218 <_ZL7g_scale+0x58>
     80e:	0240a0ef          	jal	ra,a832 <__lesf2>
     812:	00055663          	bgez	a0,81e <__stack_size+0x1e>
     816:	4785                	li	a5,1
     818:	a01c                	sb	a5,0(s0)
     81a:	016a2023          	sw	s6,0(s4)
     81e:	020c0793          	addi	a5,s8,32
     822:	978a                	add	a5,a5,sp
     824:	0007ad03          	lw	s10,0(a5)
     828:	47e2                	lw	a5,24(sp)
     82a:	856a                	mv	a0,s10
     82c:	9c3e                	add	s8,s8,a5
     82e:	000c2583          	lw	a1,0(s8)
     832:	0000a0ef          	jal	ra,a832 <__lesf2>
     836:	08055f63          	bgez	a0,8d4 <__stack_size+0xd4>
     83a:	00094783          	lbu	a5,0(s2)
     83e:	0786                	slli	a5,a5,0x1
     840:	0ff7f793          	zext.b	a5,a5
     844:	b5dd                	j	72a <_ZL19MC_PULL_ONLINE_readm+0x13e>
     846:	00094783          	lbu	a5,0(s2)
     84a:	d7dd                	beqz	a5,7f8 <_ZL19MC_PULL_ONLINE_readm+0x20c>
     84c:	020c0793          	addi	a5,s8,32
     850:	978a                	add	a5,a5,sp
     852:	4592                	lw	a1,4(sp)
     854:	4388                	lw	a0,0(a5)
     856:	747090ef          	jal	ra,a79c <__gesf2>
     85a:	00a04963          	bgtz	a0,86c <__stack_size+0x6c>
     85e:	000aa783          	lw	a5,0(s5)
     862:	4742                	lw	a4,16(sp)
     864:	40fb07b3          	sub	a5,s6,a5
     868:	faf77be3          	bgeu	a4,a5,81e <__stack_size+0x1e>
     86c:	00090023          	sb	zero,0(s2)
     870:	b77d                	j	81e <__stack_size+0x1e>
     872:	4d85                	li	s11,1
     874:	03b79563          	bne	a5,s11,89e <__stack_size+0x9e>
     878:	88c1a583          	lw	a1,-1908(gp) # 2000021c <_ZL7g_scale+0x5c>
     87c:	721090ef          	jal	ra,a79c <__gesf2>
     880:	00a05563          	blez	a0,88a <__stack_size+0x8a>
     884:	00040023          	sb	zero,0(s0)
     888:	bf59                	j	81e <__stack_size+0x1e>
     88a:	000a2783          	lw	a5,0(s4)
     88e:	4722                	lw	a4,8(sp)
     890:	40fb07b3          	sub	a5,s6,a5
     894:	f8e7e5e3          	bltu	a5,a4,81e <__stack_size+0x1e>
     898:	4789                	li	a5,2
     89a:	a01c                	sb	a5,0(s0)
     89c:	b749                	j	81e <__stack_size+0x1e>
     89e:	000a2783          	lw	a5,0(s4)
     8a2:	4732                	lw	a4,12(sp)
     8a4:	40fb07b3          	sub	a5,s6,a5
     8a8:	fcf76ee3          	bltu	a4,a5,884 <__stack_size+0x84>
     8ac:	8901a583          	lw	a1,-1904(gp) # 20000220 <_ZL7g_scale+0x60>
     8b0:	6ed090ef          	jal	ra,a79c <__gesf2>
     8b4:	f60545e3          	bltz	a0,81e <__stack_size+0x1e>
     8b8:	8941a583          	lw	a1,-1900(gp) # 20000224 <_ZL7g_scale+0x64>
     8bc:	856a                	mv	a0,s10
     8be:	775090ef          	jal	ra,a832 <__lesf2>
     8c2:	f4a04ee3          	bgtz	a0,81e <__stack_size+0x1e>
     8c6:	01b90023          	sb	s11,0(s2)
     8ca:	016aa023          	sw	s6,0(s5)
     8ce:	00040023          	sb	zero,0(s0)
     8d2:	bfad                	j	84c <__stack_size+0x4c>
     8d4:	4592                	lw	a1,4(sp)
     8d6:	856a                	mv	a0,s10
     8d8:	6c5090ef          	jal	ra,a79c <__gesf2>
     8dc:	4785                	li	a5,1
     8de:	e4a046e3          	bgtz	a0,72a <_ZL19MC_PULL_ONLINE_readm+0x13e>
     8e2:	45f2                	lw	a1,28(sp)
     8e4:	856a                	mv	a0,s10
     8e6:	6b7090ef          	jal	ra,a79c <__gesf2>
     8ea:	00152793          	slti	a5,a0,1
     8ee:	0789                	addi	a5,a5,2
     8f0:	bd2d                	j	72a <_ZL19MC_PULL_ONLINE_readm+0x13e>
     8f2:	408c                	lw	a1,0(s1)
     8f4:	0ff47513          	zext.b	a0,s0
     8f8:	36d5                	jal	4dc <_ZL19pull_v_to_percent_fhf>
     8fa:	4592                	lw	a1,4(sp)
     8fc:	00a92023          	sw	a0,0(s2)
     900:	7ec090ef          	jal	ra,a0ec <__addsf3>
     904:	62e0a0ef          	jal	ra,af32 <__fixsfsi>
     908:	00054863          	bltz	a0,918 <__stack_size+0x118>
     90c:	00ab5a63          	bge	s6,a0,920 <__stack_size+0x120>
     910:	01698023          	sb	s6,0(s3)
     914:	4705                	li	a4,1
     916:	bd85                	j	786 <_ZL19MC_PULL_ONLINE_readm+0x19a>
     918:	00098023          	sb	zero,0(s3)
     91c:	577d                	li	a4,-1
     91e:	b5a5                	j	786 <_ZL19MC_PULL_ONLINE_readm+0x19a>
     920:	00a98023          	sb	a0,0(s3)
     924:	04600793          	li	a5,70
     928:	fea7c6e3          	blt	a5,a0,914 <__stack_size+0x114>
     92c:	47f5                	li	a5,29
     92e:	e4a7cbe3          	blt	a5,a0,784 <_ZL19MC_PULL_ONLINE_readm+0x198>
     932:	b7ed                	j	91c <__stack_size+0x11c>
     934:	67c1                	lui	a5,0x10
     936:	17fd                	addi	a5,a5,-1 # ffff <MC_PULL_calibration.cpp.947435e8+0x716>
     938:	b555                	j	7dc <_ZL19MC_PULL_ONLINE_readm+0x1f0>

0000093a <_ZL23Motion_control_defaultsv>:
     93a:	200027b7          	lui	a5,0x20002
     93e:	40614737          	lui	a4,0x40614
     942:	d9878793          	addi	a5,a5,-616 # 20001d98 <Motion_control_data_save>
     946:	06170713          	addi	a4,a4,97 # 40614061 <__freertos_irq_stack_top+0x2060f061>
     94a:	cb98                	sw	a4,16(a5)
     94c:	3c3c4737          	lui	a4,0x3c3c4
     950:	c3c70713          	addi	a4,a4,-964 # 3c3c3c3c <__freertos_irq_stack_top+0x1c3bec3c>
     954:	0007a023          	sw	zero,0(a5)
     958:	0007a223          	sw	zero,4(a5)
     95c:	0007a423          	sw	zero,8(a5)
     960:	0007a623          	sw	zero,12(a5)
     964:	cbd8                	sw	a4,20(a5)
     966:	8082                	ret

00000968 <_ZL26Motion_control_apply_savedv>:
     968:	fd4ff2ef          	jal	t0,13c <__riscv_save_4>
     96c:	20002437          	lui	s0,0x20002
     970:	8a01a983          	lw	s3,-1888(gp) # 20000230 <_ZL7g_scale+0x70>
     974:	d9840413          	addi	s0,s0,-616 # 20001d98 <Motion_control_data_save>
     978:	200004b7          	lui	s1,0x20000
     97c:	16048493          	addi	s1,s1,352 # 20000160 <MC_DM_KEY_NONE_THRESH>
     980:	00440913          	addi	s2,s0,4
     984:	03b00a13          	li	s4,59
     988:	03c00a93          	li	s5,60
     98c:	285c                	lbu	a5,20(s0)
     98e:	00fa6463          	bltu	s4,a5,996 <_ZL26Motion_control_apply_savedv+0x2e>
     992:	01540a23          	sb	s5,20(s0)
     996:	2848                	lbu	a0,20(s0)
     998:	0405                	addi	s0,s0,1
     99a:	0491                	addi	s1,s1,4
     99c:	7140a0ef          	jal	ra,b0b0 <__floatunsisf>
     9a0:	85ce                	mv	a1,s3
     9a2:	729090ef          	jal	ra,a8ca <__mulsf3>
     9a6:	fea4ae23          	sw	a0,-4(s1)
     9aa:	ff2411e3          	bne	s0,s2,98c <_ZL26Motion_control_apply_savedv+0x24>
     9ae:	fc2ff06f          	j	170 <__riscv_restore_4>

000009b2 <_ZN9MOTOR_PID8caculateEff>:
     9b2:	f8aff2ef          	jal	t0,13c <__riscv_save_4>
     9b6:	892e                	mv	s2,a1
     9b8:	414c                	lw	a1,4(a0)
     9ba:	842a                	mv	s0,a0
     9bc:	854a                	mv	a0,s2
     9be:	89b2                	mv	s3,a2
     9c0:	70b090ef          	jal	ra,a8ca <__mulsf3>
     9c4:	85ce                	mv	a1,s3
     9c6:	705090ef          	jal	ra,a8ca <__mulsf3>
     9ca:	444c                	lw	a1,12(s0)
     9cc:	720090ef          	jal	ra,a0ec <__addsf3>
     9d0:	01c42a83          	lw	s5,28(s0)
     9d4:	84aa                	mv	s1,a0
     9d6:	85d6                	mv	a1,s5
     9d8:	5c5090ef          	jal	ra,a79c <__gesf2>
     9dc:	00a05363          	blez	a0,9e2 <_ZN9MOTOR_PID8caculateEff+0x30>
     9e0:	84d6                	mv	s1,s5
     9e2:	80000a37          	lui	s4,0x80000
     9e6:	015a4a33          	xor	s4,s4,s5
     9ea:	85a6                	mv	a1,s1
     9ec:	8552                	mv	a0,s4
     9ee:	5af090ef          	jal	ra,a79c <__gesf2>
     9f2:	00a05363          	blez	a0,9f8 <_ZN9MOTOR_PID8caculateEff+0x46>
     9f6:	84d2                	mv	s1,s4
     9f8:	400c                	lw	a1,0(s0)
     9fa:	c444                	sw	s1,12(s0)
     9fc:	854a                	mv	a0,s2
     9fe:	6cd090ef          	jal	ra,a8ca <__mulsf3>
     a02:	85a6                	mv	a1,s1
     a04:	6e8090ef          	jal	ra,a0ec <__addsf3>
     a08:	84aa                	mv	s1,a0
     a0a:	00000593          	li	a1,0
     a0e:	854e                	mv	a0,s3
     a10:	52f090ef          	jal	ra,a73e <__eqsf2>
     a14:	c105                	beqz	a0,a34 <_ZN9MOTOR_PID8caculateEff+0x82>
     a16:	480c                	lw	a1,16(s0)
     a18:	854a                	mv	a0,s2
     a1a:	18c0a0ef          	jal	ra,aba6 <__subsf3>
     a1e:	440c                	lw	a1,8(s0)
     a20:	6ab090ef          	jal	ra,a8ca <__mulsf3>
     a24:	85ce                	mv	a1,s3
     a26:	22f090ef          	jal	ra,a454 <__divsf3>
     a2a:	85aa                	mv	a1,a0
     a2c:	8526                	mv	a0,s1
     a2e:	6be090ef          	jal	ra,a0ec <__addsf3>
     a32:	84aa                	mv	s1,a0
     a34:	01442983          	lw	s3,20(s0)
     a38:	85a6                	mv	a1,s1
     a3a:	854e                	mv	a0,s3
     a3c:	5f7090ef          	jal	ra,a832 <__lesf2>
     a40:	00054363          	bltz	a0,a46 <_ZN9MOTOR_PID8caculateEff+0x94>
     a44:	89a6                	mv	s3,s1
     a46:	4c04                	lw	s1,24(s0)
     a48:	85ce                	mv	a1,s3
     a4a:	8526                	mv	a0,s1
     a4c:	551090ef          	jal	ra,a79c <__gesf2>
     a50:	00a04363          	bgtz	a0,a56 <_ZN9MOTOR_PID8caculateEff+0xa4>
     a54:	84ce                	mv	s1,s3
     a56:	01242823          	sw	s2,16(s0)
     a5a:	8526                	mv	a0,s1
     a5c:	f14ff06f          	j	170 <__riscv_restore_4>

00000a60 <_ZN14_MOTOR_CONTROLC1Ei>:
     a60:	478d                	li	a5,3
     a62:	4681                	li	a3,0
     a64:	c11c                	sw	a5,0(a0)
     a66:	4785                	li	a5,1
     a68:	a51c                	sb	a5,8(a0)
     a6a:	c914                	sw	a3,16(a0)
     a6c:	d514                	sw	a3,40(a0)
     a6e:	d914                	sw	a3,48(a0)
     a70:	c134                	sw	a3,64(a0)
     a72:	8a41a783          	lw	a5,-1884(gp) # 20000234 <_ZL7g_scale+0x74>
     a76:	8b01a683          	lw	a3,-1872(gp) # 20000240 <_ZL7g_scale+0x80>
     a7a:	4701                	li	a4,0
     a7c:	c958                	sw	a4,20(a0)
     a7e:	cd1c                	sw	a5,24(a0)
     a80:	d11c                	sw	a5,32(a0)
     a82:	d558                	sw	a4,44(a0)
     a84:	d958                	sw	a4,52(a0)
     a86:	c178                	sw	a4,68(a0)
     a88:	c574                	sw	a3,76(a0)
     a8a:	8a81a783          	lw	a5,-1880(gp) # 20000238 <_ZL7g_scale+0x78>
     a8e:	8ac1a703          	lw	a4,-1876(gp) # 2000023c <_ZL7g_scale+0x7c>
     a92:	8b41a683          	lw	a3,-1868(gp) # 20000244 <_ZL7g_scale+0x84>
     a96:	00000613          	li	a2,0
     a9a:	d13c                	sw	a5,96(a0)
     a9c:	d53c                	sw	a5,104(a0)
     a9e:	c14c                	sw	a1,4(a0)
     aa0:	00050e23          	sb	zero,28(a0)
     aa4:	dd10                	sw	a2,56(a0)
     aa6:	02050e23          	sb	zero,60(a0)
     aaa:	04050423          	sb	zero,72(a0)
     aae:	cd30                	sw	a2,88(a0)
     ab0:	cd70                	sw	a2,92(a0)
     ab2:	d178                	sw	a4,100(a0)
     ab4:	c934                	sw	a3,80(a0)
     ab6:	c970                	sw	a2,84(a0)
     ab8:	dd30                	sw	a2,120(a0)
     aba:	dd70                	sw	a2,124(a0)
     abc:	08f52023          	sw	a5,128(a0)
     ac0:	08f52423          	sw	a5,136(a0)
     ac4:	8b81a783          	lw	a5,-1864(gp) # 20000248 <_ZL7g_scale+0x88>
     ac8:	08e52223          	sw	a4,132(a0)
     acc:	d930                	sw	a2,112(a0)
     ace:	d57c                	sw	a5,108(a0)
     ad0:	8bc1a783          	lw	a5,-1860(gp) # 2000024c <_ZL7g_scale+0x8c>
     ad4:	d970                	sw	a2,116(a0)
     ad6:	08c52823          	sw	a2,144(a0)
     ada:	08f52623          	sw	a5,140(a0)
     ade:	08050a23          	sb	zero,148(a0)
     ae2:	8082                	ret

00000ae4 <_ZN14_MOTOR_CONTROL10set_motionE20filament_motion_enumyy>:
     ae4:	e4aff2ef          	jal	t0,12e <__riscv_save_10>
     ae8:	8a3e                	mv	s4,a5
     aea:	478d                	li	a5,3
     aec:	00052903          	lw	s2,0(a0)
     af0:	842a                	mv	s0,a0
     af2:	84ae                	mv	s1,a1
     af4:	89ba                	mv	s3,a4
     af6:	06f59163          	bne	a1,a5,b58 <_ZN14_MOTOR_CONTROL10set_motionE20filament_motion_enumyy+0x74>
     afa:	4781                	li	a5,0
     afc:	4801                	li	a6,0
     afe:	c91c                	sw	a5,16(a0)
     b00:	01052a23          	sw	a6,20(a0)
     b04:	38b90863          	beq	s2,a1,e94 <_ZN14_MOTOR_CONTROL10set_motionE20filament_motion_enumyy+0x3b0>
     b08:	4154                	lw	a3,4(a0)
     b0a:	a7818793          	addi	a5,gp,-1416 # 20000408 <_ZL18g_on_use_low_latch>
     b0e:	97b6                	add	a5,a5,a3
     b10:	239c                	lbu	a5,0(a5)
     b12:	c00c                	sw	a1,0(s0)
     b14:	e3dd                	bnez	a5,bba <_ZN14_MOTOR_CONTROL10set_motionE20filament_motion_enumyy+0xd6>
     b16:	00050423          	sb	zero,8(a0)
     b1a:	4709                	li	a4,2
     b1c:	405c                	lw	a5,4(s0)
     b1e:	12e49563          	bne	s1,a4,c48 <_ZN14_MOTOR_CONTROL10set_motionE20filament_motion_enumyy+0x164>
     b22:	05342023          	sw	s3,64(s0)
     b26:	05442223          	sw	s4,68(s0)
     b2a:	16090f63          	beqz	s2,ca8 <_ZN14_MOTOR_CONTROL10set_motionE20filament_motion_enumyy+0x1c4>
     b2e:	200027b7          	lui	a5,0x20002
     b32:	d6878793          	addi	a5,a5,-664 # 20001d68 <_ZL21g_last_on_use_exit_ms>
     b36:	0e990a63          	beq	s2,s1,c2a <_ZN14_MOTOR_CONTROL10set_motionE20filament_motion_enumyy+0x146>
     b3a:	4719                	li	a4,6
     b3c:	2ce90063          	beq	s2,a4,dfc <_ZN14_MOTOR_CONTROL10set_motionE20filament_motion_enumyy+0x318>
     b40:	4058                	lw	a4,4(s0)
     b42:	200027b7          	lui	a5,0x20002
     b46:	d6878793          	addi	a5,a5,-664 # 20001d68 <_ZL21g_last_on_use_exit_ms>
     b4a:	070e                	slli	a4,a4,0x3
     b4c:	97ba                	add	a5,a5,a4
     b4e:	4681                	li	a3,0
     b50:	4701                	li	a4,0
     b52:	c394                	sw	a3,0(a5)
     b54:	c3d8                	sw	a4,4(a5)
     b56:	ac2d                	j	d90 <_ZN14_MOTOR_CONTROL10set_motionE20filament_motion_enumyy+0x2ac>
     b58:	963a                	add	a2,a2,a4
     b5a:	00e637b3          	sltu	a5,a2,a4
     b5e:	96d2                	add	a3,a3,s4
     b60:	97b6                	add	a5,a5,a3
     b62:	c910                	sw	a2,16(a0)
     b64:	c95c                	sw	a5,20(a0)
     b66:	33258763          	beq	a1,s2,e94 <_ZN14_MOTOR_CONTROL10set_motionE20filament_motion_enumyy+0x3b0>
     b6a:	c00c                	sw	a1,0(s0)
     b6c:	4799                	li	a5,6
     b6e:	4154                	lw	a3,4(a0)
     b70:	04f59063          	bne	a1,a5,bb0 <_ZN14_MOTOR_CONTROL10set_motionE20filament_motion_enumyy+0xcc>
     b74:	00050423          	sb	zero,8(a0)
     b78:	16090363          	beqz	s2,cde <_ZN14_MOTOR_CONTROL10set_motionE20filament_motion_enumyy+0x1fa>
     b7c:	4789                	li	a5,2
     b7e:	22f91563          	bne	s2,a5,da8 <_ZN14_MOTOR_CONTROL10set_motionE20filament_motion_enumyy+0x2c4>
     b82:	4781                	li	a5,0
     b84:	c13c                	sw	a5,64(a0)
     b86:	200027b7          	lui	a5,0x20002
     b8a:	068e                	slli	a3,a3,0x3
     b8c:	d6878793          	addi	a5,a5,-664 # 20001d68 <_ZL21g_last_on_use_exit_ms>
     b90:	97b6                	add	a5,a5,a3
     b92:	4398                	lw	a4,0(a5)
     b94:	43d4                	lw	a3,4(a5)
     b96:	4801                	li	a6,0
     b98:	05052223          	sw	a6,68(a0)
     b9c:	8f55                	or	a4,a4,a3
     b9e:	e709                	bnez	a4,ba8 <_ZN14_MOTOR_CONTROL10set_motionE20filament_motion_enumyy+0xc4>
     ba0:	4605                	li	a2,1
     ba2:	4681                	li	a3,0
     ba4:	c390                	sw	a2,0(a5)
     ba6:	c3d4                	sw	a3,4(a5)
     ba8:	4789                	li	a5,2
     baa:	f8f48be3          	beq	s1,a5,b40 <_ZN14_MOTOR_CONTROL10set_motionE20filament_motion_enumyy+0x5c>
     bae:	a2cd                	j	d90 <_ZN14_MOTOR_CONTROL10set_motionE20filament_motion_enumyy+0x2ac>
     bb0:	a7818793          	addi	a5,gp,-1416 # 20000408 <_ZL18g_on_use_low_latch>
     bb4:	97b6                	add	a5,a5,a3
     bb6:	239c                	lbu	a5,0(a5)
     bb8:	c785                	beqz	a5,be0 <_ZN14_MOTOR_CONTROL10set_motionE20filament_motion_enumyy+0xfc>
     bba:	a7418793          	addi	a5,gp,-1420 # 20000404 <_ZL18g_on_use_jam_latch>
     bbe:	97b6                	add	a5,a5,a3
     bc0:	239c                	lbu	a5,0(a5)
     bc2:	ef99                	bnez	a5,be0 <_ZN14_MOTOR_CONTROL10set_motionE20filament_motion_enumyy+0xfc>
     bc4:	a7818793          	addi	a5,gp,-1416 # 20000408 <_ZL18g_on_use_low_latch>
     bc8:	97b6                	add	a5,a5,a3
     bca:	00078023          	sb	zero,0(a5)
     bce:	200027b7          	lui	a5,0x20002
     bd2:	00269713          	slli	a4,a3,0x2
     bd6:	d8878793          	addi	a5,a5,-632 # 20001d88 <_ZL18g_on_use_hi_pwm_us>
     bda:	97ba                	add	a5,a5,a4
     bdc:	0007a023          	sw	zero,0(a5)
     be0:	00040423          	sb	zero,8(s0)
     be4:	f89d                	bnez	s1,b1a <_ZN14_MOTOR_CONTROL10set_motionE20filament_motion_enumyy+0x36>
     be6:	200027b7          	lui	a5,0x20002
     bea:	00669713          	slli	a4,a3,0x6
     bee:	db078793          	addi	a5,a5,-592 # 20001db0 <ams>
     bf2:	02040e23          	sb	zero,60(s0)
     bf6:	97ba                	add	a5,a5,a4
     bf8:	5fdc                	lw	a5,60(a5)
     bfa:	20002637          	lui	a2,0x20002
     bfe:	03342823          	sw	s3,48(s0)
     c02:	dc1c                	sw	a5,56(s0)
     c04:	03442a23          	sw	s4,52(s0)
     c08:	04040423          	sb	zero,72(s0)
     c0c:	d6860613          	addi	a2,a2,-664 # 20001d68 <_ZL21g_last_on_use_exit_ms>
     c10:	00369793          	slli	a5,a3,0x3
     c14:	1e090b63          	beqz	s2,e0a <_ZN14_MOTOR_CONTROL10set_motionE20filament_motion_enumyy+0x326>
     c18:	4709                	li	a4,2
     c1a:	3ce91063          	bne	s2,a4,fda <_ZN14_MOTOR_CONTROL10set_motionE20filament_motion_enumyy+0x4f6>
     c1e:	4781                	li	a5,0
     c20:	4801                	li	a6,0
     c22:	c03c                	sw	a5,64(s0)
     c24:	05042223          	sw	a6,68(s0)
     c28:	a82d                	j	c62 <_ZN14_MOTOR_CONTROL10set_motionE20filament_motion_enumyy+0x17e>
     c2a:	068e                	slli	a3,a3,0x3
     c2c:	96be                	add	a3,a3,a5
     c2e:	4801                	li	a6,0
     c30:	4781                	li	a5,0
     c32:	c29c                	sw	a5,0(a3)
     c34:	0106a223          	sw	a6,4(a3)
     c38:	00000793          	li	a5,0
     c3c:	cc3c                	sw	a5,88(s0)
     c3e:	cc7c                	sw	a5,92(s0)
     c40:	dc3c                	sw	a5,120(s0)
     c42:	dc7c                	sw	a5,124(s0)
     c44:	4909                	li	s2,2
     c46:	ae15                	j	f7a <_ZN14_MOTOR_CONTROL10set_motionE20filament_motion_enumyy+0x496>
     c48:	0e090063          	beqz	s2,d28 <_ZN14_MOTOR_CONTROL10set_motionE20filament_motion_enumyy+0x244>
     c4c:	14e91b63          	bne	s2,a4,da2 <_ZN14_MOTOR_CONTROL10set_motionE20filament_motion_enumyy+0x2be>
     c50:	4781                	li	a5,0
     c52:	4801                	li	a6,0
     c54:	c03c                	sw	a5,64(s0)
     c56:	05042223          	sw	a6,68(s0)
     c5a:	4799                	li	a5,6
     c5c:	10f48c63          	beq	s1,a5,d74 <_ZN14_MOTOR_CONTROL10set_motionE20filament_motion_enumyy+0x290>
     c60:	fce1                	bnez	s1,c38 <_ZN14_MOTOR_CONTROL10set_motionE20filament_motion_enumyy+0x154>
     c62:	200027b7          	lui	a5,0x20002
     c66:	d6878793          	addi	a5,a5,-664 # 20001d68 <_ZL21g_last_on_use_exit_ms>
     c6a:	068e                	slli	a3,a3,0x3
     c6c:	96be                	add	a3,a3,a5
     c6e:	4781                	li	a5,0
     c70:	4801                	li	a6,0
     c72:	c29c                	sw	a5,0(a3)
     c74:	00000793          	li	a5,0
     c78:	0106a223          	sw	a6,4(a3)
     c7c:	08040a23          	sb	zero,148(s0)
     c80:	cc3c                	sw	a5,88(s0)
     c82:	cc7c                	sw	a5,92(s0)
     c84:	dc3c                	sw	a5,120(s0)
     c86:	dc7c                	sw	a5,124(s0)
     c88:	4909                	li	s2,2
     c8a:	8a41a783          	lw	a5,-1884(gp) # 20000234 <_ZL7g_scale+0x74>
     c8e:	00040e23          	sb	zero,28(s0)
     c92:	4719                	li	a4,6
     c94:	cc1c                	sw	a5,24(s0)
     c96:	1ee91563          	bne	s2,a4,e80 <_ZN14_MOTOR_CONTROL10set_motionE20filament_motion_enumyy+0x39c>
     c9a:	d01c                	sw	a5,32(s0)
     c9c:	4801                	li	a6,0
     c9e:	4781                	li	a5,0
     ca0:	d41c                	sw	a5,40(s0)
     ca2:	03042623          	sw	a6,44(s0)
     ca6:	aae9                	j	e80 <_ZN14_MOTOR_CONTROL10set_motionE20filament_motion_enumyy+0x39c>
     ca8:	4701                	li	a4,0
     caa:	4681                	li	a3,0
     cac:	d858                	sw	a4,52(s0)
     cae:	00000713          	li	a4,0
     cb2:	d814                	sw	a3,48(s0)
     cb4:	04040423          	sb	zero,72(s0)
     cb8:	02040e23          	sb	zero,60(s0)
     cbc:	dc18                	sw	a4,56(s0)
     cbe:	4709                	li	a4,2
     cc0:	08e48463          	beq	s1,a4,d48 <_ZN14_MOTOR_CONTROL10set_motionE20filament_motion_enumyy+0x264>
     cc4:	00000713          	li	a4,0
     cc8:	08040a23          	sb	zero,148(s0)
     ccc:	cc38                	sw	a4,88(s0)
     cce:	cc78                	sw	a4,92(s0)
     cd0:	dc38                	sw	a4,120(s0)
     cd2:	dc78                	sw	a4,124(s0)
     cd4:	16049963          	bnez	s1,e46 <_ZN14_MOTOR_CONTROL10set_motionE20filament_motion_enumyy+0x362>
     cd8:	8a41a783          	lw	a5,-1884(gp) # 20000234 <_ZL7g_scale+0x74>
     cdc:	a2d9                	j	ea2 <_ZN14_MOTOR_CONTROL10set_motionE20filament_motion_enumyy+0x3be>
     cde:	4781                	li	a5,0
     ce0:	4801                	li	a6,0
     ce2:	d91c                	sw	a5,48(a0)
     ce4:	00000793          	li	a5,0
     ce8:	03052a23          	sw	a6,52(a0)
     cec:	04050423          	sb	zero,72(a0)
     cf0:	02050e23          	sb	zero,60(a0)
     cf4:	dd1c                	sw	a5,56(a0)
     cf6:	200027b7          	lui	a5,0x20002
     cfa:	068e                	slli	a3,a3,0x3
     cfc:	d6878793          	addi	a5,a5,-664 # 20001d68 <_ZL21g_last_on_use_exit_ms>
     d00:	97b6                	add	a5,a5,a3
     d02:	4398                	lw	a4,0(a5)
     d04:	43d4                	lw	a3,4(a5)
     d06:	8f55                	or	a4,a4,a3
     d08:	e709                	bnez	a4,d12 <_ZN14_MOTOR_CONTROL10set_motionE20filament_motion_enumyy+0x22e>
     d0a:	4605                	li	a2,1
     d0c:	4681                	li	a3,0
     d0e:	c390                	sw	a2,0(a5)
     d10:	c3d4                	sw	a3,4(a5)
     d12:	00000793          	li	a5,0
     d16:	08040a23          	sb	zero,148(s0)
     d1a:	cc3c                	sw	a5,88(s0)
     d1c:	cc7c                	sw	a5,92(s0)
     d1e:	dc3c                	sw	a5,120(s0)
     d20:	dc7c                	sw	a5,124(s0)
     d22:	4b05                	li	s6,1
     d24:	4901                	li	s2,0
     d26:	aa49                	j	eb8 <_ZN14_MOTOR_CONTROL10set_motionE20filament_motion_enumyy+0x3d4>
     d28:	4701                	li	a4,0
     d2a:	4681                	li	a3,0
     d2c:	d858                	sw	a4,52(s0)
     d2e:	00000713          	li	a4,0
     d32:	d814                	sw	a3,48(s0)
     d34:	dc18                	sw	a4,56(s0)
     d36:	04040423          	sb	zero,72(s0)
     d3a:	02040e23          	sb	zero,60(s0)
     d3e:	4719                	li	a4,6
     d40:	86be                	mv	a3,a5
     d42:	fae48ae3          	beq	s1,a4,cf6 <_ZN14_MOTOR_CONTROL10set_motionE20filament_motion_enumyy+0x212>
     d46:	bfa5                	j	cbe <_ZN14_MOTOR_CONTROL10set_motionE20filament_motion_enumyy+0x1da>
     d48:	20002737          	lui	a4,0x20002
     d4c:	d6870713          	addi	a4,a4,-664 # 20001d68 <_ZL21g_last_on_use_exit_ms>
     d50:	078e                	slli	a5,a5,0x3
     d52:	97ba                	add	a5,a5,a4
     d54:	4681                	li	a3,0
     d56:	4701                	li	a4,0
     d58:	c394                	sw	a3,0(a5)
     d5a:	c3d8                	sw	a4,4(a5)
     d5c:	00000793          	li	a5,0
     d60:	08040a23          	sb	zero,148(s0)
     d64:	cc3c                	sw	a5,88(s0)
     d66:	cc7c                	sw	a5,92(s0)
     d68:	dc3c                	sw	a5,120(s0)
     d6a:	dc7c                	sw	a5,124(s0)
     d6c:	4789                	li	a5,2
     d6e:	f6f485e3          	beq	s1,a5,cd8 <_ZN14_MOTOR_CONTROL10set_motionE20filament_motion_enumyy+0x1f4>
     d72:	a239                	j	e80 <_ZN14_MOTOR_CONTROL10set_motionE20filament_motion_enumyy+0x39c>
     d74:	200027b7          	lui	a5,0x20002
     d78:	d6878793          	addi	a5,a5,-664 # 20001d68 <_ZL21g_last_on_use_exit_ms>
     d7c:	068e                	slli	a3,a3,0x3
     d7e:	96be                	add	a3,a3,a5
     d80:	429c                	lw	a5,0(a3)
     d82:	42d8                	lw	a4,4(a3)
     d84:	8fd9                	or	a5,a5,a4
     d86:	e789                	bnez	a5,d90 <_ZN14_MOTOR_CONTROL10set_motionE20filament_motion_enumyy+0x2ac>
     d88:	4705                	li	a4,1
     d8a:	4781                	li	a5,0
     d8c:	c298                	sw	a4,0(a3)
     d8e:	c2dc                	sw	a5,4(a3)
     d90:	00000793          	li	a5,0
     d94:	cc3c                	sw	a5,88(s0)
     d96:	cc7c                	sw	a5,92(s0)
     d98:	dc3c                	sw	a5,120(s0)
     d9a:	dc7c                	sw	a5,124(s0)
     d9c:	1c049f63          	bnez	s1,f7a <_ZN14_MOTOR_CONTROL10set_motionE20filament_motion_enumyy+0x496>
     da0:	b5ed                	j	c8a <_ZN14_MOTOR_CONTROL10set_motionE20filament_motion_enumyy+0x1a6>
     da2:	4799                	li	a5,6
     da4:	1af49763          	bne	s1,a5,f52 <_ZN14_MOTOR_CONTROL10set_motionE20filament_motion_enumyy+0x46e>
     da8:	4054                	lw	a3,4(s0)
     daa:	200027b7          	lui	a5,0x20002
     dae:	d6878713          	addi	a4,a5,-664 # 20001d68 <_ZL21g_last_on_use_exit_ms>
     db2:	068e                	slli	a3,a3,0x3
     db4:	9736                	add	a4,a4,a3
     db6:	4310                	lw	a2,0(a4)
     db8:	434c                	lw	a1,4(a4)
     dba:	d6878793          	addi	a5,a5,-664
     dbe:	8e4d                	or	a2,a2,a1
     dc0:	ca0d                	beqz	a2,df2 <_ZN14_MOTOR_CONTROL10set_motionE20filament_motion_enumyy+0x30e>
     dc2:	4719                	li	a4,6
     dc4:	dee912e3          	bne	s2,a4,ba8 <_ZN14_MOTOR_CONTROL10set_motionE20filament_motion_enumyy+0xc4>
     dc8:	4709                	li	a4,2
     dca:	4919                	li	s2,6
     dcc:	fce492e3          	bne	s1,a4,d90 <_ZN14_MOTOR_CONTROL10set_motionE20filament_motion_enumyy+0x2ac>
     dd0:	97b6                	add	a5,a5,a3
     dd2:	4701                	li	a4,0
     dd4:	4681                	li	a3,0
     dd6:	c394                	sw	a3,0(a5)
     dd8:	c3d8                	sw	a4,4(a5)
     dda:	00000793          	li	a5,0
     dde:	cc3c                	sw	a5,88(s0)
     de0:	cc7c                	sw	a5,92(s0)
     de2:	dc3c                	sw	a5,120(s0)
     de4:	dc7c                	sw	a5,124(s0)
     de6:	8a41a783          	lw	a5,-1884(gp) # 20000234 <_ZL7g_scale+0x74>
     dea:	d414                	sw	a3,40(s0)
     dec:	d458                	sw	a4,44(s0)
     dee:	d01c                	sw	a5,32(s0)
     df0:	b5e5                	j	cd8 <_ZN14_MOTOR_CONTROL10set_motionE20filament_motion_enumyy+0x1f4>
     df2:	4505                	li	a0,1
     df4:	4581                	li	a1,0
     df6:	c308                	sw	a0,0(a4)
     df8:	c34c                	sw	a1,4(a4)
     dfa:	b7e1                	j	dc2 <_ZN14_MOTOR_CONTROL10set_motionE20filament_motion_enumyy+0x2de>
     dfc:	068e                	slli	a3,a3,0x3
     dfe:	96be                	add	a3,a3,a5
     e00:	0136a023          	sw	s3,0(a3)
     e04:	0146a223          	sw	s4,4(a3)
     e08:	bb25                	j	b40 <_ZN14_MOTOR_CONTROL10set_motionE20filament_motion_enumyy+0x5c>
     e0a:	963e                	add	a2,a2,a5
     e0c:	4781                	li	a5,0
     e0e:	4801                	li	a6,0
     e10:	c21c                	sw	a5,0(a2)
     e12:	00000793          	li	a5,0
     e16:	01062223          	sw	a6,4(a2)
     e1a:	08040a23          	sb	zero,148(s0)
     e1e:	cc3c                	sw	a5,88(s0)
     e20:	cc7c                	sw	a5,92(s0)
     e22:	dc3c                	sw	a5,120(s0)
     e24:	dc7c                	sw	a5,124(s0)
     e26:	bd4d                	j	cd8 <_ZN14_MOTOR_CONTROL10set_motionE20filament_motion_enumyy+0x1f4>
     e28:	963e                	add	a2,a2,a5
     e2a:	4781                	li	a5,0
     e2c:	4801                	li	a6,0
     e2e:	c21c                	sw	a5,0(a2)
     e30:	00000793          	li	a5,0
     e34:	01062223          	sw	a6,4(a2)
     e38:	08040a23          	sb	zero,148(s0)
     e3c:	cc3c                	sw	a5,88(s0)
     e3e:	cc7c                	sw	a5,92(s0)
     e40:	dc3c                	sw	a5,120(s0)
     e42:	dc7c                	sw	a5,124(s0)
     e44:	b599                	j	c8a <_ZN14_MOTOR_CONTROL10set_motionE20filament_motion_enumyy+0x1a6>
     e46:	14f1                	addi	s1,s1,-4
     e48:	4705                	li	a4,1
     e4a:	02976b63          	bltu	a4,s1,e80 <_ZN14_MOTOR_CONTROL10set_motionE20filament_motion_enumyy+0x39c>
     e4e:	20000737          	lui	a4,0x20000
     e52:	078a                	slli	a5,a5,0x2
     e54:	14070713          	addi	a4,a4,320 # 20000140 <_ZL13MC_PULL_pct_f>
     e58:	97ba                	add	a5,a5,a4
     e5a:	4384                	lw	s1,0(a5)
     e5c:	00000593          	li	a1,0
     e60:	8526                	mv	a0,s1
     e62:	1d1090ef          	jal	ra,a832 <__lesf2>
     e66:	02054c63          	bltz	a0,e9e <_ZN14_MOTOR_CONTROL10set_motionE20filament_motion_enumyy+0x3ba>
     e6a:	8581a903          	lw	s2,-1960(gp) # 200001e8 <_ZL7g_scale+0x28>
     e6e:	8526                	mv	a0,s1
     e70:	85ca                	mv	a1,s2
     e72:	12b090ef          	jal	ra,a79c <__gesf2>
     e76:	02a04163          	bgtz	a0,e98 <_ZN14_MOTOR_CONTROL10set_motionE20filament_motion_enumyy+0x3b4>
     e7a:	cc04                	sw	s1,24(s0)
     e7c:	00040e23          	sb	zero,28(s0)
     e80:	4058                	lw	a4,4(s0)
     e82:	200027b7          	lui	a5,0x20002
     e86:	d5478793          	addi	a5,a5,-684 # 20001d54 <_ZN14_MOTOR_CONTROL6x_prevE>
     e8a:	070a                	slli	a4,a4,0x2
     e8c:	97ba                	add	a5,a5,a4
     e8e:	00000713          	li	a4,0
     e92:	c398                	sw	a4,0(a5)
     e94:	ad2ff06f          	j	166 <__riscv_restore_10>
     e98:	01242c23          	sw	s2,24(s0)
     e9c:	b7c5                	j	e7c <_ZN14_MOTOR_CONTROL10set_motionE20filament_motion_enumyy+0x398>
     e9e:	00000793          	li	a5,0
     ea2:	cc1c                	sw	a5,24(s0)
     ea4:	bfe1                	j	e7c <_ZN14_MOTOR_CONTROL10set_motionE20filament_motion_enumyy+0x398>
     ea6:	00000993          	li	s3,0
     eaa:	a229                	j	fb4 <_ZN14_MOTOR_CONTROL10set_motionE20filament_motion_enumyy+0x4d0>
     eac:	89d2                	mv	s3,s4
     eae:	a219                	j	fb4 <_ZN14_MOTOR_CONTROL10set_motionE20filament_motion_enumyy+0x4d0>
     eb0:	4799                	li	a5,6
     eb2:	08f49463          	bne	s1,a5,f3a <_ZN14_MOTOR_CONTROL10set_motionE20filament_motion_enumyy+0x456>
     eb6:	4b01                	li	s6,0
     eb8:	00442a83          	lw	s5,4(s0)
     ebc:	200007b7          	lui	a5,0x20000
     ec0:	14078793          	addi	a5,a5,320 # 20000140 <_ZL13MC_PULL_pct_f>
     ec4:	0a8a                	slli	s5,s5,0x2
     ec6:	97d6                	add	a5,a5,s5
     ec8:	4384                	lw	s1,0(a5)
     eca:	00040e23          	sb	zero,28(s0)
     ece:	00000593          	li	a1,0
     ed2:	8526                	mv	a0,s1
     ed4:	15f090ef          	jal	ra,a832 <__lesf2>
     ed8:	04054c63          	bltz	a0,f30 <_ZN14_MOTOR_CONTROL10set_motionE20filament_motion_enumyy+0x44c>
     edc:	8581ab83          	lw	s7,-1960(gp) # 200001e8 <_ZL7g_scale+0x28>
     ee0:	8526                	mv	a0,s1
     ee2:	85de                	mv	a1,s7
     ee4:	0b9090ef          	jal	ra,a79c <__gesf2>
     ee8:	04a04763          	bgtz	a0,f36 <_ZN14_MOTOR_CONTROL10set_motionE20filament_motion_enumyy+0x452>
     eec:	1971                	addi	s2,s2,-4
     eee:	4705                	li	a4,1
     ef0:	87a6                	mv	a5,s1
     ef2:	01277663          	bgeu	a4,s2,efe <_ZN14_MOTOR_CONTROL10set_motionE20filament_motion_enumyy+0x41a>
     ef6:	8a41a783          	lw	a5,-1884(gp) # 20000234 <_ZL7g_scale+0x74>
     efa:	4981                	li	s3,0
     efc:	4a01                	li	s4,0
     efe:	cc04                	sw	s1,24(s0)
     f00:	d01c                	sw	a5,32(s0)
     f02:	03342423          	sw	s3,40(s0)
     f06:	03442623          	sw	s4,44(s0)
     f0a:	f60b0be3          	beqz	s6,e80 <_ZN14_MOTOR_CONTROL10set_motionE20filament_motion_enumyy+0x39c>
     f0e:	20002437          	lui	s0,0x20002
     f12:	d5440413          	addi	s0,s0,-684 # 20001d54 <_ZN14_MOTOR_CONTROL6x_prevE>
     f16:	9456                	add	s0,s0,s5
     f18:	00042903          	lw	s2,0(s0)
     f1c:	8c01a483          	lw	s1,-1856(gp) # 20000250 <_ZL7g_scale+0x90>
     f20:	854a                	mv	a0,s2
     f22:	85a6                	mv	a1,s1
     f24:	079090ef          	jal	ra,a79c <__gesf2>
     f28:	00a05c63          	blez	a0,f40 <_ZN14_MOTOR_CONTROL10set_motionE20filament_motion_enumyy+0x45c>
     f2c:	c004                	sw	s1,0(s0)
     f2e:	b79d                	j	e94 <_ZN14_MOTOR_CONTROL10set_motionE20filament_motion_enumyy+0x3b0>
     f30:	00000493          	li	s1,0
     f34:	bf65                	j	eec <_ZN14_MOTOR_CONTROL10set_motionE20filament_motion_enumyy+0x408>
     f36:	84de                	mv	s1,s7
     f38:	bf55                	j	eec <_ZN14_MOTOR_CONTROL10set_motionE20filament_motion_enumyy+0x408>
     f3a:	08f90463          	beq	s2,a5,fc2 <_ZN14_MOTOR_CONTROL10set_motionE20filament_motion_enumyy+0x4de>
     f3e:	b53d                	j	d6c <_ZN14_MOTOR_CONTROL10set_motionE20filament_motion_enumyy+0x288>
     f40:	8c41a483          	lw	s1,-1852(gp) # 20000254 <_ZL7g_scale+0x94>
     f44:	854a                	mv	a0,s2
     f46:	85a6                	mv	a1,s1
     f48:	0eb090ef          	jal	ra,a832 <__lesf2>
     f4c:	fe0540e3          	bltz	a0,f2c <_ZN14_MOTOR_CONTROL10set_motionE20filament_motion_enumyy+0x448>
     f50:	b791                	j	e94 <_ZN14_MOTOR_CONTROL10set_motionE20filament_motion_enumyy+0x3b0>
     f52:	e2f91fe3          	bne	s2,a5,d90 <_ZN14_MOTOR_CONTROL10set_motionE20filament_motion_enumyy+0x2ac>
     f56:	200027b7          	lui	a5,0x20002
     f5a:	00369713          	slli	a4,a3,0x3
     f5e:	d6878793          	addi	a5,a5,-664 # 20001d68 <_ZL21g_last_on_use_exit_ms>
     f62:	97ba                	add	a5,a5,a4
     f64:	0137a023          	sw	s3,0(a5)
     f68:	0147a223          	sw	s4,4(a5)
     f6c:	ccbd                	beqz	s1,fea <_ZN14_MOTOR_CONTROL10set_motionE20filament_motion_enumyy+0x506>
     f6e:	00000793          	li	a5,0
     f72:	cc3c                	sw	a5,88(s0)
     f74:	cc7c                	sw	a5,92(s0)
     f76:	dc3c                	sw	a5,120(s0)
     f78:	dc7c                	sw	a5,124(s0)
     f7a:	ffc48793          	addi	a5,s1,-4
     f7e:	4705                	li	a4,1
     f80:	f2f768e3          	bltu	a4,a5,eb0 <_ZN14_MOTOR_CONTROL10set_motionE20filament_motion_enumyy+0x3cc>
     f84:	4058                	lw	a4,4(s0)
     f86:	200007b7          	lui	a5,0x20000
     f8a:	14078793          	addi	a5,a5,320 # 20000140 <_ZL13MC_PULL_pct_f>
     f8e:	070a                	slli	a4,a4,0x2
     f90:	97ba                	add	a5,a5,a4
     f92:	0007a983          	lw	s3,0(a5)
     f96:	00000593          	li	a1,0
     f9a:	854e                	mv	a0,s3
     f9c:	097090ef          	jal	ra,a832 <__lesf2>
     fa0:	f00543e3          	bltz	a0,ea6 <_ZN14_MOTOR_CONTROL10set_motionE20filament_motion_enumyy+0x3c2>
     fa4:	8581aa03          	lw	s4,-1960(gp) # 200001e8 <_ZL7g_scale+0x28>
     fa8:	854e                	mv	a0,s3
     faa:	85d2                	mv	a1,s4
     fac:	7f0090ef          	jal	ra,a79c <__gesf2>
     fb0:	eea04ee3          	bgtz	a0,eac <_ZN14_MOTOR_CONTROL10set_motionE20filament_motion_enumyy+0x3c8>
     fb4:	01342c23          	sw	s3,24(s0)
     fb8:	00040e23          	sb	zero,28(s0)
     fbc:	4799                	li	a5,6
     fbe:	ecf911e3          	bne	s2,a5,e80 <_ZN14_MOTOR_CONTROL10set_motionE20filament_motion_enumyy+0x39c>
     fc2:	8a41a783          	lw	a5,-1884(gp) # 20000234 <_ZL7g_scale+0x74>
     fc6:	4801                	li	a6,0
     fc8:	00040e23          	sb	zero,28(s0)
     fcc:	cc1c                	sw	a5,24(s0)
     fce:	d01c                	sw	a5,32(s0)
     fd0:	4781                	li	a5,0
     fd2:	d41c                	sw	a5,40(s0)
     fd4:	03042623          	sw	a6,44(s0)
     fd8:	bb51                	j	d6c <_ZN14_MOTOR_CONTROL10set_motionE20filament_motion_enumyy+0x288>
     fda:	4719                	li	a4,6
     fdc:	e4e916e3          	bne	s2,a4,e28 <_ZN14_MOTOR_CONTROL10set_motionE20filament_motion_enumyy+0x344>
     fe0:	963e                	add	a2,a2,a5
     fe2:	01362023          	sw	s3,0(a2)
     fe6:	01462223          	sw	s4,4(a2)
     fea:	200027b7          	lui	a5,0x20002
     fee:	d6878793          	addi	a5,a5,-664 # 20001d68 <_ZL21g_last_on_use_exit_ms>
     ff2:	068e                	slli	a3,a3,0x3
     ff4:	96be                	add	a3,a3,a5
     ff6:	4781                	li	a5,0
     ff8:	4801                	li	a6,0
     ffa:	c29c                	sw	a5,0(a3)
     ffc:	00000793          	li	a5,0
    1000:	0106a223          	sw	a6,4(a3)
    1004:	08040a23          	sb	zero,148(s0)
    1008:	cc3c                	sw	a5,88(s0)
    100a:	cc7c                	sw	a5,92(s0)
    100c:	dc3c                	sw	a5,120(s0)
    100e:	dc7c                	sw	a5,124(s0)
    1010:	4919                	li	s2,6
    1012:	b9a5                	j	c8a <_ZN14_MOTOR_CONTROL10set_motionE20filament_motion_enumyy+0x1a6>

00001014 <_Z22Motion_control_set_PWMhi>:
    1014:	02b05463          	blez	a1,103c <_Z22Motion_control_set_PWMhi+0x28>
    1018:	01059693          	slli	a3,a1,0x10
    101c:	82c1                	srli	a3,a3,0x10
    101e:	4781                	li	a5,0
    1020:	4709                	li	a4,2
    1022:	04e50263          	beq	a0,a4,1066 <_Z22Motion_control_set_PWMhi+0x52>
    1026:	02a76863          	bltu	a4,a0,1056 <_Z22Motion_control_set_PWMhi+0x42>
    102a:	40001737          	lui	a4,0x40001
    102e:	80070713          	addi	a4,a4,-2048 # 40000800 <__freertos_irq_stack_top+0x1fffb800>
    1032:	e51d                	bnez	a0,1060 <_Z22Motion_control_set_PWMhi+0x4c>
    1034:	bf56                	sh	a3,60(a4)
    1036:	04f71023          	sh	a5,64(a4)
    103a:	8082                	ret
    103c:	c981                	beqz	a1,104c <_Z22Motion_control_set_PWMhi+0x38>
    103e:	40b005b3          	neg	a1,a1
    1042:	01059793          	slli	a5,a1,0x10
    1046:	83c1                	srli	a5,a5,0x10
    1048:	4681                	li	a3,0
    104a:	bfd9                	j	1020 <_Z22Motion_control_set_PWMhi+0xc>
    104c:	3e800793          	li	a5,1000
    1050:	3e800693          	li	a3,1000
    1054:	b7f1                	j	1020 <_Z22Motion_control_set_PWMhi+0xc>
    1056:	470d                	li	a4,3
    1058:	fee511e3          	bne	a0,a4,103a <_Z22Motion_control_set_PWMhi+0x26>
    105c:	40000737          	lui	a4,0x40000
    1060:	bb56                	sh	a3,52(a4)
    1062:	bf1e                	sh	a5,56(a4)
    1064:	8082                	ret
    1066:	40000737          	lui	a4,0x40000
    106a:	42d71a23          	sh	a3,1076(a4) # 40000434 <__freertos_irq_stack_top+0x1fffb434>
    106e:	42f71c23          	sh	a5,1080(a4)
    1072:	8082                	ret

00001074 <_Z18bus_uart1_dma_sendPht>:
    1074:	200007b7          	lui	a5,0x20000
    1078:	6605                	lui	a2,0x1
    107a:	4bc78793          	addi	a5,a5,1212 # 200004bc <bus_port_to_host>
    107e:	97b2                	add	a5,a5,a2
    1080:	4297c703          	lbu	a4,1065(a5)
    1084:	c331                	beqz	a4,10c8 <_Z18bus_uart1_dma_sendPht+0x54>
    1086:	420784a3          	sb	zero,1065(a5)
    108a:	400207b7          	lui	a5,0x40020
    108e:	43f8                	lw	a4,68(a5)
    1090:	66c1                	lui	a3,0x10
    1092:	16f9                	addi	a3,a3,-2 # fffe <MC_PULL_calibration.cpp.947435e8+0x715>
    1094:	8f75                	and	a4,a4,a3
    1096:	c3f8                	sw	a4,68(a5)
    1098:	cba8                	sw	a0,80(a5)
    109a:	40011737          	lui	a4,0x40011
    109e:	c7ac                	sw	a1,72(a5)
    10a0:	80070713          	addi	a4,a4,-2048 # 40010800 <__freertos_irq_stack_top+0x2000b800>
    10a4:	cb10                	sw	a2,16(a4)
    10a6:	40014737          	lui	a4,0x40014
    10aa:	fbf00613          	li	a2,-65
    10ae:	80c71023          	sh	a2,-2048(a4) # 40013800 <__freertos_irq_stack_top+0x2000e800>
    10b2:	80070693          	addi	a3,a4,-2048
    10b6:	81475703          	lhu	a4,-2028(a4)
    10ba:	08076713          	ori	a4,a4,128
    10be:	aada                	sh	a4,20(a3)
    10c0:	43f8                	lw	a4,68(a5)
    10c2:	00176713          	ori	a4,a4,1
    10c6:	c3f8                	sw	a4,68(a5)
    10c8:	8082                	ret

000010ca <_Z22get_filament_left_charPK4_ams>:
    10ca:	03450793          	addi	a5,a0,52
    10ce:	4701                	li	a4,0
    10d0:	4501                	li	a0,0
    10d2:	4605                	li	a2,1
    10d4:	4589                	li	a1,2
    10d6:	46a1                	li	a3,8
    10d8:	0007c803          	lbu	a6,0(a5) # 40020000 <__freertos_irq_stack_top+0x2001b000>
    10dc:	02080263          	beqz	a6,1100 <_Z22get_filament_left_charPK4_ams+0x36>
    10e0:	00e61833          	sll	a6,a2,a4
    10e4:	01056533          	or	a0,a0,a6
    10e8:	0017c803          	lbu	a6,1(a5)
    10ec:	0ff57513          	zext.b	a0,a0
    10f0:	00080863          	beqz	a6,1100 <_Z22get_filament_left_charPK4_ams+0x36>
    10f4:	00e59833          	sll	a6,a1,a4
    10f8:	01056533          	or	a0,a0,a6
    10fc:	0ff57513          	zext.b	a0,a0
    1100:	0709                	addi	a4,a4,2
    1102:	04078793          	addi	a5,a5,64
    1106:	fcd719e3          	bne	a4,a3,10d8 <_Z22get_filament_left_charPK4_ams+0xe>
    110a:	8082                	ret

0000110c <bus_crc8>:
    110c:	66b1                	lui	a3,0xc
    110e:	862a                	mv	a2,a0
    1110:	4701                	li	a4,0
    1112:	06600513          	li	a0,102
    1116:	b6468693          	addi	a3,a3,-1180 # bb64 <g_crc8_tbl>
    111a:	00e607b3          	add	a5,a2,a4
    111e:	239c                	lbu	a5,0(a5)
    1120:	0705                	addi	a4,a4,1
    1122:	8fa9                	xor	a5,a5,a0
    1124:	97b6                	add	a5,a5,a3
    1126:	2388                	lbu	a0,0(a5)
    1128:	fee599e3          	bne	a1,a4,111a <bus_crc8+0xe>
    112c:	8082                	ret

0000112e <_Z22ahubus_package_add_crcPh>:
    112e:	c131                	beqz	a0,1172 <_Z22ahubus_package_add_crcPh+0x44>
    1130:	826ff2ef          	jal	t0,156 <__riscv_save_0>
    1134:	2124                	lbu	s1,2(a0)
    1136:	458d                	li	a1,3
    1138:	842a                	mv	s0,a0
    113a:	3fc9                	jal	110c <bus_crc8>
    113c:	400237b7          	lui	a5,0x40023
    1140:	b028                	sb	a0,3(s0)
    1142:	4705                	li	a4,1
    1144:	c798                	sw	a4,8(a5)
    1146:	00248913          	addi	s2,s1,2
    114a:	4781                	li	a5,0
    114c:	400236b7          	lui	a3,0x40023
    1150:	00279713          	slli	a4,a5,0x2
    1154:	9722                	add	a4,a4,s0
    1156:	4318                	lw	a4,0(a4)
    1158:	0785                	addi	a5,a5,1 # 40023001 <__freertos_irq_stack_top+0x2001e001>
    115a:	c298                	sw	a4,0(a3)
    115c:	ff27eae3          	bltu	a5,s2,1150 <_Z22ahubus_package_add_crcPh+0x22>
    1160:	429c                	lw	a5,0(a3)
    1162:	090a                	slli	s2,s2,0x2
    1164:	944a                	add	s0,s0,s2
    1166:	00348513          	addi	a0,s1,3
    116a:	c01c                	sw	a5,0(s0)
    116c:	050a                	slli	a0,a0,0x2
    116e:	80cff06f          	j	17a <__riscv_restore_0>
    1172:	4501                	li	a0,0
    1174:	8082                	ret

00001176 <_Z15package_add_crcPhi>:
    1176:	fe1fe2ef          	jal	t0,156 <__riscv_save_0>
    117a:	00150783          	lb	a5,1(a0)
    117e:	842a                	mv	s0,a0
    1180:	84ae                	mv	s1,a1
    1182:	ffe58913          	addi	s2,a1,-2
    1186:	0407d563          	bgez	a5,11d0 <_Z15package_add_crcPhi+0x5a>
    118a:	458d                	li	a1,3
    118c:	3741                	jal	110c <bus_crc8>
    118e:	b028                	sb	a0,3(s0)
    1190:	67a5                	lui	a5,0x9
    1192:	6631                	lui	a2,0xc
    1194:	4681                	li	a3,0
    1196:	13d78793          	addi	a5,a5,317 # 913d <__udivdi3+0x8d>
    119a:	c6460613          	addi	a2,a2,-924 # bc64 <g_crc16_tbl>
    119e:	00d405b3          	add	a1,s0,a3
    11a2:	218c                	lbu	a1,0(a1)
    11a4:	0087d713          	srli	a4,a5,0x8
    11a8:	07a2                	slli	a5,a5,0x8
    11aa:	8f2d                	xor	a4,a4,a1
    11ac:	0706                	slli	a4,a4,0x1
    11ae:	9732                	add	a4,a4,a2
    11b0:	231a                	lhu	a4,0(a4)
    11b2:	07c2                	slli	a5,a5,0x10
    11b4:	83c1                	srli	a5,a5,0x10
    11b6:	0685                	addi	a3,a3,1 # 40023001 <__freertos_irq_stack_top+0x2001e001>
    11b8:	8fb9                	xor	a5,a5,a4
    11ba:	ff26e2e3          	bltu	a3,s2,119e <_Z15package_add_crcPhi+0x28>
    11be:	9922                	add	s2,s2,s0
    11c0:	00f90023          	sb	a5,0(s2)
    11c4:	9426                	add	s0,s0,s1
    11c6:	83a1                	srli	a5,a5,0x8
    11c8:	fef40fa3          	sb	a5,-1(s0)
    11cc:	faffe06f          	j	17a <__riscv_restore_0>
    11d0:	4599                	li	a1,6
    11d2:	3f2d                	jal	110c <bus_crc8>
    11d4:	a068                	sb	a0,6(s0)
    11d6:	bf6d                	j	1190 <_Z15package_add_crcPhi+0x1a>

000011d8 <delay.part.0>:
    11d8:	82c1a703          	lw	a4,-2004(gp) # 200001bc <time_hw_tpms>
    11dc:	02e507b3          	mul	a5,a0,a4
    11e0:	02e53533          	mulhu	a0,a0,a4
    11e4:	e119                	bnez	a0,11ea <delay.part.0+0x12>
    11e6:	e399                	bnez	a5,11ec <delay.part.0+0x14>
    11e8:	8082                	ret
    11ea:	57fd                	li	a5,-1
    11ec:	e000f737          	lui	a4,0xe000f
    11f0:	4714                	lw	a3,8(a4)
    11f2:	e000f637          	lui	a2,0xe000f
    11f6:	4618                	lw	a4,8(a2)
    11f8:	8f15                	sub	a4,a4,a3
    11fa:	00f76363          	bltu	a4,a5,1200 <delay.part.0+0x28>
    11fe:	8082                	ret
    1200:	0001                	nop
    1202:	bfd5                	j	11f6 <delay.part.0+0x1e>

00001204 <delay>:
    1204:	c111                	beqz	a0,1208 <delay+0x4>
    1206:	bfc9                	j	11d8 <delay.part.0>
    1208:	8082                	ret

0000120a <_Z17ADC_DMA_wait_fullv>:
    120a:	f33fe2ef          	jal	t0,13c <__riscv_save_4>
    120e:	e000f7b7          	lui	a5,0xe000f
    1212:	0087a983          	lw	s3,8(a5) # e000f008 <__freertos_irq_stack_top+0xc000a008>
    1216:	82c1a403          	lw	s0,-2004(gp) # 200001bc <time_hw_tpms>
    121a:	c809                	beqz	s0,122c <_Z17ADC_DMA_wait_fullv+0x22>
    121c:	7d000793          	li	a5,2000
    1220:	02f43733          	mulhu	a4,s0,a5
    1224:	02f40433          	mul	s0,s0,a5
    1228:	c311                	beqz	a4,122c <_Z17ADC_DMA_wait_fullv+0x22>
    122a:	547d                	li	s0,-1
    122c:	448d                	li	s1,3
    122e:	e000fa37          	lui	s4,0xe000f
    1232:	aa71c783          	lbu	a5,-1369(gp) # 20000437 <_ZL15g_blocks_filled>
    1236:	00f4f463          	bgeu	s1,a5,123e <_Z17ADC_DMA_wait_fullv+0x34>
    123a:	f37fe06f          	j	170 <__riscv_restore_4>
    123e:	8faff0ef          	jal	ra,338 <_Z12ADC_DMA_pollv>
    1242:	008a2783          	lw	a5,8(s4) # e000f008 <__freertos_irq_stack_top+0xc000a008>
    1246:	413787b3          	sub	a5,a5,s3
    124a:	fef468e3          	bltu	s0,a5,123a <_Z17ADC_DMA_wait_fullv+0x30>
    124e:	4505                	li	a0,1
    1250:	3761                	jal	11d8 <delay.part.0>
    1252:	b7c5                	j	1232 <_Z17ADC_DMA_wait_fullv+0x28>

00001254 <_Z35ams_datas_set_need_to_save_filamenth>:
    1254:	478d                	li	a5,3
    1256:	00a7ea63          	bltu	a5,a0,126a <_Z35ams_datas_set_need_to_save_filamenth+0x16>
    125a:	4785                	li	a5,1
    125c:	00a79533          	sll	a0,a5,a0
    1260:	a1c1c783          	lbu	a5,-1508(gp) # 200003ac <_ZL11g_fil_dirty>
    1264:	8d5d                	or	a0,a0,a5
    1266:	a0a18e23          	sb	a0,-1508(gp) # 200003ac <_ZL11g_fil_dirty>
    126a:	8082                	ret

0000126c <_Z22ams_state_set_unloadedh>:
    126c:	8141c703          	lbu	a4,-2028(gp) # 200001a4 <_ZL11g_loaded_ch>
    1270:	0ff00693          	li	a3,255
    1274:	00d70d63          	beq	a4,a3,128e <_Z22ams_state_set_unloadedh+0x22>
    1278:	468d                	li	a3,3
    127a:	00a6e463          	bltu	a3,a0,1282 <_Z22ams_state_set_unloadedh+0x16>
    127e:	00a71863          	bne	a4,a0,128e <_Z22ams_state_set_unloadedh+0x22>
    1282:	577d                	li	a4,-1
    1284:	80e18a23          	sb	a4,-2028(gp) # 200001a4 <_ZL11g_loaded_ch>
    1288:	4705                	li	a4,1
    128a:	a2e18223          	sb	a4,-1500(gp) # 200003b4 <_ZL13g_state_dirty>
    128e:	8082                	ret

00001290 <_Z10set_motionhhhh.part.0>:
    1290:	ec7fe2ef          	jal	t0,156 <__riscv_save_0>
    1294:	468d                	li	a3,3
    1296:	3ea6ec63          	bltu	a3,a0,168e <_Z10set_motionhhhh.part.0+0x3fe>
    129a:	8141c703          	lbu	a4,-2028(gp) # 200001a4 <_ZL11g_loaded_ch>
    129e:	08d59263          	bne	a1,a3,1322 <_Z10set_motionhhhh.part.0+0x92>
    12a2:	4681                	li	a3,0
    12a4:	ea69                	bnez	a2,1376 <_Z10set_motionhhhh.part.0+0xe6>
    12a6:	0ff00793          	li	a5,255
    12aa:	4685                	li	a3,1
    12ac:	4cf71163          	bne	a4,a5,176e <_Z10set_motionhhhh.part.0+0x4de>
    12b0:	20002837          	lui	a6,0x20002
    12b4:	db080813          	addi	a6,a6,-592 # 20001db0 <ams>
    12b8:	10484783          	lbu	a5,260(a6)
    12bc:	00f50763          	beq	a0,a5,12ca <_Z10set_motionhhhh.part.0+0x3a>
    12c0:	488d                	li	a7,3
    12c2:	30f8f063          	bgeu	a7,a5,15c2 <_Z10set_motionhhhh.part.0+0x332>
    12c6:	10a80223          	sb	a0,260(a6)
    12ca:	00251693          	slli	a3,a0,0x2
    12ce:	b1c18793          	addi	a5,gp,-1252 # 200004ac <_ZL24time_sendout_onuse_ticks>
    12d2:	97b6                	add	a5,a5,a3
    12d4:	20002437          	lui	s0,0x20002
    12d8:	0007a023          	sw	zero,0(a5)
    12dc:	a2018323          	sb	zero,-1498(gp) # 200003b6 <_ZL12count_on_use>
    12e0:	00651493          	slli	s1,a0,0x6
    12e4:	db040793          	addi	a5,s0,-592 # 20001db0 <ams>
    12e8:	97a6                	add	a5,a5,s1
    12ea:	0357c683          	lbu	a3,53(a5)
    12ee:	4785                	li	a5,1
    12f0:	db040413          	addi	s0,s0,-592
    12f4:	00f68963          	beq	a3,a5,1306 <_Z10set_motionhhhh.part.0+0x76>
    12f8:	0ff00793          	li	a5,255
    12fc:	00f70563          	beq	a4,a5,1306 <_Z10set_motionhhhh.part.0+0x76>
    1300:	0ff00513          	li	a0,255
    1304:	37a5                	jal	126c <_Z22ams_state_set_unloadedh>
    1306:	4785                	li	a5,1
    1308:	00940533          	add	a0,s0,s1
    130c:	02f50aa3          	sb	a5,53(a0)
    1310:	4789                	li	a5,2
    1312:	10f406a3          	sb	a5,269(s0)
    1316:	6791                	lui	a5,0x4
    1318:	70078793          	addi	a5,a5,1792 # 4700 <_ZL16motor_motion_runiym+0x2226>
    131c:	10f41723          	sh	a5,270(s0)
    1320:	a051                	j	13a4 <_Z10set_motionhhhh.part.0+0x114>
    1322:	47a5                	li	a5,9
    1324:	06f59963          	bne	a1,a5,1396 <_Z10set_motionhhhh.part.0+0x106>
    1328:	07f00793          	li	a5,127
    132c:	02f61d63          	bne	a2,a5,1366 <_Z10set_motionhhhh.part.0+0xd6>
    1330:	0ff00793          	li	a5,255
    1334:	44f71263          	bne	a4,a5,1778 <_Z10set_motionhhhh.part.0+0x4e8>
    1338:	200026b7          	lui	a3,0x20002
    133c:	db068693          	addi	a3,a3,-592 # 20001db0 <ams>
    1340:	1046c783          	lbu	a5,260(a3)
    1344:	00f50763          	beq	a0,a5,1352 <_Z10set_motionhhhh.part.0+0xc2>
    1348:	480d                	li	a6,3
    134a:	1af87f63          	bgeu	a6,a5,1508 <_Z10set_motionhhhh.part.0+0x278>
    134e:	10a68223          	sb	a0,260(a3)
    1352:	00251693          	slli	a3,a0,0x2
    1356:	b1c18793          	addi	a5,gp,-1252 # 200004ac <_ZL24time_sendout_onuse_ticks>
    135a:	97b6                	add	a5,a5,a3
    135c:	0007a023          	sw	zero,0(a5)
    1360:	a2018323          	sb	zero,-1498(gp) # 200003b6 <_ZL12count_on_use>
    1364:	aae5                	j	155c <_Z10set_motionhhhh.part.0+0x2cc>
    1366:	0a500793          	li	a5,165
    136a:	fcf603e3          	beq	a2,a5,1330 <_Z10set_motionhhhh.part.0+0xa0>
    136e:	fc160693          	addi	a3,a2,-63 # e000efc1 <__freertos_irq_stack_top+0xc0009fc1>
    1372:	0016b693          	seqz	a3,a3
    1376:	0ff00793          	li	a5,255
    137a:	44f71263          	bne	a4,a5,17be <_Z10set_motionhhhh.part.0+0x52e>
    137e:	14069463          	bnez	a3,14c6 <_Z10set_motionhhhh.part.0+0x236>
    1382:	47a5                	li	a5,9
    1384:	02f59063          	bne	a1,a5,13a4 <_Z10set_motionhhhh.part.0+0x114>
    1388:	050a                	slli	a0,a0,0x2
    138a:	b1c18793          	addi	a5,gp,-1252 # 200004ac <_ZL24time_sendout_onuse_ticks>
    138e:	97aa                	add	a5,a5,a0
    1390:	0007a023          	sw	zero,0(a5)
    1394:	a0b9                	j	13e2 <_Z10set_motionhhhh.part.0+0x152>
    1396:	479d                	li	a5,7
    1398:	00f58963          	beq	a1,a5,13aa <_Z10set_motionhhhh.part.0+0x11a>
    139c:	0ff00793          	li	a5,255
    13a0:	fef711e3          	bne	a4,a5,1382 <_Z10set_motionhhhh.part.0+0xf2>
    13a4:	4505                	li	a0,1
    13a6:	dd5fe06f          	j	17a <__riscv_restore_0>
    13aa:	0ff00793          	li	a5,255
    13ae:	ee1d                	bnez	a2,13ec <_Z10set_motionhhhh.part.0+0x15c>
    13b0:	3ef71463          	bne	a4,a5,1798 <_Z10set_motionhhhh.part.0+0x508>
    13b4:	00251693          	slli	a3,a0,0x2
    13b8:	b1c18793          	addi	a5,gp,-1252 # 200004ac <_ZL24time_sendout_onuse_ticks>
    13bc:	97b6                	add	a5,a5,a3
    13be:	0007a023          	sw	zero,0(a5)
    13c2:	fee511e3          	bne	a0,a4,13a4 <_Z10set_motionhhhh.part.0+0x114>
    13c6:	200027b7          	lui	a5,0x20002
    13ca:	db078793          	addi	a5,a5,-592 # 20001db0 <ams>
    13ce:	051a                	slli	a0,a0,0x6
    13d0:	953e                	add	a0,a0,a5
    13d2:	03554703          	lbu	a4,53(a0)
    13d6:	4689                	li	a3,2
    13d8:	20d70d63          	beq	a4,a3,15f2 <_Z10set_motionhhhh.part.0+0x362>
    13dc:	4695                	li	a3,5
    13de:	22d70663          	beq	a4,a3,160a <_Z10set_motionhhhh.part.0+0x37a>
    13e2:	200027b7          	lui	a5,0x20002
    13e6:	db078793          	addi	a5,a5,-592 # 20001db0 <ams>
    13ea:	a439                	j	15f8 <_Z10set_motionhhhh.part.0+0x368>
    13ec:	3cf71e63          	bne	a4,a5,17c8 <_Z10set_motionhhhh.part.0+0x538>
    13f0:	07f00793          	li	a5,127
    13f4:	faf618e3          	bne	a2,a5,13a4 <_Z10set_motionhhhh.part.0+0x114>
    13f8:	200027b7          	lui	a5,0x20002
    13fc:	eb47c783          	lbu	a5,-332(a5) # 20001eb4 <ams+0x104>
    1400:	00f50963          	beq	a0,a5,1412 <_Z10set_motionhhhh.part.0+0x182>
    1404:	468d                	li	a3,3
    1406:	1af6fa63          	bgeu	a3,a5,15ba <_Z10set_motionhhhh.part.0+0x32a>
    140a:	200027b7          	lui	a5,0x20002
    140e:	eaa78a23          	sb	a0,-332(a5) # 20001eb4 <ams+0x104>
    1412:	200027b7          	lui	a5,0x20002
    1416:	db078613          	addi	a2,a5,-592 # 20001db0 <ams>
    141a:	00651e13          	slli	t3,a0,0x6
    141e:	9672                	add	a2,a2,t3
    1420:	03564603          	lbu	a2,53(a2)
    1424:	4685                	li	a3,1
    1426:	db078793          	addi	a5,a5,-592
    142a:	02d61f63          	bne	a2,a3,1468 <_Z10set_motionhhhh.part.0+0x1d8>
    142e:	82c1a603          	lw	a2,-2004(gp) # 200001bc <time_hw_tpms>
    1432:	da45                	beqz	a2,13e2 <_Z10set_motionhhhh.part.0+0x152>
    1434:	e000f6b7          	lui	a3,0xe000f
    1438:	468c                	lw	a1,8(a3)
    143a:	b1c18813          	addi	a6,gp,-1252 # 200004ac <_ZL24time_sendout_onuse_ticks>
    143e:	00251893          	slli	a7,a0,0x2
    1442:	9846                	add	a6,a6,a7
    1444:	00082e83          	lw	t4,0(a6)
    1448:	b1c18693          	addi	a3,gp,-1252 # 200004ac <_ZL24time_sendout_onuse_ticks>
    144c:	000e9463          	bnez	t4,1454 <_Z10set_motionhhhh.part.0+0x1c4>
    1450:	00b82023          	sw	a1,0(a6)
    1454:	6811                	lui	a6,0x4
    1456:	a9880813          	addi	a6,a6,-1384 # 3a98 <_ZL16motor_motion_runiym+0x15be>
    145a:	03060633          	mul	a2,a2,a6
    145e:	96c6                	add	a3,a3,a7
    1460:	4294                	lw	a3,0(a3)
    1462:	8d95                	sub	a1,a1,a3
    1464:	f6c5efe3          	bltu	a1,a2,13e2 <_Z10set_motionhhhh.part.0+0x152>
    1468:	00251613          	slli	a2,a0,0x2
    146c:	b1c18693          	addi	a3,gp,-1252 # 200004ac <_ZL24time_sendout_onuse_ticks>
    1470:	96b2                	add	a3,a3,a2
    1472:	0006a023          	sw	zero,0(a3) # e000f000 <__freertos_irq_stack_top+0xc000a000>
    1476:	4609                	li	a2,2
    1478:	01c786b3          	add	a3,a5,t3
    147c:	02c68aa3          	sb	a2,53(a3)
    1480:	4691                	li	a3,4
    1482:	10e7d603          	lhu	a2,270(a5)
    1486:	10d786a3          	sb	a3,269(a5)
    148a:	66bd                	lui	a3,0xf
    148c:	06f68693          	addi	a3,a3,111 # f06f <Flash_saves.cpp.f7fa723f+0x4a6>
    1490:	00d60763          	beq	a2,a3,149e <_Z10set_motionhhhh.part.0+0x20e>
    1494:	668d                	lui	a3,0x3
    1496:	b0068693          	addi	a3,a3,-1280 # 2b00 <_ZL16motor_motion_runiym+0x626>
    149a:	10d79723          	sh	a3,270(a5)
    149e:	a251c603          	lbu	a2,-1499(gp) # 200003b5 <_ZL30last_before_on_use_motion_flag>
    14a2:	07f00693          	li	a3,127
    14a6:	0ed61a63          	bne	a2,a3,159a <_Z10set_motionhhhh.part.0+0x30a>
    14aa:	a261c683          	lbu	a3,-1498(gp) # 200003b6 <_ZL12count_on_use>
    14ae:	4591                	li	a1,4
    14b0:	0ed5e563          	bltu	a1,a3,159a <_Z10set_motionhhhh.part.0+0x30a>
    14b4:	0685                	addi	a3,a3,1
    14b6:	a2d18323          	sb	a3,-1498(gp) # 200003b6 <_ZL12count_on_use>
    14ba:	6689                	lui	a3,0x2
    14bc:	e3468693          	addi	a3,a3,-460 # 1e34 <_ZN14_MOTOR_CONTROL9hold_loadEffR9MOTOR_PIDRfRhS2_RbS2_S4_.constprop.0.isra.0+0x1e>
    14c0:	10d79723          	sh	a3,270(a5)
    14c4:	a8d9                	j	159a <_Z10set_motionhhhh.part.0+0x30a>
    14c6:	b1c18813          	addi	a6,gp,-1252 # 200004ac <_ZL24time_sendout_onuse_ticks>
    14ca:	00e50c63          	beq	a0,a4,14e2 <_Z10set_motionhhhh.part.0+0x252>
    14ce:	050a                	slli	a0,a0,0x2
    14d0:	982a                	add	a6,a6,a0
    14d2:	00082023          	sw	zero,0(a6)
    14d6:	b5f9                	j	13a4 <_Z10set_motionhhhh.part.0+0x114>
    14d8:	0cf6fb63          	bgeu	a3,a5,15ae <_Z10set_motionhhhh.part.0+0x31e>
    14dc:	10a80223          	sb	a0,260(a6)
    14e0:	a4f9                	j	17ae <_Z10set_motionhhhh.part.0+0x51e>
    14e2:	200028b7          	lui	a7,0x20002
    14e6:	db088893          	addi	a7,a7,-592 # 20001db0 <ams>
    14ea:	1048c783          	lbu	a5,260(a7)
    14ee:	00f50763          	beq	a0,a5,14fc <_Z10set_motionhhhh.part.0+0x26c>
    14f2:	4e0d                	li	t3,3
    14f4:	0cfe7d63          	bgeu	t3,a5,15ce <_Z10set_motionhhhh.part.0+0x33e>
    14f8:	10a88223          	sb	a0,260(a7)
    14fc:	00251793          	slli	a5,a0,0x2
    1500:	983e                	add	a6,a6,a5
    1502:	00082023          	sw	zero,0(a6)
    1506:	a291                	j	164a <_Z10set_motionhhhh.part.0+0x3ba>
    1508:	4f01                	li	t5,0
    150a:	4e81                	li	t4,0
    150c:	4f85                	li	t6,1
    150e:	4281                	li	t0,0
    1510:	4e01                	li	t3,0
    1512:	4685                	li	a3,1
    1514:	200028b7          	lui	a7,0x20002
    1518:	db088893          	addi	a7,a7,-592 # 20001db0 <ams>
    151c:	00679813          	slli	a6,a5,0x6
    1520:	9846                	add	a6,a6,a7
    1522:	02080aa3          	sb	zero,53(a6)
    1526:	9c600813          	li	a6,-1594
    152a:	11089723          	sh	a6,270(a7)
    152e:	b1c18813          	addi	a6,gp,-1252 # 200004ac <_ZL24time_sendout_onuse_ticks>
    1532:	078a                	slli	a5,a5,0x2
    1534:	97c2                	add	a5,a5,a6
    1536:	100886a3          	sb	zero,269(a7)
    153a:	0007a023          	sw	zero,0(a5)
    153e:	10a88223          	sb	a0,260(a7)
    1542:	d80294e3          	bnez	t0,12ca <_Z10set_motionhhhh.part.0+0x3a>
    1546:	080f8f63          	beqz	t6,15e4 <_Z10set_motionhhhh.part.0+0x354>
    154a:	00251793          	slli	a5,a0,0x2
    154e:	983e                	add	a6,a6,a5
    1550:	00082023          	sw	zero,0(a6)
    1554:	a2018323          	sb	zero,-1498(gp) # 200003b6 <_ZL12count_on_use>
    1558:	e40686e3          	beqz	a3,13a4 <_Z10set_motionhhhh.part.0+0x114>
    155c:	a2c182a3          	sb	a2,-1499(gp) # 200003b5 <_ZL30last_before_on_use_motion_flag>
    1560:	200026b7          	lui	a3,0x20002
    1564:	07f00793          	li	a5,127
    1568:	db068693          	addi	a3,a3,-592 # 20001db0 <ams>
    156c:	00651593          	slli	a1,a0,0x6
    1570:	06f60663          	beq	a2,a5,15dc <_Z10set_motionhhhh.part.0+0x34c>
    1574:	00b687b3          	add	a5,a3,a1
    1578:	0357c603          	lbu	a2,53(a5)
    157c:	4785                	li	a5,1
    157e:	04f61b63          	bne	a2,a5,15d4 <_Z10set_motionhhhh.part.0+0x344>
    1582:	6791                	lui	a5,0x4
    1584:	70078793          	addi	a5,a5,1792 # 4700 <_ZL16motor_motion_runiym+0x2226>
    1588:	4615                	li	a2,5
    158a:	95b6                	add	a1,a1,a3
    158c:	02c58aa3          	sb	a2,53(a1)
    1590:	4611                	li	a2,4
    1592:	10c686a3          	sb	a2,269(a3)
    1596:	10f69723          	sh	a5,270(a3)
    159a:	0ff00793          	li	a5,255
    159e:	e0f713e3          	bne	a4,a5,13a4 <_Z10set_motionhhhh.part.0+0x114>
    15a2:	4705                	li	a4,1
    15a4:	80a18a23          	sb	a0,-2028(gp) # 200001a4 <_ZL11g_loaded_ch>
    15a8:	a2e18223          	sb	a4,-1500(gp) # 200003b4 <_ZL13g_state_dirty>
    15ac:	bbe5                	j	13a4 <_Z10set_motionhhhh.part.0+0x114>
    15ae:	4e01                	li	t3,0
    15b0:	4685                	li	a3,1
    15b2:	4e81                	li	t4,0
    15b4:	4f81                	li	t6,0
    15b6:	4281                	li	t0,0
    15b8:	bfb1                	j	1514 <_Z10set_motionhhhh.part.0+0x284>
    15ba:	4f01                	li	t5,0
    15bc:	4e85                	li	t4,1
    15be:	4f81                	li	t6,0
    15c0:	b7b9                	j	150e <_Z10set_motionhhhh.part.0+0x27e>
    15c2:	4f01                	li	t5,0
    15c4:	4e81                	li	t4,0
    15c6:	4f81                	li	t6,0
    15c8:	4285                	li	t0,1
    15ca:	4e01                	li	t3,0
    15cc:	b7a1                	j	1514 <_Z10set_motionhhhh.part.0+0x284>
    15ce:	8e36                	mv	t3,a3
    15d0:	4f01                	li	t5,0
    15d2:	b7c5                	j	15b2 <_Z10set_motionhhhh.part.0+0x322>
    15d4:	678d                	lui	a5,0x3
    15d6:	b0078793          	addi	a5,a5,-1280 # 2b00 <_ZL16motor_motion_runiym+0x626>
    15da:	b77d                	j	1588 <_Z10set_motionhhhh.part.0+0x2f8>
    15dc:	6789                	lui	a5,0x2
    15de:	e3478793          	addi	a5,a5,-460 # 1e34 <_ZN14_MOTOR_CONTROL9hold_loadEffR9MOTOR_PIDRfRhS2_RbS2_S4_.constprop.0.isra.0+0x1e>
    15e2:	b75d                	j	1588 <_Z10set_motionhhhh.part.0+0x2f8>
    15e4:	dc0f18e3          	bnez	t5,13b4 <_Z10set_motionhhhh.part.0+0x124>
    15e8:	040e8663          	beqz	t4,1634 <_Z10set_motionhhhh.part.0+0x3a4>
    15ec:	e20693e3          	bnez	a3,1412 <_Z10set_motionhhhh.part.0+0x182>
    15f0:	bb55                	j	13a4 <_Z10set_motionhhhh.part.0+0x114>
    15f2:	4719                	li	a4,6
    15f4:	02e50aa3          	sb	a4,53(a0)
    15f8:	4711                	li	a4,4
    15fa:	10e786a3          	sb	a4,269(a5)
    15fe:	670d                	lui	a4,0x3
    1600:	b0070713          	addi	a4,a4,-1280 # 2b00 <_ZL16motor_motion_runiym+0x626>
    1604:	10e79723          	sh	a4,270(a5)
    1608:	bb71                	j	13a4 <_Z10set_motionhhhh.part.0+0x114>
    160a:	4719                	li	a4,6
    160c:	02e50aa3          	sb	a4,53(a0)
    1610:	4711                	li	a4,4
    1612:	10e786a3          	sb	a4,269(a5)
    1616:	670d                	lui	a4,0x3
    1618:	b0070713          	addi	a4,a4,-1280 # 2b00 <_ZL16motor_motion_runiym+0x626>
    161c:	10e79723          	sh	a4,270(a5)
    1620:	a251c683          	lbu	a3,-1499(gp) # 200003b5 <_ZL30last_before_on_use_motion_flag>
    1624:	07f00713          	li	a4,127
    1628:	d6e69ee3          	bne	a3,a4,13a4 <_Z10set_motionhhhh.part.0+0x114>
    162c:	6709                	lui	a4,0x2
    162e:	e3470713          	addi	a4,a4,-460 # 1e34 <_ZN14_MOTOR_CONTROL9hold_loadEffR9MOTOR_PIDRfRhS2_RbS2_S4_.constprop.0.isra.0+0x1e>
    1632:	bfc9                	j	1604 <_Z10set_motionhhhh.part.0+0x374>
    1634:	d40e07e3          	beqz	t3,1382 <_Z10set_motionhhhh.part.0+0xf2>
    1638:	00251693          	slli	a3,a0,0x2
    163c:	b1c18793          	addi	a5,gp,-1252 # 200004ac <_ZL24time_sendout_onuse_ticks>
    1640:	97b6                	add	a5,a5,a3
    1642:	0007a023          	sw	zero,0(a5)
    1646:	d4e51fe3          	bne	a0,a4,13a4 <_Z10set_motionhhhh.part.0+0x114>
    164a:	200027b7          	lui	a5,0x20002
    164e:	db078713          	addi	a4,a5,-592 # 20001db0 <ams>
    1652:	00651693          	slli	a3,a0,0x6
    1656:	9736                	add	a4,a4,a3
    1658:	03574703          	lbu	a4,53(a4)
    165c:	4609                	li	a2,2
    165e:	db078793          	addi	a5,a5,-592
    1662:	00c70863          	beq	a4,a2,1672 <_Z10set_motionhhhh.part.0+0x3e2>
    1666:	176d                	addi	a4,a4,-5
    1668:	0ff77713          	zext.b	a4,a4
    166c:	4605                	li	a2,1
    166e:	00e66663          	bltu	a2,a4,167a <_Z10set_motionhhhh.part.0+0x3ea>
    1672:	96be                	add	a3,a3,a5
    1674:	470d                	li	a4,3
    1676:	02e68aa3          	sb	a4,53(a3)
    167a:	4711                	li	a4,4
    167c:	10e786a3          	sb	a4,269(a5)
    1680:	670d                	lui	a4,0x3
    1682:	b0070713          	addi	a4,a4,-1280 # 2b00 <_ZL16motor_motion_runiym+0x626>
    1686:	10e79723          	sh	a4,270(a5)
    168a:	36cd                	jal	126c <_Z22ams_state_set_unloadedh>
    168c:	bb21                	j	13a4 <_Z10set_motionhhhh.part.0+0x114>
    168e:	0ff00793          	li	a5,255
    1692:	d0f519e3          	bne	a0,a5,13a4 <_Z10set_motionhhhh.part.0+0x114>
    1696:	20002737          	lui	a4,0x20002
    169a:	db070793          	addi	a5,a4,-592 # 20001db0 <ams>
    169e:	1047c503          	lbu	a0,260(a5)
    16a2:	db070813          	addi	a6,a4,-592
    16a6:	04d59b63          	bne	a1,a3,16fc <_Z10set_motionhhhh.part.0+0x46c>
    16aa:	e625                	bnez	a2,1712 <_Z10set_motionhhhh.part.0+0x482>
    16ac:	cea5ece3          	bltu	a1,a0,13a4 <_Z10set_motionhhhh.part.0+0x114>
    16b0:	00651693          	slli	a3,a0,0x6
    16b4:	00d807b3          	add	a5,a6,a3
    16b8:	0357c783          	lbu	a5,53(a5)
    16bc:	00251613          	slli	a2,a0,0x2
    16c0:	b1c18713          	addi	a4,gp,-1252 # 200004ac <_ZL24time_sendout_onuse_ticks>
    16c4:	9732                	add	a4,a4,a2
    16c6:	00072023          	sw	zero,0(a4)
    16ca:	ffe78713          	addi	a4,a5,-2
    16ce:	0ff77713          	zext.b	a4,a4
    16d2:	4605                	li	a2,1
    16d4:	00e67763          	bgeu	a2,a4,16e2 <_Z10set_motionhhhh.part.0+0x452>
    16d8:	17ed                	addi	a5,a5,-5
    16da:	0ff7f793          	zext.b	a5,a5
    16de:	00f66963          	bltu	a2,a5,16f0 <_Z10set_motionhhhh.part.0+0x460>
    16e2:	4791                	li	a5,4
    16e4:	96c2                	add	a3,a3,a6
    16e6:	02f68aa3          	sb	a5,53(a3)
    16ea:	4789                	li	a5,2
    16ec:	10f806a3          	sb	a5,269(a6)
    16f0:	6791                	lui	a5,0x4
    16f2:	70078793          	addi	a5,a5,1792 # 4700 <_ZL16motor_motion_runiym+0x2226>
    16f6:	10f81723          	sh	a5,270(a6)
    16fa:	bf41                	j	168a <_Z10set_motionhhhh.part.0+0x3fa>
    16fc:	4705                	li	a4,1
    16fe:	00e59a63          	bne	a1,a4,1712 <_Z10set_motionhhhh.part.0+0x482>
    1702:	caa6e1e3          	bltu	a3,a0,13a4 <_Z10set_motionhhhh.part.0+0x114>
    1706:	10d7c703          	lbu	a4,269(a5)
    170a:	4791                	li	a5,4
    170c:	c8f70ce3          	beq	a4,a5,13a4 <_Z10set_motionhhhh.part.0+0x114>
    1710:	bfad                	j	168a <_Z10set_motionhhhh.part.0+0x3fa>
    1712:	478d                	li	a5,3
    1714:	00a7ef63          	bltu	a5,a0,1732 <_Z10set_motionhhhh.part.0+0x4a2>
    1718:	051a                	slli	a0,a0,0x6
    171a:	9542                	add	a0,a0,a6
    171c:	03554783          	lbu	a5,53(a0)
    1720:	4709                	li	a4,2
    1722:	c8e781e3          	beq	a5,a4,13a4 <_Z10set_motionhhhh.part.0+0x114>
    1726:	17ed                	addi	a5,a5,-5
    1728:	0ff7f793          	zext.b	a5,a5
    172c:	4705                	li	a4,1
    172e:	c6f77be3          	bgeu	a4,a5,13a4 <_Z10set_motionhhhh.part.0+0x114>
    1732:	b1c18793          	addi	a5,gp,-1252 # 200004ac <_ZL24time_sendout_onuse_ticks>
    1736:	0007a023          	sw	zero,0(a5)
    173a:	0007a223          	sw	zero,4(a5)
    173e:	0007a423          	sw	zero,8(a5)
    1742:	0007a623          	sw	zero,12(a5)
    1746:	9c600793          	li	a5,-1594
    174a:	10f81723          	sh	a5,270(a6)
    174e:	57fd                	li	a5,-1
    1750:	02080aa3          	sb	zero,53(a6)
    1754:	06080aa3          	sb	zero,117(a6)
    1758:	0a080aa3          	sb	zero,181(a6)
    175c:	0e080aa3          	sb	zero,245(a6)
    1760:	100806a3          	sb	zero,269(a6)
    1764:	10f80223          	sb	a5,260(a6)
    1768:	0ff00513          	li	a0,255
    176c:	bf39                	j	168a <_Z10set_motionhhhh.part.0+0x3fa>
    176e:	40e506b3          	sub	a3,a0,a4
    1772:	0016b693          	seqz	a3,a3
    1776:	be2d                	j	12b0 <_Z10set_motionhhhh.part.0+0x20>
    1778:	bce500e3          	beq	a0,a4,1338 <_Z10set_motionhhhh.part.0+0xa8>
    177c:	050a                	slli	a0,a0,0x2
    177e:	b1c18793          	addi	a5,gp,-1252 # 200004ac <_ZL24time_sendout_onuse_ticks>
    1782:	97aa                	add	a5,a5,a0
    1784:	0007a023          	sw	zero,0(a5)
    1788:	a2018323          	sb	zero,-1498(gp) # 200003b6 <_ZL12count_on_use>
    178c:	b921                	j	13a4 <_Z10set_motionhhhh.part.0+0x114>
    178e:	07f00793          	li	a5,127
    1792:	c6f603e3          	beq	a2,a5,13f8 <_Z10set_motionhhhh.part.0+0x168>
    1796:	b6f5                	j	1382 <_Z10set_motionhhhh.part.0+0xf2>
    1798:	c0e51ee3          	bne	a0,a4,13b4 <_Z10set_motionhhhh.part.0+0x124>
    179c:	20002837          	lui	a6,0x20002
    17a0:	db080813          	addi	a6,a6,-592 # 20001db0 <ams>
    17a4:	10484783          	lbu	a5,260(a6)
    17a8:	4f05                	li	t5,1
    17aa:	d2a797e3          	bne	a5,a0,14d8 <_Z10set_motionhhhh.part.0+0x248>
    17ae:	00251713          	slli	a4,a0,0x2
    17b2:	b1c18793          	addi	a5,gp,-1252 # 200004ac <_ZL24time_sendout_onuse_ticks>
    17b6:	97ba                	add	a5,a5,a4
    17b8:	0007a023          	sw	zero,0(a5)
    17bc:	b129                	j	13c6 <_Z10set_motionhhhh.part.0+0x136>
    17be:	bce500e3          	beq	a0,a4,137e <_Z10set_motionhhhh.part.0+0xee>
    17c2:	bc0680e3          	beqz	a3,1382 <_Z10set_motionhhhh.part.0+0xf2>
    17c6:	bd8d                	j	1638 <_Z10set_motionhhhh.part.0+0x3a8>
    17c8:	fce503e3          	beq	a0,a4,178e <_Z10set_motionhhhh.part.0+0x4fe>
    17cc:	f8160613          	addi	a2,a2,-127
    17d0:	bc060ae3          	beqz	a2,13a4 <_Z10set_motionhhhh.part.0+0x114>
    17d4:	b67d                	j	1382 <_Z10set_motionhhhh.part.0+0xf2>

000017d6 <_ZN12WS2812_class6updataEv>:
    17d6:	02c54783          	lbu	a5,44(a0)
    17da:	c7ad                	beqz	a5,1844 <_ZN12WS2812_class6updataEv+0x6e>
    17dc:	00052303          	lw	t1,0(a0)
    17e0:	00455e03          	lhu	t3,4(a0)
    17e4:	800026f3          	csrr	a3,0x800
    17e8:	08800793          	li	a5,136
    17ec:	8007b073          	csrc	0x800,a5
    17f0:	e000f7b7          	lui	a5,0xe000f
    17f4:	4790                	lw	a2,8(a5)
    17f6:	0886f693          	andi	a3,a3,136
    17fa:	4798                	lw	a4,8(a5)
    17fc:	fee60fe3          	beq	a2,a4,17fa <_ZN12WS2812_class6updataEv+0x24>
    1800:	479c                	lw	a5,8(a5)
    1802:	00850593          	addi	a1,a0,8
    1806:	4601                	li	a2,0
    1808:	00800f37          	lui	t5,0x800
    180c:	e000feb7          	lui	t4,0xe000f
    1810:	2178                	lbu	a4,6(a0)
    1812:	02e66a63          	bltu	a2,a4,1846 <_ZN12WS2812_class6updataEv+0x70>
    1816:	02050623          	sb	zero,44(a0)
    181a:	08800793          	li	a5,136
    181e:	8007b073          	csrc	0x800,a5
    1822:	8006a073          	csrs	0x800,a3
    1826:	411c                	lw	a5,0(a0)
    1828:	215a                	lhu	a4,4(a0)
    182a:	cbd8                	sw	a4,20(a5)
    182c:	9dc1a703          	lw	a4,-1572(gp) # 2000036c <_ZL18g_ws2812_rst_ticks>
    1830:	cb11                	beqz	a4,1844 <_ZN12WS2812_class6updataEv+0x6e>
    1832:	e000f7b7          	lui	a5,0xe000f
    1836:	4794                	lw	a3,8(a5)
    1838:	e000f637          	lui	a2,0xe000f
    183c:	461c                	lw	a5,8(a2)
    183e:	8f95                	sub	a5,a5,a3
    1840:	04e7e463          	bltu	a5,a4,1888 <_ZN12WS2812_class6updataEv+0xb2>
    1844:	8082                	ret
    1846:	0005a803          	lw	a6,0(a1)
    184a:	21078f93          	addi	t6,a5,528 # e000f210 <__freertos_irq_stack_top+0xc000a210>
    184e:	01e878b3          	and	a7,a6,t5
    1852:	473d                	li	a4,15
    1854:	00089363          	bnez	a7,185a <_ZN12WS2812_class6updataEv+0x84>
    1858:	471d                	li	a4,7
    185a:	0806                	slli	a6,a6,0x1
    185c:	01c32823          	sw	t3,16(t1)
    1860:	973e                	add	a4,a4,a5
    1862:	008ea883          	lw	a7,8(t4) # e000f008 <__freertos_irq_stack_top+0xc000a008>
    1866:	40e888b3          	sub	a7,a7,a4
    186a:	fe08cce3          	bltz	a7,1862 <_ZN12WS2812_class6updataEv+0x8c>
    186e:	01c32a23          	sw	t3,20(t1)
    1872:	07d9                	addi	a5,a5,22
    1874:	008ea703          	lw	a4,8(t4)
    1878:	8f1d                	sub	a4,a4,a5
    187a:	fe074de3          	bltz	a4,1874 <_ZN12WS2812_class6updataEv+0x9e>
    187e:	fdf798e3          	bne	a5,t6,184e <_ZN12WS2812_class6updataEv+0x78>
    1882:	0605                	addi	a2,a2,1 # e000f001 <__freertos_irq_stack_top+0xc000a001>
    1884:	0591                	addi	a1,a1,4
    1886:	b769                	j	1810 <_ZN12WS2812_class6updataEv+0x3a>
    1888:	0001                	nop
    188a:	bf4d                	j	183c <_ZN12WS2812_class6updataEv+0x66>

0000188c <_Z10RGB_updatev>:
    188c:	aec18793          	addi	a5,gp,-1300 # 2000047c <SYS_RGB>
    1890:	02c7c783          	lbu	a5,44(a5)
    1894:	e38d                	bnez	a5,18b6 <_Z10RGB_updatev+0x2a>
    1896:	200027b7          	lui	a5,0x20002
    189a:	23078793          	addi	a5,a5,560 # 20002230 <RGBOUT>
    189e:	02c7c703          	lbu	a4,44(a5)
    18a2:	eb11                	bnez	a4,18b6 <_Z10RGB_updatev+0x2a>
    18a4:	05c7c703          	lbu	a4,92(a5)
    18a8:	e719                	bnez	a4,18b6 <_Z10RGB_updatev+0x2a>
    18aa:	08c7c703          	lbu	a4,140(a5)
    18ae:	e701                	bnez	a4,18b6 <_Z10RGB_updatev+0x2a>
    18b0:	0bc7c783          	lbu	a5,188(a5)
    18b4:	cfa1                	beqz	a5,190c <_Z10RGB_updatev+0x80>
    18b6:	e000f737          	lui	a4,0xe000f
    18ba:	4710                	lw	a2,8(a4)
    18bc:	a201a703          	lw	a4,-1504(gp) # 200003b0 <_ZZ10RGB_updatevE4last>
    18c0:	82c1a783          	lw	a5,-2004(gp) # 200001bc <time_hw_tpms>
    18c4:	c719                	beqz	a4,18d2 <_Z10RGB_updatev+0x46>
    18c6:	40e60733          	sub	a4,a2,a4
    18ca:	e391                	bnez	a5,18ce <_Z10RGB_updatev+0x42>
    18cc:	4785                	li	a5,1
    18ce:	02f76f63          	bltu	a4,a5,190c <_Z10RGB_updatev+0x80>
    18d2:	885fe2ef          	jal	t0,156 <__riscv_save_0>
    18d6:	aec18513          	addi	a0,gp,-1300 # 2000047c <SYS_RGB>
    18da:	a2c1a023          	sw	a2,-1504(gp) # 200003b0 <_ZZ10RGB_updatevE4last>
    18de:	3de5                	jal	17d6 <_ZN12WS2812_class6updataEv>
    18e0:	20002537          	lui	a0,0x20002
    18e4:	23050513          	addi	a0,a0,560 # 20002230 <RGBOUT>
    18e8:	35fd                	jal	17d6 <_ZN12WS2812_class6updataEv>
    18ea:	20002537          	lui	a0,0x20002
    18ee:	26050513          	addi	a0,a0,608 # 20002260 <RGBOUT+0x30>
    18f2:	35d5                	jal	17d6 <_ZN12WS2812_class6updataEv>
    18f4:	20002537          	lui	a0,0x20002
    18f8:	29050513          	addi	a0,a0,656 # 20002290 <RGBOUT+0x60>
    18fc:	3de9                	jal	17d6 <_ZN12WS2812_class6updataEv>
    18fe:	20002537          	lui	a0,0x20002
    1902:	2c050513          	addi	a0,a0,704 # 200022c0 <RGBOUT+0x90>
    1906:	3dc1                	jal	17d6 <_ZN12WS2812_class6updataEv>
    1908:	873fe06f          	j	17a <__riscv_restore_0>
    190c:	8082                	ret

0000190e <FLASH_Lock>:
    190e:	40022737          	lui	a4,0x40022
    1912:	4b1c                	lw	a5,16(a4)
    1914:	0807e793          	ori	a5,a5,128
    1918:	cb1c                	sw	a5,16(a4)
    191a:	8082                	ret

0000191c <FLASH_GetBank1Status>:
    191c:	400227b7          	lui	a5,0x40022
    1920:	47c8                	lw	a0,12(a5)
    1922:	8905                	andi	a0,a0,1
    1924:	e511                	bnez	a0,1930 <FLASH_GetBank1Status+0x14>
    1926:	47c8                	lw	a0,12(a5)
    1928:	8941                	andi	a0,a0,16
    192a:	00153513          	seqz	a0,a0
    192e:	050d                	addi	a0,a0,3
    1930:	8082                	ret

00001932 <FLASH_WaitForLastOperation>:
    1932:	825fe2ef          	jal	t0,156 <__riscv_save_0>
    1936:	842a                	mv	s0,a0
    1938:	4485                	li	s1,1
    193a:	37cd                	jal	191c <FLASH_GetBank1Status>
    193c:	00951863          	bne	a0,s1,194c <FLASH_WaitForLastOperation+0x1a>
    1940:	e019                	bnez	s0,1946 <FLASH_WaitForLastOperation+0x14>
    1942:	4515                	li	a0,5
    1944:	a029                	j	194e <FLASH_WaitForLastOperation+0x1c>
    1946:	3fd9                	jal	191c <FLASH_GetBank1Status>
    1948:	147d                	addi	s0,s0,-1
    194a:	bfcd                	j	193c <FLASH_WaitForLastOperation+0xa>
    194c:	d87d                	beqz	s0,1942 <FLASH_WaitForLastOperation+0x10>
    194e:	82dfe06f          	j	17a <__riscv_restore_0>

00001952 <_ZL16flash_prog_wordsmPKmm>:
    1952:	00357793          	andi	a5,a0,3
    1956:	efe1                	bnez	a5,1a2e <_ZL16flash_prog_wordsmPKmm+0xdc>
    1958:	fcefe2ef          	jal	t0,126 <__riscv_save_12>
    195c:	0005a903          	lw	s2,0(a1)
    1960:	060a                	slli	a2,a2,0x2
    1962:	45670bb7          	lui	s7,0x45670
    1966:	cdef9c37          	lui	s8,0xcdef9
    196a:	1141                	addi	sp,sp,-16
    196c:	842a                	mv	s0,a0
    196e:	00458a93          	addi	s5,a1,4
    1972:	00c589b3          	add	s3,a1,a2
    1976:	08800b13          	li	s6,136
    197a:	400224b7          	lui	s1,0x40022
    197e:	123b8b93          	addi	s7,s7,291 # 45670123 <__freertos_irq_stack_top+0x2566b123>
    1982:	9abc0c13          	addi	s8,s8,-1621 # cdef89ab <__freertos_irq_stack_top+0xadef39ab>
    1986:	03100d93          	li	s11,49
    198a:	4c91                	li	s9,4
    198c:	401c                	lw	a5,0(s0)
    198e:	03279163          	bne	a5,s2,19b0 <_ZL16flash_prog_wordsmPKmm+0x5e>
    1992:	01599663          	bne	s3,s5,199e <_ZL16flash_prog_wordsmPKmm+0x4c>
    1996:	4505                	li	a0,1
    1998:	0141                	addi	sp,sp,16
    199a:	fc8fe06f          	j	162 <__riscv_restore_12>
    199e:	0411                	addi	s0,s0,4
    19a0:	00347793          	andi	a5,s0,3
    19a4:	000aa903          	lw	s2,0(s5)
    19a8:	0a91                	addi	s5,s5,4
    19aa:	d3ed                	beqz	a5,198c <_ZL16flash_prog_wordsmPKmm+0x3a>
    19ac:	4501                	li	a0,0
    19ae:	b7ed                	j	1998 <_ZL16flash_prog_wordsmPKmm+0x46>
    19b0:	80002a73          	csrr	s4,0x800
    19b4:	800b3073          	csrc	0x800,s6
    19b8:	0174a223          	sw	s7,4(s1) # 40022004 <__freertos_irq_stack_top+0x2001d004>
    19bc:	0184a223          	sw	s8,4(s1)
    19c0:	01b4a623          	sw	s11,12(s1)
    19c4:	6515                	lui	a0,0x5
    19c6:	088a7a13          	andi	s4,s4,136
    19ca:	c602                	sw	zero,12(sp)
    19cc:	379d                	jal	1932 <FLASH_WaitForLastOperation>
    19ce:	01950863          	beq	a0,s9,19de <_ZL16flash_prog_wordsmPKmm+0x8c>
    19d2:	3f35                	jal	190e <FLASH_Lock>
    19d4:	800b3073          	csrc	0x800,s6
    19d8:	800a2073          	csrs	0x800,s4
    19dc:	bfc1                	j	19ac <_ZL16flash_prog_wordsmPKmm+0x5a>
    19de:	489c                	lw	a5,16(s1)
    19e0:	6515                	lui	a0,0x5
    19e2:	0017e793          	ori	a5,a5,1
    19e6:	c89c                	sw	a5,16(s1)
    19e8:	01091793          	slli	a5,s2,0x10
    19ec:	83c1                	srli	a5,a5,0x10
    19ee:	a01e                	sh	a5,0(s0)
    19f0:	3789                	jal	1932 <FLASH_WaitForLastOperation>
    19f2:	03951a63          	bne	a0,s9,1a26 <_ZL16flash_prog_wordsmPKmm+0xd4>
    19f6:	00240793          	addi	a5,s0,2
    19fa:	c63e                	sw	a5,12(sp)
    19fc:	47b2                	lw	a5,12(sp)
    19fe:	01095713          	srli	a4,s2,0x10
    1a02:	6515                	lui	a0,0x5
    1a04:	a39a                	sh	a4,0(a5)
    1a06:	3735                	jal	1932 <FLASH_WaitForLastOperation>
    1a08:	489c                	lw	a5,16(s1)
    1a0a:	8d2a                	mv	s10,a0
    1a0c:	9bf9                	andi	a5,a5,-2
    1a0e:	c89c                	sw	a5,16(s1)
    1a10:	3dfd                	jal	190e <FLASH_Lock>
    1a12:	800b3073          	csrc	0x800,s6
    1a16:	800a2073          	csrs	0x800,s4
    1a1a:	f99d19e3          	bne	s10,s9,19ac <_ZL16flash_prog_wordsmPKmm+0x5a>
    1a1e:	401c                	lw	a5,0(s0)
    1a20:	f92796e3          	bne	a5,s2,19ac <_ZL16flash_prog_wordsmPKmm+0x5a>
    1a24:	b7bd                	j	1992 <_ZL16flash_prog_wordsmPKmm+0x40>
    1a26:	489c                	lw	a5,16(s1)
    1a28:	9bf9                	andi	a5,a5,-2
    1a2a:	c89c                	sw	a5,16(s1)
    1a2c:	b75d                	j	19d2 <_ZL16flash_prog_wordsmPKmm+0x80>
    1a2e:	4501                	li	a0,0
    1a30:	8082                	ret

00001a32 <FLASH_ErasePage_Fast>:
    1a32:	400227b7          	lui	a5,0x40022
    1a36:	4b98                	lw	a4,16(a5)
    1a38:	000206b7          	lui	a3,0x20
    1a3c:	8f55                	or	a4,a4,a3
    1a3e:	cb98                	sw	a4,16(a5)
    1a40:	cbc8                	sw	a0,20(a5)
    1a42:	4b98                	lw	a4,16(a5)
    1a44:	04076713          	ori	a4,a4,64
    1a48:	cb98                	sw	a4,16(a5)
    1a4a:	47d8                	lw	a4,12(a5)
    1a4c:	8b05                	andi	a4,a4,1
    1a4e:	ff75                	bnez	a4,1a4a <FLASH_ErasePage_Fast+0x18>
    1a50:	4b98                	lw	a4,16(a5)
    1a52:	7681                	lui	a3,0xfffe0
    1a54:	16fd                	addi	a3,a3,-1 # fffdffff <__freertos_irq_stack_top+0xdffdafff>
    1a56:	8f75                	and	a4,a4,a3
    1a58:	cb98                	sw	a4,16(a5)
    1a5a:	8082                	ret

00001a5c <_ZL14flash256_erasem.part.0>:
    1a5c:	ee0fe2ef          	jal	t0,13c <__riscv_save_4>
    1a60:	842a                	mv	s0,a0
    1a62:	80002973          	csrr	s2,0x800
    1a66:	08800993          	li	s3,136
    1a6a:	8009b073          	csrc	0x800,s3
    1a6e:	45670737          	lui	a4,0x45670
    1a72:	400224b7          	lui	s1,0x40022
    1a76:	12370713          	addi	a4,a4,291 # 45670123 <__freertos_irq_stack_top+0x2566b123>
    1a7a:	cdef97b7          	lui	a5,0xcdef9
    1a7e:	c0d8                	sw	a4,4(s1)
    1a80:	9ab78793          	addi	a5,a5,-1621 # cdef89ab <__freertos_irq_stack_top+0xadef39ab>
    1a84:	c0dc                	sw	a5,4(s1)
    1a86:	d0d8                	sw	a4,36(s1)
    1a88:	d0dc                	sw	a5,36(s1)
    1a8a:	03100793          	li	a5,49
    1a8e:	c4dc                	sw	a5,12(s1)
    1a90:	374d                	jal	1a32 <FLASH_ErasePage_Fast>
    1a92:	489c                	lw	a5,16(s1)
    1a94:	6721                	lui	a4,0x8
    1a96:	8fd9                	or	a5,a5,a4
    1a98:	c89c                	sw	a5,16(s1)
    1a9a:	3d95                	jal	190e <FLASH_Lock>
    1a9c:	8009b073          	csrc	0x800,s3
    1aa0:	08897913          	andi	s2,s2,136
    1aa4:	80092073          	csrs	0x800,s2
    1aa8:	e339e7b7          	lui	a5,0xe339e
    1aac:	10040713          	addi	a4,s0,256
    1ab0:	33978793          	addi	a5,a5,825 # e339e339 <__freertos_irq_stack_top+0xc3399339>
    1ab4:	4014                	lw	a3,0(s0)
    1ab6:	00f69863          	bne	a3,a5,1ac6 <_ZL14flash256_erasem.part.0+0x6a>
    1aba:	0411                	addi	s0,s0,4
    1abc:	fee41ce3          	bne	s0,a4,1ab4 <_ZL14flash256_erasem.part.0+0x58>
    1ac0:	4505                	li	a0,1
    1ac2:	eaefe06f          	j	170 <__riscv_restore_4>
    1ac6:	4501                	li	a0,0
    1ac8:	bfed                	j	1ac2 <_ZL14flash256_erasem.part.0+0x66>

00001aca <GPIO_Init>:
    1aca:	459c                	lw	a5,8(a1)
    1acc:	0107f713          	andi	a4,a5,16
    1ad0:	00f7f813          	andi	a6,a5,15
    1ad4:	c701                	beqz	a4,1adc <GPIO_Init+0x12>
    1ad6:	41d8                	lw	a4,4(a1)
    1ad8:	00e86833          	or	a6,a6,a4
    1adc:	40022737          	lui	a4,0x40022
    1ae0:	5b14                	lw	a3,48(a4)
    1ae2:	0f000737          	lui	a4,0xf000
    1ae6:	8f75                	and	a4,a4,a3
    1ae8:	eb45                	bnez	a4,1b98 <GPIO_Init+0xce>
    1aea:	4685                	li	a3,1
    1aec:	9cd18c23          	sb	a3,-1576(gp) # 20000368 <MCU_Version>
    1af0:	40011737          	lui	a4,0x40011
    1af4:	00e51563          	bne	a0,a4,1afe <GPIO_Init+0x34>
    1af8:	219a                	lhu	a4,0(a1)
    1afa:	8335                	srli	a4,a4,0xd
    1afc:	a19a                	sh	a4,0(a1)
    1afe:	218e                	lhu	a1,0(a1)
    1b00:	0ff5f713          	zext.b	a4,a1
    1b04:	c331                	beqz	a4,1b48 <GPIO_Init+0x7e>
    1b06:	4118                	lw	a4,0(a0)
    1b08:	4681                	li	a3,0
    1b0a:	4e05                	li	t3,1
    1b0c:	02800e93          	li	t4,40
    1b10:	4f3d                	li	t5,15
    1b12:	04800f93          	li	t6,72
    1b16:	4321                	li	t1,8
    1b18:	00de1633          	sll	a2,t3,a3
    1b1c:	00c5f8b3          	and	a7,a1,a2
    1b20:	03161063          	bne	a2,a7,1b40 <GPIO_Init+0x76>
    1b24:	09d79263          	bne	a5,t4,1ba8 <GPIO_Init+0xde>
    1b28:	c950                	sw	a2,20(a0)
    1b2a:	00269613          	slli	a2,a3,0x2
    1b2e:	00cf18b3          	sll	a7,t5,a2
    1b32:	fff8c893          	not	a7,a7
    1b36:	00e8f733          	and	a4,a7,a4
    1b3a:	00c81633          	sll	a2,a6,a2
    1b3e:	8f51                	or	a4,a4,a2
    1b40:	0685                	addi	a3,a3,1
    1b42:	fc669be3          	bne	a3,t1,1b18 <GPIO_Init+0x4e>
    1b46:	c118                	sw	a4,0(a0)
    1b48:	0ff00713          	li	a4,255
    1b4c:	04b77563          	bgeu	a4,a1,1b96 <GPIO_Init+0xcc>
    1b50:	4154                	lw	a3,4(a0)
    1b52:	4601                	li	a2,0
    1b54:	4e05                	li	t3,1
    1b56:	02800e93          	li	t4,40
    1b5a:	04800f13          	li	t5,72
    1b5e:	4321                	li	t1,8
    1b60:	00860713          	addi	a4,a2,8
    1b64:	00ee1733          	sll	a4,t3,a4
    1b68:	00e5f8b3          	and	a7,a1,a4
    1b6c:	03171163          	bne	a4,a7,1b8e <GPIO_Init+0xc4>
    1b70:	05d79063          	bne	a5,t4,1bb0 <GPIO_Init+0xe6>
    1b74:	c958                	sw	a4,20(a0)
    1b76:	00261893          	slli	a7,a2,0x2
    1b7a:	473d                	li	a4,15
    1b7c:	01171733          	sll	a4,a4,a7
    1b80:	fff74713          	not	a4,a4
    1b84:	8ef9                	and	a3,a3,a4
    1b86:	011818b3          	sll	a7,a6,a7
    1b8a:	00d8e6b3          	or	a3,a7,a3
    1b8e:	0605                	addi	a2,a2,1
    1b90:	fc6618e3          	bne	a2,t1,1b60 <GPIO_Init+0x96>
    1b94:	c154                	sw	a3,4(a0)
    1b96:	8082                	ret
    1b98:	40011737          	lui	a4,0x40011
    1b9c:	f6e511e3          	bne	a0,a4,1afe <GPIO_Init+0x34>
    1ba0:	9d81c703          	lbu	a4,-1576(gp) # 20000368 <MCU_Version>
    1ba4:	df29                	beqz	a4,1afe <GPIO_Init+0x34>
    1ba6:	bf89                	j	1af8 <GPIO_Init+0x2e>
    1ba8:	f9f791e3          	bne	a5,t6,1b2a <GPIO_Init+0x60>
    1bac:	c910                	sw	a2,16(a0)
    1bae:	bfb5                	j	1b2a <GPIO_Init+0x60>
    1bb0:	fde793e3          	bne	a5,t5,1b76 <GPIO_Init+0xac>
    1bb4:	c918                	sw	a4,16(a0)
    1bb6:	b7c1                	j	1b76 <GPIO_Init+0xac>

00001bb8 <_ZN20AS5600_soft_IIC_many8stop_iicEv.constprop.0>:
    1bb8:	200027b7          	lui	a5,0x20002
    1bbc:	cc878693          	addi	a3,a5,-824 # 20001cc8 <MC_AS5600>
    1bc0:	4a8c                	lw	a1,16(a3)
    1bc2:	07c6a883          	lw	a7,124(a3)
    1bc6:	08068713          	addi	a4,a3,128
    1bca:	4308                	lw	a0,0(a4)
    1bcc:	00872803          	lw	a6,8(a4) # 40011008 <__freertos_irq_stack_top+0x2000c008>
    1bd0:	00472303          	lw	t1,4(a4)
    1bd4:	cc878793          	addi	a5,a5,-824
    1bd8:	4701                	li	a4,0
    1bda:	04b74663          	blt	a4,a1,1c26 <_ZN20AS5600_soft_IIC_many8stop_iicEv.constprop.0+0x6e>
    1bde:	20000637          	lui	a2,0x20000
    1be2:	19462683          	lw	a3,404(a2) # 20000194 <_ZL17g_iic_delay_ticks>
    1be6:	e6ad                	bnez	a3,1c50 <_ZN20AS5600_soft_IIC_many8stop_iicEv.constprop.0+0x98>
    1be8:	4b8c                	lw	a1,16(a5)
    1bea:	0807a503          	lw	a0,128(a5)
    1bee:	0887a803          	lw	a6,136(a5)
    1bf2:	4701                	li	a4,0
    1bf4:	06b74963          	blt	a4,a1,1c66 <_ZN20AS5600_soft_IIC_many8stop_iicEv.constprop.0+0xae>
    1bf8:	19462683          	lw	a3,404(a2)
    1bfc:	e2d1                	bnez	a3,1c80 <_ZN20AS5600_soft_IIC_many8stop_iicEv.constprop.0+0xc8>
    1bfe:	4b94                	lw	a3,16(a5)
    1c00:	5fec                	lw	a1,124(a5)
    1c02:	0847a503          	lw	a0,132(a5)
    1c06:	4781                	li	a5,0
    1c08:	08d7c763          	blt	a5,a3,1c96 <_ZN20AS5600_soft_IIC_many8stop_iicEv.constprop.0+0xde>
    1c0c:	19462703          	lw	a4,404(a2)
    1c10:	cb11                	beqz	a4,1c24 <_ZN20AS5600_soft_IIC_many8stop_iicEv.constprop.0+0x6c>
    1c12:	e000f7b7          	lui	a5,0xe000f
    1c16:	4794                	lw	a3,8(a5)
    1c18:	e000f637          	lui	a2,0xe000f
    1c1c:	461c                	lw	a5,8(a2)
    1c1e:	8f95                	sub	a5,a5,a3
    1c20:	08e7e863          	bltu	a5,a4,1cb0 <_ZN20AS5600_soft_IIC_many8stop_iicEv.constprop.0+0xf8>
    1c24:	8082                	ret
    1c26:	00271613          	slli	a2,a4,0x2
    1c2a:	00c506b3          	add	a3,a0,a2
    1c2e:	0006ae03          	lw	t3,0(a3)
    1c32:	00171693          	slli	a3,a4,0x1
    1c36:	00d80eb3          	add	t4,a6,a3
    1c3a:	000ede83          	lhu	t4,0(t4)
    1c3e:	9646                	add	a2,a2,a7
    1c40:	969a                	add	a3,a3,t1
    1c42:	4210                	lw	a2,0(a2)
    1c44:	2296                	lhu	a3,0(a3)
    1c46:	01de2a23          	sw	t4,20(t3)
    1c4a:	0705                	addi	a4,a4,1
    1c4c:	ca54                	sw	a3,20(a2)
    1c4e:	b771                	j	1bda <_ZN20AS5600_soft_IIC_many8stop_iicEv.constprop.0+0x22>
    1c50:	e000f737          	lui	a4,0xe000f
    1c54:	470c                	lw	a1,8(a4)
    1c56:	e000f537          	lui	a0,0xe000f
    1c5a:	4518                	lw	a4,8(a0)
    1c5c:	8f0d                	sub	a4,a4,a1
    1c5e:	f8d775e3          	bgeu	a4,a3,1be8 <_ZN20AS5600_soft_IIC_many8stop_iicEv.constprop.0+0x30>
    1c62:	0001                	nop
    1c64:	bfdd                	j	1c5a <_ZN20AS5600_soft_IIC_many8stop_iicEv.constprop.0+0xa2>
    1c66:	00271693          	slli	a3,a4,0x2
    1c6a:	96aa                	add	a3,a3,a0
    1c6c:	0006a883          	lw	a7,0(a3)
    1c70:	00171693          	slli	a3,a4,0x1
    1c74:	96c2                	add	a3,a3,a6
    1c76:	2296                	lhu	a3,0(a3)
    1c78:	0705                	addi	a4,a4,1 # e000f001 <__freertos_irq_stack_top+0xc000a001>
    1c7a:	00d8a823          	sw	a3,16(a7)
    1c7e:	bf9d                	j	1bf4 <_ZN20AS5600_soft_IIC_many8stop_iicEv.constprop.0+0x3c>
    1c80:	e000f737          	lui	a4,0xe000f
    1c84:	470c                	lw	a1,8(a4)
    1c86:	e000f537          	lui	a0,0xe000f
    1c8a:	4518                	lw	a4,8(a0)
    1c8c:	8f0d                	sub	a4,a4,a1
    1c8e:	f6d778e3          	bgeu	a4,a3,1bfe <_ZN20AS5600_soft_IIC_many8stop_iicEv.constprop.0+0x46>
    1c92:	0001                	nop
    1c94:	bfdd                	j	1c8a <_ZN20AS5600_soft_IIC_many8stop_iicEv.constprop.0+0xd2>
    1c96:	00279713          	slli	a4,a5,0x2
    1c9a:	972e                	add	a4,a4,a1
    1c9c:	00072803          	lw	a6,0(a4) # e000f000 <__freertos_irq_stack_top+0xc000a000>
    1ca0:	00179713          	slli	a4,a5,0x1
    1ca4:	972a                	add	a4,a4,a0
    1ca6:	231a                	lhu	a4,0(a4)
    1ca8:	0785                	addi	a5,a5,1 # e000f001 <__freertos_irq_stack_top+0xc000a001>
    1caa:	00e82823          	sw	a4,16(a6)
    1cae:	bfa9                	j	1c08 <_ZN20AS5600_soft_IIC_many8stop_iicEv.constprop.0+0x50>
    1cb0:	0001                	nop
    1cb2:	b7ad                	j	1c1c <_ZN20AS5600_soft_IIC_many8stop_iicEv.constprop.0+0x64>

00001cb4 <_ZN20AS5600_soft_IIC_many5set_hEPKP12GPIO_TypeDefPKt.constprop.0>:
    1cb4:	200027b7          	lui	a5,0x20002
    1cb8:	cc878793          	addi	a5,a5,-824 # 20001cc8 <MC_AS5600>
    1cbc:	4b94                	lw	a3,16(a5)
    1cbe:	5fb0                	lw	a2,120(a5)
    1cc0:	4781                	li	a5,0
    1cc2:	00d7c363          	blt	a5,a3,1cc8 <_ZN20AS5600_soft_IIC_many5set_hEPKP12GPIO_TypeDefPKt.constprop.0+0x14>
    1cc6:	8082                	ret
    1cc8:	00279713          	slli	a4,a5,0x2
    1ccc:	00e60833          	add	a6,a2,a4
    1cd0:	00082803          	lw	a6,0(a6)
    1cd4:	00081b63          	bnez	a6,1cea <_ZN20AS5600_soft_IIC_many5set_hEPKP12GPIO_TypeDefPKt.constprop.0+0x36>
    1cd8:	972a                	add	a4,a4,a0
    1cda:	00072803          	lw	a6,0(a4)
    1cde:	00179713          	slli	a4,a5,0x1
    1ce2:	972e                	add	a4,a4,a1
    1ce4:	231a                	lhu	a4,0(a4)
    1ce6:	00e82823          	sw	a4,16(a6)
    1cea:	0785                	addi	a5,a5,1
    1cec:	bfd9                	j	1cc2 <_ZN20AS5600_soft_IIC_many5set_hEPKP12GPIO_TypeDefPKt.constprop.0+0xe>

00001cee <_ZN20AS5600_soft_IIC_many5set_lEPKP12GPIO_TypeDefPKt.constprop.0>:
    1cee:	200027b7          	lui	a5,0x20002
    1cf2:	cc878793          	addi	a5,a5,-824 # 20001cc8 <MC_AS5600>
    1cf6:	4b94                	lw	a3,16(a5)
    1cf8:	5fb0                	lw	a2,120(a5)
    1cfa:	4781                	li	a5,0
    1cfc:	00d7c363          	blt	a5,a3,1d02 <_ZN20AS5600_soft_IIC_many5set_lEPKP12GPIO_TypeDefPKt.constprop.0+0x14>
    1d00:	8082                	ret
    1d02:	00279713          	slli	a4,a5,0x2
    1d06:	00e60833          	add	a6,a2,a4
    1d0a:	00082803          	lw	a6,0(a6)
    1d0e:	00081b63          	bnez	a6,1d24 <_ZN20AS5600_soft_IIC_many5set_lEPKP12GPIO_TypeDefPKt.constprop.0+0x36>
    1d12:	972a                	add	a4,a4,a0
    1d14:	00072803          	lw	a6,0(a4)
    1d18:	00179713          	slli	a4,a5,0x1
    1d1c:	972e                	add	a4,a4,a1
    1d1e:	231a                	lhu	a4,0(a4)
    1d20:	00e82a23          	sw	a4,20(a6)
    1d24:	0785                	addi	a5,a5,1
    1d26:	bfd9                	j	1cfc <_ZN20AS5600_soft_IIC_many5set_lEPKP12GPIO_TypeDefPKt.constprop.0+0xe>

00001d28 <_ZN20AS5600_soft_IIC_many11clear_datasEv.constprop.0>:
    1d28:	20002737          	lui	a4,0x20002
    1d2c:	cc870793          	addi	a5,a4,-824 # 20001cc8 <MC_AS5600>
    1d30:	5fb0                	lw	a2,120(a5)
    1d32:	47cc                	lw	a1,12(a5)
    1d34:	cc870713          	addi	a4,a4,-824
    1d38:	4781                	li	a5,0
    1d3a:	4b14                	lw	a3,16(a4)
    1d3c:	00d7c363          	blt	a5,a3,1d42 <_ZN20AS5600_soft_IIC_many11clear_datasEv.constprop.0+0x1a>
    1d40:	8082                	ret
    1d42:	00279693          	slli	a3,a5,0x2
    1d46:	96b2                	add	a3,a3,a2
    1d48:	0006a023          	sw	zero,0(a3)
    1d4c:	00179693          	slli	a3,a5,0x1
    1d50:	96ae                	add	a3,a3,a1
    1d52:	00069023          	sh	zero,0(a3)
    1d56:	0785                	addi	a5,a5,1
    1d58:	b7cd                	j	1d3a <_ZN20AS5600_soft_IIC_many11clear_datasEv.constprop.0+0x12>

00001d5a <_ZL20retract_mag_from_errff.part.0.constprop.0>:
    1d5a:	bfcfe2ef          	jal	t0,156 <__riscv_save_0>
    1d5e:	8cc1a583          	lw	a1,-1844(gp) # 2000025c <_ZL7g_scale+0x9c>
    1d62:	842a                	mv	s0,a0
    1d64:	2cf080ef          	jal	ra,a832 <__lesf2>
    1d68:	8cc1a583          	lw	a1,-1844(gp) # 2000025c <_ZL7g_scale+0x9c>
    1d6c:	06055363          	bgez	a0,1dd2 <_ZL20retract_mag_from_errff.part.0.constprop.0+0x78>
    1d70:	8781a583          	lw	a1,-1928(gp) # 20000208 <_ZL7g_scale+0x48>
    1d74:	8522                	mv	a0,s0
    1d76:	631080ef          	jal	ra,aba6 <__subsf3>
    1d7a:	8d01a583          	lw	a1,-1840(gp) # 20000260 <_ZL7g_scale+0xa0>
    1d7e:	34d080ef          	jal	ra,a8ca <__mulsf3>
    1d82:	00000593          	li	a1,0
    1d86:	842a                	mv	s0,a0
    1d88:	2ab080ef          	jal	ra,a832 <__lesf2>
    1d8c:	00054c63          	bltz	a0,1da4 <_ZL20retract_mag_from_errff.part.0.constprop.0+0x4a>
    1d90:	8741a483          	lw	s1,-1932(gp) # 20000204 <_ZL7g_scale+0x44>
    1d94:	8522                	mv	a0,s0
    1d96:	85a6                	mv	a1,s1
    1d98:	205080ef          	jal	ra,a79c <__gesf2>
    1d9c:	00a05663          	blez	a0,1da8 <_ZL20retract_mag_from_errff.part.0.constprop.0+0x4e>
    1da0:	8426                	mv	s0,s1
    1da2:	a019                	j	1da8 <_ZL20retract_mag_from_errff.part.0.constprop.0+0x4e>
    1da4:	00000413          	li	s0,0
    1da8:	8581a583          	lw	a1,-1960(gp) # 200001e8 <_ZL7g_scale+0x28>
    1dac:	8522                	mv	a0,s0
    1dae:	31d080ef          	jal	ra,a8ca <__mulsf3>
    1db2:	8d41a583          	lw	a1,-1836(gp) # 20000264 <_ZL7g_scale+0xa4>
    1db6:	336080ef          	jal	ra,a0ec <__addsf3>
    1dba:	8c81a483          	lw	s1,-1848(gp) # 20000258 <_ZL7g_scale+0x98>
    1dbe:	842a                	mv	s0,a0
    1dc0:	85a6                	mv	a1,s1
    1dc2:	1db080ef          	jal	ra,a79c <__gesf2>
    1dc6:	00a05363          	blez	a0,1dcc <_ZL20retract_mag_from_errff.part.0.constprop.0+0x72>
    1dca:	8426                	mv	s0,s1
    1dcc:	8522                	mv	a0,s0
    1dce:	bacfe06f          	j	17a <__riscv_restore_0>
    1dd2:	8522                	mv	a0,s0
    1dd4:	5d3080ef          	jal	ra,aba6 <__subsf3>
    1dd8:	8d81a583          	lw	a1,-1832(gp) # 20000268 <_ZL7g_scale+0xa8>
    1ddc:	678080ef          	jal	ra,a454 <__divsf3>
    1de0:	00000593          	li	a1,0
    1de4:	842a                	mv	s0,a0
    1de6:	24d080ef          	jal	ra,a832 <__lesf2>
    1dea:	00054c63          	bltz	a0,1e02 <_ZL20retract_mag_from_errff.part.0.constprop.0+0xa8>
    1dee:	8741a483          	lw	s1,-1932(gp) # 20000204 <_ZL7g_scale+0x44>
    1df2:	8522                	mv	a0,s0
    1df4:	85a6                	mv	a1,s1
    1df6:	1a7080ef          	jal	ra,a79c <__gesf2>
    1dfa:	00a05663          	blez	a0,1e06 <_ZL20retract_mag_from_errff.part.0.constprop.0+0xac>
    1dfe:	8426                	mv	s0,s1
    1e00:	a019                	j	1e06 <_ZL20retract_mag_from_errff.part.0.constprop.0+0xac>
    1e02:	00000413          	li	s0,0
    1e06:	8dc1a583          	lw	a1,-1828(gp) # 2000026c <_ZL7g_scale+0xac>
    1e0a:	8522                	mv	a0,s0
    1e0c:	2bf080ef          	jal	ra,a8ca <__mulsf3>
    1e10:	8e01a583          	lw	a1,-1824(gp) # 20000270 <_ZL7g_scale+0xb0>
    1e14:	b74d                	j	1db6 <_ZL20retract_mag_from_errff.part.0.constprop.0+0x5c>

00001e16 <_ZN14_MOTOR_CONTROL9hold_loadEffR9MOTOR_PIDRfRhS2_RbS2_S4_.constprop.0.isra.0>:
    1e16:	b18fe2ef          	jal	t0,12e <__riscv_save_10>
    1e1a:	8e41ad03          	lw	s10,-1820(gp) # 20000274 <_ZL7g_scale+0xb4>
    1e1e:	842a                	mv	s0,a0
    1e20:	8bae                	mv	s7,a1
    1e22:	8536                	mv	a0,a3
    1e24:	85ea                	mv	a1,s10
    1e26:	5c42                	lw	s8,48(sp)
    1e28:	84b2                	mv	s1,a2
    1e2a:	8936                	mv	s2,a3
    1e2c:	8b3a                	mv	s6,a4
    1e2e:	89be                	mv	s3,a5
    1e30:	8ac2                	mv	s5,a6
    1e32:	8a46                	mv	s4,a7
    1e34:	1ff080ef          	jal	ra,a832 <__lesf2>
    1e38:	00055363          	bgez	a0,1e3e <_ZN14_MOTOR_CONTROL9hold_loadEffR9MOTOR_PIDRfRhS2_RbS2_S4_.constprop.0.isra.0+0x28>
    1e3c:	896a                	mv	s2,s10
    1e3e:	85a2                	mv	a1,s0
    1e40:	854a                	mv	a0,s2
    1e42:	1f1080ef          	jal	ra,a832 <__lesf2>
    1e46:	0a055c63          	bgez	a0,1efe <_ZN14_MOTOR_CONTROL9hold_loadEffR9MOTOR_PIDRfRhS2_RbS2_S4_.constprop.0.isra.0+0xe8>
    1e4a:	000b4783          	lbu	a5,0(s6)
    1e4e:	c7ad                	beqz	a5,1eb8 <_ZN14_MOTOR_CONTROL9hold_loadEffR9MOTOR_PIDRfRhS2_RbS2_S4_.constprop.0.isra.0+0xa2>
    1e50:	00000593          	li	a1,0
    1e54:	854a                	mv	a0,s2
    1e56:	296080ef          	jal	ra,a0ec <__addsf3>
    1e5a:	85aa                	mv	a1,a0
    1e5c:	8522                	mv	a0,s0
    1e5e:	1d5080ef          	jal	ra,a832 <__lesf2>
    1e62:	06a05a63          	blez	a0,1ed6 <_ZN14_MOTOR_CONTROL9hold_loadEffR9MOTOR_PIDRfRhS2_RbS2_S4_.constprop.0.isra.0+0xc0>
    1e66:	85ca                	mv	a1,s2
    1e68:	8522                	mv	a0,s0
    1e6a:	53d080ef          	jal	ra,aba6 <__subsf3>
    1e6e:	4785                	li	a5,1
    1e70:	00fa8023          	sb	a5,0(s5)
    1e74:	8781a583          	lw	a1,-1928(gp) # 20000208 <_ZL7g_scale+0x48>
    1e78:	00aa2023          	sw	a0,0(s4)
    1e7c:	000c0023          	sb	zero,0(s8)
    1e80:	842a                	mv	s0,a0
    1e82:	1b1080ef          	jal	ra,a832 <__lesf2>
    1e86:	00000593          	li	a1,0
    1e8a:	00a05563          	blez	a0,1e94 <_ZN14_MOTOR_CONTROL9hold_loadEffR9MOTOR_PIDRfRhS2_RbS2_S4_.constprop.0.isra.0+0x7e>
    1e8e:	8522                	mv	a0,s0
    1e90:	35e9                	jal	1d5a <_ZL20retract_mag_from_errff.part.0.constprop.0>
    1e92:	85aa                	mv	a1,a0
    1e94:	855e                	mv	a0,s7
    1e96:	235080ef          	jal	ra,a8ca <__mulsf3>
    1e9a:	85aa                	mv	a1,a0
    1e9c:	842a                	mv	s0,a0
    1e9e:	855e                	mv	a0,s7
    1ea0:	22b080ef          	jal	ra,a8ca <__mulsf3>
    1ea4:	00000593          	li	a1,0
    1ea8:	18b080ef          	jal	ra,a832 <__lesf2>
    1eac:	04054463          	bltz	a0,1ef4 <_ZN14_MOTOR_CONTROL9hold_loadEffR9MOTOR_PIDRfRhS2_RbS2_S4_.constprop.0.isra.0+0xde>
    1eb0:	0089a023          	sw	s0,0(s3)
    1eb4:	ab2fe06f          	j	166 <__riscv_restore_10>
    1eb8:	8e81a583          	lw	a1,-1816(gp) # 20000278 <_ZL7g_scale+0xb8>
    1ebc:	854a                	mv	a0,s2
    1ebe:	22e080ef          	jal	ra,a0ec <__addsf3>
    1ec2:	85aa                	mv	a1,a0
    1ec4:	8522                	mv	a0,s0
    1ec6:	0d7080ef          	jal	ra,a79c <__gesf2>
    1eca:	00054663          	bltz	a0,1ed6 <_ZN14_MOTOR_CONTROL9hold_loadEffR9MOTOR_PIDRfRhS2_RbS2_S4_.constprop.0.isra.0+0xc0>
    1ece:	4785                	li	a5,1
    1ed0:	00fb0023          	sb	a5,0(s6)
    1ed4:	bf49                	j	1e66 <_ZN14_MOTOR_CONTROL9hold_loadEffR9MOTOR_PIDRfRhS2_RbS2_S4_.constprop.0.isra.0+0x50>
    1ed6:	000b0023          	sb	zero,0(s6)
    1eda:	00000793          	li	a5,0
    1ede:	00f9a023          	sw	a5,0(s3)
    1ee2:	c4dc                	sw	a5,12(s1)
    1ee4:	c89c                	sw	a5,16(s1)
    1ee6:	000a8023          	sb	zero,0(s5)
    1eea:	00fa2023          	sw	a5,0(s4)
    1eee:	000c0023          	sb	zero,0(s8)
    1ef2:	b7c9                	j	1eb4 <_ZN14_MOTOR_CONTROL9hold_loadEffR9MOTOR_PIDRfRhS2_RbS2_S4_.constprop.0.isra.0+0x9e>
    1ef4:	00000793          	li	a5,0
    1ef8:	00f9a023          	sw	a5,0(s3)
    1efc:	bf65                	j	1eb4 <_ZN14_MOTOR_CONTROL9hold_loadEffR9MOTOR_PIDRfRhS2_RbS2_S4_.constprop.0.isra.0+0x9e>
    1efe:	8ec1a903          	lw	s2,-1812(gp) # 2000027c <_ZL7g_scale+0xbc>
    1f02:	000b0023          	sb	zero,0(s6)
    1f06:	8522                	mv	a0,s0
    1f08:	85ca                	mv	a1,s2
    1f0a:	093080ef          	jal	ra,a79c <__gesf2>
    1f0e:	fc0556e3          	bgez	a0,1eda <_ZN14_MOTOR_CONTROL9hold_loadEffR9MOTOR_PIDRfRhS2_RbS2_S4_.constprop.0.isra.0+0xc4>
    1f12:	8f01a583          	lw	a1,-1808(gp) # 20000280 <_ZL7g_scale+0xc0>
    1f16:	8522                	mv	a0,s0
    1f18:	11b080ef          	jal	ra,a832 <__lesf2>
    1f1c:	04a05863          	blez	a0,1f6c <_ZN14_MOTOR_CONTROL9hold_loadEffR9MOTOR_PIDRfRhS2_RbS2_S4_.constprop.0.isra.0+0x156>
    1f20:	85a2                	mv	a1,s0
    1f22:	854a                	mv	a0,s2
    1f24:	483080ef          	jal	ra,aba6 <__subsf3>
    1f28:	8f41a583          	lw	a1,-1804(gp) # 20000284 <_ZL7g_scale+0xc4>
    1f2c:	19f080ef          	jal	ra,a8ca <__mulsf3>
    1f30:	8f81a583          	lw	a1,-1800(gp) # 20000288 <_ZL7g_scale+0xc8>
    1f34:	1b8080ef          	jal	ra,a0ec <__addsf3>
    1f38:	85aa                	mv	a1,a0
    1f3a:	80000537          	lui	a0,0x80000
    1f3e:	01754533          	xor	a0,a0,s7
    1f42:	189080ef          	jal	ra,a8ca <__mulsf3>
    1f46:	00a9a023          	sw	a0,0(s3)
    1f4a:	00000793          	li	a5,0
    1f4e:	8e41a503          	lw	a0,-1820(gp) # 20000274 <_ZL7g_scale+0xb4>
    1f52:	c4dc                	sw	a5,12(s1)
    1f54:	c89c                	sw	a5,16(s1)
    1f56:	4485                	li	s1,1
    1f58:	009a8023          	sb	s1,0(s5)
    1f5c:	85a2                	mv	a1,s0
    1f5e:	449080ef          	jal	ra,aba6 <__subsf3>
    1f62:	00aa2023          	sw	a0,0(s4)
    1f66:	009c0023          	sb	s1,0(s8)
    1f6a:	b7a9                	j	1eb4 <_ZN14_MOTOR_CONTROL9hold_loadEffR9MOTOR_PIDRfRhS2_RbS2_S4_.constprop.0.isra.0+0x9e>
    1f6c:	8a81a583          	lw	a1,-1880(gp) # 20000238 <_ZL7g_scale+0x78>
    1f70:	b7e9                	j	1f3a <_ZN14_MOTOR_CONTROL9hold_loadEffR9MOTOR_PIDRfRhS2_RbS2_S4_.constprop.0.isra.0+0x124>

00001f72 <_Z19ADC_DMA_gpio_analogv>:
    1f72:	9e4fe2ef          	jal	t0,156 <__riscv_save_0>
    1f76:	40021737          	lui	a4,0x40021
    1f7a:	4f1c                	lw	a5,24(a4)
    1f7c:	1141                	addi	sp,sp,-16
    1f7e:	40011537          	lui	a0,0x40011
    1f82:	0047e793          	ori	a5,a5,4
    1f86:	cf1c                	sw	a5,24(a4)
    1f88:	478d                	li	a5,3
    1f8a:	c43e                	sw	a5,8(sp)
    1f8c:	004c                	addi	a1,sp,4
    1f8e:	0ff00793          	li	a5,255
    1f92:	80050513          	addi	a0,a0,-2048 # 40010800 <__freertos_irq_stack_top+0x2000b800>
    1f96:	827c                	sh	a5,4(sp)
    1f98:	00011323          	sh	zero,6(sp)
    1f9c:	00011623          	sh	zero,12(sp)
    1fa0:	00011723          	sh	zero,14(sp)
    1fa4:	b27ff0ef          	jal	ra,1aca <GPIO_Init>
    1fa8:	0141                	addi	sp,sp,16
    1faa:	9d0fe06f          	j	17a <__riscv_restore_0>

00001fae <_Z32MC_PULL_detect_channels_insertedv>:
    1fae:	aa41c783          	lbu	a5,-1372(gp) # 20000434 <_ZL16g_adc_dma_inited>
    1fb2:	e781                	bnez	a5,1fba <_Z32MC_PULL_detect_channels_insertedv+0xc>
    1fb4:	a801a823          	sw	zero,-1392(gp) # 20000420 <filament_channel_inserted>
    1fb8:	8082                	ret
    1fba:	974fe2ef          	jal	t0,12e <__riscv_save_10>
    1fbe:	1101                	addi	sp,sp,-32
    1fc0:	3f4d                	jal	1f72 <_Z19ADC_DMA_gpio_analogv>
    1fc2:	400207b7          	lui	a5,0x40020
    1fc6:	473d                	li	a4,15
    1fc8:	c3d8                	sw	a4,4(a5)
    1fca:	0ff0000f          	fence
    1fce:	9b8fe0ef          	jal	ra,186 <_ZL12filter_resetv>
    1fd2:	a38ff0ef          	jal	ra,120a <_Z17ADC_DMA_wait_fullv>
    1fd6:	000207b7          	lui	a5,0x20
    1fda:	40678793          	addi	a5,a5,1030 # 20406 <ch32v20x_wwdg.c.13394d49+0x269d>
    1fde:	c63e                	sw	a5,12(sp)
    1fe0:	00000793          	li	a5,0
    1fe4:	c83e                	sw	a5,16(sp)
    1fe6:	ca3e                	sw	a5,20(sp)
    1fe8:	cc3e                	sw	a5,24(sp)
    1fea:	ce3e                	sw	a5,28(sp)
    1fec:	4441                	li	s0,16
    1fee:	4a91                	li	s5,4
    1ff0:	b9afe0ef          	jal	ra,38a <_Z17ADC_DMA_get_valuev>
    1ff4:	0804                	addi	s1,sp,16
    1ff6:	8a2a                	mv	s4,a0
    1ff8:	89a6                	mv	s3,s1
    1ffa:	4901                	li	s2,0
    1ffc:	007c                	addi	a5,sp,12
    1ffe:	97ca                	add	a5,a5,s2
    2000:	239c                	lbu	a5,0(a5)
    2002:	0009a503          	lw	a0,0(s3)
    2006:	0905                	addi	s2,s2,1
    2008:	078a                	slli	a5,a5,0x2
    200a:	97d2                	add	a5,a5,s4
    200c:	438c                	lw	a1,0(a5)
    200e:	0991                	addi	s3,s3,4
    2010:	0dc080ef          	jal	ra,a0ec <__addsf3>
    2014:	fea9ae23          	sw	a0,-4(s3)
    2018:	ff5912e3          	bne	s2,s5,1ffc <_Z32MC_PULL_detect_channels_insertedv+0x4e>
    201c:	4509                	li	a0,2
    201e:	147d                	addi	s0,s0,-1
    2020:	9b8ff0ef          	jal	ra,11d8 <delay.part.0>
    2024:	f471                	bnez	s0,1ff0 <_Z32MC_PULL_detect_channels_insertedv+0x42>
    2026:	8fc1ab03          	lw	s6,-1796(gp) # 2000028c <_ZL7g_scale+0xcc>
    202a:	9001aa83          	lw	s5,-1792(gp) # 20000290 <_ZL7g_scale+0xd0>
    202e:	9041ab83          	lw	s7,-1788(gp) # 20000294 <_ZL7g_scale+0xd4>
    2032:	a9018913          	addi	s2,gp,-1392 # 20000420 <filament_channel_inserted>
    2036:	4a11                	li	s4,4
    2038:	4088                	lw	a0,0(s1)
    203a:	85da                	mv	a1,s6
    203c:	08f080ef          	jal	ra,a8ca <__mulsf3>
    2040:	85d6                	mv	a1,s5
    2042:	89aa                	mv	s3,a0
    2044:	758080ef          	jal	ra,a79c <__gesf2>
    2048:	02a05163          	blez	a0,206a <_Z32MC_PULL_detect_channels_insertedv+0xbc>
    204c:	85de                	mv	a1,s7
    204e:	854e                	mv	a0,s3
    2050:	7e2080ef          	jal	ra,a832 <__lesf2>
    2054:	817d                	srli	a0,a0,0x1f
    2056:	012407b3          	add	a5,s0,s2
    205a:	a388                	sb	a0,0(a5)
    205c:	0405                	addi	s0,s0,1
    205e:	0491                	addi	s1,s1,4 # 40022004 <__freertos_irq_stack_top+0x2001d004>
    2060:	fd441ce3          	bne	s0,s4,2038 <_Z32MC_PULL_detect_channels_insertedv+0x8a>
    2064:	6105                	addi	sp,sp,32
    2066:	900fe06f          	j	166 <__riscv_restore_10>
    206a:	4501                	li	a0,0
    206c:	b7ed                	j	2056 <_Z32MC_PULL_detect_channels_insertedv+0xa8>

0000206e <_ZL13adc_calibrateP11ADC_TypeDef>:
    206e:	451c                	lw	a5,8(a0)
    2070:	fc000737          	lui	a4,0xfc000
    2074:	177d                	addi	a4,a4,-1 # fbffffff <__freertos_irq_stack_top+0xdbffafff>
    2076:	0017e793          	ori	a5,a5,1
    207a:	c51c                	sw	a5,8(a0)
    207c:	415c                	lw	a5,4(a0)
    207e:	8ff9                	and	a5,a5,a4
    2080:	c15c                	sw	a5,4(a0)
    2082:	451c                	lw	a5,8(a0)
    2084:	0087e793          	ori	a5,a5,8
    2088:	c51c                	sw	a5,8(a0)
    208a:	451c                	lw	a5,8(a0)
    208c:	8ba1                	andi	a5,a5,8
    208e:	fff5                	bnez	a5,208a <_ZL13adc_calibrateP11ADC_TypeDef+0x1c>
    2090:	451c                	lw	a5,8(a0)
    2092:	0047e793          	ori	a5,a5,4
    2096:	c51c                	sw	a5,8(a0)
    2098:	451c                	lw	a5,8(a0)
    209a:	8b91                	andi	a5,a5,4
    209c:	fff5                	bnez	a5,2098 <_ZL13adc_calibrateP11ADC_TypeDef+0x2a>
    209e:	8082                	ret

000020a0 <_Z12ADC_DMA_initv.part.0>:
    20a0:	89cfe2ef          	jal	t0,13c <__riscv_save_4>
    20a4:	400217b7          	lui	a5,0x40021
    20a8:	4f98                	lw	a4,24(a5)
    20aa:	76d1                	lui	a3,0xffff4
    20ac:	16fd                	addi	a3,a3,-1 # ffff3fff <__freertos_irq_stack_top+0xdffeefff>
    20ae:	00476713          	ori	a4,a4,4
    20b2:	cf98                	sw	a4,24(a5)
    20b4:	4bd8                	lw	a4,20(a5)
    20b6:	20002937          	lui	s2,0x20002
    20ba:	4401                	li	s0,0
    20bc:	00176713          	ori	a4,a4,1
    20c0:	cbd8                	sw	a4,20(a5)
    20c2:	4f98                	lw	a4,24(a5)
    20c4:	37090913          	addi	s2,s2,880 # 20002370 <_ZL9g_dma_buf>
    20c8:	20076713          	ori	a4,a4,512
    20cc:	cf98                	sw	a4,24(a5)
    20ce:	4f98                	lw	a4,24(a5)
    20d0:	40076713          	ori	a4,a4,1024
    20d4:	cf98                	sw	a4,24(a5)
    20d6:	43d8                	lw	a4,4(a5)
    20d8:	8f75                	and	a4,a4,a3
    20da:	66b1                	lui	a3,0xc
    20dc:	8f55                	or	a4,a4,a3
    20de:	c3d8                	sw	a4,4(a5)
    20e0:	3d49                	jal	1f72 <_Z19ADC_DMA_gpio_analogv>
    20e2:	56fd                	li	a3,-1
    20e4:	20000713          	li	a4,512
    20e8:	00241793          	slli	a5,s0,0x2
    20ec:	97ca                	add	a5,a5,s2
    20ee:	c394                	sw	a3,0(a5)
    20f0:	0405                	addi	s0,s0,1
    20f2:	fee41be3          	bne	s0,a4,20e8 <_Z12ADC_DMA_initv.part.0+0x48>
    20f6:	890fe0ef          	jal	ra,186 <_ZL12filter_resetv>
    20fa:	400207b7          	lui	a5,0x40020
    20fe:	4790                	lw	a2,8(a5)
    2100:	6741                	lui	a4,0x10
    2102:	1779                	addi	a4,a4,-2 # fffe <MC_PULL_calibration.cpp.947435e8+0x715>
    2104:	8e79                	and	a2,a2,a4
    2106:	c790                	sw	a2,8(a5)
    2108:	0007a423          	sw	zero,8(a5) # 40020008 <__freertos_irq_stack_top+0x2001b008>
    210c:	0007a623          	sw	zero,12(a5)
    2110:	0007a823          	sw	zero,16(a5)
    2114:	0007aa23          	sw	zero,20(a5)
    2118:	43d0                	lw	a2,4(a5)
    211a:	46bd                	li	a3,15
    211c:	e0f10537          	lui	a0,0xe0f10
    2120:	00f66613          	ori	a2,a2,15
    2124:	c3d0                	sw	a2,4(a5)
    2126:	4790                	lw	a2,8(a5)
    2128:	eff50513          	addi	a0,a0,-257 # e0f0feff <__freertos_irq_stack_top+0xc0f0aeff>
    212c:	fff1f5b7          	lui	a1,0xfff1f
    2130:	8f71                	and	a4,a4,a2
    2132:	c798                	sw	a4,8(a5)
    2134:	4798                	lw	a4,8(a5)
    2136:	7661                	lui	a2,0xffff8
    2138:	063d                	addi	a2,a2,15 # ffff800f <__freertos_irq_stack_top+0xdfff300f>
    213a:	8f71                	and	a4,a4,a2
    213c:	660d                	lui	a2,0x3
    213e:	aa060613          	addi	a2,a2,-1376 # 2aa0 <_ZL16motor_motion_runiym+0x5c6>
    2142:	8f51                	or	a4,a4,a2
    2144:	c798                	sw	a4,8(a5)
    2146:	40012737          	lui	a4,0x40012
    214a:	c7c0                	sw	s0,12(a5)
    214c:	44c70613          	addi	a2,a4,1100 # 4001244c <__freertos_irq_stack_top+0x2000d44c>
    2150:	cb90                	sw	a2,16(a5)
    2152:	0127aa23          	sw	s2,20(a5)
    2156:	c7c0                	sw	s0,12(a5)
    2158:	c3d4                	sw	a3,4(a5)
    215a:	4794                	lw	a3,8(a5)
    215c:	7fd58593          	addi	a1,a1,2045 # fff1f7fd <__freertos_irq_stack_top+0xdff1a7fd>
    2160:	000e0637          	lui	a2,0xe0
    2164:	9ac5                	andi	a3,a3,-15
    2166:	c794                	sw	a3,8(a5)
    2168:	400217b7          	lui	a5,0x40021
    216c:	47d4                	lw	a3,12(a5)
    216e:	0609                	addi	a2,a2,2 # e0002 <ch32v20x_wwdg.c.13394d49+0xc2299>
    2170:	00700837          	lui	a6,0x700
    2174:	2006e693          	ori	a3,a3,512
    2178:	c7d4                	sw	a3,12(a5)
    217a:	47d4                	lw	a3,12(a5)
    217c:	40012f37          	lui	t5,0x40012
    2180:	4f8d                	li	t6,3
    2182:	dff6f693          	andi	a3,a3,-513
    2186:	c7d4                	sw	a3,12(a5)
    2188:	47d4                	lw	a3,12(a5)
    218a:	489d                	li	a7,7
    218c:	4319                	li	t1,6
    218e:	4006e693          	ori	a3,a3,1024
    2192:	c7d4                	sw	a3,12(a5)
    2194:	47d4                	lw	a3,12(a5)
    2196:	4e7d                	li	t3,31
    2198:	40013eb7          	lui	t4,0x40013
    219c:	bff6f693          	andi	a3,a3,-1025
    21a0:	c7d4                	sw	a3,12(a5)
    21a2:	40070793          	addi	a5,a4,1024
    21a6:	43d8                	lw	a4,4(a5)
    21a8:	000606b7          	lui	a3,0x60
    21ac:	10068693          	addi	a3,a3,256 # 60100 <ch32v20x_wwdg.c.13394d49+0x42397>
    21b0:	8f69                	and	a4,a4,a0
    21b2:	8f55                	or	a4,a4,a3
    21b4:	c3d8                	sw	a4,4(a5)
    21b6:	4798                	lw	a4,8(a5)
    21b8:	ff1006b7          	lui	a3,0xff100
    21bc:	16fd                	addi	a3,a3,-1 # ff0fffff <__freertos_irq_stack_top+0xdf0fafff>
    21be:	8f6d                	and	a4,a4,a1
    21c0:	8f51                	or	a4,a4,a2
    21c2:	c798                	sw	a4,8(a5)
    21c4:	57d8                	lw	a4,44(a5)
    21c6:	8f75                	and	a4,a4,a3
    21c8:	01076733          	or	a4,a4,a6
    21cc:	d7d8                	sw	a4,44(a5)
    21ce:	400137b7          	lui	a5,0x40013
    21d2:	80078793          	addi	a5,a5,-2048 # 40012800 <__freertos_irq_stack_top+0x2000d800>
    21d6:	43d8                	lw	a4,4(a5)
    21d8:	8f69                	and	a4,a4,a0
    21da:	10076713          	ori	a4,a4,256
    21de:	c3d8                	sw	a4,4(a5)
    21e0:	4798                	lw	a4,8(a5)
    21e2:	8f6d                	and	a4,a4,a1
    21e4:	8f51                	or	a4,a4,a2
    21e6:	c798                	sw	a4,8(a5)
    21e8:	57d8                	lw	a4,44(a5)
    21ea:	8f75                	and	a4,a4,a3
    21ec:	01076733          	or	a4,a4,a6
    21f0:	d7d8                	sw	a4,44(a5)
    21f2:	4701                	li	a4,0
    21f4:	4781                	li	a5,0
    21f6:	03f785b3          	mul	a1,a5,t6
    21fa:	400f0413          	addi	s0,t5,1024 # 40012400 <__freertos_irq_stack_top+0x2000d400>
    21fe:	4814                	lw	a3,16(s0)
    2200:	00178293          	addi	t0,a5,1
    2204:	00b89833          	sll	a6,a7,a1
    2208:	fff84813          	not	a6,a6
    220c:	0106f6b3          	and	a3,a3,a6
    2210:	00b315b3          	sll	a1,t1,a1
    2214:	8ecd                	or	a3,a3,a1
    2216:	c814                	sw	a3,16(s0)
    2218:	0ff2f693          	zext.b	a3,t0
    221c:	02d36a63          	bltu	t1,a3,2250 <_Z12ADC_DMA_initv.part.0+0x1b0>
    2220:	5850                	lw	a2,52(s0)
    2222:	00ee16b3          	sll	a3,t3,a4
    2226:	fff6c693          	not	a3,a3
    222a:	00e797b3          	sll	a5,a5,a4
    222e:	8e75                	and	a2,a2,a3
    2230:	8e5d                	or	a2,a2,a5
    2232:	d850                	sw	a2,52(s0)
    2234:	800e8513          	addi	a0,t4,-2048 # 40012800 <__freertos_irq_stack_top+0x2000d800>
    2238:	4910                	lw	a2,16(a0)
    223a:	0715                	addi	a4,a4,5
    223c:	01067633          	and	a2,a2,a6
    2240:	8e4d                	or	a2,a2,a1
    2242:	c910                	sw	a2,16(a0)
    2244:	5950                	lw	a2,52(a0)
    2246:	8ef1                	and	a3,a3,a2
    2248:	8fd5                	or	a5,a5,a3
    224a:	d95c                	sw	a5,52(a0)
    224c:	8796                	mv	a5,t0
    224e:	b765                	j	21f6 <_Z12ADC_DMA_initv.part.0+0x156>
    2250:	5808                	lw	a0,48(s0)
    2252:	fe270693          	addi	a3,a4,-30
    2256:	00de1633          	sll	a2,t3,a3
    225a:	fff64613          	not	a2,a2
    225e:	8d71                	and	a0,a0,a2
    2260:	00d796b3          	sll	a3,a5,a3
    2264:	8d55                	or	a0,a0,a3
    2266:	d808                	sw	a0,48(s0)
    2268:	800e8493          	addi	s1,t4,-2048
    226c:	4888                	lw	a0,16(s1)
    226e:	01057533          	and	a0,a0,a6
    2272:	8dc9                	or	a1,a1,a0
    2274:	c88c                	sw	a1,16(s1)
    2276:	588c                	lw	a1,48(s1)
    2278:	8e6d                	and	a2,a2,a1
    227a:	8ed1                	or	a3,a3,a2
    227c:	d894                	sw	a3,48(s1)
    227e:	01178563          	beq	a5,a7,2288 <_Z12ADC_DMA_initv.part.0+0x1e8>
    2282:	0715                	addi	a4,a4,5
    2284:	479d                	li	a5,7
    2286:	bf85                	j	21f6 <_Z12ADC_DMA_initv.part.0+0x156>
    2288:	8522                	mv	a0,s0
    228a:	33d5                	jal	206e <_ZL13adc_calibrateP11ADC_TypeDef>
    228c:	8526                	mv	a0,s1
    228e:	33c5                	jal	206e <_ZL13adc_calibrateP11ADC_TypeDef>
    2290:	441c                	lw	a5,8(s0)
    2292:	40020737          	lui	a4,0x40020
    2296:	1007e793          	ori	a5,a5,256
    229a:	c41c                	sw	a5,8(s0)
    229c:	471c                	lw	a5,8(a4)
    229e:	0017e793          	ori	a5,a5,1
    22a2:	c71c                	sw	a5,8(a4)
    22a4:	449c                	lw	a5,8(s1)
    22a6:	00500737          	lui	a4,0x500
    22aa:	8fd9                	or	a5,a5,a4
    22ac:	c49c                	sw	a5,8(s1)
    22ae:	441c                	lw	a5,8(s0)
    22b0:	8fd9                	or	a5,a5,a4
    22b2:	c41c                	sw	a5,8(s0)
    22b4:	e000f7b7          	lui	a5,0xe000f
    22b8:	4784                	lw	s1,8(a5)
    22ba:	82c1a403          	lw	s0,-2004(gp) # 200001bc <time_hw_tpms>
    22be:	c809                	beqz	s0,22d0 <_Z12ADC_DMA_initv.part.0+0x230>
    22c0:	15e00793          	li	a5,350
    22c4:	02f43733          	mulhu	a4,s0,a5
    22c8:	02f40433          	mul	s0,s0,a5
    22cc:	c311                	beqz	a4,22d0 <_Z12ADC_DMA_initv.part.0+0x230>
    22ce:	547d                	li	s0,-1
    22d0:	e000f9b7          	lui	s3,0xe000f
    22d4:	40020a37          	lui	s4,0x40020
    22d8:	5afd                	li	s5,-1
    22da:	0089a783          	lw	a5,8(s3) # e000f008 <__freertos_irq_stack_top+0xc000a008>
    22de:	8f85                	sub	a5,a5,s1
    22e0:	0287ec63          	bltu	a5,s0,2318 <_Z12ADC_DMA_initv.part.0+0x278>
    22e4:	40020737          	lui	a4,0x40020
    22e8:	431c                	lw	a5,0(a4)
    22ea:	00092583          	lw	a1,0(s2)
    22ee:	567d                	li	a2,-1
    22f0:	00c59463          	bne	a1,a2,22f8 <_Z12ADC_DMA_initv.part.0+0x258>
    22f4:	8b99                	andi	a5,a5,6
    22f6:	cf8d                	beqz	a5,2330 <_Z12ADC_DMA_initv.part.0+0x290>
    22f8:	4785                	li	a5,1
    22fa:	aaf18223          	sb	a5,-1372(gp) # 20000434 <_ZL16g_adc_dma_inited>
    22fe:	473d                	li	a4,15
    2300:	400207b7          	lui	a5,0x40020
    2304:	c3d8                	sw	a4,4(a5)
    2306:	c3d8                	sw	a4,4(a5)
    2308:	0ff0000f          	fence
    230c:	e7bfd0ef          	jal	ra,186 <_ZL12filter_resetv>
    2310:	efbfe0ef          	jal	ra,120a <_Z17ADC_DMA_wait_fullv>
    2314:	e5dfd06f          	j	170 <__riscv_restore_4>
    2318:	000a2783          	lw	a5,0(s4) # 40020000 <__freertos_irq_stack_top+0x2001b000>
    231c:	8bb9                	andi	a5,a5,14
    231e:	f3f9                	bnez	a5,22e4 <_Z12ADC_DMA_initv.part.0+0x244>
    2320:	00092783          	lw	a5,0(s2)
    2324:	fd5790e3          	bne	a5,s5,22e4 <_Z12ADC_DMA_initv.part.0+0x244>
    2328:	4505                	li	a0,1
    232a:	eaffe0ef          	jal	ra,11d8 <delay.part.0>
    232e:	b775                	j	22da <_Z12ADC_DMA_initv.part.0+0x23a>
    2330:	aa018223          	sb	zero,-1372(gp) # 20000434 <_ZL16g_adc_dma_inited>
    2334:	47bd                	li	a5,15
    2336:	c35c                	sw	a5,4(a4)
    2338:	bff1                	j	2314 <_Z12ADC_DMA_initv.part.0+0x274>

0000233a <_ZN12WS2812_class4initEhP12GPIO_TypeDeft>:
    233a:	e1dfd2ef          	jal	t0,156 <__riscv_save_0>
    233e:	9dc1a783          	lw	a5,-1572(gp) # 2000036c <_ZL18g_ws2812_rst_ticks>
    2342:	842a                	mv	s0,a0
    2344:	02040623          	sb	zero,44(s0)
    2348:	1101                	addi	sp,sp,-32
    234a:	8532                	mv	a0,a2
    234c:	eb91                	bnez	a5,2360 <_ZN12WS2812_class4initEhP12GPIO_TypeDeft+0x26>
    234e:	81c1a603          	lw	a2,-2020(gp) # 200001ac <time_hw_tpus>
    2352:	06400793          	li	a5,100
    2356:	02c787b3          	mul	a5,a5,a2
    235a:	cbb5                	beqz	a5,23ce <_ZN12WS2812_class4initEhP12GPIO_TypeDeft+0x94>
    235c:	9cf1ae23          	sw	a5,-1572(gp) # 2000036c <_ZL18g_ws2812_rst_ticks>
    2360:	400117b7          	lui	a5,0x40011
    2364:	a06c                	sb	a1,6(s0)
    2366:	c008                	sw	a0,0(s0)
    2368:	a056                	sh	a3,4(s0)
    236a:	80078713          	addi	a4,a5,-2048 # 40010800 <__freertos_irq_stack_top+0x2000b800>
    236e:	06e51263          	bne	a0,a4,23d2 <_ZN12WS2812_class4initEhP12GPIO_TypeDeft+0x98>
    2372:	40021737          	lui	a4,0x40021
    2376:	4f1c                	lw	a5,24(a4)
    2378:	0047e793          	ori	a5,a5,4
    237c:	cf1c                	sw	a5,24(a4)
    237e:	478d                	li	a5,3
    2380:	cc3e                	sw	a5,24(sp)
    2382:	084c                	addi	a1,sp,20
    2384:	47c1                	li	a5,16
    2386:	82f4                	sh	a3,20(sp)
    2388:	ce3e                	sw	a5,28(sp)
    238a:	00011b23          	sh	zero,22(sp)
    238e:	f3cff0ef          	jal	ra,1aca <GPIO_Init>
    2392:	401c                	lw	a5,0(s0)
    2394:	205a                	lhu	a4,4(s0)
    2396:	4581                	li	a1,0
    2398:	00840513          	addi	a0,s0,8
    239c:	cbd8                	sw	a4,20(a5)
    239e:	2064                	lbu	s1,6(s0)
    23a0:	00249613          	slli	a2,s1,0x2
    23a4:	c632                	sw	a2,12(sp)
    23a6:	d71fd0ef          	jal	ra,116 <memset>
    23aa:	4632                	lw	a2,12(sp)
    23ac:	4581                	li	a1,0
    23ae:	01840513          	addi	a0,s0,24
    23b2:	d65fd0ef          	jal	ra,116 <memset>
    23b6:	8626                	mv	a2,s1
    23b8:	4581                	li	a1,0
    23ba:	02840513          	addi	a0,s0,40
    23be:	d59fd0ef          	jal	ra,116 <memset>
    23c2:	4785                	li	a5,1
    23c4:	02f40623          	sb	a5,44(s0)
    23c8:	6105                	addi	sp,sp,32
    23ca:	db1fd06f          	j	17a <__riscv_restore_0>
    23ce:	4785                	li	a5,1
    23d0:	b771                	j	235c <_ZN12WS2812_class4initEhP12GPIO_TypeDeft+0x22>
    23d2:	c0078713          	addi	a4,a5,-1024
    23d6:	00e51863          	bne	a0,a4,23e6 <_ZN12WS2812_class4initEhP12GPIO_TypeDeft+0xac>
    23da:	40021737          	lui	a4,0x40021
    23de:	4f1c                	lw	a5,24(a4)
    23e0:	0087e793          	ori	a5,a5,8
    23e4:	bf61                	j	237c <_ZN12WS2812_class4initEhP12GPIO_TypeDeft+0x42>
    23e6:	00f51863          	bne	a0,a5,23f6 <_ZN12WS2812_class4initEhP12GPIO_TypeDeft+0xbc>
    23ea:	40021737          	lui	a4,0x40021
    23ee:	4f1c                	lw	a5,24(a4)
    23f0:	0107e793          	ori	a5,a5,16
    23f4:	b761                	j	237c <_ZN12WS2812_class4initEhP12GPIO_TypeDeft+0x42>
    23f6:	40078793          	addi	a5,a5,1024
    23fa:	f8f512e3          	bne	a0,a5,237e <_ZN12WS2812_class4initEhP12GPIO_TypeDeft+0x44>
    23fe:	40021737          	lui	a4,0x40021
    2402:	4f1c                	lw	a5,24(a4)
    2404:	0207e793          	ori	a5,a5,32
    2408:	bf95                	j	237c <_ZN12WS2812_class4initEhP12GPIO_TypeDeft+0x42>

0000240a <_ZN20AS5600_soft_IIC_many17enable_gpio_clockEP12GPIO_TypeDef.constprop.0>:
    240a:	400117b7          	lui	a5,0x40011
    240e:	80078713          	addi	a4,a5,-2048 # 40010800 <__freertos_irq_stack_top+0x2000b800>
    2412:	00e51963          	bne	a0,a4,2424 <_ZN20AS5600_soft_IIC_many17enable_gpio_clockEP12GPIO_TypeDef.constprop.0+0x1a>
    2416:	40021737          	lui	a4,0x40021
    241a:	4f1c                	lw	a5,24(a4)
    241c:	0047e793          	ori	a5,a5,4
    2420:	cf1c                	sw	a5,24(a4)
    2422:	8082                	ret
    2424:	c0078713          	addi	a4,a5,-1024
    2428:	00e51863          	bne	a0,a4,2438 <_ZN20AS5600_soft_IIC_many17enable_gpio_clockEP12GPIO_TypeDef.constprop.0+0x2e>
    242c:	40021737          	lui	a4,0x40021
    2430:	4f1c                	lw	a5,24(a4)
    2432:	0087e793          	ori	a5,a5,8
    2436:	b7ed                	j	2420 <_ZN20AS5600_soft_IIC_many17enable_gpio_clockEP12GPIO_TypeDef.constprop.0+0x16>
    2438:	00f51863          	bne	a0,a5,2448 <_ZN20AS5600_soft_IIC_many17enable_gpio_clockEP12GPIO_TypeDef.constprop.0+0x3e>
    243c:	40021737          	lui	a4,0x40021
    2440:	4f1c                	lw	a5,24(a4)
    2442:	0107e793          	ori	a5,a5,16
    2446:	bfe9                	j	2420 <_ZN20AS5600_soft_IIC_many17enable_gpio_clockEP12GPIO_TypeDef.constprop.0+0x16>
    2448:	40078793          	addi	a5,a5,1024
    244c:	fcf51be3          	bne	a0,a5,2422 <_ZN20AS5600_soft_IIC_many17enable_gpio_clockEP12GPIO_TypeDef.constprop.0+0x18>
    2450:	40021737          	lui	a4,0x40021
    2454:	4f1c                	lw	a5,24(a4)
    2456:	0207e793          	ori	a5,a5,32
    245a:	b7d9                	j	2420 <_ZN20AS5600_soft_IIC_many17enable_gpio_clockEP12GPIO_TypeDef.constprop.0+0x16>

0000245c <_ZN12WS2812_class14set_RGB_onlineEhhhhb.constprop.0>:
    245c:	217c                	lbu	a5,6(a0)
    245e:	4705                	li	a4,1
    2460:	00f77f63          	bgeu	a4,a5,247e <_ZN12WS2812_class14set_RGB_onlineEhhhhb.constprop.0+0x22>
    2464:	01061793          	slli	a5,a2,0x10
    2468:	8fd5                	or	a5,a5,a3
    246a:	4554                	lw	a3,12(a0)
    246c:	05a2                	slli	a1,a1,0x8
    246e:	020504a3          	sb	zero,41(a0)
    2472:	8fcd                	or	a5,a5,a1
    2474:	00d78563          	beq	a5,a3,247e <_ZN12WS2812_class14set_RGB_onlineEhhhhb.constprop.0+0x22>
    2478:	c55c                	sw	a5,12(a0)
    247a:	02e50623          	sb	a4,44(a0)
    247e:	8082                	ret

00002480 <_ZL14show_diag_stephhhii>:
    2480:	caffd2ef          	jal	t0,12e <__riscv_save_10>
    2484:	20002437          	lui	s0,0x20002
    2488:	23040493          	addi	s1,s0,560 # 20002230 <RGBOUT>
    248c:	8a2a                	mv	s4,a0
    248e:	8aae                	mv	s5,a1
    2490:	8b32                	mv	s6,a2
    2492:	89b6                	mv	s3,a3
    2494:	893a                	mv	s2,a4
    2496:	0c048b93          	addi	s7,s1,192
    249a:	23040413          	addi	s0,s0,560
    249e:	8522                	mv	a0,s0
    24a0:	86da                	mv	a3,s6
    24a2:	8656                	mv	a2,s5
    24a4:	85d2                	mv	a1,s4
    24a6:	03040413          	addi	s0,s0,48
    24aa:	3f4d                	jal	245c <_ZN12WS2812_class14set_RGB_onlineEhhhhb.constprop.0>
    24ac:	ff7419e3          	bne	s0,s7,249e <_ZL14show_diag_stephhhii+0x1e>
    24b0:	bdcff0ef          	jal	ra,188c <_Z10RGB_updatev>
    24b4:	854e                	mv	a0,s3
    24b6:	d4ffe0ef          	jal	ra,1204 <delay>
    24ba:	8526                	mv	a0,s1
    24bc:	4681                	li	a3,0
    24be:	4601                	li	a2,0
    24c0:	4581                	li	a1,0
    24c2:	03048493          	addi	s1,s1,48
    24c6:	3f59                	jal	245c <_ZN12WS2812_class14set_RGB_onlineEhhhhb.constprop.0>
    24c8:	ff7499e3          	bne	s1,s7,24ba <_ZL14show_diag_stephhhii+0x3a>
    24cc:	bc0ff0ef          	jal	ra,188c <_Z10RGB_updatev>
    24d0:	854a                	mv	a0,s2
    24d2:	d33fe0ef          	jal	ra,1204 <delay>
    24d6:	c91fd06f          	j	166 <__riscv_restore_10>

000024da <_ZL16motor_motion_runiym>:
    24da:	c4dfd2ef          	jal	t0,126 <__riscv_save_12>
    24de:	200024b7          	lui	s1,0x20002
    24e2:	7135                	addi	sp,sp,-160
    24e4:	200023b7          	lui	t2,0x20002
    24e8:	c8848893          	addi	a7,s1,-888 # 20001c88 <_ZL13dm_auto_t0_ms>
    24ec:	c8848493          	addi	s1,s1,-888
    24f0:	200022b7          	lui	t0,0x20002
    24f4:	81818093          	addi	ra,gp,-2024 # 200001a8 <_ZL9dm_loaded>
    24f8:	cc26                	sw	s1,24(sp)
    24fa:	c7838493          	addi	s1,t2,-904 # 20001c78 <_ZL16dm_auto_remain_m>
    24fe:	d886                	sw	ra,112(sp)
    2500:	d626                	sw	s1,44(sp)
    2502:	a8018093          	addi	ra,gp,-1408 # 20000410 <_ZL13dm_fail_latch>
    2506:	c6828493          	addi	s1,t0,-920 # 20001c68 <_ZL14dm_auto_last_m>
    250a:	a4818f13          	addi	t5,gp,-1464 # 200003d8 <_ZL16dm_autoload_gate>
    250e:	d686                	sw	ra,108(sp)
    2510:	d2a6                	sw	s1,100(sp)
    2512:	a5018093          	addi	ra,gp,-1456 # 200003e0 <_ZL13dm_auto_state>
    2516:	a4818493          	addi	s1,gp,-1464 # 200003d8 <_ZL16dm_autoload_gate>
    251a:	20002737          	lui	a4,0x20002
    251e:	c7838813          	addi	a6,t2,-904
    2522:	200027b7          	lui	a5,0x20002
    2526:	ce06                	sw	ra,28(sp)
    2528:	c326                	sw	s1,132(sp)
    252a:	a4c18093          	addi	ra,gp,-1460 # 200003dc <_ZL11dm_auto_try>
    252e:	a9018493          	addi	s1,gp,-1392 # 20000420 <filament_channel_inserted>
    2532:	842a                	mv	s0,a0
    2534:	c82e                	sw	a1,16(sp)
    2536:	ca32                	sw	a2,20(sp)
    2538:	a4c18313          	addi	t1,gp,-1460 # 200003dc <_ZL11dm_auto_try>
    253c:	c3870d93          	addi	s11,a4,-968 # 20001c38 <_ZL21filament_now_position>
    2540:	d0a6                	sw	s1,96(sp)
    2542:	81818613          	addi	a2,gp,-2024 # 200001a8 <_ZL9dm_loaded>
    2546:	a8018f93          	addi	t6,gp,-1408 # 20000410 <_ZL13dm_fail_latch>
    254a:	a5018e13          	addi	t3,gp,-1456 # 200003e0 <_ZL13dm_auto_state>
    254e:	c6828513          	addi	a0,t0,-920
    2552:	c4878793          	addi	a5,a5,-952 # 20001c48 <_ZL20dm_loaded_drop_t0_ms>
    2556:	c3870713          	addi	a4,a4,-968
    255a:	4581                	li	a1,0
    255c:	d806                	sw	ra,48(sp)
    255e:	a8418393          	addi	t2,gp,-1404 # 20000414 <_ZL17MC_ONLINE_key_stu>
    2562:	4905                	li	s2,1
    2564:	4491                	li	s1,4
    2566:	5e86                	lw	t4,96(sp)
    2568:	9eae                	add	t4,t4,a1
    256a:	000ece83          	lbu	t4,0(t4)
    256e:	2e0e9c63          	bnez	t4,2866 <_ZL16motor_motion_runiym+0x38c>
    2572:	4981                	li	s3,0
    2574:	4a01                	li	s4,0
    2576:	00000e93          	li	t4,0
    257a:	01260023          	sb	s2,0(a2)
    257e:	000f8023          	sb	zero,0(t6)
    2582:	000e0023          	sb	zero,0(t3)
    2586:	00030023          	sb	zero,0(t1)
    258a:	0138a023          	sw	s3,0(a7)
    258e:	0148a223          	sw	s4,4(a7)
    2592:	01d82023          	sw	t4,0(a6) # 700000 <ch32v20x_wwdg.c.13394d49+0x6e2297>
    2596:	01d52023          	sw	t4,0(a0)
    259a:	0137a023          	sw	s3,0(a5)
    259e:	0147a223          	sw	s4,4(a5)
    25a2:	000f0023          	sb	zero,0(t5)
    25a6:	0585                	addi	a1,a1,1
    25a8:	0605                	addi	a2,a2,1
    25aa:	0f85                	addi	t6,t6,1
    25ac:	0e05                	addi	t3,t3,1
    25ae:	0305                	addi	t1,t1,1
    25b0:	08a1                	addi	a7,a7,8
    25b2:	0811                	addi	a6,a6,4
    25b4:	0511                	addi	a0,a0,4
    25b6:	07a1                	addi	a5,a5,8
    25b8:	0f05                	addi	t5,t5,1
    25ba:	0711                	addi	a4,a4,4
    25bc:	fa9595e3          	bne	a1,s1,2566 <_ZL16motor_motion_runiym+0x8c>
    25c0:	a441c603          	lbu	a2,-1468(gp) # 200003d4 <_ZZL16motor_motion_runiymE15have_last_ticks>
    25c4:	36061463          	bnez	a2,292c <_ZL16motor_motion_runiym+0x452>
    25c8:	4605                	li	a2,1
    25ca:	a4c18223          	sb	a2,-1468(gp) # 200003d4 <_ZZL16motor_motion_runiymE15have_last_ticks>
    25ce:	a4d1a023          	sw	a3,-1472(gp) # 200003d0 <_ZZL16motor_motion_runiymE10last_ticks>
    25d2:	00000793          	li	a5,0
    25d6:	ce82                	sw	zero,92(sp)
    25d8:	dc3e                	sw	a5,56(sp)
    25da:	20002637          	lui	a2,0x20002
    25de:	23060793          	addi	a5,a2,560 # 20002230 <RGBOUT>
    25e2:	23060613          	addi	a2,a2,560
    25e6:	d232                	sw	a2,36(sp)
    25e8:	a7818613          	addi	a2,gp,-1416 # 20000408 <_ZL18g_on_use_low_latch>
    25ec:	d03e                	sw	a5,32(sp)
    25ee:	a8418693          	addi	a3,gp,-1404 # 20000414 <_ZL17MC_ONLINE_key_stu>
    25f2:	4701                	li	a4,0
    25f4:	a8418d13          	addi	s10,gp,-1404 # 20000414 <_ZL17MC_ONLINE_key_stu>
    25f8:	ccb2                	sw	a2,88(sp)
    25fa:	4805                	li	a6,1
    25fc:	4511                	li	a0,4
    25fe:	45e6                	lw	a1,88(sp)
    2600:	23f0                	lbu	a2,6(a5)
    2602:	95ba                	add	a1,a1,a4
    2604:	218c                	lbu	a1,0(a1)
    2606:	36058c63          	beqz	a1,297e <_ZL16motor_motion_runiym+0x4a4>
    260a:	ca19                	beqz	a2,2620 <_ZL16motor_motion_runiym+0x146>
    260c:	478c                	lw	a1,8(a5)
    260e:	6641                	lui	a2,0x10
    2610:	f0060613          	addi	a2,a2,-256 # ff00 <MC_PULL_calibration.cpp.947435e8+0x617>
    2614:	00c58663          	beq	a1,a2,2620 <_ZL16motor_motion_runiym+0x146>
    2618:	c790                	sw	a2,8(a5)
    261a:	4605                	li	a2,1
    261c:	02c78623          	sb	a2,44(a5)
    2620:	0705                	addi	a4,a4,1
    2622:	03078793          	addi	a5,a5,48
    2626:	0685                	addi	a3,a3,1
    2628:	fca71be3          	bne	a4,a0,25fe <_ZL16motor_motion_runiym+0x124>
    262c:	200024b7          	lui	s1,0x20002
    2630:	9d848c93          	addi	s9,s1,-1576 # 200019d8 <MOTOR_CONTROL>
    2634:	520410e3          	bnez	s0,3354 <_ZL16motor_motion_runiym+0xe7a>
    2638:	4542                	lw	a0,16(sp)
    263a:	45d2                	lw	a1,20(sp)
    263c:	3e800613          	li	a2,1000
    2640:	4681                	li	a3,0
    2642:	26f060ef          	jal	ra,90b0 <__udivdi3>
    2646:	200029b7          	lui	s3,0x20002
    264a:	20000937          	lui	s2,0x20000
    264e:	96898713          	addi	a4,s3,-1688 # 20001968 <_ZL15g_pull_remain_m>
    2652:	c8ba                	sw	a4,80(sp)
    2654:	12090713          	addi	a4,s2,288 # 20000120 <_ZL25filament_pull_back_target>
    2658:	caba                	sw	a4,84(sp)
    265a:	20002737          	lui	a4,0x20002
    265e:	92870713          	addi	a4,a4,-1752 # 20001928 <_ZL25filament_pull_back_meters>
    2662:	c4ba                	sw	a4,72(sp)
    2664:	20000737          	lui	a4,0x20000
    2668:	13070713          	addi	a4,a4,304 # 20000130 <_ZL16g_pull_speed_set>
    266c:	c2ba                	sw	a4,68(sp)
    266e:	9441a703          	lw	a4,-1724(gp) # 200002d4 <_ZL7g_scale+0x114>
    2672:	20002437          	lui	s0,0x20002
    2676:	00157793          	andi	a5,a0,1
    267a:	c6ba                	sw	a4,76(sp)
    267c:	8781a703          	lw	a4,-1928(gp) # 20000208 <_ZL7g_scale+0x48>
    2680:	c0be                	sw	a5,64(sp)
    2682:	5a82                	lw	s5,32(sp)
    2684:	db040793          	addi	a5,s0,-592 # 20001db0 <ams>
    2688:	da3e                	sw	a5,52(sp)
    268a:	9d848793          	addi	a5,s1,-1576
    268e:	db040b13          	addi	s6,s0,-592
    2692:	d43e                	sw	a5,40(sp)
    2694:	96898c13          	addi	s8,s3,-1688
    2698:	12090b93          	addi	s7,s2,288
    269c:	8a6e                	mv	s4,s11
    269e:	4481                	li	s1,0
    26a0:	4781                	li	a5,0
    26a2:	db040413          	addi	s0,s0,-592
    26a6:	d4ba                	sw	a4,104(sp)
    26a8:	000a2703          	lw	a4,0(s4)
    26ac:	4691                	li	a3,4
    26ae:	30d70d63          	beq	a4,a3,29c8 <_ZL16motor_motion_runiym+0x4ee>
    26b2:	4695                	li	a3,5
    26b4:	48d70163          	beq	a4,a3,2b36 <_ZL16motor_motion_runiym+0x65c>
    26b8:	5722                	lw	a4,40(sp)
    26ba:	0485                	addi	s1,s1,1
    26bc:	0a11                	addi	s4,s4,4
    26be:	09870713          	addi	a4,a4,152
    26c2:	d43a                	sw	a4,40(sp)
    26c4:	5752                	lw	a4,52(sp)
    26c6:	0c11                	addi	s8,s8,4
    26c8:	0b91                	addi	s7,s7,4
    26ca:	04070713          	addi	a4,a4,64
    26ce:	da3a                	sw	a4,52(sp)
    26d0:	4711                	li	a4,4
    26d2:	030a8a93          	addi	s5,s5,48
    26d6:	fce499e3          	bne	s1,a4,26a8 <_ZL16motor_motion_runiym+0x1ce>
    26da:	e7cd                	bnez	a5,2784 <_ZL16motor_motion_runiym+0x2aa>
    26dc:	10444c03          	lbu	s8,260(s0)
    26e0:	478d                	li	a5,3
    26e2:	da02                	sw	zero,52(sp)
    26e4:	0187e863          	bltu	a5,s8,26f4 <_ZL16motor_motion_runiym+0x21a>
    26e8:	006c1793          	slli	a5,s8,0x6
    26ec:	943e                	add	s0,s0,a5
    26ee:	03544783          	lbu	a5,53(s0)
    26f2:	da3e                	sw	a5,52(sp)
    26f4:	4866                	lw	a6,88(sp)
    26f6:	5902                	lw	s2,32(sp)
    26f8:	200029b7          	lui	s3,0x20002
    26fc:	20002ab7          	lui	s5,0x20002
    2700:	91898993          	addi	s3,s3,-1768 # 20001918 <_ZL21before_pb_retracted_m>
    2704:	a2c18a13          	addi	s4,gp,-1492 # 200003bc <_ZL14before_pb_sign>
    2708:	908a8a93          	addi	s5,s5,-1784 # 20001908 <_ZL16before_pb_last_m>
    270c:	a7418b93          	addi	s7,gp,-1420 # 20000404 <_ZL18g_on_use_jam_latch>
    2710:	4401                	li	s0,0
    2712:	09800793          	li	a5,152
    2716:	02f404b3          	mul	s1,s0,a5
    271a:	0ff47793          	zext.b	a5,s0
    271e:	94e6                	add	s1,s1,s9
    2720:	49878763          	beq	a5,s8,2bae <_ZL16motor_motion_runiym+0x6d4>
    2724:	5786                	lw	a5,96(sp)
    2726:	000da023          	sw	zero,0(s11)
    272a:	97a2                	add	a5,a5,s0
    272c:	239c                	lbu	a5,0(a5)
    272e:	46078863          	beqz	a5,2b9e <_ZL16motor_motion_runiym+0x6c4>
    2732:	008d07b3          	add	a5,s10,s0
    2736:	239c                	lbu	a5,0(a5)
    2738:	ef89                	bnez	a5,2752 <_ZL16motor_motion_runiym+0x278>
    273a:	20002737          	lui	a4,0x20002
    273e:	d6870713          	addi	a4,a4,-664 # 20001d68 <_ZL21g_last_on_use_exit_ms>
    2742:	00341793          	slli	a5,s0,0x3
    2746:	97ba                	add	a5,a5,a4
    2748:	4398                	lw	a4,0(a5)
    274a:	43dc                	lw	a5,4(a5)
    274c:	8f5d                	or	a4,a4,a5
    274e:	44070863          	beqz	a4,2b9e <_ZL16motor_motion_runiym+0x6c4>
    2752:	4742                	lw	a4,16(sp)
    2754:	47d2                	lw	a5,20(sp)
    2756:	d442                	sw	a6,40(sp)
    2758:	3e800613          	li	a2,1000
    275c:	4681                	li	a3,0
    275e:	459d                	li	a1,7
    2760:	8526                	mv	a0,s1
    2762:	b82fe0ef          	jal	ra,ae4 <_ZN14_MOTOR_CONTROL10set_motionE20filament_motion_enumyy>
    2766:	5822                	lw	a6,40(sp)
    2768:	0405                	addi	s0,s0,1
    276a:	4791                	li	a5,4
    276c:	03090913          	addi	s2,s2,48
    2770:	0d91                	addi	s11,s11,4
    2772:	0991                	addi	s3,s3,4
    2774:	0a05                	addi	s4,s4,1
    2776:	0a91                	addi	s5,s5,4
    2778:	0805                	addi	a6,a6,1
    277a:	0b85                	addi	s7,s7,1
    277c:	040b0b13          	addi	s6,s6,64
    2780:	f8f419e3          	bne	s0,a5,2712 <_ZL16motor_motion_runiym+0x238>
    2784:	4542                	lw	a0,16(sp)
    2786:	45d2                	lw	a1,20(sp)
    2788:	3e800613          	li	a2,1000
    278c:	4681                	li	a3,0
    278e:	123060ef          	jal	ra,90b0 <__udivdi3>
    2792:	00157793          	andi	a5,a0,1
    2796:	c13e                	sw	a5,128(sp)
    2798:	a3818793          	addi	a5,gp,-1480 # 200003c8 <_ZL15auto_unload_arm>
    279c:	cabe                	sw	a5,84(sp)
    279e:	a3c18793          	addi	a5,gp,-1476 # 200003cc <_ZL18auto_unload_active>
    27a2:	c2be                	sw	a5,68(sp)
    27a4:	a3418793          	addi	a5,gp,-1484 # 200003c4 <_ZL19auto_unload_blocked>
    27a8:	c0be                	sw	a5,64(sp)
    27aa:	200027b7          	lui	a5,0x20002
    27ae:	9b878793          	addi	a5,a5,-1608 # 200019b8 <_ZL21auto_unload_arm_t0_ms>
    27b2:	c8be                	sw	a5,80(sp)
    27b4:	200027b7          	lui	a5,0x20002
    27b8:	99878d93          	addi	s11,a5,-1640 # 20001998 <_ZL24auto_unload_active_t0_ms>
    27bc:	200027b7          	lui	a5,0x20002
    27c0:	97878793          	addi	a5,a5,-1672 # 20001978 <_ZL23auto_unload_empty_t0_ms>
    27c4:	de3e                	sw	a5,60(sp)
    27c6:	200007b7          	lui	a5,0x20000
    27ca:	14078713          	addi	a4,a5,320 # 20000140 <_ZL13MC_PULL_pct_f>
    27ce:	14078793          	addi	a5,a5,320
    27d2:	c6be                	sw	a5,76(sp)
    27d4:	a5818793          	addi	a5,gp,-1448 # 200003e8 <_ZL13g_as5600_good>
    27d8:	debe                	sw	a5,124(sp)
    27da:	82018793          	addi	a5,gp,-2016 # 200001b0 <MC_PULL_pct>
    27de:	dcbe                	sw	a5,120(sp)
    27e0:	8c81a783          	lw	a5,-1848(gp) # 20000258 <_ZL7g_scale+0x98>
    27e4:	8466                	mv	s0,s9
    27e6:	d4ba                	sw	a4,104(sp)
    27e8:	c53e                	sw	a5,136(sp)
    27ea:	200027b7          	lui	a5,0x20002
    27ee:	d5478793          	addi	a5,a5,-684 # 20001d54 <_ZN14_MOTOR_CONTROL6x_prevE>
    27f2:	d402                	sw	zero,40(sp)
    27f4:	c73e                	sw	a5,140(sp)
    27f6:	57a2                	lw	a5,40(sp)
    27f8:	5776                	lw	a4,124(sp)
    27fa:	02814983          	lbu	s3,40(sp)
    27fe:	97ba                	add	a5,a5,a4
    2800:	239c                	lbu	a5,0(a5)
    2802:	36079ce3          	bnez	a5,337a <_ZL16motor_motion_runiym+0xea0>
    2806:	4742                	lw	a4,16(sp)
    2808:	47d2                	lw	a5,20(sp)
    280a:	458d                	li	a1,3
    280c:	8522                	mv	a0,s0
    280e:	06400613          	li	a2,100
    2812:	4681                	li	a3,0
    2814:	ad0fe0ef          	jal	ra,ae4 <_ZN14_MOTOR_CONTROL10set_motionE20filament_motion_enumyy>
    2818:	4581                	li	a1,0
    281a:	854e                	mv	a0,s3
    281c:	ff8fe0ef          	jal	ra,1014 <_Z22Motion_control_set_PWMhi>
    2820:	57a2                	lw	a5,40(sp)
    2822:	4711                	li	a4,4
    2824:	09840413          	addi	s0,s0,152
    2828:	0785                	addi	a5,a5,1
    282a:	d43e                	sw	a5,40(sp)
    282c:	5782                	lw	a5,32(sp)
    282e:	0da1                	addi	s11,s11,8
    2830:	03078793          	addi	a5,a5,48
    2834:	d03e                	sw	a5,32(sp)
    2836:	47d6                	lw	a5,84(sp)
    2838:	0785                	addi	a5,a5,1
    283a:	cabe                	sw	a5,84(sp)
    283c:	4796                	lw	a5,68(sp)
    283e:	0785                	addi	a5,a5,1
    2840:	c2be                	sw	a5,68(sp)
    2842:	4786                	lw	a5,64(sp)
    2844:	0785                	addi	a5,a5,1
    2846:	c0be                	sw	a5,64(sp)
    2848:	47c6                	lw	a5,80(sp)
    284a:	07a1                	addi	a5,a5,8
    284c:	c8be                	sw	a5,80(sp)
    284e:	57f2                	lw	a5,60(sp)
    2850:	07a1                	addi	a5,a5,8
    2852:	de3e                	sw	a5,60(sp)
    2854:	57a6                	lw	a5,104(sp)
    2856:	0791                	addi	a5,a5,4
    2858:	d4be                	sw	a5,104(sp)
    285a:	57a2                	lw	a5,40(sp)
    285c:	f8e79de3          	bne	a5,a4,27f6 <_ZL16motor_motion_runiym+0x31c>
    2860:	610d                	addi	sp,sp,160
    2862:	901fd06f          	j	162 <__riscv_restore_12>
    2866:	00758eb3          	add	t4,a1,t2
    286a:	000ece83          	lbu	t4,0(t4)
    286e:	040e9163          	bnez	t4,28b0 <_ZL16motor_motion_runiym+0x3d6>
    2872:	00072e83          	lw	t4,0(a4)
    2876:	000e9463          	bnez	t4,287e <_ZL16motor_motion_runiym+0x3a4>
    287a:	000f0023          	sb	zero,0(t5)
    287e:	00000e93          	li	t4,0
    2882:	4981                	li	s3,0
    2884:	4a01                	li	s4,0
    2886:	00060023          	sb	zero,0(a2)
    288a:	000f8023          	sb	zero,0(t6)
    288e:	000e0023          	sb	zero,0(t3)
    2892:	00030023          	sb	zero,0(t1)
    2896:	0138a023          	sw	s3,0(a7)
    289a:	0148a223          	sw	s4,4(a7)
    289e:	01d82023          	sw	t4,0(a6)
    28a2:	01d52023          	sw	t4,0(a0)
    28a6:	0137a023          	sw	s3,0(a5)
    28aa:	0147a223          	sw	s4,4(a5)
    28ae:	b9e5                	j	25a6 <_ZL16motor_motion_runiym+0xcc>
    28b0:	00064283          	lbu	t0,0(a2)
    28b4:	06028963          	beqz	t0,2926 <_ZL16motor_motion_runiym+0x44c>
    28b8:	4285                	li	t0,1
    28ba:	065e8663          	beq	t4,t0,2926 <_ZL16motor_motion_runiym+0x44c>
    28be:	0007ae83          	lw	t4,0(a5)
    28c2:	0047a283          	lw	t0,4(a5)
    28c6:	005ee9b3          	or	s3,t4,t0
    28ca:	00099963          	bnez	s3,28dc <_ZL16motor_motion_runiym+0x402>
    28ce:	4ec2                	lw	t4,16(sp)
    28d0:	01d7a023          	sw	t4,0(a5)
    28d4:	4ed2                	lw	t4,20(sp)
    28d6:	01d7a223          	sw	t4,4(a5)
    28da:	b1f1                	j	25a6 <_ZL16motor_motion_runiym+0xcc>
    28dc:	40c2                	lw	ra,16(sp)
    28de:	41d08eb3          	sub	t4,ra,t4
    28e2:	01d0b9b3          	sltu	s3,ra,t4
    28e6:	40d2                	lw	ra,20(sp)
    28e8:	405082b3          	sub	t0,ra,t0
    28ec:	01329663          	bne	t0,s3,28f8 <_ZL16motor_motion_runiym+0x41e>
    28f0:	06300293          	li	t0,99
    28f4:	cbd2f9e3          	bgeu	t0,t4,25a6 <_ZL16motor_motion_runiym+0xcc>
    28f8:	4981                	li	s3,0
    28fa:	4a01                	li	s4,0
    28fc:	00000e93          	li	t4,0
    2900:	00060023          	sb	zero,0(a2)
    2904:	0137a023          	sw	s3,0(a5)
    2908:	0147a223          	sw	s4,4(a5)
    290c:	000e0023          	sb	zero,0(t3)
    2910:	00030023          	sb	zero,0(t1)
    2914:	0138a023          	sw	s3,0(a7)
    2918:	0148a223          	sw	s4,4(a7)
    291c:	01d82023          	sw	t4,0(a6)
    2920:	01d52023          	sw	t4,0(a0)
    2924:	b149                	j	25a6 <_ZL16motor_motion_runiym+0xcc>
    2926:	4981                	li	s3,0
    2928:	4a01                	li	s4,0
    292a:	bfb5                	j	28a6 <_ZL16motor_motion_runiym+0x3cc>
    292c:	a401a783          	lw	a5,-1472(gp) # 200003d0 <_ZZL16motor_motion_runiymE10last_ticks>
    2930:	a4d1a023          	sw	a3,-1472(gp) # 200003d0 <_ZZL16motor_motion_runiymE10last_ticks>
    2934:	82c1a703          	lw	a4,-2004(gp) # 200001bc <time_hw_tpms>
    2938:	40f687b3          	sub	a5,a3,a5
    293c:	e311                	bnez	a4,2940 <_ZL16motor_motion_runiym+0x466>
    293e:	4705                	li	a4,1
    2940:	0c800693          	li	a3,200
    2944:	02d70733          	mul	a4,a4,a3
    2948:	ceba                	sw	a4,92(sp)
    294a:	00e7f363          	bgeu	a5,a4,2950 <_ZL16motor_motion_runiym+0x476>
    294e:	cebe                	sw	a5,92(sp)
    2950:	47f6                	lw	a5,92(sp)
    2952:	c80780e3          	beqz	a5,25d2 <_ZL16motor_motion_runiym+0xf8>
    2956:	4576                	lw	a0,92(sp)
    2958:	758080ef          	jal	ra,b0b0 <__floatunsisf>
    295c:	84aa                	mv	s1,a0
    295e:	81c1a503          	lw	a0,-2020(gp) # 200001ac <time_hw_tpus>
    2962:	e111                	bnez	a0,2966 <_ZL16motor_motion_runiym+0x48c>
    2964:	4505                	li	a0,1
    2966:	74a080ef          	jal	ra,b0b0 <__floatunsisf>
    296a:	9401a583          	lw	a1,-1728(gp) # 200002d0 <_ZL7g_scale+0x110>
    296e:	75d070ef          	jal	ra,a8ca <__mulsf3>
    2972:	85aa                	mv	a1,a0
    2974:	8526                	mv	a0,s1
    2976:	2df070ef          	jal	ra,a454 <__divsf3>
    297a:	dc2a                	sw	a0,56(sp)
    297c:	b9b9                	j	25da <_ZL16motor_motion_runiym+0x100>
    297e:	55b6                	lw	a1,108(sp)
    2980:	95ba                	add	a1,a1,a4
    2982:	218c                	lbu	a1,0(a1)
    2984:	c80593e3          	bnez	a1,260a <_ZL16motor_motion_runiym+0x130>
    2988:	55c6                	lw	a1,112(sp)
    298a:	95ba                	add	a1,a1,a4
    298c:	218c                	lbu	a1,0(a1)
    298e:	cc01                	beqz	s0,29a6 <_ZL16motor_motion_runiym+0x4cc>
    2990:	c195                	beqz	a1,29b4 <_ZL16motor_motion_runiym+0x4da>
    2992:	228c                	lbu	a1,0(a3)
    2994:	c185                	beqz	a1,29b4 <_ZL16motor_motion_runiym+0x4da>
    2996:	c80605e3          	beqz	a2,2620 <_ZL16motor_motion_runiym+0x146>
    299a:	00354637          	lui	a2,0x354
    299e:	478c                	lw	a1,8(a5)
    29a0:	83260613          	addi	a2,a2,-1998 # 353832 <ch32v20x_wwdg.c.13394d49+0x335ac9>
    29a4:	b985                	j	2614 <_ZL16motor_motion_runiym+0x13a>
    29a6:	c599                	beqz	a1,29b4 <_ZL16motor_motion_runiym+0x4da>
    29a8:	228c                	lbu	a1,0(a3)
    29aa:	c589                	beqz	a1,29b4 <_ZL16motor_motion_runiym+0x4da>
    29ac:	5586                	lw	a1,96(sp)
    29ae:	95ba                	add	a1,a1,a4
    29b0:	218c                	lbu	a1,0(a1)
    29b2:	b7cd                	j	2994 <_ZL16motor_motion_runiym+0x4ba>
    29b4:	c60606e3          	beqz	a2,2620 <_ZL16motor_motion_runiym+0x146>
    29b8:	4790                	lw	a2,8(a5)
    29ba:	c60603e3          	beqz	a2,2620 <_ZL16motor_motion_runiym+0x146>
    29be:	0007a423          	sw	zero,8(a5)
    29c2:	03078623          	sb	a6,44(a5)
    29c6:	b9a9                	j	2620 <_ZL16motor_motion_runiym+0x146>
    29c8:	4766                	lw	a4,88(sp)
    29ca:	006ac783          	lbu	a5,6(s5)
    29ce:	9726                	add	a4,a4,s1
    29d0:	2318                	lbu	a4,0(a4)
    29d2:	e719                	bnez	a4,29e0 <_ZL16motor_motion_runiym+0x506>
    29d4:	c78d                	beqz	a5,29fe <_ZL16motor_motion_runiym+0x524>
    29d6:	67c1                	lui	a5,0x10
    29d8:	008aa703          	lw	a4,8(s5)
    29dc:	17fd                	addi	a5,a5,-1 # ffff <MC_PULL_calibration.cpp.947435e8+0x716>
    29de:	a809                	j	29f0 <_ZL16motor_motion_runiym+0x516>
    29e0:	4706                	lw	a4,64(sp)
    29e2:	db6d                	beqz	a4,29d4 <_ZL16motor_motion_runiym+0x4fa>
    29e4:	cf89                	beqz	a5,29fe <_ZL16motor_motion_runiym+0x524>
    29e6:	008aa703          	lw	a4,8(s5)
    29ea:	67c1                	lui	a5,0x10
    29ec:	f0078793          	addi	a5,a5,-256 # ff00 <MC_PULL_calibration.cpp.947435e8+0x617>
    29f0:	00f70763          	beq	a4,a5,29fe <_ZL16motor_motion_runiym+0x524>
    29f4:	00faa423          	sw	a5,8(s5)
    29f8:	4785                	li	a5,1
    29fa:	02fa8623          	sb	a5,44(s5)
    29fe:	000ba783          	lw	a5,0(s7)
    2a02:	00249913          	slli	s2,s1,0x2
    2a06:	de3e                	sw	a5,60(sp)
    2a08:	47a6                	lw	a5,72(sp)
    2a0a:	97ca                	add	a5,a5,s2
    2a0c:	438c                	lw	a1,0(a5)
    2a0e:	57d2                	lw	a5,52(sp)
    2a10:	5fc8                	lw	a0,60(a5)
    2a12:	194080ef          	jal	ra,aba6 <__subsf3>
    2a16:	00000593          	li	a1,0
    2a1a:	89aa                	mv	s3,a0
    2a1c:	617070ef          	jal	ra,a832 <__lesf2>
    2a20:	00055663          	bgez	a0,2a2c <_ZL16motor_motion_runiym+0x552>
    2a24:	800007b7          	lui	a5,0x80000
    2a28:	0137c9b3          	xor	s3,a5,s3
    2a2c:	5572                	lw	a0,60(sp)
    2a2e:	00000593          	li	a1,0
    2a32:	601070ef          	jal	ra,a832 <__lesf2>
    2a36:	04a05463          	blez	a0,2a7e <_ZL16motor_motion_runiym+0x5a4>
    2a3a:	5572                	lw	a0,60(sp)
    2a3c:	85ce                	mv	a1,s3
    2a3e:	5f5070ef          	jal	ra,a832 <__lesf2>
    2a42:	02a05e63          	blez	a0,2a7e <_ZL16motor_motion_runiym+0x5a4>
    2a46:	20002737          	lui	a4,0x20002
    2a4a:	8e870713          	addi	a4,a4,-1816 # 200018e8 <_ZL15g_pull_start_ms>
    2a4e:	00349793          	slli	a5,s1,0x3
    2a52:	97ba                	add	a5,a5,a4
    2a54:	4398                	lw	a4,0(a5)
    2a56:	43d4                	lw	a3,4(a5)
    2a58:	47c2                	lw	a5,16(sp)
    2a5a:	8f99                	sub	a5,a5,a4
    2a5c:	4742                	lw	a4,16(sp)
    2a5e:	00f73633          	sltu	a2,a4,a5
    2a62:	4752                	lw	a4,20(sp)
    2a64:	8f15                	sub	a4,a4,a3
    2a66:	00c71c63          	bne	a4,a2,2a7e <_ZL16motor_motion_runiym+0x5a4>
    2a6a:	6759                	lui	a4,0x16
    2a6c:	f8f70713          	addi	a4,a4,-113 # 15f8f <bambu_bus_ams.cpp.f1682fb9+0x4b>
    2a70:	00f76763          	bltu	a4,a5,2a7e <_ZL16motor_motion_runiym+0x5a4>
    2a74:	a5818793          	addi	a5,gp,-1448 # 200003e8 <_ZL13g_as5600_good>
    2a78:	97a6                	add	a5,a5,s1
    2a7a:	239c                	lbu	a5,0(a5)
    2a7c:	eb9d                	bnez	a5,2ab2 <_ZL16motor_motion_runiym+0x5d8>
    2a7e:	00000793          	li	a5,0
    2a82:	00fc2023          	sw	a5,0(s8)
    2a86:	4796                	lw	a5,68(sp)
    2a88:	4742                	lw	a4,16(sp)
    2a8a:	5522                	lw	a0,40(sp)
    2a8c:	993e                	add	s2,s2,a5
    2a8e:	47b6                	lw	a5,76(sp)
    2a90:	06400613          	li	a2,100
    2a94:	4681                	li	a3,0
    2a96:	00f92023          	sw	a5,0(s2)
    2a9a:	47d2                	lw	a5,20(sp)
    2a9c:	458d                	li	a1,3
    2a9e:	846fe0ef          	jal	ra,ae4 <_ZN14_MOTOR_CONTROL10set_motionE20filament_motion_enumyy>
    2aa2:	57a6                	lw	a5,104(sp)
    2aa4:	00fba023          	sw	a5,0(s7)
    2aa8:	4795                	li	a5,5
    2aaa:	00fa2023          	sw	a5,0(s4)
    2aae:	4785                	li	a5,1
    2ab0:	b121                	j	26b8 <_ZL16motor_motion_runiym+0x1de>
    2ab2:	5572                	lw	a0,60(sp)
    2ab4:	85ce                	mv	a1,s3
    2ab6:	0f0080ef          	jal	ra,aba6 <__subsf3>
    2aba:	00000593          	li	a1,0
    2abe:	89aa                	mv	s3,a0
    2ac0:	4dd070ef          	jal	ra,a79c <__gesf2>
    2ac4:	00a04463          	bgtz	a0,2acc <_ZL16motor_motion_runiym+0x5f2>
    2ac8:	00000993          	li	s3,0
    2acc:	9481a583          	lw	a1,-1720(gp) # 200002d8 <_ZL7g_scale+0x118>
    2ad0:	013c2023          	sw	s3,0(s8)
    2ad4:	854e                	mv	a0,s3
    2ad6:	17f070ef          	jal	ra,a454 <__divsf3>
    2ada:	00000593          	li	a1,0
    2ade:	89aa                	mv	s3,a0
    2ae0:	553070ef          	jal	ra,a832 <__lesf2>
    2ae4:	00054d63          	bltz	a0,2afe <_ZL16motor_motion_runiym+0x624>
    2ae8:	8741a583          	lw	a1,-1932(gp) # 20000204 <_ZL7g_scale+0x44>
    2aec:	854e                	mv	a0,s3
    2aee:	4af070ef          	jal	ra,a79c <__gesf2>
    2af2:	8741a583          	lw	a1,-1932(gp) # 20000204 <_ZL7g_scale+0x44>
    2af6:	00a05663          	blez	a0,2b02 <_ZL16motor_motion_runiym+0x628>
    2afa:	89ae                	mv	s3,a1
    2afc:	a019                	j	2b02 <_ZL16motor_motion_runiym+0x628>
    2afe:	00000993          	li	s3,0
    2b02:	4796                	lw	a5,68(sp)
    2b04:	854e                	mv	a0,s3
    2b06:	993e                	add	s2,s2,a5
    2b08:	94c1a583          	lw	a1,-1716(gp) # 200002dc <_ZL7g_scale+0x11c>
    2b0c:	5bf070ef          	jal	ra,a8ca <__mulsf3>
    2b10:	9501a583          	lw	a1,-1712(gp) # 200002e0 <_ZL7g_scale+0x120>
    2b14:	5d8070ef          	jal	ra,a0ec <__addsf3>
    2b18:	800007b7          	lui	a5,0x80000
    2b1c:	8fa9                	xor	a5,a5,a0
    2b1e:	00f92023          	sw	a5,0(s2)
    2b22:	4742                	lw	a4,16(sp)
    2b24:	47d2                	lw	a5,20(sp)
    2b26:	06400613          	li	a2,100
    2b2a:	4681                	li	a3,0
    2b2c:	4589                	li	a1,2
    2b2e:	5522                	lw	a0,40(sp)
    2b30:	fb5fd0ef          	jal	ra,ae4 <_ZN14_MOTOR_CONTROL10set_motionE20filament_motion_enumyy>
    2b34:	bfad                	j	2aae <_ZL16motor_motion_runiym+0x5d4>
    2b36:	4766                	lw	a4,88(sp)
    2b38:	006ac783          	lbu	a5,6(s5)
    2b3c:	9726                	add	a4,a4,s1
    2b3e:	2318                	lbu	a4,0(a4)
    2b40:	eb15                	bnez	a4,2b74 <_ZL16motor_motion_runiym+0x69a>
    2b42:	cf91                	beqz	a5,2b5e <_ZL16motor_motion_runiym+0x684>
    2b44:	008aa703          	lw	a4,8(s5)
    2b48:	010007b7          	lui	a5,0x1000
    2b4c:	f0078793          	addi	a5,a5,-256 # ffff00 <ch32v20x_wwdg.c.13394d49+0xfe2197>
    2b50:	00f70763          	beq	a4,a5,2b5e <_ZL16motor_motion_runiym+0x684>
    2b54:	00faa423          	sw	a5,8(s5)
    2b58:	4785                	li	a5,1
    2b5a:	02fa8623          	sb	a5,44(s5)
    2b5e:	009d07b3          	add	a5,s10,s1
    2b62:	239c                	lbu	a5,0(a5)
    2b64:	4742                	lw	a4,16(sp)
    2b66:	ef81                	bnez	a5,2b7e <_ZL16motor_motion_runiym+0x6a4>
    2b68:	47d2                	lw	a5,20(sp)
    2b6a:	06400613          	li	a2,100
    2b6e:	4681                	li	a3,0
    2b70:	4585                	li	a1,1
    2b72:	bf75                	j	2b2e <_ZL16motor_motion_runiym+0x654>
    2b74:	d7ed                	beqz	a5,2b5e <_ZL16motor_motion_runiym+0x684>
    2b76:	008aa703          	lw	a4,8(s5)
    2b7a:	67c1                	lui	a5,0x10
    2b7c:	bfc1                	j	2b4c <_ZL16motor_motion_runiym+0x672>
    2b7e:	47d2                	lw	a5,20(sp)
    2b80:	5522                	lw	a0,40(sp)
    2b82:	06400613          	li	a2,100
    2b86:	4681                	li	a3,0
    2b88:	458d                	li	a1,3
    2b8a:	f5bfd0ef          	jal	ra,ae4 <_ZN14_MOTOR_CONTROL10set_motionE20filament_motion_enumyy>
    2b8e:	57d2                	lw	a5,52(sp)
    2b90:	100406a3          	sb	zero,269(s0)
    2b94:	000a2023          	sw	zero,0(s4)
    2b98:	02078aa3          	sb	zero,53(a5) # 10035 <MC_PULL_calibration.cpp.947435e8+0x74c>
    2b9c:	bf09                	j	2aae <_ZL16motor_motion_runiym+0x5d4>
    2b9e:	4742                	lw	a4,16(sp)
    2ba0:	47d2                	lw	a5,20(sp)
    2ba2:	d442                	sw	a6,40(sp)
    2ba4:	3e800613          	li	a2,1000
    2ba8:	4681                	li	a3,0
    2baa:	458d                	li	a1,3
    2bac:	be55                	j	2760 <_ZL16motor_motion_runiym+0x286>
    2bae:	008d07b3          	add	a5,s10,s0
    2bb2:	239c                	lbu	a5,0(a5)
    2bb4:	c3d1                	beqz	a5,2c38 <_ZL16motor_motion_runiym+0x75e>
    2bb6:	57d2                	lw	a5,52(sp)
    2bb8:	4715                	li	a4,5
    2bba:	17fd                	addi	a5,a5,-1
    2bbc:	0ff7f793          	zext.b	a5,a5
    2bc0:	66f76663          	bltu	a4,a5,322c <_ZL16motor_motion_runiym+0xd52>
    2bc4:	672d                	lui	a4,0xb
    2bc6:	078a                	slli	a5,a5,0x2
    2bc8:	62470713          	addi	a4,a4,1572 # b624 <__clzsi2+0x178>
    2bcc:	97ba                	add	a5,a5,a4
    2bce:	439c                	lw	a5,0(a5)
    2bd0:	8782                	jr	a5
    2bd2:	4889                	li	a7,2
    2bd4:	4742                	lw	a4,16(sp)
    2bd6:	47d2                	lw	a5,20(sp)
    2bd8:	011da023          	sw	a7,0(s11)
    2bdc:	12c00613          	li	a2,300
    2be0:	4681                	li	a3,0
    2be2:	4591                	li	a1,4
    2be4:	8526                	mv	a0,s1
    2be6:	d442                	sw	a6,40(sp)
    2be8:	efdfd0ef          	jal	ra,ae4 <_ZN14_MOTOR_CONTROL10set_motionE20filament_motion_enumyy>
    2bec:	5822                	lw	a6,40(sp)
    2bee:	0405                	addi	s0,s0,1
    2bf0:	03090793          	addi	a5,s2,48
    2bf4:	00084703          	lbu	a4,0(a6)
    2bf8:	0d91                	addi	s11,s11,4
    2bfa:	0991                	addi	s3,s3,4
    2bfc:	0a05                	addi	s4,s4,1
    2bfe:	0a91                	addi	s5,s5,4
    2c00:	0805                	addi	a6,a6,1
    2c02:	0b85                	addi	s7,s7,1
    2c04:	040b0b13          	addi	s6,s6,64
    2c08:	4889                	li	a7,2
    2c0a:	1a071d63          	bnez	a4,2dc4 <_ZL16motor_motion_runiym+0x8ea>
    2c0e:	00694703          	lbu	a4,6(s2)
    2c12:	18071b63          	bnez	a4,2da8 <_ZL16motor_motion_runiym+0x8ce>
    2c16:	893e                	mv	s2,a5
    2c18:	4791                	li	a5,4
    2c1a:	b6f405e3          	beq	s0,a5,2784 <_ZL16motor_motion_runiym+0x2aa>
    2c1e:	09800493          	li	s1,152
    2c22:	029404b3          	mul	s1,s0,s1
    2c26:	0ff47793          	zext.b	a5,s0
    2c2a:	94e6                	add	s1,s1,s9
    2c2c:	aefc1ce3          	bne	s8,a5,2724 <_ZL16motor_motion_runiym+0x24a>
    2c30:	008d07b3          	add	a5,s10,s0
    2c34:	239c                	lbu	a5,0(a5)
    2c36:	ffd9                	bnez	a5,2bd4 <_ZL16motor_motion_runiym+0x6fa>
    2c38:	47d2                	lw	a5,20(sp)
    2c3a:	4742                	lw	a4,16(sp)
    2c3c:	000da023          	sw	zero,0(s11)
    2c40:	06400613          	li	a2,100
    2c44:	4681                	li	a3,0
    2c46:	459d                	li	a1,7
    2c48:	8526                	mv	a0,s1
    2c4a:	d442                	sw	a6,40(sp)
    2c4c:	e99fd0ef          	jal	ra,ae4 <_ZN14_MOTOR_CONTROL10set_motionE20filament_motion_enumyy>
    2c50:	5822                	lw	a6,40(sp)
    2c52:	00084783          	lbu	a5,0(a6)
    2c56:	6e079163          	bnez	a5,3338 <_ZL16motor_motion_runiym+0xe5e>
    2c5a:	00694783          	lbu	a5,6(s2)
    2c5e:	b00785e3          	beqz	a5,2768 <_ZL16motor_motion_runiym+0x28e>
    2c62:	00892783          	lw	a5,8(s2)
    2c66:	b00781e3          	beqz	a5,2768 <_ZL16motor_motion_runiym+0x28e>
    2c6a:	00092423          	sw	zero,8(s2)
    2c6e:	4785                	li	a5,1
    2c70:	02f90623          	sb	a5,44(s2)
    2c74:	bcd5                	j	2768 <_ZL16motor_motion_runiym+0x28e>
    2c76:	200027b7          	lui	a5,0x20002
    2c7a:	92878793          	addi	a5,a5,-1752 # 20001928 <_ZL25filament_pull_back_meters>
    2c7e:	de3e                	sw	a5,60(sp)
    2c80:	200007b7          	lui	a5,0x20000
    2c84:	13078793          	addi	a5,a5,304 # 20000130 <_ZL16g_pull_speed_set>
    2c88:	c2be                	sw	a5,68(sp)
    2c8a:	9441a783          	lw	a5,-1724(gp) # 200002d4 <_ZL7g_scale+0x114>
    2c8e:	c4be                	sw	a5,72(sp)
    2c90:	200027b7          	lui	a5,0x20002
    2c94:	8e878793          	addi	a5,a5,-1816 # 200018e8 <_ZL15g_pull_start_ms>
    2c98:	c6be                	sw	a5,76(sp)
    2c9a:	00084703          	lbu	a4,0(a6)
    2c9e:	00694783          	lbu	a5,6(s2)
    2ca2:	2a071d63          	bnez	a4,2f5c <_ZL16motor_motion_runiym+0xa82>
    2ca6:	2c078b63          	beqz	a5,2f7c <_ZL16motor_motion_runiym+0xaa2>
    2caa:	002da7b7          	lui	a5,0x2da
    2cae:	00892703          	lw	a4,8(s2)
    2cb2:	0ff78793          	addi	a5,a5,255 # 2da0ff <ch32v20x_wwdg.c.13394d49+0x2bc396>
    2cb6:	ac65                	j	2f6e <_ZL16motor_motion_runiym+0xa94>
    2cb8:	200007b7          	lui	a5,0x20000
    2cbc:	14078793          	addi	a5,a5,320 # 20000140 <_ZL13MC_PULL_pct_f>
    2cc0:	c2be                	sw	a5,68(sp)
    2cc2:	9581a783          	lw	a5,-1704(gp) # 200002e8 <_ZL7g_scale+0x128>
    2cc6:	c4be                	sw	a5,72(sp)
    2cc8:	00084703          	lbu	a4,0(a6)
    2ccc:	00694783          	lbu	a5,6(s2)
    2cd0:	38071c63          	bnez	a4,3068 <_ZL16motor_motion_runiym+0xb8e>
    2cd4:	3a078a63          	beqz	a5,3088 <_ZL16motor_motion_runiym+0xbae>
    2cd8:	00892703          	lw	a4,8(s2)
    2cdc:	00a107b7          	lui	a5,0xa10
    2ce0:	ae59                	j	3076 <_ZL16motor_motion_runiym+0xb9c>
    2ce2:	4889                	li	a7,2
    2ce4:	4742                	lw	a4,16(sp)
    2ce6:	47d2                	lw	a5,20(sp)
    2ce8:	011da023          	sw	a7,0(s11)
    2cec:	12c00613          	li	a2,300
    2cf0:	4681                	li	a3,0
    2cf2:	4599                	li	a1,6
    2cf4:	8526                	mv	a0,s1
    2cf6:	d442                	sw	a6,40(sp)
    2cf8:	dedfd0ef          	jal	ra,ae4 <_ZN14_MOTOR_CONTROL10set_motionE20filament_motion_enumyy>
    2cfc:	5822                	lw	a6,40(sp)
    2cfe:	0405                	addi	s0,s0,1
    2d00:	03090793          	addi	a5,s2,48
    2d04:	00084703          	lbu	a4,0(a6)
    2d08:	0d91                	addi	s11,s11,4
    2d0a:	0991                	addi	s3,s3,4
    2d0c:	0a05                	addi	s4,s4,1
    2d0e:	0a91                	addi	s5,s5,4
    2d10:	0805                	addi	a6,a6,1
    2d12:	0b85                	addi	s7,s7,1
    2d14:	040b0b13          	addi	s6,s6,64
    2d18:	4889                	li	a7,2
    2d1a:	4e071f63          	bnez	a4,3218 <_ZL16motor_motion_runiym+0xd3e>
    2d1e:	00694703          	lbu	a4,6(s2)
    2d22:	4c071d63          	bnez	a4,31fc <_ZL16motor_motion_runiym+0xd22>
    2d26:	893e                	mv	s2,a5
    2d28:	4791                	li	a5,4
    2d2a:	a4f40de3          	beq	s0,a5,2784 <_ZL16motor_motion_runiym+0x2aa>
    2d2e:	09800493          	li	s1,152
    2d32:	029404b3          	mul	s1,s0,s1
    2d36:	0ff47793          	zext.b	a5,s0
    2d3a:	94e6                	add	s1,s1,s9
    2d3c:	9efc14e3          	bne	s8,a5,2724 <_ZL16motor_motion_runiym+0x24a>
    2d40:	008d07b3          	add	a5,s10,s0
    2d44:	239c                	lbu	a5,0(a5)
    2d46:	ffd9                	bnez	a5,2ce4 <_ZL16motor_motion_runiym+0x80a>
    2d48:	bdc5                	j	2c38 <_ZL16motor_motion_runiym+0x75e>
    2d4a:	4889                	li	a7,2
    2d4c:	4742                	lw	a4,16(sp)
    2d4e:	47d2                	lw	a5,20(sp)
    2d50:	011da023          	sw	a7,0(s11)
    2d54:	12c00613          	li	a2,300
    2d58:	4681                	li	a3,0
    2d5a:	4595                	li	a1,5
    2d5c:	8526                	mv	a0,s1
    2d5e:	d442                	sw	a6,40(sp)
    2d60:	d85fd0ef          	jal	ra,ae4 <_ZN14_MOTOR_CONTROL10set_motionE20filament_motion_enumyy>
    2d64:	5822                	lw	a6,40(sp)
    2d66:	00694703          	lbu	a4,6(s2)
    2d6a:	0405                	addi	s0,s0,1
    2d6c:	03090793          	addi	a5,s2,48
    2d70:	0d91                	addi	s11,s11,4
    2d72:	0991                	addi	s3,s3,4
    2d74:	0a05                	addi	s4,s4,1
    2d76:	0a91                	addi	s5,s5,4
    2d78:	0805                	addi	a6,a6,1
    2d7a:	0b85                	addi	s7,s7,1
    2d7c:	040b0b13          	addi	s6,s6,64
    2d80:	4889                	li	a7,2
    2d82:	eb29                	bnez	a4,2dd4 <_ZL16motor_motion_runiym+0x8fa>
    2d84:	893e                	mv	s2,a5
    2d86:	4791                	li	a5,4
    2d88:	9ef40ee3          	beq	s0,a5,2784 <_ZL16motor_motion_runiym+0x2aa>
    2d8c:	09800493          	li	s1,152
    2d90:	029404b3          	mul	s1,s0,s1
    2d94:	0ff47793          	zext.b	a5,s0
    2d98:	94e6                	add	s1,s1,s9
    2d9a:	98fc15e3          	bne	s8,a5,2724 <_ZL16motor_motion_runiym+0x24a>
    2d9e:	008d07b3          	add	a5,s10,s0
    2da2:	239c                	lbu	a5,0(a5)
    2da4:	f7c5                	bnez	a5,2d4c <_ZL16motor_motion_runiym+0x872>
    2da6:	bd49                	j	2c38 <_ZL16motor_motion_runiym+0x75e>
    2da8:	00892683          	lw	a3,8(s2)
    2dac:	01000737          	lui	a4,0x1000
    2db0:	f0070713          	addi	a4,a4,-256 # ffff00 <ch32v20x_wwdg.c.13394d49+0xfe2197>
    2db4:	e6e681e3          	beq	a3,a4,2c16 <_ZL16motor_motion_runiym+0x73c>
    2db8:	00e92423          	sw	a4,8(s2)
    2dbc:	4705                	li	a4,1
    2dbe:	02e90623          	sb	a4,44(s2)
    2dc2:	bd91                	j	2c16 <_ZL16motor_motion_runiym+0x73c>
    2dc4:	00694703          	lbu	a4,6(s2)
    2dc8:	e40707e3          	beqz	a4,2c16 <_ZL16motor_motion_runiym+0x73c>
    2dcc:	00892683          	lw	a3,8(s2)
    2dd0:	6741                	lui	a4,0x10
    2dd2:	bff9                	j	2db0 <_ZL16motor_motion_runiym+0x8d6>
    2dd4:	00892683          	lw	a3,8(s2)
    2dd8:	6741                	lui	a4,0x10
    2dda:	f0070713          	addi	a4,a4,-256 # ff00 <MC_PULL_calibration.cpp.947435e8+0x617>
    2dde:	fae683e3          	beq	a3,a4,2d84 <_ZL16motor_motion_runiym+0x8aa>
    2de2:	00e92423          	sw	a4,8(s2)
    2de6:	4705                	li	a4,1
    2de8:	02e90623          	sb	a4,44(s2)
    2dec:	bf61                	j	2d84 <_ZL16motor_motion_runiym+0x8aa>
    2dee:	47d2                	lw	a5,20(sp)
    2df0:	4742                	lw	a4,16(sp)
    2df2:	06400613          	li	a2,100
    2df6:	4681                	li	a3,0
    2df8:	458d                	li	a1,3
    2dfa:	8526                	mv	a0,s1
    2dfc:	d4c6                	sw	a7,104(sp)
    2dfe:	c6f6                	sw	t4,76(sp)
    2e00:	c4fa                	sw	t5,72(sp)
    2e02:	c29a                	sw	t1,68(sp)
    2e04:	de72                	sw	t3,60(sp)
    2e06:	d442                	sw	a6,40(sp)
    2e08:	cddfd0ef          	jal	ra,ae4 <_ZN14_MOTOR_CONTROL10set_motionE20filament_motion_enumyy>
    2e0c:	5822                	lw	a6,40(sp)
    2e0e:	5e72                	lw	t3,60(sp)
    2e10:	4316                	lw	t1,68(sp)
    2e12:	00084783          	lbu	a5,0(a6)
    2e16:	4f26                	lw	t5,72(sp)
    2e18:	4eb6                	lw	t4,76(sp)
    2e1a:	58a6                	lw	a7,104(sp)
    2e1c:	10079a63          	bnez	a5,2f30 <_ZL16motor_motion_runiym+0xa56>
    2e20:	00694783          	lbu	a5,6(s2)
    2e24:	ebe5                	bnez	a5,2f14 <_ZL16motor_motion_runiym+0xa3a>
    2e26:	8472                	mv	s0,t3
    2e28:	891a                	mv	s2,t1
    2e2a:	8dfa                	mv	s11,t5
    2e2c:	8876                	mv	a6,t4
    2e2e:	4791                	li	a5,4
    2e30:	8bc6                	mv	s7,a7
    2e32:	94f409e3          	beq	s0,a5,2784 <_ZL16motor_motion_runiym+0x2aa>
    2e36:	09800493          	li	s1,152
    2e3a:	029404b3          	mul	s1,s0,s1
    2e3e:	0ff47793          	zext.b	a5,s0
    2e42:	94e6                	add	s1,s1,s9
    2e44:	8efc10e3          	bne	s8,a5,2724 <_ZL16motor_motion_runiym+0x24a>
    2e48:	008d07b3          	add	a5,s10,s0
    2e4c:	239c                	lbu	a5,0(a5)
    2e4e:	de0785e3          	beqz	a5,2c38 <_ZL16motor_motion_runiym+0x75e>
    2e52:	000bc783          	lbu	a5,0(s7)
    2e56:	00140e13          	addi	t3,s0,1
    2e5a:	03090313          	addi	t1,s2,48
    2e5e:	004d8f13          	addi	t5,s11,4
    2e62:	0991                	addi	s3,s3,4
    2e64:	0a05                	addi	s4,s4,1
    2e66:	0a91                	addi	s5,s5,4
    2e68:	00180e93          	addi	t4,a6,1
    2e6c:	001b8893          	addi	a7,s7,1
    2e70:	040b0b13          	addi	s6,s6,64
    2e74:	cbe1                	beqz	a5,2f44 <_ZL16motor_motion_runiym+0xa6a>
    2e76:	200007b7          	lui	a5,0x20000
    2e7a:	040a                	slli	s0,s0,0x2
    2e7c:	14078793          	addi	a5,a5,320 # 20000140 <_ZL13MC_PULL_pct_f>
    2e80:	97a2                	add	a5,a5,s0
    2e82:	9541a583          	lw	a1,-1708(gp) # 200002e4 <_ZL7g_scale+0x124>
    2e86:	4388                	lw	a0,0(a5)
    2e88:	d4c6                	sw	a7,104(sp)
    2e8a:	c6f6                	sw	t4,76(sp)
    2e8c:	c4fa                	sw	t5,72(sp)
    2e8e:	c29a                	sw	t1,68(sp)
    2e90:	de72                	sw	t3,60(sp)
    2e92:	d442                	sw	a6,40(sp)
    2e94:	109070ef          	jal	ra,a79c <__gesf2>
    2e98:	5822                	lw	a6,40(sp)
    2e9a:	5e72                	lw	t3,60(sp)
    2e9c:	4316                	lw	t1,68(sp)
    2e9e:	4f26                	lw	t5,72(sp)
    2ea0:	4eb6                	lw	t4,76(sp)
    2ea2:	58a6                	lw	a7,104(sp)
    2ea4:	f4a055e3          	blez	a0,2dee <_ZL16motor_motion_runiym+0x914>
    2ea8:	200027b7          	lui	a5,0x20002
    2eac:	d8878793          	addi	a5,a5,-632 # 20001d88 <_ZL18g_on_use_hi_pwm_us>
    2eb0:	943e                	add	s0,s0,a5
    2eb2:	00080023          	sb	zero,0(a6)
    2eb6:	000b8023          	sb	zero,0(s7)
    2eba:	00042023          	sw	zero,0(s0)
    2ebe:	00694783          	lbu	a5,6(s2)
    2ec2:	cf91                	beqz	a5,2ede <_ZL16motor_motion_runiym+0xa04>
    2ec4:	00892703          	lw	a4,8(s2)
    2ec8:	00d507b7          	lui	a5,0xd50
    2ecc:	02a78793          	addi	a5,a5,42 # d5002a <ch32v20x_wwdg.c.13394d49+0xd322c1>
    2ed0:	00f70763          	beq	a4,a5,2ede <_ZL16motor_motion_runiym+0xa04>
    2ed4:	00f92423          	sw	a5,8(s2)
    2ed8:	4785                	li	a5,1
    2eda:	02f90623          	sb	a5,44(s2)
    2ede:	4785                	li	a5,1
    2ee0:	00fda023          	sw	a5,0(s11)
    2ee4:	4742                	lw	a4,16(sp)
    2ee6:	47d2                	lw	a5,20(sp)
    2ee8:	06400613          	li	a2,100
    2eec:	4681                	li	a3,0
    2eee:	4581                	li	a1,0
    2ef0:	8526                	mv	a0,s1
    2ef2:	c6c6                	sw	a7,76(sp)
    2ef4:	c4f6                	sw	t4,72(sp)
    2ef6:	c2fa                	sw	t5,68(sp)
    2ef8:	de1a                	sw	t1,60(sp)
    2efa:	d472                	sw	t3,40(sp)
    2efc:	be9fd0ef          	jal	ra,ae4 <_ZN14_MOTOR_CONTROL10set_motionE20filament_motion_enumyy>
    2f00:	5e22                	lw	t3,40(sp)
    2f02:	5372                	lw	t1,60(sp)
    2f04:	4f16                	lw	t5,68(sp)
    2f06:	4ea6                	lw	t4,72(sp)
    2f08:	48b6                	lw	a7,76(sp)
    2f0a:	8472                	mv	s0,t3
    2f0c:	891a                	mv	s2,t1
    2f0e:	8dfa                	mv	s11,t5
    2f10:	8876                	mv	a6,t4
    2f12:	bf31                	j	2e2e <_ZL16motor_motion_runiym+0x954>
    2f14:	00892703          	lw	a4,8(s2)
    2f18:	00d507b7          	lui	a5,0xd50
    2f1c:	02a78793          	addi	a5,a5,42 # d5002a <ch32v20x_wwdg.c.13394d49+0xd322c1>
    2f20:	f0f703e3          	beq	a4,a5,2e26 <_ZL16motor_motion_runiym+0x94c>
    2f24:	00f92423          	sw	a5,8(s2)
    2f28:	4785                	li	a5,1
    2f2a:	02f90623          	sb	a5,44(s2)
    2f2e:	bde5                	j	2e26 <_ZL16motor_motion_runiym+0x94c>
    2f30:	00694783          	lbu	a5,6(s2)
    2f34:	ee0789e3          	beqz	a5,2e26 <_ZL16motor_motion_runiym+0x94c>
    2f38:	67c1                	lui	a5,0x10
    2f3a:	00892703          	lw	a4,8(s2)
    2f3e:	f0078793          	addi	a5,a5,-256 # ff00 <MC_PULL_calibration.cpp.947435e8+0x617>
    2f42:	bff9                	j	2f20 <_ZL16motor_motion_runiym+0xa46>
    2f44:	00084703          	lbu	a4,0(a6)
    2f48:	00694783          	lbu	a5,6(s2)
    2f4c:	db2d                	beqz	a4,2ebe <_ZL16motor_motion_runiym+0x9e4>
    2f4e:	dbc1                	beqz	a5,2ede <_ZL16motor_motion_runiym+0xa04>
    2f50:	67c1                	lui	a5,0x10
    2f52:	00892703          	lw	a4,8(s2)
    2f56:	f0078793          	addi	a5,a5,-256 # ff00 <MC_PULL_calibration.cpp.947435e8+0x617>
    2f5a:	bf9d                	j	2ed0 <_ZL16motor_motion_runiym+0x9f6>
    2f5c:	4706                	lw	a4,64(sp)
    2f5e:	d40704e3          	beqz	a4,2ca6 <_ZL16motor_motion_runiym+0x7cc>
    2f62:	cf89                	beqz	a5,2f7c <_ZL16motor_motion_runiym+0xaa2>
    2f64:	00892703          	lw	a4,8(s2)
    2f68:	67c1                	lui	a5,0x10
    2f6a:	f0078793          	addi	a5,a5,-256 # ff00 <MC_PULL_calibration.cpp.947435e8+0x617>
    2f6e:	00f70763          	beq	a4,a5,2f7c <_ZL16motor_motion_runiym+0xaa2>
    2f72:	00f92423          	sw	a5,8(s2)
    2f76:	4785                	li	a5,1
    2f78:	02f90623          	sb	a5,44(s2)
    2f7c:	4791                	li	a5,4
    2f7e:	00fda023          	sw	a5,0(s11)
    2f82:	03cb2783          	lw	a5,60(s6)
    2f86:	00241713          	slli	a4,s0,0x2
    2f8a:	d43e                	sw	a5,40(sp)
    2f8c:	57f2                	lw	a5,60(sp)
    2f8e:	56a2                	lw	a3,40(sp)
    2f90:	97ba                	add	a5,a5,a4
    2f92:	c394                	sw	a3,0(a5)
    2f94:	000bc783          	lbu	a5,0(s7)
    2f98:	e7e9                	bnez	a5,3062 <_ZL16motor_motion_runiym+0xb88>
    2f9a:	8781a503          	lw	a0,-1928(gp) # 20000208 <_ZL7g_scale+0x48>
    2f9e:	0009a583          	lw	a1,0(s3)
    2fa2:	dcba                	sw	a4,120(sp)
    2fa4:	dac2                	sw	a6,116(sp)
    2fa6:	401070ef          	jal	ra,aba6 <__subsf3>
    2faa:	00000593          	li	a1,0
    2fae:	d4aa                	sw	a0,104(sp)
    2fb0:	083070ef          	jal	ra,a832 <__lesf2>
    2fb4:	5856                	lw	a6,116(sp)
    2fb6:	5766                	lw	a4,120(sp)
    2fb8:	00000793          	li	a5,0
    2fbc:	02054063          	bltz	a0,2fdc <_ZL16motor_motion_runiym+0xb02>
    2fc0:	8781a583          	lw	a1,-1928(gp) # 20000208 <_ZL7g_scale+0x48>
    2fc4:	57a6                	lw	a5,104(sp)
    2fc6:	853e                	mv	a0,a5
    2fc8:	7d4070ef          	jal	ra,a79c <__gesf2>
    2fcc:	57a6                	lw	a5,104(sp)
    2fce:	5856                	lw	a6,116(sp)
    2fd0:	5766                	lw	a4,120(sp)
    2fd2:	00a05563          	blez	a0,2fdc <_ZL16motor_motion_runiym+0xb02>
    2fd6:	8781a583          	lw	a1,-1928(gp) # 20000208 <_ZL7g_scale+0x48>
    2fda:	87ae                	mv	a5,a1
    2fdc:	46d6                	lw	a3,84(sp)
    2fde:	000a0023          	sb	zero,0(s4)
    2fe2:	06400613          	li	a2,100
    2fe6:	96ba                	add	a3,a3,a4
    2fe8:	c29c                	sw	a5,0(a3)
    2fea:	46c6                	lw	a3,80(sp)
    2fec:	4589                	li	a1,2
    2fee:	8526                	mv	a0,s1
    2ff0:	96ba                	add	a3,a3,a4
    2ff2:	c29c                	sw	a5,0(a3)
    2ff4:	4796                	lw	a5,68(sp)
    2ff6:	4681                	li	a3,0
    2ff8:	d4c2                	sw	a6,104(sp)
    2ffa:	973e                	add	a4,a4,a5
    2ffc:	47a6                	lw	a5,72(sp)
    2ffe:	03090913          	addi	s2,s2,48
    3002:	0d91                	addi	s11,s11,4
    3004:	c31c                	sw	a5,0(a4)
    3006:	00000793          	li	a5,0
    300a:	00f9a023          	sw	a5,0(s3)
    300e:	57a2                	lw	a5,40(sp)
    3010:	4736                	lw	a4,76(sp)
    3012:	0991                	addi	s3,s3,4
    3014:	00faa023          	sw	a5,0(s5)
    3018:	00341793          	slli	a5,s0,0x3
    301c:	97ba                	add	a5,a5,a4
    301e:	4742                	lw	a4,16(sp)
    3020:	0405                	addi	s0,s0,1
    3022:	0a05                	addi	s4,s4,1
    3024:	c398                	sw	a4,0(a5)
    3026:	4752                	lw	a4,20(sp)
    3028:	0a91                	addi	s5,s5,4
    302a:	0b85                	addi	s7,s7,1
    302c:	c3d8                	sw	a4,4(a5)
    302e:	47d2                	lw	a5,20(sp)
    3030:	4742                	lw	a4,16(sp)
    3032:	040b0b13          	addi	s6,s6,64
    3036:	aaffd0ef          	jal	ra,ae4 <_ZN14_MOTOR_CONTROL10set_motionE20filament_motion_enumyy>
    303a:	5826                	lw	a6,104(sp)
    303c:	4791                	li	a5,4
    303e:	0805                	addi	a6,a6,1
    3040:	f4f40263          	beq	s0,a5,2784 <_ZL16motor_motion_runiym+0x2aa>
    3044:	09800493          	li	s1,152
    3048:	029404b3          	mul	s1,s0,s1
    304c:	0ff47793          	zext.b	a5,s0
    3050:	94e6                	add	s1,s1,s9
    3052:	ecfc1963          	bne	s8,a5,2724 <_ZL16motor_motion_runiym+0x24a>
    3056:	008d07b3          	add	a5,s10,s0
    305a:	239c                	lbu	a5,0(a5)
    305c:	c2079fe3          	bnez	a5,2c9a <_ZL16motor_motion_runiym+0x7c0>
    3060:	bee1                	j	2c38 <_ZL16motor_motion_runiym+0x75e>
    3062:	8781a783          	lw	a5,-1928(gp) # 20000208 <_ZL7g_scale+0x48>
    3066:	bf9d                	j	2fdc <_ZL16motor_motion_runiym+0xb02>
    3068:	4706                	lw	a4,64(sp)
    306a:	c60705e3          	beqz	a4,2cd4 <_ZL16motor_motion_runiym+0x7fa>
    306e:	cf89                	beqz	a5,3088 <_ZL16motor_motion_runiym+0xbae>
    3070:	00892703          	lw	a4,8(s2)
    3074:	67c1                	lui	a5,0x10
    3076:	f0078793          	addi	a5,a5,-256 # ff00 <MC_PULL_calibration.cpp.947435e8+0x617>
    307a:	00f70763          	beq	a4,a5,3088 <_ZL16motor_motion_runiym+0xbae>
    307e:	00f92423          	sw	a5,8(s2)
    3082:	4785                	li	a5,1
    3084:	02f90623          	sb	a5,44(s2)
    3088:	000da783          	lw	a5,0(s11)
    308c:	468d                	li	a3,3
    308e:	03cb2703          	lw	a4,60(s6)
    3092:	00d78c63          	beq	a5,a3,30aa <_ZL16motor_motion_runiym+0xbd0>
    3096:	00000793          	li	a5,0
    309a:	00dda023          	sw	a3,0(s11)
    309e:	00eaa023          	sw	a4,0(s5)
    30a2:	00f9a023          	sw	a5,0(s3)
    30a6:	000a0023          	sb	zero,0(s4)
    30aa:	000aa783          	lw	a5,0(s5)
    30ae:	c6ba                	sw	a4,76(sp)
    30b0:	00eaa023          	sw	a4,0(s5)
    30b4:	4716                	lw	a4,68(sp)
    30b6:	d43e                	sw	a5,40(sp)
    30b8:	00241793          	slli	a5,s0,0x2
    30bc:	97ba                	add	a5,a5,a4
    30be:	45a6                	lw	a1,72(sp)
    30c0:	4388                	lw	a0,0(a5)
    30c2:	de42                	sw	a6,60(sp)
    30c4:	6d8070ef          	jal	ra,a79c <__gesf2>
    30c8:	5872                	lw	a6,60(sp)
    30ca:	08a05263          	blez	a0,314e <_ZL16motor_motion_runiym+0xc74>
    30ce:	4736                	lw	a4,76(sp)
    30d0:	55a2                	lw	a1,40(sp)
    30d2:	853a                	mv	a0,a4
    30d4:	2d3070ef          	jal	ra,aba6 <__subsf3>
    30d8:	000a0783          	lb	a5,0(s4)
    30dc:	d42a                	sw	a0,40(sp)
    30de:	5872                	lw	a6,60(sp)
    30e0:	e3a1                	bnez	a5,3120 <_ZL16motor_motion_runiym+0xc46>
    30e2:	00000593          	li	a1,0
    30e6:	74c070ef          	jal	ra,a832 <__lesf2>
    30ea:	5872                	lw	a6,60(sp)
    30ec:	0c055963          	bgez	a0,31be <_ZL16motor_motion_runiym+0xce4>
    30f0:	57a2                	lw	a5,40(sp)
    30f2:	80000537          	lui	a0,0x80000
    30f6:	8d3d                	xor	a0,a0,a5
    30f8:	95c1a583          	lw	a1,-1700(gp) # 200002ec <_ZL7g_scale+0x12c>
    30fc:	de42                	sw	a6,60(sp)
    30fe:	69e070ef          	jal	ra,a79c <__gesf2>
    3102:	5872                	lw	a6,60(sp)
    3104:	00a05e63          	blez	a0,3120 <_ZL16motor_motion_runiym+0xc46>
    3108:	5522                	lw	a0,40(sp)
    310a:	00000593          	li	a1,0
    310e:	68e070ef          	jal	ra,a79c <__gesf2>
    3112:	5872                	lw	a6,60(sp)
    3114:	4785                	li	a5,1
    3116:	00055363          	bgez	a0,311c <_ZL16motor_motion_runiym+0xc42>
    311a:	57fd                	li	a5,-1
    311c:	00fa0023          	sb	a5,0(s4)
    3120:	0009a703          	lw	a4,0(s3)
    3124:	000a0783          	lb	a5,0(s4)
    3128:	de3a                	sw	a4,60(sp)
    312a:	08f05c63          	blez	a5,31c2 <_ZL16motor_motion_runiym+0xce8>
    312e:	5522                	lw	a0,40(sp)
    3130:	00000593          	li	a1,0
    3134:	c6c2                	sw	a6,76(sp)
    3136:	666070ef          	jal	ra,a79c <__gesf2>
    313a:	4836                	lw	a6,76(sp)
    313c:	00a05963          	blez	a0,314e <_ZL16motor_motion_runiym+0xc74>
    3140:	55f2                	lw	a1,60(sp)
    3142:	5522                	lw	a0,40(sp)
    3144:	7a9060ef          	jal	ra,a0ec <__addsf3>
    3148:	4836                	lw	a6,76(sp)
    314a:	00a9a023          	sw	a0,0(s3)
    314e:	0009a783          	lw	a5,0(s3)
    3152:	00000593          	li	a1,0
    3156:	de42                	sw	a6,60(sp)
    3158:	853e                	mv	a0,a5
    315a:	d43e                	sw	a5,40(sp)
    315c:	6d6070ef          	jal	ra,a832 <__lesf2>
    3160:	5872                	lw	a6,60(sp)
    3162:	06055f63          	bgez	a0,31e0 <_ZL16motor_motion_runiym+0xd06>
    3166:	00000793          	li	a5,0
    316a:	00f9a023          	sw	a5,0(s3)
    316e:	47d2                	lw	a5,20(sp)
    3170:	4742                	lw	a4,16(sp)
    3172:	12c00613          	li	a2,300
    3176:	4681                	li	a3,0
    3178:	45a1                	li	a1,8
    317a:	8526                	mv	a0,s1
    317c:	d442                	sw	a6,40(sp)
    317e:	967fd0ef          	jal	ra,ae4 <_ZN14_MOTOR_CONTROL10set_motionE20filament_motion_enumyy>
    3182:	5822                	lw	a6,40(sp)
    3184:	0405                	addi	s0,s0,1
    3186:	4791                	li	a5,4
    3188:	03090913          	addi	s2,s2,48
    318c:	0d91                	addi	s11,s11,4
    318e:	0991                	addi	s3,s3,4
    3190:	0a05                	addi	s4,s4,1
    3192:	0a91                	addi	s5,s5,4
    3194:	0805                	addi	a6,a6,1
    3196:	0b85                	addi	s7,s7,1
    3198:	040b0b13          	addi	s6,s6,64
    319c:	def40463          	beq	s0,a5,2784 <_ZL16motor_motion_runiym+0x2aa>
    31a0:	09800493          	li	s1,152
    31a4:	029404b3          	mul	s1,s0,s1
    31a8:	0ff47793          	zext.b	a5,s0
    31ac:	94e6                	add	s1,s1,s9
    31ae:	d6fc1b63          	bne	s8,a5,2724 <_ZL16motor_motion_runiym+0x24a>
    31b2:	008d07b3          	add	a5,s10,s0
    31b6:	239c                	lbu	a5,0(a5)
    31b8:	b00798e3          	bnez	a5,2cc8 <_ZL16motor_motion_runiym+0x7ee>
    31bc:	bcb5                	j	2c38 <_ZL16motor_motion_runiym+0x75e>
    31be:	5522                	lw	a0,40(sp)
    31c0:	bf25                	j	30f8 <_ZL16motor_motion_runiym+0xc1e>
    31c2:	d7d1                	beqz	a5,314e <_ZL16motor_motion_runiym+0xc74>
    31c4:	5522                	lw	a0,40(sp)
    31c6:	00000593          	li	a1,0
    31ca:	c6c2                	sw	a6,76(sp)
    31cc:	666070ef          	jal	ra,a832 <__lesf2>
    31d0:	4836                	lw	a6,76(sp)
    31d2:	f6055ee3          	bgez	a0,314e <_ZL16motor_motion_runiym+0xc74>
    31d6:	55a2                	lw	a1,40(sp)
    31d8:	5572                	lw	a0,60(sp)
    31da:	1cd070ef          	jal	ra,aba6 <__subsf3>
    31de:	b7ad                	j	3148 <_ZL16motor_motion_runiym+0xc6e>
    31e0:	8b01a583          	lw	a1,-1872(gp) # 20000240 <_ZL7g_scale+0x80>
    31e4:	5522                	lw	a0,40(sp)
    31e6:	de42                	sw	a6,60(sp)
    31e8:	5b4070ef          	jal	ra,a79c <__gesf2>
    31ec:	5872                	lw	a6,60(sp)
    31ee:	f8a050e3          	blez	a0,316e <_ZL16motor_motion_runiym+0xc94>
    31f2:	8b01a583          	lw	a1,-1872(gp) # 20000240 <_ZL7g_scale+0x80>
    31f6:	00b9a023          	sw	a1,0(s3)
    31fa:	bf95                	j	316e <_ZL16motor_motion_runiym+0xc94>
    31fc:	00892683          	lw	a3,8(s2)
    3200:	00b00737          	lui	a4,0xb00
    3204:	0ff70713          	addi	a4,a4,255 # b000ff <ch32v20x_wwdg.c.13394d49+0xae2396>
    3208:	b0e68fe3          	beq	a3,a4,2d26 <_ZL16motor_motion_runiym+0x84c>
    320c:	00e92423          	sw	a4,8(s2)
    3210:	4705                	li	a4,1
    3212:	02e90623          	sb	a4,44(s2)
    3216:	be01                	j	2d26 <_ZL16motor_motion_runiym+0x84c>
    3218:	00694703          	lbu	a4,6(s2)
    321c:	b00705e3          	beqz	a4,2d26 <_ZL16motor_motion_runiym+0x84c>
    3220:	6741                	lui	a4,0x10
    3222:	00892683          	lw	a3,8(s2)
    3226:	f0070713          	addi	a4,a4,-256 # ff00 <MC_PULL_calibration.cpp.947435e8+0x617>
    322a:	bff9                	j	3208 <_ZL16motor_motion_runiym+0xd2e>
    322c:	000bc783          	lbu	a5,0(s7)
    3230:	00140e13          	addi	t3,s0,1
    3234:	03090313          	addi	t1,s2,48
    3238:	00180393          	addi	t2,a6,1
    323c:	000da023          	sw	zero,0(s11)
    3240:	c49e                	sw	t2,72(sp)
    3242:	c29a                	sw	t1,68(sp)
    3244:	de72                	sw	t3,60(sp)
    3246:	d442                	sw	a6,40(sp)
    3248:	4742                	lw	a4,16(sp)
    324a:	0d91                	addi	s11,s11,4
    324c:	0991                	addi	s3,s3,4
    324e:	0a05                	addi	s4,s4,1
    3250:	0a91                	addi	s5,s5,4
    3252:	0b85                	addi	s7,s7,1
    3254:	040b0b13          	addi	s6,s6,64
    3258:	cfb9                	beqz	a5,32b6 <_ZL16motor_motion_runiym+0xddc>
    325a:	47d2                	lw	a5,20(sp)
    325c:	06400613          	li	a2,100
    3260:	4681                	li	a3,0
    3262:	458d                	li	a1,3
    3264:	8526                	mv	a0,s1
    3266:	87ffd0ef          	jal	ra,ae4 <_ZN14_MOTOR_CONTROL10set_motionE20filament_motion_enumyy>
    326a:	5822                	lw	a6,40(sp)
    326c:	6741                	lui	a4,0x10
    326e:	5e72                	lw	t3,60(sp)
    3270:	00084783          	lbu	a5,0(a6)
    3274:	4316                	lw	t1,68(sp)
    3276:	43a6                	lw	t2,72(sp)
    3278:	f0070e93          	addi	t4,a4,-256 # ff00 <MC_PULL_calibration.cpp.947435e8+0x617>
    327c:	00354737          	lui	a4,0x354
    3280:	4f05                	li	t5,1
    3282:	4891                	li	a7,4
    3284:	09800293          	li	t0,152
    3288:	83270f93          	addi	t6,a4,-1998 # 353832 <ch32v20x_wwdg.c.13394d49+0x335ac9>
    328c:	e3a5                	bnez	a5,32ec <_ZL16motor_motion_runiym+0xe12>
    328e:	00694783          	lbu	a5,6(s2)
    3292:	efb5                	bnez	a5,330e <_ZL16motor_motion_runiym+0xe34>
    3294:	8472                	mv	s0,t3
    3296:	891a                	mv	s2,t1
    3298:	881e                	mv	a6,t2
    329a:	cf1e0563          	beq	t3,a7,2784 <_ZL16motor_motion_runiym+0x2aa>
    329e:	025e04b3          	mul	s1,t3,t0
    32a2:	0ffe7793          	zext.b	a5,t3
    32a6:	94e6                	add	s1,s1,s9
    32a8:	c6fc1e63          	bne	s8,a5,2724 <_ZL16motor_motion_runiym+0x24a>
    32ac:	01cd07b3          	add	a5,s10,t3
    32b0:	239c                	lbu	a5,0(a5)
    32b2:	ffad                	bnez	a5,322c <_ZL16motor_motion_runiym+0xd52>
    32b4:	b251                	j	2c38 <_ZL16motor_motion_runiym+0x75e>
    32b6:	47d2                	lw	a5,20(sp)
    32b8:	06400613          	li	a2,100
    32bc:	4681                	li	a3,0
    32be:	459d                	li	a1,7
    32c0:	8526                	mv	a0,s1
    32c2:	823fd0ef          	jal	ra,ae4 <_ZN14_MOTOR_CONTROL10set_motionE20filament_motion_enumyy>
    32c6:	57b6                	lw	a5,108(sp)
    32c8:	6741                	lui	a4,0x10
    32ca:	f0070e93          	addi	t4,a4,-256 # ff00 <MC_PULL_calibration.cpp.947435e8+0x617>
    32ce:	97a2                	add	a5,a5,s0
    32d0:	239c                	lbu	a5,0(a5)
    32d2:	00354737          	lui	a4,0x354
    32d6:	5822                	lw	a6,40(sp)
    32d8:	5e72                	lw	t3,60(sp)
    32da:	4316                	lw	t1,68(sp)
    32dc:	43a6                	lw	t2,72(sp)
    32de:	4f05                	li	t5,1
    32e0:	4891                	li	a7,4
    32e2:	09800293          	li	t0,152
    32e6:	83270f93          	addi	t6,a4,-1998 # 353832 <ch32v20x_wwdg.c.13394d49+0x335ac9>
    32ea:	cb99                	beqz	a5,3300 <_ZL16motor_motion_runiym+0xe26>
    32ec:	00694783          	lbu	a5,6(s2)
    32f0:	d3d5                	beqz	a5,3294 <_ZL16motor_motion_runiym+0xdba>
    32f2:	00892783          	lw	a5,8(s2)
    32f6:	f9d78fe3          	beq	a5,t4,3294 <_ZL16motor_motion_runiym+0xdba>
    32fa:	01d92423          	sw	t4,8(s2)
    32fe:	a831                	j	331a <_ZL16motor_motion_runiym+0xe40>
    3300:	57c6                	lw	a5,112(sp)
    3302:	943e                	add	s0,s0,a5
    3304:	201c                	lbu	a5,0(s0)
    3306:	cf89                	beqz	a5,3320 <_ZL16motor_motion_runiym+0xe46>
    3308:	00084783          	lbu	a5,0(a6)
    330c:	b741                	j	328c <_ZL16motor_motion_runiym+0xdb2>
    330e:	00892783          	lw	a5,8(s2)
    3312:	f9f781e3          	beq	a5,t6,3294 <_ZL16motor_motion_runiym+0xdba>
    3316:	01f92423          	sw	t6,8(s2)
    331a:	03e90623          	sb	t5,44(s2)
    331e:	bf9d                	j	3294 <_ZL16motor_motion_runiym+0xdba>
    3320:	00084783          	lbu	a5,0(a6)
    3324:	f7e1                	bnez	a5,32ec <_ZL16motor_motion_runiym+0xe12>
    3326:	00694783          	lbu	a5,6(s2)
    332a:	d7ad                	beqz	a5,3294 <_ZL16motor_motion_runiym+0xdba>
    332c:	00892783          	lw	a5,8(s2)
    3330:	d3b5                	beqz	a5,3294 <_ZL16motor_motion_runiym+0xdba>
    3332:	00092423          	sw	zero,8(s2)
    3336:	b7d5                	j	331a <_ZL16motor_motion_runiym+0xe40>
    3338:	00694783          	lbu	a5,6(s2)
    333c:	c2078663          	beqz	a5,2768 <_ZL16motor_motion_runiym+0x28e>
    3340:	00892703          	lw	a4,8(s2)
    3344:	67c1                	lui	a5,0x10
    3346:	f0078793          	addi	a5,a5,-256 # ff00 <MC_PULL_calibration.cpp.947435e8+0x617>
    334a:	c0f70f63          	beq	a4,a5,2768 <_ZL16motor_motion_runiym+0x28e>
    334e:	00f92423          	sw	a5,8(s2)
    3352:	ba31                	j	2c6e <_ZL16motor_motion_runiym+0x794>
    3354:	9d848413          	addi	s0,s1,-1576
    3358:	260c8493          	addi	s1,s9,608
    335c:	4742                	lw	a4,16(sp)
    335e:	47d2                	lw	a5,20(sp)
    3360:	8522                	mv	a0,s0
    3362:	06400613          	li	a2,100
    3366:	4681                	li	a3,0
    3368:	458d                	li	a1,3
    336a:	09840413          	addi	s0,s0,152
    336e:	f76fd0ef          	jal	ra,ae4 <_ZN14_MOTOR_CONTROL10set_motionE20filament_motion_enumyy>
    3372:	fe8495e3          	bne	s1,s0,335c <_ZL16motor_motion_runiym+0xe82>
    3376:	c0eff06f          	j	2784 <_ZL16motor_motion_runiym+0x2aa>
    337a:	5786                	lw	a5,96(sp)
    337c:	5722                	lw	a4,40(sp)
    337e:	97ba                	add	a5,a5,a4
    3380:	239c                	lbu	a5,0(a5)
    3382:	cb89                	beqz	a5,3394 <_ZL16motor_motion_runiym+0xeba>
    3384:	4716                	lw	a4,68(sp)
    3386:	2318                	lbu	a4,0(a4)
    3388:	1a071c63          	bnez	a4,3540 <_ZL16motor_motion_runiym+0x1066>
    338c:	4014                	lw	a3,0(s0)
    338e:	471d                	li	a4,7
    3390:	0ce68963          	beq	a3,a4,3462 <_ZL16motor_motion_runiym+0xf88>
    3394:	4756                	lw	a4,84(sp)
    3396:	4646                	lw	a2,80(sp)
    3398:	4681                	li	a3,0
    339a:	00070023          	sb	zero,0(a4)
    339e:	4716                	lw	a4,68(sp)
    33a0:	c214                	sw	a3,0(a2)
    33a2:	00dda023          	sw	a3,0(s11)
    33a6:	00070023          	sb	zero,0(a4)
    33aa:	4706                	lw	a4,64(sp)
    33ac:	00070023          	sb	zero,0(a4)
    33b0:	4701                	li	a4,0
    33b2:	c258                	sw	a4,4(a2)
    33b4:	5672                	lw	a2,60(sp)
    33b6:	00eda223          	sw	a4,4(s11)
    33ba:	c214                	sw	a3,0(a2)
    33bc:	c258                	sw	a4,4(a2)
    33be:	24078963          	beqz	a5,3610 <_ZL16motor_motion_runiym+0x1136>
    33c2:	4796                	lw	a5,68(sp)
    33c4:	2384                	lbu	s1,0(a5)
    33c6:	57a2                	lw	a5,40(sp)
    33c8:	97ea                	add	a5,a5,s10
    33ca:	239c                	lbu	a5,0(a5)
    33cc:	24079063          	bnez	a5,360c <_ZL16motor_motion_runiym+0x1132>
    33d0:	8f01a583          	lw	a1,-1808(gp) # 20000280 <_ZL7g_scale+0xc0>
    33d4:	57a6                	lw	a5,104(sp)
    33d6:	4388                	lw	a0,0(a5)
    33d8:	3c4070ef          	jal	ra,a79c <__gesf2>
    33dc:	22a05863          	blez	a0,360c <_ZL16motor_motion_runiym+0x1132>
    33e0:	09042903          	lw	s2,144(s0)
    33e4:	2e048963          	beqz	s1,36d6 <_ZL16motor_motion_runiym+0x11fc>
    33e8:	09042903          	lw	s2,144(s0)
    33ec:	45aa                	lw	a1,136(sp)
    33ee:	854a                	mv	a0,s2
    33f0:	4da070ef          	jal	ra,a8ca <__mulsf3>
    33f4:	85aa                	mv	a1,a0
    33f6:	84aa                	mv	s1,a0
    33f8:	854a                	mv	a0,s2
    33fa:	4d0070ef          	jal	ra,a8ca <__mulsf3>
    33fe:	00000593          	li	a1,0
    3402:	430070ef          	jal	ra,a832 <__lesf2>
    3406:	00055463          	bgez	a0,340e <_ZL16motor_motion_runiym+0xf34>
    340a:	00000493          	li	s1,0
    340e:	00000793          	li	a5,0
    3412:	85be                	mv	a1,a5
    3414:	cc3c                	sw	a5,88(s0)
    3416:	cc7c                	sw	a5,92(s0)
    3418:	dc3c                	sw	a5,120(s0)
    341a:	dc7c                	sw	a5,124(s0)
    341c:	8526                	mv	a0,s1
    341e:	320070ef          	jal	ra,a73e <__eqsf2>
    3422:	57a2                	lw	a5,40(sp)
    3424:	473a                	lw	a4,140(sp)
    3426:	00153513          	seqz	a0,a0
    342a:	078a                	slli	a5,a5,0x2
    342c:	97ba                	add	a5,a5,a4
    342e:	c384                	sw	s1,0(a5)
    3430:	a408                	sb	a0,8(s0)
    3432:	8526                	mv	a0,s1
    3434:	2ff070ef          	jal	ra,af32 <__fixsfsi>
    3438:	85aa                	mv	a1,a0
    343a:	854e                	mv	a0,s3
    343c:	bd9fd0ef          	jal	ra,1014 <_Z22Motion_control_set_PWMhi>
    3440:	47e6                	lw	a5,88(sp)
    3442:	5722                	lw	a4,40(sp)
    3444:	97ba                	add	a5,a5,a4
    3446:	239c                	lbu	a5,0(a5)
    3448:	2e079563          	bnez	a5,3732 <_ZL16motor_motion_runiym+0x1258>
    344c:	5782                	lw	a5,32(sp)
    344e:	23fc                	lbu	a5,6(a5)
    3450:	30078363          	beqz	a5,3756 <_ZL16motor_motion_runiym+0x127c>
    3454:	5782                	lw	a5,32(sp)
    3456:	4798                	lw	a4,8(a5)
    3458:	002da7b7          	lui	a5,0x2da
    345c:	0ff78793          	addi	a5,a5,255 # 2da0ff <ch32v20x_wwdg.c.13394d49+0x2bc396>
    3460:	a4e5                	j	3748 <_ZL16motor_motion_runiym+0x126e>
    3462:	57a6                	lw	a5,104(sp)
    3464:	4384                	lw	s1,0(a5)
    3466:	57a2                	lw	a5,40(sp)
    3468:	8526                	mv	a0,s1
    346a:	97ea                	add	a5,a5,s10
    346c:	0007ca03          	lbu	s4,0(a5)
    3470:	8f01a583          	lw	a1,-1808(gp) # 20000280 <_ZL7g_scale+0xc0>
    3474:	328070ef          	jal	ra,a79c <__gesf2>
    3478:	08054863          	bltz	a0,3508 <_ZL16motor_motion_runiym+0x102e>
    347c:	4786                	lw	a5,64(sp)
    347e:	00078023          	sb	zero,0(a5)
    3482:	47d6                	lw	a5,84(sp)
    3484:	239c                	lbu	a5,0(a5)
    3486:	cff1                	beqz	a5,3562 <_ZL16motor_motion_runiym+0x1088>
    3488:	47c6                	lw	a5,80(sp)
    348a:	4752                	lw	a4,20(sp)
    348c:	8526                	mv	a0,s1
    348e:	0007aa83          	lw	s5,0(a5)
    3492:	0047a903          	lw	s2,4(a5)
    3496:	47c2                	lw	a5,16(sp)
    3498:	41270933          	sub	s2,a4,s2
    349c:	41578ab3          	sub	s5,a5,s5
    34a0:	0157b7b3          	sltu	a5,a5,s5
    34a4:	40f90933          	sub	s2,s2,a5
    34a8:	8901a583          	lw	a1,-1904(gp) # 20000220 <_ZL7g_scale+0x60>
    34ac:	2f0070ef          	jal	ra,a79c <__gesf2>
    34b0:	0ca05263          	blez	a0,3574 <_ZL16motor_motion_runiym+0x109a>
    34b4:	8941a583          	lw	a1,-1900(gp) # 20000224 <_ZL7g_scale+0x64>
    34b8:	8526                	mv	a0,s1
    34ba:	378070ef          	jal	ra,a832 <__lesf2>
    34be:	0a055b63          	bgez	a0,3574 <_ZL16motor_motion_runiym+0x109a>
    34c2:	4786                	lw	a5,64(sp)
    34c4:	239c                	lbu	a5,0(a5)
    34c6:	e79d                	bnez	a5,34f4 <_ZL16motor_motion_runiym+0x101a>
    34c8:	02091663          	bnez	s2,34f4 <_ZL16motor_motion_runiym+0x101a>
    34cc:	3e800793          	li	a5,1000
    34d0:	0357e263          	bltu	a5,s5,34f4 <_ZL16motor_motion_runiym+0x101a>
    34d4:	4716                	lw	a4,68(sp)
    34d6:	4785                	li	a5,1
    34d8:	5672                	lw	a2,60(sp)
    34da:	a31c                	sb	a5,0(a4)
    34dc:	4742                	lw	a4,16(sp)
    34de:	4681                	li	a3,0
    34e0:	c214                	sw	a3,0(a2)
    34e2:	00eda023          	sw	a4,0(s11)
    34e6:	4752                	lw	a4,20(sp)
    34e8:	00eda223          	sw	a4,4(s11)
    34ec:	4701                	li	a4,0
    34ee:	c258                	sw	a4,4(a2)
    34f0:	4706                	lw	a4,64(sp)
    34f2:	a31c                	sb	a5,0(a4)
    34f4:	47d6                	lw	a5,84(sp)
    34f6:	4801                	li	a6,0
    34f8:	00078023          	sb	zero,0(a5)
    34fc:	4746                	lw	a4,80(sp)
    34fe:	4781                	li	a5,0
    3500:	c31c                	sw	a5,0(a4)
    3502:	01072223          	sw	a6,4(a4)
    3506:	a021                	j	350e <_ZL16motor_motion_runiym+0x1034>
    3508:	47d6                	lw	a5,84(sp)
    350a:	239c                	lbu	a5,0(a5)
    350c:	ffb5                	bnez	a5,3488 <_ZL16motor_motion_runiym+0xfae>
    350e:	4796                	lw	a5,68(sp)
    3510:	239c                	lbu	a5,0(a5)
    3512:	ea0788e3          	beqz	a5,33c2 <_ZL16motor_motion_runiym+0xee8>
    3516:	9601a583          	lw	a1,-1696(gp) # 200002f0 <_ZL7g_scale+0x130>
    351a:	8526                	mv	a0,s1
    351c:	316070ef          	jal	ra,a832 <__lesf2>
    3520:	06055163          	bgez	a0,3582 <_ZL16motor_motion_runiym+0x10a8>
    3524:	4796                	lw	a5,68(sp)
    3526:	5772                	lw	a4,60(sp)
    3528:	4801                	li	a6,0
    352a:	00078023          	sb	zero,0(a5)
    352e:	4781                	li	a5,0
    3530:	00fda023          	sw	a5,0(s11)
    3534:	010da223          	sw	a6,4(s11)
    3538:	c31c                	sw	a5,0(a4)
    353a:	01072223          	sw	a6,4(a4)
    353e:	a079                	j	35cc <_ZL16motor_motion_runiym+0x10f2>
    3540:	57a6                	lw	a5,104(sp)
    3542:	4384                	lw	s1,0(a5)
    3544:	57a2                	lw	a5,40(sp)
    3546:	8526                	mv	a0,s1
    3548:	97ea                	add	a5,a5,s10
    354a:	0007ca03          	lbu	s4,0(a5)
    354e:	8f01a583          	lw	a1,-1808(gp) # 20000280 <_ZL7g_scale+0xc0>
    3552:	24a070ef          	jal	ra,a79c <__gesf2>
    3556:	fa054ce3          	bltz	a0,350e <_ZL16motor_motion_runiym+0x1034>
    355a:	4786                	lw	a5,64(sp)
    355c:	00078023          	sb	zero,0(a5)
    3560:	b77d                	j	350e <_ZL16motor_motion_runiym+0x1034>
    3562:	4756                	lw	a4,84(sp)
    3564:	4785                	li	a5,1
    3566:	a31c                	sb	a5,0(a4)
    3568:	47c6                	lw	a5,80(sp)
    356a:	4742                	lw	a4,16(sp)
    356c:	c398                	sw	a4,0(a5)
    356e:	4752                	lw	a4,20(sp)
    3570:	c3d8                	sw	a4,4(a5)
    3572:	bf19                	j	3488 <_ZL16motor_motion_runiym+0xfae>
    3574:	f80910e3          	bnez	s2,34f4 <_ZL16motor_motion_runiym+0x101a>
    3578:	3e800793          	li	a5,1000
    357c:	f957f9e3          	bgeu	a5,s5,350e <_ZL16motor_motion_runiym+0x1034>
    3580:	bf95                	j	34f4 <_ZL16motor_motion_runiym+0x101a>
    3582:	4785                	li	a5,1
    3584:	04fa1863          	bne	s4,a5,35d4 <_ZL16motor_motion_runiym+0x10fa>
    3588:	5772                	lw	a4,60(sp)
    358a:	4781                	li	a5,0
    358c:	46c2                	lw	a3,16(sp)
    358e:	c31c                	sw	a5,0(a4)
    3590:	4801                	li	a6,0
    3592:	000da783          	lw	a5,0(s11)
    3596:	4652                	lw	a2,20(sp)
    3598:	01072223          	sw	a6,4(a4)
    359c:	004da703          	lw	a4,4(s11)
    35a0:	40f687b3          	sub	a5,a3,a5
    35a4:	00f6b6b3          	sltu	a3,a3,a5
    35a8:	40e60733          	sub	a4,a2,a4
    35ac:	00d71763          	bne	a4,a3,35ba <_ZL16motor_motion_runiym+0x10e0>
    35b0:	6711                	lui	a4,0x4
    35b2:	a9770713          	addi	a4,a4,-1385 # 3a97 <_ZL16motor_motion_runiym+0x15bd>
    35b6:	e0f776e3          	bgeu	a4,a5,33c2 <_ZL16motor_motion_runiym+0xee8>
    35ba:	4796                	lw	a5,68(sp)
    35bc:	4801                	li	a6,0
    35be:	010da223          	sw	a6,4(s11)
    35c2:	00078023          	sb	zero,0(a5)
    35c6:	4781                	li	a5,0
    35c8:	00fda023          	sw	a5,0(s11)
    35cc:	4706                	lw	a4,64(sp)
    35ce:	4785                	li	a5,1
    35d0:	a31c                	sb	a5,0(a4)
    35d2:	bbc5                	j	33c2 <_ZL16motor_motion_runiym+0xee8>
    35d4:	57f2                	lw	a5,60(sp)
    35d6:	5772                	lw	a4,60(sp)
    35d8:	439c                	lw	a5,0(a5)
    35da:	4358                	lw	a4,4(a4)
    35dc:	00e7e6b3          	or	a3,a5,a4
    35e0:	e699                	bnez	a3,35ee <_ZL16motor_motion_runiym+0x1114>
    35e2:	57f2                	lw	a5,60(sp)
    35e4:	4742                	lw	a4,16(sp)
    35e6:	c398                	sw	a4,0(a5)
    35e8:	4752                	lw	a4,20(sp)
    35ea:	c3d8                	sw	a4,4(a5)
    35ec:	bbd9                	j	33c2 <_ZL16motor_motion_runiym+0xee8>
    35ee:	46c2                	lw	a3,16(sp)
    35f0:	4652                	lw	a2,20(sp)
    35f2:	40f687b3          	sub	a5,a3,a5
    35f6:	00f6b6b3          	sltu	a3,a3,a5
    35fa:	40e60733          	sub	a4,a2,a4
    35fe:	f2d713e3          	bne	a4,a3,3524 <_ZL16motor_motion_runiym+0x104a>
    3602:	5db00713          	li	a4,1499
    3606:	daf77ee3          	bgeu	a4,a5,33c2 <_ZL16motor_motion_runiym+0xee8>
    360a:	bf29                	j	3524 <_ZL16motor_motion_runiym+0x104a>
    360c:	dc049ee3          	bnez	s1,33e8 <_ZL16motor_motion_runiym+0xf0e>
    3610:	4776                	lw	a4,92(sp)
    3612:	401c                	lw	a5,0(s0)
    3614:	14070163          	beqz	a4,3756 <_ZL16motor_motion_runiym+0x127c>
    3618:	4810                	lw	a2,16(s0)
    361a:	4854                	lw	a3,20(s0)
    361c:	470d                	li	a4,3
    361e:	00d665b3          	or	a1,a2,a3
    3622:	1ce79463          	bne	a5,a4,37ea <_ZL16motor_motion_runiym+0x1310>
    3626:	e581                	bnez	a1,362e <_ZL16motor_motion_runiym+0x1154>
    3628:	2418                	lbu	a4,8(s0)
    362a:	12071663          	bnez	a4,3756 <_ZL16motor_motion_runiym+0x127c>
    362e:	00442b83          	lw	s7,4(s0)
    3632:	20002737          	lui	a4,0x20002
    3636:	cb870713          	addi	a4,a4,-840 # 20001cb8 <speed_as5600>
    363a:	002b9c13          	slli	s8,s7,0x2
    363e:	200026b7          	lui	a3,0x20002
    3642:	9762                	add	a4,a4,s8
    3644:	003b9c93          	slli	s9,s7,0x3
    3648:	d6868693          	addi	a3,a3,-664 # 20001d68 <_ZL21g_last_on_use_exit_ms>
    364c:	96e6                	add	a3,a3,s9
    364e:	00072903          	lw	s2,0(a4)
    3652:	00000713          	li	a4,0
    3656:	cd3a                	sw	a4,152(sp)
    3658:	42d8                	lw	a4,4(a3)
    365a:	4290                	lw	a2,0(a3)
    365c:	e701                	bnez	a4,3664 <_ZL16motor_motion_runiym+0x118a>
    365e:	4685                	li	a3,1
    3660:	22c6f163          	bgeu	a3,a2,3882 <_ZL16motor_motion_runiym+0x13a8>
    3664:	46c2                	lw	a3,16(sp)
    3666:	40c685b3          	sub	a1,a3,a2
    366a:	00b6b533          	sltu	a0,a3,a1
    366e:	46d2                	lw	a3,20(sp)
    3670:	8e99                	sub	a3,a3,a4
    3672:	8e89                	sub	a3,a3,a0
    3674:	20002837          	lui	a6,0x20002
    3678:	d5480493          	addi	s1,a6,-684 # 20001d54 <_ZN14_MOTOR_CONTROL6x_prevE>
    367c:	451d                	li	a0,7
    367e:	da26                	sw	s1,52(sp)
    3680:	20a79463          	bne	a5,a0,3888 <_ZL16motor_motion_runiym+0x13ae>
    3684:	017d07b3          	add	a5,s10,s7
    3688:	239c                	lbu	a5,0(a5)
    368a:	24079e63          	bnez	a5,38e6 <_ZL16motor_motion_runiym+0x140c>
    368e:	5786                	lw	a5,96(sp)
    3690:	97de                	add	a5,a5,s7
    3692:	0007c983          	lbu	s3,0(a5)
    3696:	24098863          	beqz	s3,38e6 <_ZL16motor_motion_runiym+0x140c>
    369a:	00e667b3          	or	a5,a2,a4
    369e:	e399                	bnez	a5,36a4 <_ZL16motor_motion_runiym+0x11ca>
    36a0:	5120106f          	j	4bb2 <_ZL16motor_motion_runiym+0x26d8>
    36a4:	4785                	li	a5,1
    36a6:	00f61563          	bne	a2,a5,36b0 <_ZL16motor_motion_runiym+0x11d6>
    36aa:	e319                	bnez	a4,36b0 <_ZL16motor_motion_runiym+0x11d6>
    36ac:	5080106f          	j	4bb4 <_ZL16motor_motion_runiym+0x26da>
    36b0:	c299                	beqz	a3,36b6 <_ZL16motor_motion_runiym+0x11dc>
    36b2:	5020106f          	j	4bb4 <_ZL16motor_motion_runiym+0x26da>
    36b6:	6789                	lui	a5,0x2
    36b8:	70f78793          	addi	a5,a5,1807 # 270f <_ZL16motor_motion_runiym+0x235>
    36bc:	00b7f463          	bgeu	a5,a1,36c4 <_ZL16motor_motion_runiym+0x11ea>
    36c0:	4f40106f          	j	4bb4 <_ZL16motor_motion_runiym+0x26da>
    36c4:	00000793          	li	a5,0
    36c8:	08010b23          	sb	zero,150(sp)
    36cc:	cf3e                	sw	a5,156(sp)
    36ce:	08010ba3          	sb	zero,151(sp)
    36d2:	c4ce                	sw	s3,72(sp)
    36d4:	a415                	j	38f8 <_ZL16motor_motion_runiym+0x141e>
    36d6:	9641a583          	lw	a1,-1692(gp) # 200002f4 <_ZL7g_scale+0x134>
    36da:	854a                	mv	a0,s2
    36dc:	1ee070ef          	jal	ra,a8ca <__mulsf3>
    36e0:	85ca                	mv	a1,s2
    36e2:	84aa                	mv	s1,a0
    36e4:	1e6070ef          	jal	ra,a8ca <__mulsf3>
    36e8:	00000593          	li	a1,0
    36ec:	146070ef          	jal	ra,a832 <__lesf2>
    36f0:	00055463          	bgez	a0,36f8 <_ZL16motor_motion_runiym+0x121e>
    36f4:	00000493          	li	s1,0
    36f8:	00000793          	li	a5,0
    36fc:	85be                	mv	a1,a5
    36fe:	cc3c                	sw	a5,88(s0)
    3700:	cc7c                	sw	a5,92(s0)
    3702:	dc3c                	sw	a5,120(s0)
    3704:	dc7c                	sw	a5,124(s0)
    3706:	8526                	mv	a0,s1
    3708:	036070ef          	jal	ra,a73e <__eqsf2>
    370c:	57a2                	lw	a5,40(sp)
    370e:	20002737          	lui	a4,0x20002
    3712:	d5470713          	addi	a4,a4,-684 # 20001d54 <_ZN14_MOTOR_CONTROL6x_prevE>
    3716:	078a                	slli	a5,a5,0x2
    3718:	00153513          	seqz	a0,a0
    371c:	97ba                	add	a5,a5,a4
    371e:	a408                	sb	a0,8(s0)
    3720:	c384                	sw	s1,0(a5)
    3722:	8526                	mv	a0,s1
    3724:	00f070ef          	jal	ra,af32 <__fixsfsi>
    3728:	85aa                	mv	a1,a0
    372a:	854e                	mv	a0,s3
    372c:	8e9fd0ef          	jal	ra,1014 <_Z22Motion_control_set_PWMhi>
    3730:	a01d                	j	3756 <_ZL16motor_motion_runiym+0x127c>
    3732:	5782                	lw	a5,32(sp)
    3734:	470a                	lw	a4,128(sp)
    3736:	23fc                	lbu	a5,6(a5)
    3738:	d0070ce3          	beqz	a4,3450 <_ZL16motor_motion_runiym+0xf76>
    373c:	cf89                	beqz	a5,3756 <_ZL16motor_motion_runiym+0x127c>
    373e:	5782                	lw	a5,32(sp)
    3740:	4798                	lw	a4,8(a5)
    3742:	67c1                	lui	a5,0x10
    3744:	f0078793          	addi	a5,a5,-256 # ff00 <MC_PULL_calibration.cpp.947435e8+0x617>
    3748:	00f70763          	beq	a4,a5,3756 <_ZL16motor_motion_runiym+0x127c>
    374c:	5702                	lw	a4,32(sp)
    374e:	c71c                	sw	a5,8(a4)
    3750:	4785                	li	a5,1
    3752:	02f70623          	sb	a5,44(a4)
    3756:	57e6                	lw	a5,120(sp)
    3758:	5722                	lw	a4,40(sp)
    375a:	4014                	lw	a3,0(s0)
    375c:	97ba                	add	a5,a5,a4
    375e:	239c                	lbu	a5,0(a5)
    3760:	c6b1                	beqz	a3,37ac <_ZL16motor_motion_runiym+0x12d2>
    3762:	4711                	li	a4,4
    3764:	04e68a63          	beq	a3,a4,37b8 <_ZL16motor_motion_runiym+0x12de>
    3768:	4615                	li	a2,5
    376a:	05d00713          	li	a4,93
    376e:	04c68163          	beq	a3,a2,37b0 <_ZL16motor_motion_runiym+0x12d6>
    3772:	4619                	li	a2,6
    3774:	04600713          	li	a4,70
    3778:	02c69c63          	bne	a3,a2,37b0 <_ZL16motor_motion_runiym+0x12d6>
    377c:	5414                	lw	a3,40(s0)
    377e:	5450                	lw	a2,44(s0)
    3780:	00c6e5b3          	or	a1,a3,a2
    3784:	c595                	beqz	a1,37b0 <_ZL16motor_motion_runiym+0x12d6>
    3786:	4742                	lw	a4,16(sp)
    3788:	45d2                	lw	a1,20(sp)
    378a:	8f15                	sub	a4,a4,a3
    378c:	46c2                	lw	a3,16(sp)
    378e:	40c58633          	sub	a2,a1,a2
    3792:	00e6b6b3          	sltu	a3,a3,a4
    3796:	00d60463          	beq	a2,a3,379e <_ZL16motor_motion_runiym+0x12c4>
    379a:	3440106f          	j	4ade <_ZL16motor_motion_runiym+0x2604>
    379e:	6685                	lui	a3,0x1
    37a0:	38768693          	addi	a3,a3,903 # 1387 <_Z10set_motionhhhh.part.0+0xf7>
    37a4:	00e6f463          	bgeu	a3,a4,37ac <_ZL16motor_motion_runiym+0x12d2>
    37a8:	3360106f          	j	4ade <_ZL16motor_motion_runiym+0x2604>
    37ac:	05d00713          	li	a4,93
    37b0:	00e7c463          	blt	a5,a4,37b8 <_ZL16motor_motion_runiym+0x12de>
    37b4:	3320106f          	j	4ae6 <_ZL16motor_motion_runiym+0x260c>
    37b8:	4779                	li	a4,30
    37ba:	00f76463          	bltu	a4,a5,37c2 <_ZL16motor_motion_runiym+0x12e8>
    37be:	3380106f          	j	4af6 <_ZL16motor_motion_runiym+0x261c>
    37c2:	5722                	lw	a4,40(sp)
    37c4:	976a                	add	a4,a4,s10
    37c6:	2314                	lbu	a3,0(a4)
    37c8:	c299                	beqz	a3,37ce <_ZL16motor_motion_runiym+0x12f4>
    37ca:	3320106f          	j	4afc <_ZL16motor_motion_runiym+0x2622>
    37ce:	fcf78793          	addi	a5,a5,-49
    37d2:	0ff7f793          	zext.b	a5,a5
    37d6:	4709                	li	a4,2
    37d8:	4621                	li	a2,8
    37da:	00f76463          	bltu	a4,a5,37e2 <_ZL16motor_motion_runiym+0x1308>
    37de:	30c0106f          	j	4aea <_ZL16motor_motion_runiym+0x2610>
    37e2:	4601                	li	a2,0
    37e4:	4581                	li	a1,0
    37e6:	3060106f          	j	4aec <_ZL16motor_motion_runiym+0x2612>
    37ea:	20002737          	lui	a4,0x20002
    37ee:	4048                	lw	a0,4(s0)
    37f0:	d5470713          	addi	a4,a4,-684 # 20001d54 <_ZN14_MOTOR_CONTROL6x_prevE>
    37f4:	c9b1                	beqz	a1,3848 <_ZL16motor_motion_runiym+0x136e>
    37f6:	45d2                	lw	a1,20(sp)
    37f8:	00b6e763          	bltu	a3,a1,3806 <_ZL16motor_motion_runiym+0x132c>
    37fc:	04d59663          	bne	a1,a3,3848 <_ZL16motor_motion_runiym+0x136e>
    3800:	46c2                	lw	a3,16(sp)
    3802:	04d67363          	bgeu	a2,a3,3848 <_ZL16motor_motion_runiym+0x136e>
    3806:	4699                	li	a3,6
    3808:	00d79d63          	bne	a5,a3,3822 <_ZL16motor_motion_runiym+0x1348>
    380c:	200027b7          	lui	a5,0x20002
    3810:	00351693          	slli	a3,a0,0x3
    3814:	d6878793          	addi	a5,a5,-664 # 20001d68 <_ZL21g_last_on_use_exit_ms>
    3818:	97b6                	add	a5,a5,a3
    381a:	46c2                	lw	a3,16(sp)
    381c:	c394                	sw	a3,0(a5)
    381e:	46d2                	lw	a3,20(sp)
    3820:	c3d4                	sw	a3,4(a5)
    3822:	00000793          	li	a5,0
    3826:	86be                	mv	a3,a5
    3828:	cc3c                	sw	a5,88(s0)
    382a:	cc7c                	sw	a5,92(s0)
    382c:	dc3c                	sw	a5,120(s0)
    382e:	dc7c                	sw	a5,124(s0)
    3830:	4785                	li	a5,1
    3832:	a41c                	sb	a5,8(s0)
    3834:	00251793          	slli	a5,a0,0x2
    3838:	97ba                	add	a5,a5,a4
    383a:	c394                	sw	a3,0(a5)
    383c:	478d                	li	a5,3
    383e:	c01c                	sw	a5,0(s0)
    3840:	4581                	li	a1,0
    3842:	0ff57513          	zext.b	a0,a0
    3846:	b5dd                	j	372c <_ZL16motor_motion_runiym+0x1252>
    3848:	4699                	li	a3,6
    384a:	ded792e3          	bne	a5,a3,362e <_ZL16motor_motion_runiym+0x1154>
    384e:	46e6                	lw	a3,88(sp)
    3850:	96aa                	add	a3,a3,a0
    3852:	2294                	lbu	a3,0(a3)
    3854:	dc068de3          	beqz	a3,362e <_ZL16motor_motion_runiym+0x1154>
    3858:	200027b7          	lui	a5,0x20002
    385c:	00251693          	slli	a3,a0,0x2
    3860:	d8878793          	addi	a5,a5,-632 # 20001d88 <_ZL18g_on_use_hi_pwm_us>
    3864:	97b6                	add	a5,a5,a3
    3866:	0007a023          	sw	zero,0(a5)
    386a:	00000793          	li	a5,0
    386e:	863e                	mv	a2,a5
    3870:	cc3c                	sw	a5,88(s0)
    3872:	cc7c                	sw	a5,92(s0)
    3874:	dc3c                	sw	a5,120(s0)
    3876:	dc7c                	sw	a5,124(s0)
    3878:	9736                	add	a4,a4,a3
    387a:	4785                	li	a5,1
    387c:	a41c                	sb	a5,8(s0)
    387e:	c310                	sw	a2,0(a4)
    3880:	b7c1                	j	3840 <_ZL16motor_motion_runiym+0x1366>
    3882:	4581                	li	a1,0
    3884:	4681                	li	a3,0
    3886:	b3fd                	j	3674 <_ZL16motor_motion_runiym+0x119a>
    3888:	ffc78713          	addi	a4,a5,-4
    388c:	4689                	li	a3,2
    388e:	02e6f563          	bgeu	a3,a4,38b8 <_ZL16motor_motion_runiym+0x13de>
    3892:	10079963          	bnez	a5,39a4 <_ZL16motor_motion_runiym+0x14ca>
    3896:	04844783          	lbu	a5,72(s0)
    389a:	08010b23          	sb	zero,150(sp)
    389e:	08010ba3          	sb	zero,151(sp)
    38a2:	c4be                	sw	a5,72(sp)
    38a4:	00000793          	li	a5,0
    38a8:	cf3e                	sw	a5,156(sp)
    38aa:	017d07b3          	add	a5,s10,s7
    38ae:	239c                	lbu	a5,0(a5)
    38b0:	360792e3          	bnez	a5,4414 <_ZL16motor_motion_runiym+0x1f3a>
    38b4:	4981                	li	s3,0
    38b6:	a725                	j	3fde <_ZL16motor_motion_runiym+0x1b04>
    38b8:	00000713          	li	a4,0
    38bc:	cf3a                	sw	a4,156(sp)
    38be:	4705                	li	a4,1
    38c0:	08010b23          	sb	zero,150(sp)
    38c4:	08010ba3          	sb	zero,151(sp)
    38c8:	c4ba                	sw	a4,72(sp)
    38ca:	017d0733          	add	a4,s10,s7
    38ce:	2318                	lbu	a4,0(a4)
    38d0:	d375                	beqz	a4,38b4 <_ZL16motor_motion_runiym+0x13da>
    38d2:	4721                	li	a4,8
    38d4:	4af763e3          	bltu	a4,a5,457a <_ZL16motor_motion_runiym+0x20a0>
    38d8:	672d                	lui	a4,0xb
    38da:	078a                	slli	a5,a5,0x2
    38dc:	63c70713          	addi	a4,a4,1596 # b63c <__clzsi2+0x190>
    38e0:	97ba                	add	a5,a5,a4
    38e2:	439c                	lw	a5,0(a5)
    38e4:	8782                	jr	a5
    38e6:	00000793          	li	a5,0
    38ea:	08010b23          	sb	zero,150(sp)
    38ee:	cf3e                	sw	a5,156(sp)
    38f0:	08010ba3          	sb	zero,151(sp)
    38f4:	c482                	sw	zero,72(sp)
    38f6:	4981                	li	s3,0
    38f8:	5786                	lw	a5,96(sp)
    38fa:	97de                	add	a5,a5,s7
    38fc:	0007cb03          	lbu	s6,0(a5)
    3900:	017d07b3          	add	a5,s10,s7
    3904:	0007ca03          	lbu	s4,0(a5)
    3908:	6c0b0d63          	beqz	s6,3fe2 <_ZL16motor_motion_runiym+0x1b08>
    390c:	57c6                	lw	a5,112(sp)
    390e:	97de                	add	a5,a5,s7
    3910:	239c                	lbu	a5,0(a5)
    3912:	6a079263          	bnez	a5,3fb6 <_ZL16motor_motion_runiym+0x1adc>
    3916:	200027b7          	lui	a5,0x20002
    391a:	006b9693          	slli	a3,s7,0x6
    391e:	db078793          	addi	a5,a5,-592 # 20001db0 <ams>
    3922:	97b6                	add	a5,a5,a3
    3924:	03c7aa83          	lw	s5,60(a5)
    3928:	57b6                	lw	a5,108(sp)
    392a:	97de                	add	a5,a5,s7
    392c:	239c                	lbu	a5,0(a5)
    392e:	cbdd                	beqz	a5,39e4 <_ZL16motor_motion_runiym+0x150a>
    3930:	0ffbf793          	zext.b	a5,s7
    3934:	470d                	li	a4,3
    3936:	02f76963          	bltu	a4,a5,3968 <_ZL16motor_motion_runiym+0x148e>
    393a:	03000793          	li	a5,48
    393e:	0ffbfb93          	zext.b	s7,s7
    3942:	02fb8bb3          	mul	s7,s7,a5
    3946:	5792                	lw	a5,36(sp)
    3948:	9bbe                	add	s7,s7,a5
    394a:	006bc783          	lbu	a5,6(s7)
    394e:	cf89                	beqz	a5,3968 <_ZL16motor_motion_runiym+0x148e>
    3950:	008ba703          	lw	a4,8(s7)
    3954:	67c1                	lui	a5,0x10
    3956:	f0078793          	addi	a5,a5,-256 # ff00 <MC_PULL_calibration.cpp.947435e8+0x617>
    395a:	00f70763          	beq	a4,a5,3968 <_ZL16motor_motion_runiym+0x148e>
    395e:	00fba423          	sw	a5,8(s7)
    3962:	4785                	li	a5,1
    3964:	02fb8623          	sb	a5,44(s7)
    3968:	00000513          	li	a0,0
    396c:	00000793          	li	a5,0
    3970:	cd2a                	sw	a0,152(sp)
    3972:	dc3c                	sw	a5,120(s0)
    3974:	dc7c                	sw	a5,124(s0)
    3976:	cc3c                	sw	a5,88(s0)
    3978:	cc7c                	sw	a5,92(s0)
    397a:	00042a03          	lw	s4,0(s0)
    397e:	20002c37          	lui	s8,0x20002
    3982:	4044                	lw	s1,4(s0)
    3984:	4bea                	lw	s7,152(sp)
    3986:	948c0c13          	addi	s8,s8,-1720 # 20001948 <_ZZN14_MOTOR_CONTROL3runEfyE14block_until_ms>
    398a:	3e0a1ee3          	bnez	s4,4586 <_ZL16motor_motion_runiym+0x20ac>
    398e:	00099663          	bnez	s3,399a <_ZL16motor_motion_runiym+0x14c0>
    3992:	04844783          	lbu	a5,72(s0)
    3996:	44078ce3          	beqz	a5,45ee <_ZL16motor_motion_runiym+0x2114>
    399a:	4a85                	li	s5,1
    399c:	9141a983          	lw	s3,-1772(gp) # 200002a4 <_ZL7g_scale+0xe4>
    39a0:	4550006f          	j	45f4 <_ZL16motor_motion_runiym+0x211a>
    39a4:	00000713          	li	a4,0
    39a8:	cf3a                	sw	a4,156(sp)
    39aa:	08010b23          	sb	zero,150(sp)
    39ae:	08010ba3          	sb	zero,151(sp)
    39b2:	4705                	li	a4,1
    39b4:	6ee78863          	beq	a5,a4,40a4 <_ZL16motor_motion_runiym+0x1bca>
    39b8:	70d79363          	bne	a5,a3,40be <_ZL16motor_motion_runiym+0x1be4>
    39bc:	200007b7          	lui	a5,0x20000
    39c0:	13078793          	addi	a5,a5,304 # 20000130 <_ZL16g_pull_speed_set>
    39c4:	97e2                	add	a5,a5,s8
    39c6:	438c                	lw	a1,0(a5)
    39c8:	854a                	mv	a0,s2
    39ca:	09042483          	lw	s1,144(s0)
    39ce:	1d8070ef          	jal	ra,aba6 <__subsf3>
    39d2:	5662                	lw	a2,56(sp)
    39d4:	85aa                	mv	a1,a0
    39d6:	04c40513          	addi	a0,s0,76
    39da:	fd9fc0ef          	jal	ra,9b2 <_ZN9MOTOR_PID8caculateEff>
    39de:	85aa                	mv	a1,a0
    39e0:	8526                	mv	a0,s1
    39e2:	adc1                	j	40b2 <_ZL16motor_motion_runiym+0x1bd8>
    39e4:	47f2                	lw	a5,28(sp)
    39e6:	017786b3          	add	a3,a5,s7
    39ea:	229c                	lbu	a5,0(a3)
    39ec:	14079e63          	bnez	a5,3b48 <_ZL16motor_motion_runiym+0x166e>
    39f0:	4789                	li	a5,2
    39f2:	08fa1263          	bne	s4,a5,3a76 <_ZL16motor_motion_runiym+0x159c>
    39f6:	479a                	lw	a5,132(sp)
    39f8:	01778733          	add	a4,a5,s7
    39fc:	231c                	lbu	a5,0(a4)
    39fe:	52079763          	bnez	a5,3f2c <_ZL16motor_motion_runiym+0x1a52>
    3a02:	4785                	li	a5,1
    3a04:	a31c                	sb	a5,0(a4)
    3a06:	a29c                	sb	a5,0(a3)
    3a08:	47e2                	lw	a5,24(sp)
    3a0a:	4742                	lw	a4,16(sp)
    3a0c:	97e6                	add	a5,a5,s9
    3a0e:	c398                	sw	a4,0(a5)
    3a10:	4752                	lw	a4,20(sp)
    3a12:	c3d8                	sw	a4,4(a5)
    3a14:	0ffbf793          	zext.b	a5,s7
    3a18:	470d                	li	a4,3
    3a1a:	00f76d63          	bltu	a4,a5,3a34 <_ZL16motor_motion_runiym+0x155a>
    3a1e:	0ffbf793          	zext.b	a5,s7
    3a22:	03000713          	li	a4,48
    3a26:	02e78733          	mul	a4,a5,a4
    3a2a:	5692                	lw	a3,36(sp)
    3a2c:	9736                	add	a4,a4,a3
    3a2e:	2378                	lbu	a4,6(a4)
    3a30:	14071863          	bnez	a4,3b80 <_ZL16motor_motion_runiym+0x16a6>
    3a34:	47e2                	lw	a5,24(sp)
    3a36:	46c2                	lw	a3,16(sp)
    3a38:	4652                	lw	a2,20(sp)
    3a3a:	01978733          	add	a4,a5,s9
    3a3e:	431c                	lw	a5,0(a4)
    3a40:	4358                	lw	a4,4(a4)
    3a42:	40f687b3          	sub	a5,a3,a5
    3a46:	00f6b6b3          	sltu	a3,a3,a5
    3a4a:	40e60733          	sub	a4,a2,a4
    3a4e:	00d71663          	bne	a4,a3,3a5a <_ZL16motor_motion_runiym+0x1580>
    3a52:	06300713          	li	a4,99
    3a56:	f0f779e3          	bgeu	a4,a5,3968 <_ZL16motor_motion_runiym+0x148e>
    3a5a:	47f2                	lw	a5,28(sp)
    3a5c:	9bbe                	add	s7,s7,a5
    3a5e:	4789                	li	a5,2
    3a60:	00fb8023          	sb	a5,0(s7)
    3a64:	47e2                	lw	a5,24(sp)
    3a66:	9cbe                	add	s9,s9,a5
    3a68:	47c2                	lw	a5,16(sp)
    3a6a:	00fca023          	sw	a5,0(s9)
    3a6e:	47d2                	lw	a5,20(sp)
    3a70:	00fca223          	sw	a5,4(s9)
    3a74:	bdd5                	j	3968 <_ZL16motor_motion_runiym+0x148e>
    3a76:	4785                	li	a5,1
    3a78:	50fa1a63          	bne	s4,a5,3f8c <_ZL16motor_motion_runiym+0x1ab2>
    3a7c:	4791                	li	a5,4
    3a7e:	a29c                	sb	a5,0(a3)
    3a80:	57c2                	lw	a5,48(sp)
    3a82:	9081a703          	lw	a4,-1784(gp) # 20000298 <_ZL7g_scale+0xd8>
    3a86:	97de                	add	a5,a5,s7
    3a88:	00078023          	sb	zero,0(a5)
    3a8c:	57b2                	lw	a5,44(sp)
    3a8e:	0ffbf493          	zext.b	s1,s7
    3a92:	97e2                	add	a5,a5,s8
    3a94:	c398                	sw	a4,0(a5)
    3a96:	5796                	lw	a5,100(sp)
    3a98:	97e2                	add	a5,a5,s8
    3a9a:	0157a023          	sw	s5,0(a5)
    3a9e:	478d                	li	a5,3
    3aa0:	0097ed63          	bltu	a5,s1,3aba <_ZL16motor_motion_runiym+0x15e0>
    3aa4:	0ffbf793          	zext.b	a5,s7
    3aa8:	03000713          	li	a4,48
    3aac:	02e78733          	mul	a4,a5,a4
    3ab0:	5692                	lw	a3,36(sp)
    3ab2:	9736                	add	a4,a4,a3
    3ab4:	2378                	lbu	a4,6(a4)
    3ab6:	22071763          	bnez	a4,3ce4 <_ZL16motor_motion_runiym+0x180a>
    3aba:	5796                	lw	a5,100(sp)
    3abc:	8556                	mv	a0,s5
    3abe:	97e2                	add	a5,a5,s8
    3ac0:	438c                	lw	a1,0(a5)
    3ac2:	0e4070ef          	jal	ra,aba6 <__subsf3>
    3ac6:	00000593          	li	a1,0
    3aca:	8a2a                	mv	s4,a0
    3acc:	567060ef          	jal	ra,a832 <__lesf2>
    3ad0:	00055663          	bgez	a0,3adc <_ZL16motor_motion_runiym+0x1602>
    3ad4:	800007b7          	lui	a5,0x80000
    3ad8:	0147ca33          	xor	s4,a5,s4
    3adc:	5796                	lw	a5,100(sp)
    3ade:	85d2                	mv	a1,s4
    3ae0:	97e2                	add	a5,a5,s8
    3ae2:	0157a023          	sw	s5,0(a5) # 80000000 <__freertos_irq_stack_top+0x5fffb000>
    3ae6:	57b2                	lw	a5,44(sp)
    3ae8:	97e2                	add	a5,a5,s8
    3aea:	4388                	lw	a0,0(a5)
    3aec:	0ba070ef          	jal	ra,aba6 <__subsf3>
    3af0:	00000593          	li	a1,0
    3af4:	8a2a                	mv	s4,a0
    3af6:	53d060ef          	jal	ra,a832 <__lesf2>
    3afa:	00055463          	bgez	a0,3b02 <_ZL16motor_motion_runiym+0x1628>
    3afe:	00000a13          	li	s4,0
    3b02:	57b2                	lw	a5,44(sp)
    3b04:	01878ab3          	add	s5,a5,s8
    3b08:	47b6                	lw	a5,76(sp)
    3b0a:	014aa023          	sw	s4,0(s5)
    3b0e:	9c3e                	add	s8,s8,a5
    3b10:	9681a583          	lw	a1,-1688(gp) # 200002f8 <_ZL7g_scale+0x138>
    3b14:	000c2503          	lw	a0,0(s8)
    3b18:	485060ef          	jal	ra,a79c <__gesf2>
    3b1c:	20a05763          	blez	a0,3d2a <_ZL16motor_motion_runiym+0x1850>
    3b20:	57c2                	lw	a5,48(sp)
    3b22:	0ff00693          	li	a3,255
    3b26:	01778733          	add	a4,a5,s7
    3b2a:	231c                	lbu	a5,0(a4)
    3b2c:	1ed79663          	bne	a5,a3,3d18 <_ZL16motor_motion_runiym+0x183e>
    3b30:	57b6                	lw	a5,108(sp)
    3b32:	4705                	li	a4,1
    3b34:	97de                	add	a5,a5,s7
    3b36:	a398                	sb	a4,0(a5)
    3b38:	4799                	li	a5,6
    3b3a:	4772                	lw	a4,28(sp)
    3b3c:	975e                	add	a4,a4,s7
    3b3e:	a31c                	sb	a5,0(a4)
    3b40:	478d                	li	a5,3
    3b42:	e297e3e3          	bltu	a5,s1,3968 <_ZL16motor_motion_runiym+0x148e>
    3b46:	bbd5                	j	393a <_ZL16motor_motion_runiym+0x1460>
    3b48:	17fd                	addi	a5,a5,-1
    3b4a:	0ff7f793          	zext.b	a5,a5
    3b4e:	4699                	li	a3,6
    3b50:	42f6ee63          	bltu	a3,a5,3f8c <_ZL16motor_motion_runiym+0x1ab2>
    3b54:	672d                	lui	a4,0xb
    3b56:	078a                	slli	a5,a5,0x2
    3b58:	66070713          	addi	a4,a4,1632 # b660 <__clzsi2+0x1b4>
    3b5c:	97ba                	add	a5,a5,a4
    3b5e:	439c                	lw	a5,0(a5)
    3b60:	8782                	jr	a5
    3b62:	0ffbf793          	zext.b	a5,s7
    3b66:	470d                	li	a4,3
    3b68:	02f76d63          	bltu	a4,a5,3ba2 <_ZL16motor_motion_runiym+0x16c8>
    3b6c:	0ffbf793          	zext.b	a5,s7
    3b70:	03000713          	li	a4,48
    3b74:	02e78733          	mul	a4,a5,a4
    3b78:	5692                	lw	a3,36(sp)
    3b7a:	9736                	add	a4,a4,a3
    3b7c:	2378                	lbu	a4,6(a4)
    3b7e:	c315                	beqz	a4,3ba2 <_ZL16motor_motion_runiym+0x16c8>
    3b80:	03000713          	li	a4,48
    3b84:	02e787b3          	mul	a5,a5,a4
    3b88:	5712                	lw	a4,36(sp)
    3b8a:	97ba                	add	a5,a5,a4
    3b8c:	4794                	lw	a3,8(a5)
    3b8e:	01000737          	lui	a4,0x1000
    3b92:	f0070713          	addi	a4,a4,-256 # ffff00 <ch32v20x_wwdg.c.13394d49+0xfe2197>
    3b96:	00e68663          	beq	a3,a4,3ba2 <_ZL16motor_motion_runiym+0x16c8>
    3b9a:	c798                	sw	a4,8(a5)
    3b9c:	4705                	li	a4,1
    3b9e:	02e78623          	sb	a4,44(a5)
    3ba2:	4789                	li	a5,2
    3ba4:	e8fa08e3          	beq	s4,a5,3a34 <_ZL16motor_motion_runiym+0x155a>
    3ba8:	47f2                	lw	a5,28(sp)
    3baa:	9bbe                	add	s7,s7,a5
    3bac:	000b8023          	sb	zero,0(s7)
    3bb0:	47e2                	lw	a5,24(sp)
    3bb2:	4801                	li	a6,0
    3bb4:	9cbe                	add	s9,s9,a5
    3bb6:	4781                	li	a5,0
    3bb8:	00fca023          	sw	a5,0(s9)
    3bbc:	010ca223          	sw	a6,4(s9)
    3bc0:	b365                	j	3968 <_ZL16motor_motion_runiym+0x148e>
    3bc2:	0ffbf793          	zext.b	a5,s7
    3bc6:	470d                	li	a4,3
    3bc8:	02f76763          	bltu	a4,a5,3bf6 <_ZL16motor_motion_runiym+0x171c>
    3bcc:	03000713          	li	a4,48
    3bd0:	0ffbf793          	zext.b	a5,s7
    3bd4:	02e787b3          	mul	a5,a5,a4
    3bd8:	5712                	lw	a4,36(sp)
    3bda:	97ba                	add	a5,a5,a4
    3bdc:	23f8                	lbu	a4,6(a5)
    3bde:	cf01                	beqz	a4,3bf6 <_ZL16motor_motion_runiym+0x171c>
    3be0:	4794                	lw	a3,8(a5)
    3be2:	01000737          	lui	a4,0x1000
    3be6:	f0070713          	addi	a4,a4,-256 # ffff00 <ch32v20x_wwdg.c.13394d49+0xfe2197>
    3bea:	00e68663          	beq	a3,a4,3bf6 <_ZL16motor_motion_runiym+0x171c>
    3bee:	c798                	sw	a4,8(a5)
    3bf0:	4705                	li	a4,1
    3bf2:	02e78623          	sb	a4,44(a5)
    3bf6:	fa0a09e3          	beqz	s4,3ba8 <_ZL16motor_motion_runiym+0x16ce>
    3bfa:	4785                	li	a5,1
    3bfc:	02fa1463          	bne	s4,a5,3c24 <_ZL16motor_motion_runiym+0x174a>
    3c00:	47f2                	lw	a5,28(sp)
    3c02:	4711                	li	a4,4
    3c04:	97de                	add	a5,a5,s7
    3c06:	a398                	sb	a4,0(a5)
    3c08:	57c2                	lw	a5,48(sp)
    3c0a:	9081a703          	lw	a4,-1784(gp) # 20000298 <_ZL7g_scale+0xd8>
    3c0e:	9bbe                	add	s7,s7,a5
    3c10:	57b2                	lw	a5,44(sp)
    3c12:	000b8023          	sb	zero,0(s7)
    3c16:	97e2                	add	a5,a5,s8
    3c18:	c398                	sw	a4,0(a5)
    3c1a:	5796                	lw	a5,100(sp)
    3c1c:	9c3e                	add	s8,s8,a5
    3c1e:	015c2023          	sw	s5,0(s8)
    3c22:	b399                	j	3968 <_ZL16motor_motion_runiym+0x148e>
    3c24:	47e2                	lw	a5,24(sp)
    3c26:	46c2                	lw	a3,16(sp)
    3c28:	4652                	lw	a2,20(sp)
    3c2a:	01978733          	add	a4,a5,s9
    3c2e:	431c                	lw	a5,0(a4)
    3c30:	4358                	lw	a4,4(a4)
    3c32:	40f687b3          	sub	a5,a3,a5
    3c36:	00f6b6b3          	sltu	a3,a3,a5
    3c3a:	40e60733          	sub	a4,a2,a4
    3c3e:	00d71763          	bne	a4,a3,3c4c <_ZL16motor_motion_runiym+0x1772>
    3c42:	6705                	lui	a4,0x1
    3c44:	38770713          	addi	a4,a4,903 # 1387 <_Z10set_motionhhhh.part.0+0xf7>
    3c48:	14f77c63          	bgeu	a4,a5,3da0 <_ZL16motor_motion_runiym+0x18c6>
    3c4c:	57b6                	lw	a5,108(sp)
    3c4e:	4705                	li	a4,1
    3c50:	97de                	add	a5,a5,s7
    3c52:	a398                	sb	a4,0(a5)
    3c54:	47f2                	lw	a5,28(sp)
    3c56:	9bbe                	add	s7,s7,a5
    3c58:	478d                	li	a5,3
    3c5a:	b519                	j	3a60 <_ZL16motor_motion_runiym+0x1586>
    3c5c:	0ffbf793          	zext.b	a5,s7
    3c60:	470d                	li	a4,3
    3c62:	02f76663          	bltu	a4,a5,3c8e <_ZL16motor_motion_runiym+0x17b4>
    3c66:	03000713          	li	a4,48
    3c6a:	0ffbf793          	zext.b	a5,s7
    3c6e:	02e787b3          	mul	a5,a5,a4
    3c72:	5712                	lw	a4,36(sp)
    3c74:	97ba                	add	a5,a5,a4
    3c76:	23f8                	lbu	a4,6(a5)
    3c78:	cb19                	beqz	a4,3c8e <_ZL16motor_motion_runiym+0x17b4>
    3c7a:	4794                	lw	a3,8(a5)
    3c7c:	6741                	lui	a4,0x10
    3c7e:	f0070713          	addi	a4,a4,-256 # ff00 <MC_PULL_calibration.cpp.947435e8+0x617>
    3c82:	00e68663          	beq	a3,a4,3c8e <_ZL16motor_motion_runiym+0x17b4>
    3c86:	c798                	sw	a4,8(a5)
    3c88:	4705                	li	a4,1
    3c8a:	02e78623          	sb	a4,44(a5)
    3c8e:	f00a0de3          	beqz	s4,3ba8 <_ZL16motor_motion_runiym+0x16ce>
    3c92:	47e2                	lw	a5,24(sp)
    3c94:	46c2                	lw	a3,16(sp)
    3c96:	4652                	lw	a2,20(sp)
    3c98:	01978733          	add	a4,a5,s9
    3c9c:	431c                	lw	a5,0(a4)
    3c9e:	4358                	lw	a4,4(a4)
    3ca0:	40f687b3          	sub	a5,a3,a5
    3ca4:	00f6b6b3          	sltu	a3,a3,a5
    3ca8:	40e60733          	sub	a4,a2,a4
    3cac:	eed71ee3          	bne	a4,a3,3ba8 <_ZL16motor_motion_runiym+0x16ce>
    3cb0:	5db00713          	li	a4,1499
    3cb4:	eef76ae3          	bltu	a4,a5,3ba8 <_ZL16motor_motion_runiym+0x16ce>
    3cb8:	90c1a583          	lw	a1,-1780(gp) # 2000029c <_ZL7g_scale+0xdc>
    3cbc:	09042503          	lw	a0,144(s0)
    3cc0:	40b060ef          	jal	ra,a8ca <__mulsf3>
    3cc4:	b165                	j	396c <_ZL16motor_motion_runiym+0x1492>
    3cc6:	0ffbf493          	zext.b	s1,s7
    3cca:	478d                	li	a5,3
    3ccc:	0297ed63          	bltu	a5,s1,3d06 <_ZL16motor_motion_runiym+0x182c>
    3cd0:	0ffbf793          	zext.b	a5,s7
    3cd4:	03000713          	li	a4,48
    3cd8:	02e78733          	mul	a4,a5,a4
    3cdc:	5692                	lw	a3,36(sp)
    3cde:	9736                	add	a4,a4,a3
    3ce0:	2378                	lbu	a4,6(a4)
    3ce2:	c315                	beqz	a4,3d06 <_ZL16motor_motion_runiym+0x182c>
    3ce4:	03000713          	li	a4,48
    3ce8:	02e787b3          	mul	a5,a5,a4
    3cec:	5712                	lw	a4,36(sp)
    3cee:	97ba                	add	a5,a5,a4
    3cf0:	4794                	lw	a3,8(a5)
    3cf2:	01000737          	lui	a4,0x1000
    3cf6:	f0070713          	addi	a4,a4,-256 # ffff00 <ch32v20x_wwdg.c.13394d49+0xfe2197>
    3cfa:	00e68663          	beq	a3,a4,3d06 <_ZL16motor_motion_runiym+0x182c>
    3cfe:	c798                	sw	a4,8(a5)
    3d00:	4705                	li	a4,1
    3d02:	02e78623          	sb	a4,44(a5)
    3d06:	4785                	li	a5,1
    3d08:	dafa09e3          	beq	s4,a5,3aba <_ZL16motor_motion_runiym+0x15e0>
    3d0c:	4709                	li	a4,2
    3d0e:	0aea1363          	bne	s4,a4,3db4 <_ZL16motor_motion_runiym+0x18da>
    3d12:	4772                	lw	a4,28(sp)
    3d14:	9bba                	add	s7,s7,a4
    3d16:	b3a9                	j	3a60 <_ZL16motor_motion_runiym+0x1586>
    3d18:	0785                	addi	a5,a5,1
    3d1a:	0ff7f793          	zext.b	a5,a5
    3d1e:	a31c                	sb	a5,0(a4)
    3d20:	4709                	li	a4,2
    3d22:	e0f767e3          	bltu	a4,a5,3b30 <_ZL16motor_motion_runiym+0x1656>
    3d26:	4795                	li	a5,5
    3d28:	bd09                	j	3b3a <_ZL16motor_motion_runiym+0x1660>
    3d2a:	00000593          	li	a1,0
    3d2e:	8552                	mv	a0,s4
    3d30:	303060ef          	jal	ra,a832 <__lesf2>
    3d34:	06a04663          	bgtz	a0,3da0 <_ZL16motor_motion_runiym+0x18c6>
    3d38:	57c6                	lw	a5,112(sp)
    3d3a:	4705                	li	a4,1
    3d3c:	4801                	li	a6,0
    3d3e:	97de                	add	a5,a5,s7
    3d40:	a398                	sb	a4,0(a5)
    3d42:	47f2                	lw	a5,28(sp)
    3d44:	97de                	add	a5,a5,s7
    3d46:	00078023          	sb	zero,0(a5)
    3d4a:	57c2                	lw	a5,48(sp)
    3d4c:	97de                	add	a5,a5,s7
    3d4e:	00078023          	sb	zero,0(a5)
    3d52:	00000793          	li	a5,0
    3d56:	00faa023          	sw	a5,0(s5)
    3d5a:	47e2                	lw	a5,24(sp)
    3d5c:	9cbe                	add	s9,s9,a5
    3d5e:	4781                	li	a5,0
    3d60:	00fca023          	sw	a5,0(s9)
    3d64:	010ca223          	sw	a6,4(s9)
    3d68:	478d                	li	a5,3
    3d6a:	be97efe3          	bltu	a5,s1,3968 <_ZL16motor_motion_runiym+0x148e>
    3d6e:	03000793          	li	a5,48
    3d72:	0ffbfb93          	zext.b	s7,s7
    3d76:	02fb8bb3          	mul	s7,s7,a5
    3d7a:	5792                	lw	a5,36(sp)
    3d7c:	9bbe                	add	s7,s7,a5
    3d7e:	006bc783          	lbu	a5,6(s7)
    3d82:	be0783e3          	beqz	a5,3968 <_ZL16motor_motion_runiym+0x148e>
    3d86:	008ba683          	lw	a3,8(s7)
    3d8a:	003547b7          	lui	a5,0x354
    3d8e:	83278793          	addi	a5,a5,-1998 # 353832 <ch32v20x_wwdg.c.13394d49+0x335ac9>
    3d92:	bcf68be3          	beq	a3,a5,3968 <_ZL16motor_motion_runiym+0x148e>
    3d96:	00fba423          	sw	a5,8(s7)
    3d9a:	02eb8623          	sb	a4,44(s7)
    3d9e:	b6e9                	j	3968 <_ZL16motor_motion_runiym+0x148e>
    3da0:	09042503          	lw	a0,144(s0)
    3da4:	90c1a583          	lw	a1,-1780(gp) # 2000029c <_ZL7g_scale+0xdc>
    3da8:	800007b7          	lui	a5,0x80000
    3dac:	8d3d                	xor	a0,a0,a5
    3dae:	bf09                	j	3cc0 <_ZL16motor_motion_runiym+0x17e6>
    3db0:	020a1163          	bnez	s4,3dd2 <_ZL16motor_motion_runiym+0x18f8>
    3db4:	47f2                	lw	a5,28(sp)
    3db6:	97de                	add	a5,a5,s7
    3db8:	00078023          	sb	zero,0(a5) # 80000000 <__freertos_irq_stack_top+0x5fffb000>
    3dbc:	57c2                	lw	a5,48(sp)
    3dbe:	9bbe                	add	s7,s7,a5
    3dc0:	57b2                	lw	a5,44(sp)
    3dc2:	000b8023          	sb	zero,0(s7)
    3dc6:	9c3e                	add	s8,s8,a5
    3dc8:	00000793          	li	a5,0
    3dcc:	00fc2023          	sw	a5,0(s8)
    3dd0:	b3c5                	j	3bb0 <_ZL16motor_motion_runiym+0x16d6>
    3dd2:	5796                	lw	a5,100(sp)
    3dd4:	8556                	mv	a0,s5
    3dd6:	97e2                	add	a5,a5,s8
    3dd8:	438c                	lw	a1,0(a5)
    3dda:	5cd060ef          	jal	ra,aba6 <__subsf3>
    3dde:	00000593          	li	a1,0
    3de2:	84aa                	mv	s1,a0
    3de4:	24f060ef          	jal	ra,a832 <__lesf2>
    3de8:	00055563          	bgez	a0,3df2 <_ZL16motor_motion_runiym+0x1918>
    3dec:	800007b7          	lui	a5,0x80000
    3df0:	8cbd                	xor	s1,s1,a5
    3df2:	5796                	lw	a5,100(sp)
    3df4:	8526                	mv	a0,s1
    3df6:	97e2                	add	a5,a5,s8
    3df8:	0157a023          	sw	s5,0(a5) # 80000000 <__freertos_irq_stack_top+0x5fffb000>
    3dfc:	57b2                	lw	a5,44(sp)
    3dfe:	97e2                	add	a5,a5,s8
    3e00:	438c                	lw	a1,0(a5)
    3e02:	2ea060ef          	jal	ra,a0ec <__addsf3>
    3e06:	9081aa83          	lw	s5,-1784(gp) # 20000298 <_ZL7g_scale+0xd8>
    3e0a:	84aa                	mv	s1,a0
    3e0c:	85d6                	mv	a1,s5
    3e0e:	18f060ef          	jal	ra,a79c <__gesf2>
    3e12:	00a05363          	blez	a0,3e18 <_ZL16motor_motion_runiym+0x193e>
    3e16:	84d6                	mv	s1,s5
    3e18:	57b2                	lw	a5,44(sp)
    3e1a:	470d                	li	a4,3
    3e1c:	97e2                	add	a5,a5,s8
    3e1e:	c384                	sw	s1,0(a5)
    3e20:	0ffbf793          	zext.b	a5,s7
    3e24:	02f76663          	bltu	a4,a5,3e50 <_ZL16motor_motion_runiym+0x1976>
    3e28:	03000713          	li	a4,48
    3e2c:	0ffbf793          	zext.b	a5,s7
    3e30:	02e787b3          	mul	a5,a5,a4
    3e34:	5712                	lw	a4,36(sp)
    3e36:	97ba                	add	a5,a5,a4
    3e38:	23f8                	lbu	a4,6(a5)
    3e3a:	cb19                	beqz	a4,3e50 <_ZL16motor_motion_runiym+0x1976>
    3e3c:	4794                	lw	a3,8(a5)
    3e3e:	6741                	lui	a4,0x10
    3e40:	f0070713          	addi	a4,a4,-256 # ff00 <MC_PULL_calibration.cpp.947435e8+0x617>
    3e44:	00e68663          	beq	a3,a4,3e50 <_ZL16motor_motion_runiym+0x1976>
    3e48:	c798                	sw	a4,8(a5)
    3e4a:	4705                	li	a4,1
    3e4c:	02e78623          	sb	a4,44(a5)
    3e50:	47b6                	lw	a5,76(sp)
    3e52:	96c1a583          	lw	a1,-1684(gp) # 200002fc <_ZL7g_scale+0x13c>
    3e56:	97e2                	add	a5,a5,s8
    3e58:	4388                	lw	a0,0(a5)
    3e5a:	1d9060ef          	jal	ra,a832 <__lesf2>
    3e5e:	00a05963          	blez	a0,3e70 <_ZL16motor_motion_runiym+0x1996>
    3e62:	4789                	li	a5,2
    3e64:	e4fa1ae3          	bne	s4,a5,3cb8 <_ZL16motor_motion_runiym+0x17de>
    3e68:	47f2                	lw	a5,28(sp)
    3e6a:	9bbe                	add	s7,s7,a5
    3e6c:	4785                	li	a5,1
    3e6e:	becd                	j	3a60 <_ZL16motor_motion_runiym+0x1586>
    3e70:	4785                	li	a5,1
    3e72:	00fa1863          	bne	s4,a5,3e82 <_ZL16motor_motion_runiym+0x19a8>
    3e76:	47f2                	lw	a5,28(sp)
    3e78:	9bbe                	add	s7,s7,a5
    3e7a:	4791                	li	a5,4
    3e7c:	00fb8023          	sb	a5,0(s7)
    3e80:	b4e5                	j	3968 <_ZL16motor_motion_runiym+0x148e>
    3e82:	4789                	li	a5,2
    3e84:	f2fa18e3          	bne	s4,a5,3db4 <_ZL16motor_motion_runiym+0x18da>
    3e88:	b7c5                	j	3e68 <_ZL16motor_motion_runiym+0x198e>
    3e8a:	0ffbf793          	zext.b	a5,s7
    3e8e:	470d                	li	a4,3
    3e90:	02f76663          	bltu	a4,a5,3ebc <_ZL16motor_motion_runiym+0x19e2>
    3e94:	03000713          	li	a4,48
    3e98:	0ffbf793          	zext.b	a5,s7
    3e9c:	02e787b3          	mul	a5,a5,a4
    3ea0:	5712                	lw	a4,36(sp)
    3ea2:	97ba                	add	a5,a5,a4
    3ea4:	23f8                	lbu	a4,6(a5)
    3ea6:	cb19                	beqz	a4,3ebc <_ZL16motor_motion_runiym+0x19e2>
    3ea8:	4794                	lw	a3,8(a5)
    3eaa:	6741                	lui	a4,0x10
    3eac:	f0070713          	addi	a4,a4,-256 # ff00 <MC_PULL_calibration.cpp.947435e8+0x617>
    3eb0:	00e68663          	beq	a3,a4,3ebc <_ZL16motor_motion_runiym+0x19e2>
    3eb4:	c798                	sw	a4,8(a5)
    3eb6:	4705                	li	a4,1
    3eb8:	02e78623          	sb	a4,44(a5)
    3ebc:	ee0a0ce3          	beqz	s4,3db4 <_ZL16motor_motion_runiym+0x18da>
    3ec0:	4789                	li	a5,2
    3ec2:	defa1be3          	bne	s4,a5,3cb8 <_ZL16motor_motion_runiym+0x17de>
    3ec6:	47f2                	lw	a5,28(sp)
    3ec8:	9bbe                	add	s7,s7,a5
    3eca:	479d                	li	a5,7
    3ecc:	be51                	j	3a60 <_ZL16motor_motion_runiym+0x1586>
    3ece:	0ffbf793          	zext.b	a5,s7
    3ed2:	470d                	li	a4,3
    3ed4:	02f76663          	bltu	a4,a5,3f00 <_ZL16motor_motion_runiym+0x1a26>
    3ed8:	03000713          	li	a4,48
    3edc:	0ffbf793          	zext.b	a5,s7
    3ee0:	02e787b3          	mul	a5,a5,a4
    3ee4:	5712                	lw	a4,36(sp)
    3ee6:	97ba                	add	a5,a5,a4
    3ee8:	23f8                	lbu	a4,6(a5)
    3eea:	cb19                	beqz	a4,3f00 <_ZL16motor_motion_runiym+0x1a26>
    3eec:	4794                	lw	a3,8(a5)
    3eee:	6741                	lui	a4,0x10
    3ef0:	f0070713          	addi	a4,a4,-256 # ff00 <MC_PULL_calibration.cpp.947435e8+0x617>
    3ef4:	00e68663          	beq	a3,a4,3f00 <_ZL16motor_motion_runiym+0x1a26>
    3ef8:	c798                	sw	a4,8(a5)
    3efa:	4705                	li	a4,1
    3efc:	02e78623          	sb	a4,44(a5)
    3f00:	ea0a0ae3          	beqz	s4,3db4 <_ZL16motor_motion_runiym+0x18da>
    3f04:	47e2                	lw	a5,24(sp)
    3f06:	46c2                	lw	a3,16(sp)
    3f08:	4652                	lw	a2,20(sp)
    3f0a:	01978733          	add	a4,a5,s9
    3f0e:	431c                	lw	a5,0(a4)
    3f10:	4358                	lw	a4,4(a4)
    3f12:	40f687b3          	sub	a5,a3,a5
    3f16:	00f6b6b3          	sltu	a3,a3,a5
    3f1a:	40e60733          	sub	a4,a2,a4
    3f1e:	e8d71be3          	bne	a4,a3,3db4 <_ZL16motor_motion_runiym+0x18da>
    3f22:	5db00713          	li	a4,1499
    3f26:	d8f779e3          	bgeu	a4,a5,3cb8 <_ZL16motor_motion_runiym+0x17de>
    3f2a:	b569                	j	3db4 <_ZL16motor_motion_runiym+0x18da>
    3f2c:	57c2                	lw	a5,48(sp)
    3f2e:	00000713          	li	a4,0
    3f32:	4801                	li	a6,0
    3f34:	97de                	add	a5,a5,s7
    3f36:	00078023          	sb	zero,0(a5)
    3f3a:	57b2                	lw	a5,44(sp)
    3f3c:	00068023          	sb	zero,0(a3)
    3f40:	97e2                	add	a5,a5,s8
    3f42:	c398                	sw	a4,0(a5)
    3f44:	47e2                	lw	a5,24(sp)
    3f46:	9cbe                	add	s9,s9,a5
    3f48:	4781                	li	a5,0
    3f4a:	00fca023          	sw	a5,0(s9)
    3f4e:	010ca223          	sw	a6,4(s9)
    3f52:	a7c18793          	addi	a5,gp,-1412 # 2000040c <_ZL11MC_PULL_stu>
    3f56:	97de                	add	a5,a5,s7
    3f58:	00078783          	lb	a5,0(a5)
    3f5c:	12078f63          	beqz	a5,409a <_ZL16motor_motion_runiym+0x1bc0>
    3f60:	47b6                	lw	a5,76(sp)
    3f62:	09042483          	lw	s1,144(s0)
    3f66:	9c3e                	add	s8,s8,a5
    3f68:	89c1a583          	lw	a1,-1892(gp) # 2000022c <_ZL7g_scale+0x6c>
    3f6c:	000c2503          	lw	a0,0(s8)
    3f70:	437060ef          	jal	ra,aba6 <__subsf3>
    3f74:	5662                	lw	a2,56(sp)
    3f76:	85aa                	mv	a1,a0
    3f78:	06c40513          	addi	a0,s0,108
    3f7c:	a37fc0ef          	jal	ra,9b2 <_ZN9MOTOR_PID8caculateEff>
    3f80:	85aa                	mv	a1,a0
    3f82:	8526                	mv	a0,s1
    3f84:	147060ef          	jal	ra,a8ca <__mulsf3>
    3f88:	cd2a                	sw	a0,152(sp)
    3f8a:	a891                	j	3fde <_ZL16motor_motion_runiym+0x1b04>
    3f8c:	47f2                	lw	a5,28(sp)
    3f8e:	00000693          	li	a3,0
    3f92:	4801                	li	a6,0
    3f94:	97de                	add	a5,a5,s7
    3f96:	00078023          	sb	zero,0(a5)
    3f9a:	57c2                	lw	a5,48(sp)
    3f9c:	97de                	add	a5,a5,s7
    3f9e:	00078023          	sb	zero,0(a5)
    3fa2:	57b2                	lw	a5,44(sp)
    3fa4:	97e2                	add	a5,a5,s8
    3fa6:	c394                	sw	a3,0(a5)
    3fa8:	47e2                	lw	a5,24(sp)
    3faa:	9cbe                	add	s9,s9,a5
    3fac:	4781                	li	a5,0
    3fae:	00fca023          	sw	a5,0(s9)
    3fb2:	010ca223          	sw	a6,4(s9)
    3fb6:	f80a1ee3          	bnez	s4,3f52 <_ZL16motor_motion_runiym+0x1a78>
    3fba:	8f51                	or	a4,a4,a2
    3fbc:	c70d                	beqz	a4,3fe6 <_ZL16motor_motion_runiym+0x1b0c>
    3fbe:	47a6                	lw	a5,72(sp)
    3fc0:	dbc9                	beqz	a5,3f52 <_ZL16motor_motion_runiym+0x1a78>
    3fc2:	57e6                	lw	a5,120(sp)
    3fc4:	9bbe                	add	s7,s7,a5
    3fc6:	000bc703          	lbu	a4,0(s7)
    3fca:	03000793          	li	a5,48
    3fce:	02e7f163          	bgeu	a5,a4,3ff0 <_ZL16motor_motion_runiym+0x1b16>
    3fd2:	00000793          	li	a5,0
    3fd6:	dc3c                	sw	a5,120(s0)
    3fd8:	dc7c                	sw	a5,124(s0)
    3fda:	08010b23          	sb	zero,150(sp)
    3fde:	4b01                	li	s6,0
    3fe0:	ba69                	j	397a <_ZL16motor_motion_runiym+0x14a0>
    3fe2:	f60a18e3          	bnez	s4,3f52 <_ZL16motor_motion_runiym+0x1a78>
    3fe6:	00000713          	li	a4,0
    3fea:	dc38                	sw	a4,120(s0)
    3fec:	dc78                	sw	a4,124(s0)
    3fee:	a105                	j	440e <_ZL16motor_motion_runiym+0x1f34>
    3ff0:	47b6                	lw	a5,76(sp)
    3ff2:	80000ab7          	lui	s5,0x80000
    3ff6:	9c3e                	add	s8,s8,a5
    3ff8:	9701a583          	lw	a1,-1680(gp) # 20000300 <_ZL7g_scale+0x140>
    3ffc:	000c2503          	lw	a0,0(s8)
    4000:	3a7060ef          	jal	ra,aba6 <__subsf3>
    4004:	5662                	lw	a2,56(sp)
    4006:	09042a03          	lw	s4,144(s0)
    400a:	4785                	li	a5,1
    400c:	00aacab3          	xor	s5,s5,a0
    4010:	85aa                	mv	a1,a0
    4012:	06c40513          	addi	a0,s0,108
    4016:	08f10b23          	sb	a5,150(sp)
    401a:	cf56                	sw	s5,156(sp)
    401c:	997fc0ef          	jal	ra,9b2 <_ZN9MOTOR_PID8caculateEff>
    4020:	85aa                	mv	a1,a0
    4022:	8552                	mv	a0,s4
    4024:	0a7060ef          	jal	ra,a8ca <__mulsf3>
    4028:	8f01a583          	lw	a1,-1808(gp) # 20000280 <_ZL7g_scale+0xc0>
    402c:	84aa                	mv	s1,a0
    402e:	8556                	mv	a0,s5
    4030:	09b060ef          	jal	ra,a8ca <__mulsf3>
    4034:	8bc1a583          	lw	a1,-1860(gp) # 2000024c <_ZL7g_scale+0x8c>
    4038:	0b4060ef          	jal	ra,a0ec <__addsf3>
    403c:	90c1ab03          	lw	s6,-1780(gp) # 2000029c <_ZL7g_scale+0xdc>
    4040:	8aaa                	mv	s5,a0
    4042:	85da                	mv	a1,s6
    4044:	758060ef          	jal	ra,a79c <__gesf2>
    4048:	00a05363          	blez	a0,404e <_ZL16motor_motion_runiym+0x1b74>
    404c:	8ada                	mv	s5,s6
    404e:	85d6                	mv	a1,s5
    4050:	8526                	mv	a0,s1
    4052:	74a060ef          	jal	ra,a79c <__gesf2>
    4056:	00a05363          	blez	a0,405c <_ZL16motor_motion_runiym+0x1b82>
    405a:	84d6                	mv	s1,s5
    405c:	800007b7          	lui	a5,0x80000
    4060:	0157cab3          	xor	s5,a5,s5
    4064:	85a6                	mv	a1,s1
    4066:	8556                	mv	a0,s5
    4068:	cd26                	sw	s1,152(sp)
    406a:	732060ef          	jal	ra,a79c <__gesf2>
    406e:	00a05363          	blez	a0,4074 <_ZL16motor_motion_runiym+0x1b9a>
    4072:	cd56                	sw	s5,152(sp)
    4074:	45ea                	lw	a1,152(sp)
    4076:	8552                	mv	a0,s4
    4078:	053060ef          	jal	ra,a8ca <__mulsf3>
    407c:	00000593          	li	a1,0
    4080:	71c060ef          	jal	ra,a79c <__gesf2>
    4084:	f4a05de3          	blez	a0,3fde <_ZL16motor_motion_runiym+0x1b04>
    4088:	00000793          	li	a5,0
    408c:	cd3e                	sw	a5,152(sp)
    408e:	dc3c                	sw	a5,120(s0)
    4090:	dc7c                	sw	a5,124(s0)
    4092:	08010b23          	sb	zero,150(sp)
    4096:	cf3e                	sw	a5,156(sp)
    4098:	b799                	j	3fde <_ZL16motor_motion_runiym+0x1b04>
    409a:	00000793          	li	a5,0
    409e:	dc3c                	sw	a5,120(s0)
    40a0:	dc7c                	sw	a5,124(s0)
    40a2:	bf35                	j	3fde <_ZL16motor_motion_runiym+0x1b04>
    40a4:	09042503          	lw	a0,144(s0)
    40a8:	90c1a583          	lw	a1,-1780(gp) # 2000029c <_ZL7g_scale+0xdc>
    40ac:	800007b7          	lui	a5,0x80000
    40b0:	8d3d                	xor	a0,a0,a5
    40b2:	019060ef          	jal	ra,a8ca <__mulsf3>
    40b6:	cd2a                	sw	a0,152(sp)
    40b8:	c482                	sw	zero,72(sp)
    40ba:	ffaff06f          	j	38b4 <_ZL16motor_motion_runiym+0x13da>
    40be:	c482                	sw	zero,72(sp)
    40c0:	80bff06f          	j	38ca <_ZL16motor_motion_runiym+0x13f0>
    40c4:	47b6                	lw	a5,76(sp)
    40c6:	a3018a13          	addi	s4,gp,-1488 # 200003c0 <_ZZN14_MOTOR_CONTROL3runEfyE9pb_active>
    40ca:	9a5e                	add	s4,s4,s7
    40cc:	9c3e                	add	s8,s8,a5
    40ce:	000a4783          	lbu	a5,0(s4)
    40d2:	000c2983          	lw	s3,0(s8)
    40d6:	a3018493          	addi	s1,gp,-1488 # 200003c0 <_ZZN14_MOTOR_CONTROL3runEfyE9pb_active>
    40da:	c3ad                	beqz	a5,413c <_ZL16motor_motion_runiym+0x1c62>
    40dc:	89c1a583          	lw	a1,-1892(gp) # 2000022c <_ZL7g_scale+0x6c>
    40e0:	854e                	mv	a0,s3
    40e2:	750060ef          	jal	ra,a832 <__lesf2>
    40e6:	06a05663          	blez	a0,4152 <_ZL16motor_motion_runiym+0x1c78>
    40ea:	89c1a583          	lw	a1,-1892(gp) # 2000022c <_ZL7g_scale+0x6c>
    40ee:	854e                	mv	a0,s3
    40f0:	2b7060ef          	jal	ra,aba6 <__subsf3>
    40f4:	4785                	li	a5,1
    40f6:	08f10b23          	sb	a5,150(sp)
    40fa:	8781a583          	lw	a1,-1928(gp) # 20000208 <_ZL7g_scale+0x48>
    40fe:	84aa                	mv	s1,a0
    4100:	cf2a                	sw	a0,156(sp)
    4102:	730060ef          	jal	ra,a832 <__lesf2>
    4106:	00000593          	li	a1,0
    410a:	00a05663          	blez	a0,4116 <_ZL16motor_motion_runiym+0x1c3c>
    410e:	8526                	mv	a0,s1
    4110:	c4bfd0ef          	jal	ra,1d5a <_ZL20retract_mag_from_errff.part.0.constprop.0>
    4114:	85aa                	mv	a1,a0
    4116:	09042483          	lw	s1,144(s0)
    411a:	8526                	mv	a0,s1
    411c:	7ae060ef          	jal	ra,a8ca <__mulsf3>
    4120:	85aa                	mv	a1,a0
    4122:	89aa                	mv	s3,a0
    4124:	8526                	mv	a0,s1
    4126:	7a4060ef          	jal	ra,a8ca <__mulsf3>
    412a:	00000593          	li	a1,0
    412e:	704060ef          	jal	ra,a832 <__lesf2>
    4132:	f8054163          	bltz	a0,38b4 <_ZL16motor_motion_runiym+0x13da>
    4136:	cd4e                	sw	s3,152(sp)
    4138:	f7cff06f          	j	38b4 <_ZL16motor_motion_runiym+0x13da>
    413c:	9581a583          	lw	a1,-1704(gp) # 200002e8 <_ZL7g_scale+0x128>
    4140:	854e                	mv	a0,s3
    4142:	65a060ef          	jal	ra,a79c <__gesf2>
    4146:	00054663          	bltz	a0,4152 <_ZL16motor_motion_runiym+0x1c78>
    414a:	4785                	li	a5,1
    414c:	00fa0023          	sb	a5,0(s4)
    4150:	bf69                	j	40ea <_ZL16motor_motion_runiym+0x1c10>
    4152:	94de                	add	s1,s1,s7
    4154:	00048023          	sb	zero,0(s1)
    4158:	08010b23          	sb	zero,150(sp)
    415c:	f58ff06f          	j	38b4 <_ZL16motor_motion_runiym+0x13da>
    4160:	47b6                	lw	a5,76(sp)
    4162:	09c10893          	addi	a7,sp,156
    4166:	09610813          	addi	a6,sp,150
    416a:	9c3e                	add	s8,s8,a5
    416c:	09710793          	addi	a5,sp,151
    4170:	c03e                	sw	a5,0(sp)
    4172:	4c14                	lw	a3,24(s0)
    4174:	09042583          	lw	a1,144(s0)
    4178:	000c2503          	lw	a0,0(s8)
    417c:	093c                	addi	a5,sp,152
    417e:	01c40713          	addi	a4,s0,28
    4182:	06c40613          	addi	a2,s0,108
    4186:	c91fd0ef          	jal	ra,1e16 <_ZN14_MOTOR_CONTROL9hold_loadEffR9MOTOR_PIDRfRhS2_RbS2_S4_.constprop.0.isra.0>
    418a:	f2aff06f          	j	38b4 <_ZL16motor_motion_runiym+0x13da>
    418e:	02042a03          	lw	s4,32(s0)
    4192:	47b6                	lw	a5,76(sp)
    4194:	00000593          	li	a1,0
    4198:	8552                	mv	a0,s4
    419a:	9c3e                	add	s8,s8,a5
    419c:	600060ef          	jal	ra,a79c <__gesf2>
    41a0:	000c2483          	lw	s1,0(s8)
    41a4:	02054e63          	bltz	a0,41e0 <_ZL16motor_motion_runiym+0x1d06>
    41a8:	541c                	lw	a5,40(s0)
    41aa:	5458                	lw	a4,44(s0)
    41ac:	00e7e6b3          	or	a3,a5,a4
    41b0:	c285                	beqz	a3,41d0 <_ZL16motor_motion_runiym+0x1cf6>
    41b2:	46c2                	lw	a3,16(sp)
    41b4:	4652                	lw	a2,20(sp)
    41b6:	40f687b3          	sub	a5,a3,a5
    41ba:	00f6b6b3          	sltu	a3,a3,a5
    41be:	40e60733          	sub	a4,a2,a4
    41c2:	00d71763          	bne	a4,a3,41d0 <_ZL16motor_motion_runiym+0x1cf6>
    41c6:	6705                	lui	a4,0x1
    41c8:	38770713          	addi	a4,a4,903 # 1387 <_Z10set_motionhhhh.part.0+0xf7>
    41cc:	04f77063          	bgeu	a4,a5,420c <_ZL16motor_motion_runiym+0x1d32>
    41d0:	8a41a783          	lw	a5,-1884(gp) # 20000234 <_ZL7g_scale+0x74>
    41d4:	4801                	li	a6,0
    41d6:	03042623          	sw	a6,44(s0)
    41da:	d01c                	sw	a5,32(s0)
    41dc:	4781                	li	a5,0
    41de:	d41c                	sw	a5,40(s0)
    41e0:	9101aa03          	lw	s4,-1776(gp) # 200002a0 <_ZL7g_scale+0xe0>
    41e4:	9741a583          	lw	a1,-1676(gp) # 20000304 <_ZL7g_scale+0x144>
    41e8:	00040e23          	sb	zero,28(s0)
    41ec:	8526                	mv	a0,s1
    41ee:	5ae060ef          	jal	ra,a79c <__gesf2>
    41f2:	08054163          	bltz	a0,4274 <_ZL16motor_motion_runiym+0x1d9a>
    41f6:	85d2                	mv	a1,s4
    41f8:	8526                	mv	a0,s1
    41fa:	638060ef          	jal	ra,a832 <__lesf2>
    41fe:	06a04b63          	bgtz	a0,4274 <_ZL16motor_motion_runiym+0x1d9a>
    4202:	00000793          	li	a5,0
    4206:	dc3c                	sw	a5,120(s0)
    4208:	dc7c                	sw	a5,124(s0)
    420a:	b7b9                	j	4158 <_ZL16motor_motion_runiym+0x1c7e>
    420c:	85d2                	mv	a1,s4
    420e:	8526                	mv	a0,s1
    4210:	58c060ef          	jal	ra,a79c <__gesf2>
    4214:	00a05363          	blez	a0,421a <_ZL16motor_motion_runiym+0x1d40>
    4218:	d004                	sw	s1,32(s0)
    421a:	5008                	lw	a0,32(s0)
    421c:	85a6                	mv	a1,s1
    421e:	189060ef          	jal	ra,aba6 <__subsf3>
    4222:	8b01a583          	lw	a1,-1872(gp) # 20000240 <_ZL7g_scale+0x80>
    4226:	576060ef          	jal	ra,a79c <__gesf2>
    422a:	02a05963          	blez	a0,425c <_ZL16motor_motion_runiym+0x1d82>
    422e:	8741a583          	lw	a1,-1932(gp) # 20000204 <_ZL7g_scale+0x44>
    4232:	8526                	mv	a0,s1
    4234:	6b9050ef          	jal	ra,a0ec <__addsf3>
    4238:	9101aa83          	lw	s5,-1776(gp) # 200002a0 <_ZL7g_scale+0xe0>
    423c:	8a2a                	mv	s4,a0
    423e:	85d6                	mv	a1,s5
    4240:	5f2060ef          	jal	ra,a832 <__lesf2>
    4244:	02054663          	bltz	a0,4270 <_ZL16motor_motion_runiym+0x1d96>
    4248:	8581aa83          	lw	s5,-1960(gp) # 200001e8 <_ZL7g_scale+0x28>
    424c:	8552                	mv	a0,s4
    424e:	85d6                	mv	a1,s5
    4250:	54c060ef          	jal	ra,a79c <__gesf2>
    4254:	00a04e63          	bgtz	a0,4270 <_ZL16motor_motion_runiym+0x1d96>
    4258:	03442023          	sw	s4,32(s0)
    425c:	02042a03          	lw	s4,32(s0)
    4260:	9101a583          	lw	a1,-1776(gp) # 200002a0 <_ZL7g_scale+0xe0>
    4264:	8552                	mv	a0,s4
    4266:	536060ef          	jal	ra,a79c <__gesf2>
    426a:	f6a05be3          	blez	a0,41e0 <_ZL16motor_motion_runiym+0x1d06>
    426e:	bf9d                	j	41e4 <_ZL16motor_motion_runiym+0x1d0a>
    4270:	8a56                	mv	s4,s5
    4272:	b7dd                	j	4258 <_ZL16motor_motion_runiym+0x1d7e>
    4274:	9781a583          	lw	a1,-1672(gp) # 20000308 <_ZL7g_scale+0x148>
    4278:	8526                	mv	a0,s1
    427a:	12d060ef          	jal	ra,aba6 <__subsf3>
    427e:	9741ab03          	lw	s6,-1676(gp) # 20000304 <_ZL7g_scale+0x144>
    4282:	8a2a                	mv	s4,a0
    4284:	8526                	mv	a0,s1
    4286:	85da                	mv	a1,s6
    4288:	5aa060ef          	jal	ra,a832 <__lesf2>
    428c:	4785                	li	a5,1
    428e:	08f10b23          	sb	a5,150(sp)
    4292:	08055063          	bgez	a0,4312 <_ZL16motor_motion_runiym+0x1e38>
    4296:	800007b7          	lui	a5,0x80000
    429a:	0147c7b3          	xor	a5,a5,s4
    429e:	cf3e                	sw	a5,156(sp)
    42a0:	89c1aa83          	lw	s5,-1892(gp) # 2000022c <_ZL7g_scale+0x6c>
    42a4:	8526                	mv	a0,s1
    42a6:	85d6                	mv	a1,s5
    42a8:	4f4060ef          	jal	ra,a79c <__gesf2>
    42ac:	85a6                	mv	a1,s1
    42ae:	04054863          	bltz	a0,42fe <_ZL16motor_motion_runiym+0x1e24>
    42b2:	855a                	mv	a0,s6
    42b4:	0f3060ef          	jal	ra,aba6 <__subsf3>
    42b8:	97c1a583          	lw	a1,-1668(gp) # 2000030c <_ZL7g_scale+0x14c>
    42bc:	60e060ef          	jal	ra,a8ca <__mulsf3>
    42c0:	9801a583          	lw	a1,-1664(gp) # 20000310 <_ZL7g_scale+0x150>
    42c4:	629050ef          	jal	ra,a0ec <__addsf3>
    42c8:	90c1a983          	lw	s3,-1780(gp) # 2000029c <_ZL7g_scale+0xdc>
    42cc:	84aa                	mv	s1,a0
    42ce:	85ce                	mv	a1,s3
    42d0:	4cc060ef          	jal	ra,a79c <__gesf2>
    42d4:	00a05363          	blez	a0,42da <_ZL16motor_motion_runiym+0x1e00>
    42d8:	84ce                	mv	s1,s3
    42da:	09042503          	lw	a0,144(s0)
    42de:	800007b7          	lui	a5,0x80000
    42e2:	85a6                	mv	a1,s1
    42e4:	8d3d                	xor	a0,a0,a5
    42e6:	5e4060ef          	jal	ra,a8ca <__mulsf3>
    42ea:	00000793          	li	a5,0
    42ee:	dc3c                	sw	a5,120(s0)
    42f0:	dc7c                	sw	a5,124(s0)
    42f2:	4785                	li	a5,1
    42f4:	cd2a                	sw	a0,152(sp)
    42f6:	08f10ba3          	sb	a5,151(sp)
    42fa:	dbaff06f          	j	38b4 <_ZL16motor_motion_runiym+0x13da>
    42fe:	8556                	mv	a0,s5
    4300:	0a7060ef          	jal	ra,aba6 <__subsf3>
    4304:	97c1a583          	lw	a1,-1668(gp) # 2000030c <_ZL7g_scale+0x14c>
    4308:	5c2060ef          	jal	ra,a8ca <__mulsf3>
    430c:	90c1a583          	lw	a1,-1780(gp) # 2000029c <_ZL7g_scale+0xdc>
    4310:	bf55                	j	42c4 <_ZL16motor_motion_runiym+0x1dea>
    4312:	00000593          	li	a1,0
    4316:	8552                	mv	a0,s4
    4318:	51a060ef          	jal	ra,a832 <__lesf2>
    431c:	8b52                	mv	s6,s4
    431e:	00055663          	bgez	a0,432a <_ZL16motor_motion_runiym+0x1e50>
    4322:	80000b37          	lui	s6,0x80000
    4326:	014b4b33          	xor	s6,s6,s4
    432a:	5662                	lw	a2,56(sp)
    432c:	09042a83          	lw	s5,144(s0)
    4330:	85d2                	mv	a1,s4
    4332:	06c40513          	addi	a0,s0,108
    4336:	cf5a                	sw	s6,156(sp)
    4338:	e7afc0ef          	jal	ra,9b2 <_ZN9MOTOR_PID8caculateEff>
    433c:	85aa                	mv	a1,a0
    433e:	8556                	mv	a0,s5
    4340:	58a060ef          	jal	ra,a8ca <__mulsf3>
    4344:	8f01a583          	lw	a1,-1808(gp) # 20000280 <_ZL7g_scale+0xc0>
    4348:	8aaa                	mv	s5,a0
    434a:	855a                	mv	a0,s6
    434c:	57e060ef          	jal	ra,a8ca <__mulsf3>
    4350:	8bc1a583          	lw	a1,-1860(gp) # 2000024c <_ZL7g_scale+0x8c>
    4354:	599050ef          	jal	ra,a0ec <__addsf3>
    4358:	90c1a983          	lw	s3,-1780(gp) # 2000029c <_ZL7g_scale+0xdc>
    435c:	8b2a                	mv	s6,a0
    435e:	85ce                	mv	a1,s3
    4360:	43c060ef          	jal	ra,a79c <__gesf2>
    4364:	00a05363          	blez	a0,436a <_ZL16motor_motion_runiym+0x1e90>
    4368:	8b4e                	mv	s6,s3
    436a:	85da                	mv	a1,s6
    436c:	8556                	mv	a0,s5
    436e:	42e060ef          	jal	ra,a79c <__gesf2>
    4372:	00a05363          	blez	a0,4378 <_ZL16motor_motion_runiym+0x1e9e>
    4376:	8ada                	mv	s5,s6
    4378:	800009b7          	lui	s3,0x80000
    437c:	0169c9b3          	xor	s3,s3,s6
    4380:	85d6                	mv	a1,s5
    4382:	854e                	mv	a0,s3
    4384:	cd56                	sw	s5,152(sp)
    4386:	416060ef          	jal	ra,a79c <__gesf2>
    438a:	00a05363          	blez	a0,4390 <_ZL16motor_motion_runiym+0x1eb6>
    438e:	cd4e                	sw	s3,152(sp)
    4390:	00000593          	li	a1,0
    4394:	8552                	mv	a0,s4
    4396:	406060ef          	jal	ra,a79c <__gesf2>
    439a:	d0a05d63          	blez	a0,38b4 <_ZL16motor_motion_runiym+0x13da>
    439e:	8941a583          	lw	a1,-1900(gp) # 20000224 <_ZL7g_scale+0x64>
    43a2:	8526                	mv	a0,s1
    43a4:	3f8060ef          	jal	ra,a79c <__gesf2>
    43a8:	d0054663          	bltz	a0,38b4 <_ZL16motor_motion_runiym+0x13da>
    43ac:	8941a583          	lw	a1,-1900(gp) # 20000224 <_ZL7g_scale+0x64>
    43b0:	8526                	mv	a0,s1
    43b2:	7f4060ef          	jal	ra,aba6 <__subsf3>
    43b6:	8801a583          	lw	a1,-1920(gp) # 20000210 <_ZL7g_scale+0x50>
    43ba:	510060ef          	jal	ra,a8ca <__mulsf3>
    43be:	8741a583          	lw	a1,-1932(gp) # 20000204 <_ZL7g_scale+0x44>
    43c2:	52b050ef          	jal	ra,a0ec <__addsf3>
    43c6:	9041a983          	lw	s3,-1788(gp) # 20000294 <_ZL7g_scale+0xd4>
    43ca:	84aa                	mv	s1,a0
    43cc:	85ce                	mv	a1,s3
    43ce:	3ce060ef          	jal	ra,a79c <__gesf2>
    43d2:	00a05363          	blez	a0,43d8 <_ZL16motor_motion_runiym+0x1efe>
    43d6:	84ce                	mv	s1,s3
    43d8:	45ea                	lw	a1,152(sp)
    43da:	8526                	mv	a0,s1
    43dc:	4ee060ef          	jal	ra,a8ca <__mulsf3>
    43e0:	91c1a983          	lw	s3,-1764(gp) # 200002ac <_ZL7g_scale+0xec>
    43e4:	84aa                	mv	s1,a0
    43e6:	85ce                	mv	a1,s3
    43e8:	3b4060ef          	jal	ra,a79c <__gesf2>
    43ec:	d4a045e3          	bgtz	a0,4136 <_ZL16motor_motion_runiym+0x1c5c>
    43f0:	9841a983          	lw	s3,-1660(gp) # 20000314 <_ZL7g_scale+0x154>
    43f4:	8526                	mv	a0,s1
    43f6:	85ce                	mv	a1,s3
    43f8:	43a060ef          	jal	ra,a832 <__lesf2>
    43fc:	d2054de3          	bltz	a0,4136 <_ZL16motor_motion_runiym+0x1c5c>
    4400:	cd26                	sw	s1,152(sp)
    4402:	cb2ff06f          	j	38b4 <_ZL16motor_motion_runiym+0x13da>
    4406:	00000713          	li	a4,0
    440a:	cc38                	sw	a4,88(s0)
    440c:	cc78                	sw	a4,92(s0)
    440e:	4785                	li	a5,1
    4410:	78e0006f          	j	4b9e <_ZL16motor_motion_runiym+0x26c4>
    4414:	47b6                	lw	a5,76(sp)
    4416:	97e2                	add	a5,a5,s8
    4418:	4384                	lw	s1,0(a5)
    441a:	03c44783          	lbu	a5,60(s0)
    441e:	e3a9                	bnez	a5,4460 <_ZL16motor_motion_runiym+0x1f86>
    4420:	200027b7          	lui	a5,0x20002
    4424:	006b9713          	slli	a4,s7,0x6
    4428:	db078793          	addi	a5,a5,-592 # 20001db0 <ams>
    442c:	97ba                	add	a5,a5,a4
    442e:	5c0c                	lw	a1,56(s0)
    4430:	5fc8                	lw	a0,60(a5)
    4432:	774060ef          	jal	ra,aba6 <__subsf3>
    4436:	00000593          	li	a1,0
    443a:	8a2a                	mv	s4,a0
    443c:	3f6060ef          	jal	ra,a832 <__lesf2>
    4440:	00055663          	bgez	a0,444c <_ZL16motor_motion_runiym+0x1f72>
    4444:	800007b7          	lui	a5,0x80000
    4448:	0147ca33          	xor	s4,a5,s4
    444c:	8881a583          	lw	a1,-1912(gp) # 20000218 <_ZL7g_scale+0x58>
    4450:	8552                	mv	a0,s4
    4452:	34a060ef          	jal	ra,a79c <__gesf2>
    4456:	72054463          	bltz	a0,4b7e <_ZL16motor_motion_runiym+0x26a4>
    445a:	4785                	li	a5,1
    445c:	02f40e23          	sb	a5,60(s0)
    4460:	00000793          	li	a5,0
    4464:	cc3c                	sw	a5,88(s0)
    4466:	cc7c                	sw	a5,92(s0)
    4468:	873e                	mv	a4,a5
    446a:	dc3c                	sw	a5,120(s0)
    446c:	b641                	j	3fec <_ZL16motor_motion_runiym+0x1b12>
    446e:	09444783          	lbu	a5,148(s0)
    4472:	cb91                	beqz	a5,4486 <_ZL16motor_motion_runiym+0x1fac>
    4474:	9881a583          	lw	a1,-1656(gp) # 20000318 <_ZL7g_scale+0x158>
    4478:	8526                	mv	a0,s1
    447a:	322060ef          	jal	ra,a79c <__gesf2>
    447e:	fe0551e3          	bgez	a0,4460 <_ZL16motor_motion_runiym+0x1f86>
    4482:	08040a23          	sb	zero,148(s0)
    4486:	04844783          	lbu	a5,72(s0)
    448a:	c395                	beqz	a5,44ae <_ZL16motor_motion_runiym+0x1fd4>
    448c:	09710793          	addi	a5,sp,151
    4490:	c03e                	sw	a5,0(sp)
    4492:	4c14                	lw	a3,24(s0)
    4494:	09042583          	lw	a1,144(s0)
    4498:	09c10893          	addi	a7,sp,156
    449c:	09610813          	addi	a6,sp,150
    44a0:	093c                	addi	a5,sp,152
    44a2:	01c40713          	addi	a4,s0,28
    44a6:	06c40613          	addi	a2,s0,108
    44aa:	8526                	mv	a0,s1
    44ac:	b9e9                	j	4186 <_ZL16motor_motion_runiym+0x1cac>
    44ae:	9541a583          	lw	a1,-1708(gp) # 200002e4 <_ZL7g_scale+0x124>
    44b2:	8526                	mv	a0,s1
    44b4:	2e8060ef          	jal	ra,a79c <__gesf2>
    44b8:	04054263          	bltz	a0,44fc <_ZL16motor_motion_runiym+0x2022>
    44bc:	4785                	li	a5,1
    44be:	00000593          	li	a1,0
    44c2:	04f40423          	sb	a5,72(s0)
    44c6:	8526                	mv	a0,s1
    44c8:	36a060ef          	jal	ra,a832 <__lesf2>
    44cc:	00000593          	li	a1,0
    44d0:	00054c63          	bltz	a0,44e8 <_ZL16motor_motion_runiym+0x200e>
    44d4:	8581a583          	lw	a1,-1960(gp) # 200001e8 <_ZL7g_scale+0x28>
    44d8:	8526                	mv	a0,s1
    44da:	2c2060ef          	jal	ra,a79c <__gesf2>
    44de:	8581a583          	lw	a1,-1960(gp) # 200001e8 <_ZL7g_scale+0x28>
    44e2:	00a04363          	bgtz	a0,44e8 <_ZL16motor_motion_runiym+0x200e>
    44e6:	85a6                	mv	a1,s1
    44e8:	00000793          	li	a5,0
    44ec:	cc0c                	sw	a1,24(s0)
    44ee:	00040e23          	sb	zero,28(s0)
    44f2:	cc3c                	sw	a5,88(s0)
    44f4:	cc7c                	sw	a5,92(s0)
    44f6:	dc3c                	sw	a5,120(s0)
    44f8:	dc7c                	sw	a5,124(s0)
    44fa:	bf49                	j	448c <_ZL16motor_motion_runiym+0x1fb2>
    44fc:	5808                	lw	a0,48(s0)
    44fe:	585c                	lw	a5,52(s0)
    4500:	00f56733          	or	a4,a0,a5
    4504:	cf35                	beqz	a4,4580 <_ZL16motor_motion_runiym+0x20a6>
    4506:	4742                	lw	a4,16(sp)
    4508:	46d2                	lw	a3,20(sp)
    450a:	40a70533          	sub	a0,a4,a0
    450e:	00a73733          	sltu	a4,a4,a0
    4512:	40f687b3          	sub	a5,a3,a5
    4516:	06e79563          	bne	a5,a4,4580 <_ZL16motor_motion_runiym+0x20a6>
    451a:	12b00793          	li	a5,299
    451e:	06a7e163          	bltu	a5,a0,4580 <_ZL16motor_motion_runiym+0x20a6>
    4522:	4581                	li	a1,0
    4524:	449060ef          	jal	ra,b16c <__floatundisf>
    4528:	8dc1a583          	lw	a1,-1828(gp) # 2000026c <_ZL7g_scale+0xac>
    452c:	729050ef          	jal	ra,a454 <__divsf3>
    4530:	8741aa03          	lw	s4,-1932(gp) # 20000204 <_ZL7g_scale+0x44>
    4534:	84aa                	mv	s1,a0
    4536:	85d2                	mv	a1,s4
    4538:	264060ef          	jal	ra,a79c <__gesf2>
    453c:	00a05363          	blez	a0,4542 <_ZL16motor_motion_runiym+0x2068>
    4540:	84d2                	mv	s1,s4
    4542:	89c1a583          	lw	a1,-1892(gp) # 2000022c <_ZL7g_scale+0x6c>
    4546:	8526                	mv	a0,s1
    4548:	382060ef          	jal	ra,a8ca <__mulsf3>
    454c:	8881a583          	lw	a1,-1912(gp) # 20000218 <_ZL7g_scale+0x58>
    4550:	39d050ef          	jal	ra,a0ec <__addsf3>
    4554:	85aa                	mv	a1,a0
    4556:	854a                	mv	a0,s2
    4558:	64e060ef          	jal	ra,aba6 <__subsf3>
    455c:	5662                	lw	a2,56(sp)
    455e:	09042483          	lw	s1,144(s0)
    4562:	85aa                	mv	a1,a0
    4564:	04c40513          	addi	a0,s0,76
    4568:	c4afc0ef          	jal	ra,9b2 <_ZN9MOTOR_PID8caculateEff>
    456c:	85aa                	mv	a1,a0
    456e:	8526                	mv	a0,s1
    4570:	35a060ef          	jal	ra,a8ca <__mulsf3>
    4574:	cd2a                	sw	a0,152(sp)
    4576:	b3eff06f          	j	38b4 <_ZL16motor_motion_runiym+0x13da>
    457a:	00000593          	li	a1,0
    457e:	bfe1                	j	4556 <_ZL16motor_motion_runiym+0x207c>
    4580:	9101a583          	lw	a1,-1776(gp) # 200002a0 <_ZL7g_scale+0xe0>
    4584:	bfc9                	j	4556 <_ZL16motor_motion_runiym+0x207c>
    4586:	ffca0793          	addi	a5,s4,-4
    458a:	470d                	li	a4,3
    458c:	c0f77763          	bgeu	a4,a5,399a <_ZL16motor_motion_runiym+0x14c0>
    4590:	47a1                	li	a5,8
    4592:	00099863          	bnez	s3,45a2 <_ZL16motor_motion_runiym+0x20c8>
    4596:	04fa1963          	bne	s4,a5,45e8 <_ZL16motor_motion_runiym+0x210e>
    459a:	4a81                	li	s5,0
    459c:	00000993          	li	s3,0
    45a0:	a891                	j	45f4 <_ZL16motor_motion_runiym+0x211a>
    45a2:	fefa0ce3          	beq	s4,a5,459a <_ZL16motor_motion_runiym+0x20c0>
    45a6:	4789                	li	a5,2
    45a8:	4a85                	li	s5,1
    45aa:	befa1963          	bne	s4,a5,399c <_ZL16motor_motion_runiym+0x14c2>
    45ae:	200027b7          	lui	a5,0x20002
    45b2:	00249713          	slli	a4,s1,0x2
    45b6:	96878793          	addi	a5,a5,-1688 # 20001968 <_ZL15g_pull_remain_m>
    45ba:	97ba                	add	a5,a5,a4
    45bc:	9481a583          	lw	a1,-1720(gp) # 200002d8 <_ZL7g_scale+0x118>
    45c0:	4388                	lw	a0,0(a5)
    45c2:	693050ef          	jal	ra,a454 <__divsf3>
    45c6:	00000593          	li	a1,0
    45ca:	89aa                	mv	s3,a0
    45cc:	266060ef          	jal	ra,a832 <__lesf2>
    45d0:	04054963          	bltz	a0,4622 <_ZL16motor_motion_runiym+0x2148>
    45d4:	8741ac83          	lw	s9,-1932(gp) # 20000204 <_ZL7g_scale+0x44>
    45d8:	854e                	mv	a0,s3
    45da:	85e6                	mv	a1,s9
    45dc:	1c0060ef          	jal	ra,a79c <__gesf2>
    45e0:	04a05363          	blez	a0,4626 <_ZL16motor_motion_runiym+0x214c>
    45e4:	89e6                	mv	s3,s9
    45e6:	a081                	j	4626 <_ZL16motor_motion_runiym+0x214c>
    45e8:	4a89                	li	s5,2
    45ea:	fd5a02e3          	beq	s4,s5,45ae <_ZL16motor_motion_runiym+0x20d4>
    45ee:	08c42983          	lw	s3,140(s0)
    45f2:	4aa9                	li	s5,10
    45f4:	8556                	mv	a0,s5
    45f6:	1ef060ef          	jal	ra,afe4 <__floatsisf>
    45fa:	85de                	mv	a1,s7
    45fc:	236060ef          	jal	ra,a832 <__lesf2>
    4600:	0a055263          	bgez	a0,46a4 <_ZL16motor_motion_runiym+0x21ca>
    4604:	85ce                	mv	a1,s3
    4606:	855e                	mv	a0,s7
    4608:	22a060ef          	jal	ra,a832 <__lesf2>
    460c:	00055363          	bgez	a0,4612 <_ZL16motor_motion_runiym+0x2138>
    4610:	cd4e                	sw	s3,152(sp)
    4612:	479d                	li	a5,7
    4614:	06fa1063          	bne	s4,a5,4674 <_ZL16motor_motion_runiym+0x219a>
    4618:	0c0b0563          	beqz	s6,46e2 <_ZL16motor_motion_runiym+0x2208>
    461c:	91c1a983          	lw	s3,-1764(gp) # 200002ac <_ZL7g_scale+0xec>
    4620:	a0d9                	j	46e6 <_ZL16motor_motion_runiym+0x220c>
    4622:	00000993          	li	s3,0
    4626:	9181a583          	lw	a1,-1768(gp) # 200002a8 <_ZL7g_scale+0xe8>
    462a:	08c42503          	lw	a0,140(s0)
    462e:	578060ef          	jal	ra,aba6 <__subsf3>
    4632:	85ce                	mv	a1,s3
    4634:	296060ef          	jal	ra,a8ca <__mulsf3>
    4638:	9181a583          	lw	a1,-1768(gp) # 200002a8 <_ZL7g_scale+0xe8>
    463c:	2b1050ef          	jal	ra,a0ec <__addsf3>
    4640:	89aa                	mv	s3,a0
    4642:	8556                	mv	a0,s5
    4644:	1a1060ef          	jal	ra,afe4 <__floatsisf>
    4648:	9181ac83          	lw	s9,-1768(gp) # 200002a8 <_ZL7g_scale+0xe8>
    464c:	daaa                	sw	a0,116(sp)
    464e:	854e                	mv	a0,s3
    4650:	85e6                	mv	a1,s9
    4652:	1e0060ef          	jal	ra,a832 <__lesf2>
    4656:	85de                	mv	a1,s7
    4658:	02055863          	bgez	a0,4688 <_ZL16motor_motion_runiym+0x21ae>
    465c:	5556                	lw	a0,116(sp)
    465e:	1d4060ef          	jal	ra,a832 <__lesf2>
    4662:	04055063          	bgez	a0,46a2 <_ZL16motor_motion_runiym+0x21c8>
    4666:	85e6                	mv	a1,s9
    4668:	855e                	mv	a0,s7
    466a:	1c8060ef          	jal	ra,a832 <__lesf2>
    466e:	00055363          	bgez	a0,4674 <_ZL16motor_motion_runiym+0x219a>
    4672:	cd66                	sw	s9,152(sp)
    4674:	8a81a983          	lw	s3,-1880(gp) # 20000238 <_ZL7g_scale+0x78>
    4678:	456a                	lw	a0,152(sp)
    467a:	85ce                	mv	a1,s3
    467c:	120060ef          	jal	ra,a79c <__gesf2>
    4680:	14a05063          	blez	a0,47c0 <_ZL16motor_motion_runiym+0x22e6>
    4684:	cd4e                	sw	s3,152(sp)
    4686:	a2a9                	j	47d0 <_ZL16motor_motion_runiym+0x22f6>
    4688:	5556                	lw	a0,116(sp)
    468a:	1a8060ef          	jal	ra,a832 <__lesf2>
    468e:	00055b63          	bgez	a0,46a4 <_ZL16motor_motion_runiym+0x21ca>
    4692:	85ce                	mv	a1,s3
    4694:	855e                	mv	a0,s7
    4696:	19c060ef          	jal	ra,a832 <__lesf2>
    469a:	fc055de3          	bgez	a0,4674 <_ZL16motor_motion_runiym+0x219a>
    469e:	cd4e                	sw	s3,152(sp)
    46a0:	bfd1                	j	4674 <_ZL16motor_motion_runiym+0x219a>
    46a2:	89e6                	mv	s3,s9
    46a4:	41500533          	neg	a0,s5
    46a8:	13d060ef          	jal	ra,afe4 <__floatsisf>
    46ac:	85aa                	mv	a1,a0
    46ae:	855e                	mv	a0,s7
    46b0:	182060ef          	jal	ra,a832 <__lesf2>
    46b4:	00055f63          	bgez	a0,46d2 <_ZL16motor_motion_runiym+0x21f8>
    46b8:	80000ab7          	lui	s5,0x80000
    46bc:	017ac5b3          	xor	a1,s5,s7
    46c0:	854e                	mv	a0,s3
    46c2:	0da060ef          	jal	ra,a79c <__gesf2>
    46c6:	f4a056e3          	blez	a0,4612 <_ZL16motor_motion_runiym+0x2138>
    46ca:	013acab3          	xor	s5,s5,s3
    46ce:	cd56                	sw	s5,152(sp)
    46d0:	b789                	j	4612 <_ZL16motor_motion_runiym+0x2138>
    46d2:	00000793          	li	a5,0
    46d6:	cd3e                	sw	a5,152(sp)
    46d8:	479d                	li	a5,7
    46da:	0efa1b63          	bne	s4,a5,47d0 <_ZL16motor_motion_runiym+0x22f6>
    46de:	060b1363          	bnez	s6,4744 <_ZL16motor_motion_runiym+0x226a>
    46e2:	9201a983          	lw	s3,-1760(gp) # 200002b0 <_ZL7g_scale+0xf0>
    46e6:	456a                	lw	a0,152(sp)
    46e8:	85ce                	mv	a1,s3
    46ea:	0b2060ef          	jal	ra,a79c <__gesf2>
    46ee:	00a05363          	blez	a0,46f4 <_ZL16motor_motion_runiym+0x221a>
    46f2:	cd4e                	sw	s3,152(sp)
    46f4:	800007b7          	lui	a5,0x80000
    46f8:	45ea                	lw	a1,152(sp)
    46fa:	0137c9b3          	xor	s3,a5,s3
    46fe:	854e                	mv	a0,s3
    4700:	09c060ef          	jal	ra,a79c <__gesf2>
    4704:	04a04363          	bgtz	a0,474a <_ZL16motor_motion_runiym+0x2270>
    4708:	47a6                	lw	a5,72(sp)
    470a:	c3b1                	beqz	a5,474e <_ZL16motor_motion_runiym+0x2274>
    470c:	00349b13          	slli	s6,s1,0x3
    4710:	016c07b3          	add	a5,s8,s6
    4714:	43d8                	lw	a4,4(a5)
    4716:	46d2                	lw	a3,20(sp)
    4718:	00249993          	slli	s3,s1,0x2
    471c:	00e6e863          	bltu	a3,a4,472c <_ZL16motor_motion_runiym+0x2252>
    4720:	0cd71c63          	bne	a4,a3,47f8 <_ZL16motor_motion_runiym+0x231e>
    4724:	439c                	lw	a5,0(a5)
    4726:	4742                	lw	a4,16(sp)
    4728:	0cf77863          	bgeu	a4,a5,47f8 <_ZL16motor_motion_runiym+0x231e>
    472c:	4785                	li	a5,1
    472e:	a41c                	sb	a5,8(s0)
    4730:	57d2                	lw	a5,52(sp)
    4732:	00000713          	li	a4,0
    4736:	dc38                	sw	a4,120(s0)
    4738:	99be                	add	s3,s3,a5
    473a:	dc78                	sw	a4,124(s0)
    473c:	00e9a023          	sw	a4,0(s3) # 80000000 <__freertos_irq_stack_top+0x5fffb000>
    4740:	4581                	li	a1,0
    4742:	a8cd                	j	4834 <_ZL16motor_motion_runiym+0x235a>
    4744:	91c1a983          	lw	s3,-1764(gp) # 200002ac <_ZL7g_scale+0xec>
    4748:	b775                	j	46f4 <_ZL16motor_motion_runiym+0x221a>
    474a:	cd4e                	sw	s3,152(sp)
    474c:	bf75                	j	4708 <_ZL16motor_motion_runiym+0x222e>
    474e:	200027b7          	lui	a5,0x20002
    4752:	00249713          	slli	a4,s1,0x2
    4756:	93878793          	addi	a5,a5,-1736 # 20001938 <_ZZN14_MOTOR_CONTROL3runEfyE7stall_s>
    475a:	97ba                	add	a5,a5,a4
    475c:	00000713          	li	a4,0
    4760:	c398                	sw	a4,0(a5)
    4762:	00349793          	slli	a5,s1,0x3
    4766:	97e2                	add	a5,a5,s8
    4768:	4681                	li	a3,0
    476a:	4701                	li	a4,0
    476c:	c394                	sw	a3,0(a5)
    476e:	c3d8                	sw	a4,4(a5)
    4770:	4aea                	lw	s5,152(sp)
    4772:	8556                	mv	a0,s5
    4774:	7be060ef          	jal	ra,af32 <__fixsfsi>
    4778:	4799                	li	a5,6
    477a:	89aa                	mv	s3,a0
    477c:	20fa1a63          	bne	s4,a5,4990 <_ZL16motor_motion_runiym+0x24b6>
    4780:	47e6                	lw	a5,88(sp)
    4782:	00978a33          	add	s4,a5,s1
    4786:	000a4783          	lbu	a5,0(s4)
    478a:	20079363          	bnez	a5,4990 <_ZL16motor_motion_runiym+0x24b6>
    478e:	009d07b3          	add	a5,s10,s1
    4792:	239c                	lbu	a5,0(a5)
    4794:	20002937          	lui	s2,0x20002
    4798:	d8890913          	addi	s2,s2,-632 # 20001d88 <_ZL18g_on_use_hi_pwm_us>
    479c:	00249b13          	slli	s6,s1,0x2
    47a0:	28079b63          	bnez	a5,4a36 <_ZL16motor_motion_runiym+0x255c>
    47a4:	9b4a                	add	s6,s6,s2
    47a6:	000b2023          	sw	zero,0(s6) # 80000000 <__freertos_irq_stack_top+0x5fffb000>
    47aa:	5752                	lw	a4,52(sp)
    47ac:	0019b793          	seqz	a5,s3
    47b0:	a41c                	sb	a5,8(s0)
    47b2:	00249793          	slli	a5,s1,0x2
    47b6:	97ba                	add	a5,a5,a4
    47b8:	0157a023          	sw	s5,0(a5)
    47bc:	85ce                	mv	a1,s3
    47be:	a89d                	j	4834 <_ZL16motor_motion_runiym+0x235a>
    47c0:	8ac1a983          	lw	s3,-1876(gp) # 2000023c <_ZL7g_scale+0x7c>
    47c4:	456a                	lw	a0,152(sp)
    47c6:	85ce                	mv	a1,s3
    47c8:	06a060ef          	jal	ra,a832 <__lesf2>
    47cc:	ea054ce3          	bltz	a0,4684 <_ZL16motor_motion_runiym+0x21aa>
    47d0:	47a6                	lw	a5,72(sp)
    47d2:	ff8d                	bnez	a5,470c <_ZL16motor_motion_runiym+0x2232>
    47d4:	200027b7          	lui	a5,0x20002
    47d8:	00249713          	slli	a4,s1,0x2
    47dc:	93878793          	addi	a5,a5,-1736 # 20001938 <_ZZN14_MOTOR_CONTROL3runEfyE7stall_s>
    47e0:	97ba                	add	a5,a5,a4
    47e2:	00000713          	li	a4,0
    47e6:	c398                	sw	a4,0(a5)
    47e8:	00349793          	slli	a5,s1,0x3
    47ec:	97e2                	add	a5,a5,s8
    47ee:	4681                	li	a3,0
    47f0:	4701                	li	a4,0
    47f2:	c394                	sw	a3,0(a5)
    47f4:	c3d8                	sw	a4,4(a5)
    47f6:	a831                	j	4812 <_ZL16motor_motion_runiym+0x2338>
    47f8:	09614783          	lbu	a5,150(sp)
    47fc:	20002ab7          	lui	s5,0x20002
    4800:	4bea                	lw	s7,152(sp)
    4802:	938a8a93          	addi	s5,s5,-1736 # 20001938 <_ZZN14_MOTOR_CONTROL3runEfyE7stall_s>
    4806:	eb9d                	bnez	a5,483c <_ZL16motor_motion_runiym+0x2362>
    4808:	99d6                	add	s3,s3,s5
    480a:	00000793          	li	a5,0
    480e:	00f9a023          	sw	a5,0(s3)
    4812:	4785                	li	a5,1
    4814:	4aea                	lw	s5,152(sp)
    4816:	16fa1463          	bne	s4,a5,497e <_ZL16motor_motion_runiym+0x24a4>
    481a:	8556                	mv	a0,s5
    481c:	716060ef          	jal	ra,af32 <__fixsfsi>
    4820:	5752                	lw	a4,52(sp)
    4822:	00153793          	seqz	a5,a0
    4826:	a41c                	sb	a5,8(s0)
    4828:	00249793          	slli	a5,s1,0x2
    482c:	97ba                	add	a5,a5,a4
    482e:	85aa                	mv	a1,a0
    4830:	0157a023          	sw	s5,0(a5)
    4834:	0ff4f513          	zext.b	a0,s1
    4838:	ef5fe06f          	j	372c <_ZL16motor_motion_runiym+0x1252>
    483c:	00000593          	li	a1,0
    4840:	855e                	mv	a0,s7
    4842:	6fd050ef          	jal	ra,a73e <__eqsf2>
    4846:	c939                	beqz	a0,489c <_ZL16motor_motion_runiym+0x23c2>
    4848:	09714783          	lbu	a5,151(sp)
    484c:	eba1                	bnez	a5,489c <_ZL16motor_motion_runiym+0x23c2>
    484e:	98c1a583          	lw	a1,-1652(gp) # 2000031c <_ZL7g_scale+0x15c>
    4852:	457a                	lw	a0,156(sp)
    4854:	749050ef          	jal	ra,a79c <__gesf2>
    4858:	00000593          	li	a1,0
    485c:	04054263          	bltz	a0,48a0 <_ZL16motor_motion_runiym+0x23c6>
    4860:	855e                	mv	a0,s7
    4862:	73b050ef          	jal	ra,a79c <__gesf2>
    4866:	10054163          	bltz	a0,4968 <_ZL16motor_motion_runiym+0x248e>
    486a:	8801a583          	lw	a1,-1920(gp) # 20000210 <_ZL7g_scale+0x50>
    486e:	855e                	mv	a0,s7
    4870:	07d050ef          	jal	ra,a0ec <__addsf3>
    4874:	6be060ef          	jal	ra,af32 <__fixsfsi>
    4878:	41f55793          	srai	a5,a0,0x1f
    487c:	8d3d                	xor	a0,a0,a5
    487e:	8d1d                	sub	a0,a0,a5
    4880:	1f300793          	li	a5,499
    4884:	00000593          	li	a1,0
    4888:	00a7cc63          	blt	a5,a0,48a0 <_ZL16motor_motion_runiym+0x23c6>
    488c:	855e                	mv	a0,s7
    488e:	70f050ef          	jal	ra,a79c <__gesf2>
    4892:	0ca05e63          	blez	a0,496e <_ZL16motor_motion_runiym+0x2494>
    4896:	8bc1a783          	lw	a5,-1860(gp) # 2000024c <_ZL7g_scale+0x8c>
    489a:	cd3e                	sw	a5,152(sp)
    489c:	00000593          	li	a1,0
    48a0:	854a                	mv	a0,s2
    48a2:	791050ef          	jal	ra,a832 <__lesf2>
    48a6:	00055663          	bgez	a0,48b2 <_ZL16motor_motion_runiym+0x23d8>
    48aa:	800007b7          	lui	a5,0x80000
    48ae:	0127c933          	xor	s2,a5,s2
    48b2:	8741a583          	lw	a1,-1932(gp) # 20000204 <_ZL7g_scale+0x44>
    48b6:	854a                	mv	a0,s2
    48b8:	4bea                	lw	s7,152(sp)
    48ba:	779050ef          	jal	ra,a832 <__lesf2>
    48be:	f40555e3          	bgez	a0,4808 <_ZL16motor_motion_runiym+0x232e>
    48c2:	8b01a583          	lw	a1,-1872(gp) # 20000240 <_ZL7g_scale+0x80>
    48c6:	457a                	lw	a0,156(sp)
    48c8:	6d5050ef          	jal	ra,a79c <__gesf2>
    48cc:	f2054ee3          	bltz	a0,4808 <_ZL16motor_motion_runiym+0x232e>
    48d0:	00000593          	li	a1,0
    48d4:	855e                	mv	a0,s7
    48d6:	75d050ef          	jal	ra,a832 <__lesf2>
    48da:	08055d63          	bgez	a0,4974 <_ZL16motor_motion_runiym+0x249a>
    48de:	80000537          	lui	a0,0x80000
    48e2:	01754533          	xor	a0,a0,s7
    48e6:	8d41a583          	lw	a1,-1836(gp) # 20000264 <_ZL7g_scale+0xa4>
    48ea:	6b3050ef          	jal	ra,a79c <__gesf2>
    48ee:	f0054de3          	bltz	a0,4808 <_ZL16motor_motion_runiym+0x232e>
    48f2:	013a8cb3          	add	s9,s5,s3
    48f6:	000ca583          	lw	a1,0(s9)
    48fa:	5562                	lw	a0,56(sp)
    48fc:	7f0050ef          	jal	ra,a0ec <__addsf3>
    4900:	9901a583          	lw	a1,-1648(gp) # 20000320 <_ZL7g_scale+0x160>
    4904:	00aca023          	sw	a0,0(s9)
    4908:	892a                	mv	s2,a0
    490a:	693050ef          	jal	ra,a79c <__gesf2>
    490e:	00a05c63          	blez	a0,4926 <_ZL16motor_motion_runiym+0x244c>
    4912:	00000593          	li	a1,0
    4916:	855e                	mv	a0,s7
    4918:	685050ef          	jal	ra,a79c <__gesf2>
    491c:	04a05e63          	blez	a0,4978 <_ZL16motor_motion_runiym+0x249e>
    4920:	8c81a783          	lw	a5,-1848(gp) # 20000258 <_ZL7g_scale+0x98>
    4924:	cd3e                	sw	a5,152(sp)
    4926:	9941a583          	lw	a1,-1644(gp) # 20000324 <_ZL7g_scale+0x164>
    492a:	854a                	mv	a0,s2
    492c:	671050ef          	jal	ra,a79c <__gesf2>
    4930:	eea051e3          	blez	a0,4812 <_ZL16motor_motion_runiym+0x2338>
    4934:	47c2                	lw	a5,16(sp)
    4936:	4652                	lw	a2,20(sp)
    4938:	9b62                	add	s6,s6,s8
    493a:	1f478713          	addi	a4,a5,500 # 800001f4 <__freertos_irq_stack_top+0x5fffb1f4>
    493e:	00f737b3          	sltu	a5,a4,a5
    4942:	97b2                	add	a5,a5,a2
    4944:	00fb2223          	sw	a5,4(s6)
    4948:	4785                	li	a5,1
    494a:	a41c                	sb	a5,8(s0)
    494c:	57d2                	lw	a5,52(sp)
    494e:	00000693          	li	a3,0
    4952:	9ace                	add	s5,s5,s3
    4954:	99be                	add	s3,s3,a5
    4956:	00daa023          	sw	a3,0(s5)
    495a:	00eb2023          	sw	a4,0(s6)
    495e:	dc34                	sw	a3,120(s0)
    4960:	dc74                	sw	a3,124(s0)
    4962:	00d9a023          	sw	a3,0(s3)
    4966:	bbe9                	j	4740 <_ZL16motor_motion_runiym+0x2266>
    4968:	9241a583          	lw	a1,-1756(gp) # 200002b4 <_ZL7g_scale+0xf4>
    496c:	b709                	j	486e <_ZL16motor_motion_runiym+0x2394>
    496e:	9281a783          	lw	a5,-1752(gp) # 200002b8 <_ZL7g_scale+0xf8>
    4972:	b725                	j	489a <_ZL16motor_motion_runiym+0x23c0>
    4974:	855e                	mv	a0,s7
    4976:	bf85                	j	48e6 <_ZL16motor_motion_runiym+0x240c>
    4978:	8c41a783          	lw	a5,-1852(gp) # 20000254 <_ZL7g_scale+0x94>
    497c:	b765                	j	4924 <_ZL16motor_motion_runiym+0x244a>
    497e:	020a1363          	bnez	s4,49a4 <_ZL16motor_motion_runiym+0x24ca>
    4982:	04844783          	lbu	a5,72(s0)
    4986:	cfd1                	beqz	a5,4a22 <_ZL16motor_motion_runiym+0x2548>
    4988:	8556                	mv	a0,s5
    498a:	5a8060ef          	jal	ra,af32 <__fixsfsi>
    498e:	89aa                	mv	s3,a0
    4990:	200027b7          	lui	a5,0x20002
    4994:	00249713          	slli	a4,s1,0x2
    4998:	d8878793          	addi	a5,a5,-632 # 20001d88 <_ZL18g_on_use_hi_pwm_us>
    499c:	97ba                	add	a5,a5,a4
    499e:	0007a023          	sw	zero,0(a5)
    49a2:	b521                	j	47aa <_ZL16motor_motion_runiym+0x22d0>
    49a4:	4789                	li	a5,2
    49a6:	dcfa15e3          	bne	s4,a5,4770 <_ZL16motor_motion_runiym+0x2296>
    49aa:	403c                	lw	a5,64(s0)
    49ac:	4078                	lw	a4,68(s0)
    49ae:	00e7e633          	or	a2,a5,a4
    49b2:	ce2d                	beqz	a2,4a2c <_ZL16motor_motion_runiym+0x2552>
    49b4:	4642                	lw	a2,16(sp)
    49b6:	45d2                	lw	a1,20(sp)
    49b8:	40f607b3          	sub	a5,a2,a5
    49bc:	40e58733          	sub	a4,a1,a4
    49c0:	00f63633          	sltu	a2,a2,a5
    49c4:	92c1a583          	lw	a1,-1748(gp) # 200002bc <_ZL7g_scale+0xfc>
    49c8:	06c71463          	bne	a4,a2,4a30 <_ZL16motor_motion_runiym+0x2556>
    49cc:	18f00713          	li	a4,399
    49d0:	06f76063          	bltu	a4,a5,4a30 <_ZL16motor_motion_runiym+0x2556>
    49d4:	9301ab03          	lw	s6,-1744(gp) # 200002c0 <_ZL7g_scale+0x100>
    49d8:	5752                	lw	a4,52(sp)
    49da:	00249793          	slli	a5,s1,0x2
    49de:	5562                	lw	a0,56(sp)
    49e0:	97ba                	add	a5,a5,a4
    49e2:	0007a903          	lw	s2,0(a5)
    49e6:	6e5050ef          	jal	ra,a8ca <__mulsf3>
    49ea:	85aa                	mv	a1,a0
    49ec:	854a                	mv	a0,s2
    49ee:	1b8060ef          	jal	ra,aba6 <__subsf3>
    49f2:	89aa                	mv	s3,a0
    49f4:	5562                	lw	a0,56(sp)
    49f6:	85da                	mv	a1,s6
    49f8:	6d3050ef          	jal	ra,a8ca <__mulsf3>
    49fc:	85ca                	mv	a1,s2
    49fe:	6ee050ef          	jal	ra,a0ec <__addsf3>
    4a02:	892a                	mv	s2,a0
    4a04:	85ce                	mv	a1,s3
    4a06:	8556                	mv	a0,s5
    4a08:	62b050ef          	jal	ra,a832 <__lesf2>
    4a0c:	00055363          	bgez	a0,4a12 <_ZL16motor_motion_runiym+0x2538>
    4a10:	cd4e                	sw	s3,152(sp)
    4a12:	45ea                	lw	a1,152(sp)
    4a14:	854a                	mv	a0,s2
    4a16:	61d050ef          	jal	ra,a832 <__lesf2>
    4a1a:	d4055be3          	bgez	a0,4770 <_ZL16motor_motion_runiym+0x2296>
    4a1e:	cd4a                	sw	s2,152(sp)
    4a20:	bb81                	j	4770 <_ZL16motor_motion_runiym+0x2296>
    4a22:	9341a583          	lw	a1,-1740(gp) # 200002c4 <_ZL7g_scale+0x104>
    4a26:	9381ab03          	lw	s6,-1736(gp) # 200002c8 <_ZL7g_scale+0x108>
    4a2a:	b77d                	j	49d8 <_ZL16motor_motion_runiym+0x24fe>
    4a2c:	92c1a583          	lw	a1,-1748(gp) # 200002bc <_ZL7g_scale+0xfc>
    4a30:	93c1ab03          	lw	s6,-1732(gp) # 200002cc <_ZL7g_scale+0x10c>
    4a34:	b755                	j	49d8 <_ZL16motor_motion_runiym+0x24fe>
    4a36:	47b6                	lw	a5,76(sp)
    4a38:	9981a583          	lw	a1,-1640(gp) # 20000328 <_ZL7g_scale+0x168>
    4a3c:	97da                	add	a5,a5,s6
    4a3e:	4388                	lw	a0,0(a5)
    4a40:	5f3050ef          	jal	ra,a832 <__lesf2>
    4a44:	0a054f63          	bltz	a0,4b02 <_ZL16motor_motion_runiym+0x2628>
    4a48:	09042a03          	lw	s4,144(s0)
    4a4c:	00000593          	li	a1,0
    4a50:	8552                	mv	a0,s4
    4a52:	4ed050ef          	jal	ra,a73e <__eqsf2>
    4a56:	d40507e3          	beqz	a0,47a4 <_ZL16motor_motion_runiym+0x22ca>
    4a5a:	854e                	mv	a0,s3
    4a5c:	588060ef          	jal	ra,afe4 <__floatsisf>
    4a60:	85d2                	mv	a1,s4
    4a62:	669050ef          	jal	ra,a8ca <__mulsf3>
    4a66:	00000593          	li	a1,0
    4a6a:	5c9050ef          	jal	ra,a832 <__lesf2>
    4a6e:	d2055be3          	bgez	a0,47a4 <_ZL16motor_motion_runiym+0x22ca>
    4a72:	41f9d713          	srai	a4,s3,0x1f
    4a76:	013747b3          	xor	a5,a4,s3
    4a7a:	8f99                	sub	a5,a5,a4
    4a7c:	32000713          	li	a4,800
    4a80:	d2f752e3          	bge	a4,a5,47a4 <_ZL16motor_motion_runiym+0x22ca>
    4a84:	9401a583          	lw	a1,-1728(gp) # 200002d0 <_ZL7g_scale+0x110>
    4a88:	5562                	lw	a0,56(sp)
    4a8a:	641050ef          	jal	ra,a8ca <__mulsf3>
    4a8e:	8801a583          	lw	a1,-1920(gp) # 20000210 <_ZL7g_scale+0x50>
    4a92:	65a050ef          	jal	ra,a0ec <__addsf3>
    4a96:	4fc060ef          	jal	ra,af92 <__fixunssfsi>
    4a9a:	01690733          	add	a4,s2,s6
    4a9e:	431c                	lw	a5,0(a4)
    4aa0:	953e                	add	a0,a0,a5
    4aa2:	013137b7          	lui	a5,0x1313
    4aa6:	d0078793          	addi	a5,a5,-768 # 1312d00 <ch32v20x_wwdg.c.13394d49+0x12f4f97>
    4aaa:	86aa                	mv	a3,a0
    4aac:	00a7f363          	bgeu	a5,a0,4ab2 <_ZL16motor_motion_runiym+0x25d8>
    4ab0:	86be                	mv	a3,a5
    4ab2:	013137b7          	lui	a5,0x1313
    4ab6:	c314                	sw	a3,0(a4)
    4ab8:	cff78793          	addi	a5,a5,-769 # 1312cff <ch32v20x_wwdg.c.13394d49+0x12f4f96>
    4abc:	cea7f7e3          	bgeu	a5,a0,47aa <_ZL16motor_motion_runiym+0x22d0>
    4ac0:	47e6                	lw	a5,88(sp)
    4ac2:	4705                	li	a4,1
    4ac4:	995a                	add	s2,s2,s6
    4ac6:	97a6                	add	a5,a5,s1
    4ac8:	a398                	sb	a4,0(a5)
    4aca:	a7418793          	addi	a5,gp,-1420 # 20000404 <_ZL18g_on_use_jam_latch>
    4ace:	97a6                	add	a5,a5,s1
    4ad0:	00078023          	sb	zero,0(a5)
    4ad4:	00092023          	sw	zero,0(s2)
    4ad8:	0ff4f713          	zext.b	a4,s1
    4adc:	a8a1                	j	4b34 <_ZL16motor_motion_runiym+0x265a>
    4ade:	04600713          	li	a4,70
    4ae2:	ccffe06f          	j	37b0 <_ZL16motor_motion_runiym+0x12d6>
    4ae6:	4681                	li	a3,0
    4ae8:	4601                	li	a2,0
    4aea:	45c1                	li	a1,16
    4aec:	5502                	lw	a0,32(sp)
    4aee:	96ffd0ef          	jal	ra,245c <_ZN12WS2812_class14set_RGB_onlineEhhhhb.constprop.0>
    4af2:	d2ffd06f          	j	2820 <_ZL16motor_motion_runiym+0x346>
    4af6:	46c1                	li	a3,16
    4af8:	cebfe06f          	j	37e2 <_ZL16motor_motion_runiym+0x1308>
    4afc:	4681                	li	a3,0
    4afe:	ce5fe06f          	j	37e2 <_ZL16motor_motion_runiym+0x1308>
    4b02:	a7418793          	addi	a5,gp,-1420 # 20000404 <_ZL18g_on_use_jam_latch>
    4b06:	4705                	li	a4,1
    4b08:	97a6                	add	a5,a5,s1
    4b0a:	a398                	sb	a4,0(a5)
    4b0c:	200027b7          	lui	a5,0x20002
    4b10:	db078793          	addi	a5,a5,-592 # 20001db0 <ams>
    4b14:	1047c683          	lbu	a3,260(a5)
    4b18:	995a                	add	s2,s2,s6
    4b1a:	00ea0023          	sb	a4,0(s4)
    4b1e:	00092023          	sw	zero,0(s2)
    4b22:	0ff4f713          	zext.b	a4,s1
    4b26:	00e69763          	bne	a3,a4,4b34 <_ZL16motor_motion_runiym+0x265a>
    4b2a:	76fd                	lui	a3,0xfffff
    4b2c:	06f68693          	addi	a3,a3,111 # fffff06f <__freertos_irq_stack_top+0xdfffa06f>
    4b30:	10d79723          	sh	a3,270(a5)
    4b34:	478d                	li	a5,3
    4b36:	02e7e663          	bltu	a5,a4,4b62 <_ZL16motor_motion_runiym+0x2688>
    4b3a:	03000713          	li	a4,48
    4b3e:	0ff4f793          	zext.b	a5,s1
    4b42:	02e787b3          	mul	a5,a5,a4
    4b46:	5712                	lw	a4,36(sp)
    4b48:	97ba                	add	a5,a5,a4
    4b4a:	23f8                	lbu	a4,6(a5)
    4b4c:	cb19                	beqz	a4,4b62 <_ZL16motor_motion_runiym+0x2688>
    4b4e:	4794                	lw	a3,8(a5)
    4b50:	6741                	lui	a4,0x10
    4b52:	f0070713          	addi	a4,a4,-256 # ff00 <MC_PULL_calibration.cpp.947435e8+0x617>
    4b56:	00e68663          	beq	a3,a4,4b62 <_ZL16motor_motion_runiym+0x2688>
    4b5a:	c798                	sw	a4,8(a5)
    4b5c:	4705                	li	a4,1
    4b5e:	02e78623          	sb	a4,44(a5)
    4b62:	00000793          	li	a5,0
    4b66:	873e                	mv	a4,a5
    4b68:	cc3c                	sw	a5,88(s0)
    4b6a:	cc7c                	sw	a5,92(s0)
    4b6c:	dc3c                	sw	a5,120(s0)
    4b6e:	dc7c                	sw	a5,124(s0)
    4b70:	4785                	li	a5,1
    4b72:	a41c                	sb	a5,8(s0)
    4b74:	57d2                	lw	a5,52(sp)
    4b76:	9b3e                	add	s6,s6,a5
    4b78:	00eb2023          	sw	a4,0(s6)
    4b7c:	b6d1                	j	4740 <_ZL16motor_motion_runiym+0x2266>
    4b7e:	99c1a583          	lw	a1,-1636(gp) # 2000032c <_ZL7g_scale+0x16c>
    4b82:	8526                	mv	a0,s1
    4b84:	419050ef          	jal	ra,a79c <__gesf2>
    4b88:	8e0543e3          	bltz	a0,446e <_ZL16motor_motion_runiym+0x1f94>
    4b8c:	00000713          	li	a4,0
    4b90:	4785                	li	a5,1
    4b92:	08f40a23          	sb	a5,148(s0)
    4b96:	cc38                	sw	a4,88(s0)
    4b98:	cc78                	sw	a4,92(s0)
    4b9a:	dc38                	sw	a4,120(s0)
    4b9c:	dc78                	sw	a4,124(s0)
    4b9e:	a41c                	sb	a5,8(s0)
    4ba0:	57d2                	lw	a5,52(sp)
    4ba2:	4581                	li	a1,0
    4ba4:	0ffbf513          	zext.b	a0,s7
    4ba8:	9c3e                	add	s8,s8,a5
    4baa:	00ec2023          	sw	a4,0(s8)
    4bae:	b7ffe06f          	j	372c <_ZL16motor_motion_runiym+0x1252>
    4bb2:	4981                	li	s3,0
    4bb4:	00000793          	li	a5,0
    4bb8:	08010b23          	sb	zero,150(sp)
    4bbc:	cf3e                	sw	a5,156(sp)
    4bbe:	08010ba3          	sb	zero,151(sp)
    4bc2:	c482                	sw	zero,72(sp)
    4bc4:	d35fe06f          	j	38f8 <_ZL16motor_motion_runiym+0x141e>

00004bc8 <_ZL9blink_allhhhiii.constprop.0>:
    4bc8:	d66fb2ef          	jal	t0,12e <__riscv_save_10>
    4bcc:	8aaa                	mv	s5,a0
    4bce:	8b2e                	mv	s6,a1
    4bd0:	8932                	mv	s2,a2
    4bd2:	8bb6                	mv	s7,a3
    4bd4:	8a3a                	mv	s4,a4
    4bd6:	4981                	li	s3,0
    4bd8:	20002c37          	lui	s8,0x20002
    4bdc:	230c0413          	addi	s0,s8,560 # 20002230 <RGBOUT>
    4be0:	0c040c93          	addi	s9,s0,192
    4be4:	230c0493          	addi	s1,s8,560
    4be8:	8526                	mv	a0,s1
    4bea:	4681                	li	a3,0
    4bec:	865a                	mv	a2,s6
    4bee:	85d6                	mv	a1,s5
    4bf0:	03048493          	addi	s1,s1,48
    4bf4:	869fd0ef          	jal	ra,245c <_ZN12WS2812_class14set_RGB_onlineEhhhhb.constprop.0>
    4bf8:	ff9498e3          	bne	s1,s9,4be8 <_ZL9blink_allhhhiii.constprop.0+0x20>
    4bfc:	c91fc0ef          	jal	ra,188c <_Z10RGB_updatev>
    4c00:	855e                	mv	a0,s7
    4c02:	e02fc0ef          	jal	ra,1204 <delay>
    4c06:	8522                	mv	a0,s0
    4c08:	4681                	li	a3,0
    4c0a:	4601                	li	a2,0
    4c0c:	4581                	li	a1,0
    4c0e:	03040413          	addi	s0,s0,48
    4c12:	84bfd0ef          	jal	ra,245c <_ZN12WS2812_class14set_RGB_onlineEhhhhb.constprop.0>
    4c16:	ff9418e3          	bne	s0,s9,4c06 <_ZL9blink_allhhhiii.constprop.0+0x3e>
    4c1a:	c73fc0ef          	jal	ra,188c <_Z10RGB_updatev>
    4c1e:	8552                	mv	a0,s4
    4c20:	0985                	addi	s3,s3,1
    4c22:	de2fc0ef          	jal	ra,1204 <delay>
    4c26:	fb299be3          	bne	s3,s2,4bdc <_ZL9blink_allhhhiii.constprop.0+0x14>
    4c2a:	d3cfb06f          	j	166 <__riscv_restore_10>

00004c2e <_ZL9blink_oneihhhiii.constprop.0>:
    4c2e:	d0efb2ef          	jal	t0,13c <__riscv_save_4>
    4c32:	03000413          	li	s0,48
    4c36:	02850433          	mul	s0,a0,s0
    4c3a:	200027b7          	lui	a5,0x20002
    4c3e:	23078793          	addi	a5,a5,560 # 20002230 <RGBOUT>
    4c42:	84aa                	mv	s1,a0
    4c44:	4909                	li	s2,2
    4c46:	4a11                	li	s4,4
    4c48:	4985                	li	s3,1
    4c4a:	943e                	add	s0,s0,a5
    4c4c:	03449463          	bne	s1,s4,4c74 <_ZL9blink_oneihhhiii.constprop.0+0x46>
    4c50:	c3dfc0ef          	jal	ra,188c <_Z10RGB_updatev>
    4c54:	03c00513          	li	a0,60
    4c58:	dacfc0ef          	jal	ra,1204 <delay>
    4c5c:	c31fc0ef          	jal	ra,188c <_Z10RGB_updatev>
    4c60:	03c00513          	li	a0,60
    4c64:	da0fc0ef          	jal	ra,1204 <delay>
    4c68:	01391463          	bne	s2,s3,4c70 <_ZL9blink_oneihhhiii.constprop.0+0x42>
    4c6c:	d04fb06f          	j	170 <__riscv_restore_4>
    4c70:	4905                	li	s2,1
    4c72:	bfe9                	j	4c4c <_ZL9blink_oneihhhiii.constprop.0+0x1e>
    4c74:	4681                	li	a3,0
    4c76:	4641                	li	a2,16
    4c78:	45c1                	li	a1,16
    4c7a:	8522                	mv	a0,s0
    4c7c:	fe0fd0ef          	jal	ra,245c <_ZN12WS2812_class14set_RGB_onlineEhhhhb.constprop.0>
    4c80:	c0dfc0ef          	jal	ra,188c <_Z10RGB_updatev>
    4c84:	03c00513          	li	a0,60
    4c88:	d7cfc0ef          	jal	ra,1204 <delay>
    4c8c:	4681                	li	a3,0
    4c8e:	4601                	li	a2,0
    4c90:	4581                	li	a1,0
    4c92:	8522                	mv	a0,s0
    4c94:	fc8fd0ef          	jal	ra,245c <_ZN12WS2812_class14set_RGB_onlineEhhhhb.constprop.0>
    4c98:	b7d1                	j	4c5c <_ZL9blink_oneihhhiii.constprop.0+0x2e>

00004c9a <_ZL25flash_runtime_cache_clearv>:
    4c9a:	cbcfb2ef          	jal	t0,156 <__riscv_save_0>
    4c9e:	20002537          	lui	a0,0x20002
    4ca2:	aa01a023          	sw	zero,-1376(gp) # 20000430 <_ZL10g_fil_have>
    4ca6:	08000613          	li	a2,128
    4caa:	4581                	li	a1,0
    4cac:	2f050513          	addi	a0,a0,752 # 200022f0 <_ZL10g_fil_last>
    4cb0:	a801ae23          	sw	zero,-1380(gp) # 2000042c <_ZL17g_fil_first_empty>
    4cb4:	c62fb0ef          	jal	ra,116 <memset>
    4cb8:	a8019c23          	sh	zero,-1384(gp) # 20000428 <_ZL9g_sta_seq>
    4cbc:	a8019b23          	sh	zero,-1386(gp) # 20000426 <_ZL10g_sta_slot>
    4cc0:	a8018a23          	sb	zero,-1388(gp) # 20000424 <_ZL16g_sta_have_saved>
    4cc4:	577d                	li	a4,-1
    4cc6:	82e18423          	sb	a4,-2008(gp) # 200001b8 <_ZL18g_sta_saved_loaded>
    4cca:	cb0fb06f          	j	17a <__riscv_restore_0>

00004cce <_Z20Flash_NVM_full_clearv>:
    4cce:	c6efb2ef          	jal	t0,13c <__riscv_save_4>
    4cd2:	80002973          	csrr	s2,0x800
    4cd6:	08800a13          	li	s4,136
    4cda:	800a3073          	csrc	0x800,s4
    4cde:	456707b7          	lui	a5,0x45670
    4ce2:	40022437          	lui	s0,0x40022
    4ce6:	12378793          	addi	a5,a5,291 # 45670123 <__freertos_irq_stack_top+0x2566b123>
    4cea:	c05c                	sw	a5,4(s0)
    4cec:	cdef97b7          	lui	a5,0xcdef9
    4cf0:	9ab78793          	addi	a5,a5,-1621 # cdef89ab <__freertos_irq_stack_top+0xadef39ab>
    4cf4:	c05c                	sw	a5,4(s0)
    4cf6:	03100793          	li	a5,49
    4cfa:	c45c                	sw	a5,12(s0)
    4cfc:	000b0537          	lui	a0,0xb0
    4d00:	c33fc0ef          	jal	ra,1932 <FLASH_WaitForLastOperation>
    4d04:	4791                	li	a5,4
    4d06:	08897913          	andi	s2,s2,136
    4d0a:	00f50b63          	beq	a0,a5,4d20 <_Z20Flash_NVM_full_clearv+0x52>
    4d0e:	c01fc0ef          	jal	ra,190e <FLASH_Lock>
    4d12:	800a3073          	csrc	0x800,s4
    4d16:	80092073          	csrs	0x800,s2
    4d1a:	4501                	li	a0,0
    4d1c:	c54fb06f          	j	170 <__riscv_restore_4>
    4d20:	481c                	lw	a5,16(s0)
    4d22:	84aa                	mv	s1,a0
    4d24:	000b0537          	lui	a0,0xb0
    4d28:	0027e793          	ori	a5,a5,2
    4d2c:	c81c                	sw	a5,16(s0)
    4d2e:	0800f7b7          	lui	a5,0x800f
    4d32:	c85c                	sw	a5,20(s0)
    4d34:	481c                	lw	a5,16(s0)
    4d36:	0407e793          	ori	a5,a5,64
    4d3a:	c81c                	sw	a5,16(s0)
    4d3c:	bf7fc0ef          	jal	ra,1932 <FLASH_WaitForLastOperation>
    4d40:	481c                	lw	a5,16(s0)
    4d42:	89aa                	mv	s3,a0
    4d44:	9bf5                	andi	a5,a5,-3
    4d46:	c81c                	sw	a5,16(s0)
    4d48:	bc7fc0ef          	jal	ra,190e <FLASH_Lock>
    4d4c:	800a3073          	csrc	0x800,s4
    4d50:	80092073          	csrs	0x800,s2
    4d54:	0800f7b7          	lui	a5,0x800f
    4d58:	fc9991e3          	bne	s3,s1,4d1a <_Z20Flash_NVM_full_clearv+0x4c>
    4d5c:	e339e737          	lui	a4,0xe339e
    4d60:	33970713          	addi	a4,a4,825 # e339e339 <__freertos_irq_stack_top+0xc3399339>
    4d64:	080106b7          	lui	a3,0x8010
    4d68:	4390                	lw	a2,0(a5)
    4d6a:	fae618e3          	bne	a2,a4,4d1a <_Z20Flash_NVM_full_clearv+0x4c>
    4d6e:	0791                	addi	a5,a5,4 # 800f004 <ch32v20x_wwdg.c.13394d49+0x7ff129b>
    4d70:	fed79ce3          	bne	a5,a3,4d68 <_Z20Flash_NVM_full_clearv+0x9a>
    4d74:	f27ff0ef          	jal	ra,4c9a <_ZL25flash_runtime_cache_clearv>
    4d78:	4505                	li	a0,1
    4d7a:	b74d                	j	4d1c <_Z20Flash_NVM_full_clearv+0x4e>

00004d7c <_Z16Flash_saves_initv>:
    4d7c:	baafb2ef          	jal	t0,126 <__riscv_save_12>
    4d80:	40021737          	lui	a4,0x40021
    4d84:	4b5c                	lw	a5,20(a4)
    4d86:	715d                	addi	sp,sp,-80
    4d88:	0407e793          	ori	a5,a5,64
    4d8c:	cb5c                	sw	a5,20(a4)
    4d8e:	200024b7          	lui	s1,0x20002
    4d92:	0800f437          	lui	s0,0x800f
    4d96:	e339eb37          	lui	s6,0xe339e
    4d9a:	314c5bb7          	lui	s7,0x314c5
    4d9e:	efdff0ef          	jal	ra,4c9a <_ZL25flash_runtime_cache_clearv>
    4da2:	aa018993          	addi	s3,gp,-1376 # 20000430 <_ZL10g_fil_have>
    4da6:	a9c18913          	addi	s2,gp,-1380 # 2000042c <_ZL17g_fil_first_empty>
    4daa:	2f048493          	addi	s1,s1,752 # 200022f0 <_ZL10g_fil_last>
    4dae:	20040413          	addi	s0,s0,512 # 800f200 <ch32v20x_wwdg.c.13394d49+0x7ff1497>
    4db2:	4c19                	li	s8,6
    4db4:	339b0b13          	addi	s6,s6,825 # e339e339 <__freertos_irq_stack_top+0xc3399339>
    4db8:	946b8b93          	addi	s7,s7,-1722 # 314c4946 <__freertos_irq_stack_top+0x114bf946>
    4dbc:	4d99                	li	s11,6
    4dbe:	4701                	li	a4,0
    4dc0:	4a81                	li	s5,0
    4dc2:	02800c93          	li	s9,40
    4dc6:	5d7d                	li	s10,-1
    4dc8:	039a8a33          	mul	s4,s5,s9
    4dcc:	9a22                	add	s4,s4,s0
    4dce:	000a2783          	lw	a5,0(s4)
    4dd2:	05678063          	beq	a5,s6,4e12 <_Z16Flash_saves_initv+0x96>
    4dd6:	03a78e63          	beq	a5,s10,4e12 <_Z16Flash_saves_initv+0x96>
    4dda:	03779f63          	bne	a5,s7,4e18 <_Z16Flash_saves_initv+0x9c>
    4dde:	02400593          	li	a1,36
    4de2:	8552                	mv	a0,s4
    4de4:	c63a                	sw	a4,12(sp)
    4de6:	e54fb0ef          	jal	ra,43a <_ZL14crc32_hw_wordsPKvm>
    4dea:	024a2783          	lw	a5,36(s4)
    4dee:	4732                	lw	a4,12(sp)
    4df0:	02f51463          	bne	a0,a5,4e18 <_Z16Flash_saves_initv+0x9c>
    4df4:	02000613          	li	a2,32
    4df8:	004a0593          	addi	a1,s4,4
    4dfc:	1808                	addi	a0,sp,48
    4dfe:	b02fb0ef          	jal	ra,100 <memcpy>
    4e02:	02000613          	li	a2,32
    4e06:	180c                	addi	a1,sp,48
    4e08:	0808                	addi	a0,sp,16
    4e0a:	af6fb0ef          	jal	ra,100 <memcpy>
    4e0e:	4705                	li	a4,1
    4e10:	a021                	j	4e18 <_Z16Flash_saves_initv+0x9c>
    4e12:	018d9363          	bne	s11,s8,4e18 <_Z16Flash_saves_initv+0x9c>
    4e16:	8dd6                	mv	s11,s5
    4e18:	0a85                	addi	s5,s5,1
    4e1a:	fb8a97e3          	bne	s5,s8,4dc8 <_Z16Flash_saves_initv+0x4c>
    4e1e:	cb1d                	beqz	a4,4e54 <_Z16Flash_saves_initv+0xd8>
    4e20:	4785                	li	a5,1
    4e22:	02000613          	li	a2,32
    4e26:	080c                	addi	a1,sp,16
    4e28:	8526                	mv	a0,s1
    4e2a:	00f98023          	sb	a5,0(s3)
    4e2e:	01b90023          	sb	s11,0(s2)
    4e32:	acefb0ef          	jal	ra,100 <memcpy>
    4e36:	0800f7b7          	lui	a5,0x800f
    4e3a:	10040413          	addi	s0,s0,256
    4e3e:	60078793          	addi	a5,a5,1536 # 800f600 <ch32v20x_wwdg.c.13394d49+0x7ff1897>
    4e42:	0985                	addi	s3,s3,1
    4e44:	0905                	addi	s2,s2,1
    4e46:	02048493          	addi	s1,s1,32
    4e4a:	f6f419e3          	bne	s0,a5,4dbc <_Z16Flash_saves_initv+0x40>
    4e4e:	6161                	addi	sp,sp,80
    4e50:	b12fb06f          	j	162 <__riscv_restore_12>
    4e54:	02000613          	li	a2,32
    4e58:	4581                	li	a1,0
    4e5a:	8526                	mv	a0,s1
    4e5c:	00098023          	sb	zero,0(s3)
    4e60:	00090023          	sb	zero,0(s2)
    4e64:	ab2fb0ef          	jal	ra,116 <memset>
    4e68:	b7f9                	j	4e36 <_Z16Flash_saves_initv+0xba>

00004e6a <_Z25bambubus_long_package_getP25bambubus_long_packge_data>:
    4e6a:	aecfb2ef          	jal	t0,156 <__riscv_save_0>
    4e6e:	200004b7          	lui	s1,0x20000
    4e72:	4bc48793          	addi	a5,s1,1212 # 200004bc <bus_port_to_host>
    4e76:	6705                	lui	a4,0x1
    4e78:	97ba                	add	a5,a5,a4
    4e7a:	4247a783          	lw	a5,1060(a5)
    4e7e:	e7c9                	bnez	a5,4f08 <_Z25bambubus_long_package_getP25bambubus_long_packge_data+0x9e>
    4e80:	20001937          	lui	s2,0x20001
    4e84:	4bc90913          	addi	s2,s2,1212 # 200014bc <__global_pointer$+0xb2c>
    4e88:	40094783          	lbu	a5,1024(s2)
    4e8c:	842a                	mv	s0,a0
    4e8e:	4bc48493          	addi	s1,s1,1212
    4e92:	c789                	beqz	a5,4e9c <_Z25bambubus_long_package_getP25bambubus_long_packge_data+0x32>
    4e94:	200014b7          	lui	s1,0x20001
    4e98:	9bc48493          	addi	s1,s1,-1604 # 200009bc <__global_pointer$+0x2c>
    4e9c:	03d00793          	li	a5,61
    4ea0:	a09e                	sh	a5,0(s1)
    4ea2:	281c                	lbu	a5,16(s0)
    4ea4:	3478                	lbu	a4,15(s0)
    4ea6:	462d                	li	a2,11
    4ea8:	07a2                	slli	a5,a5,0x8
    4eaa:	8fd9                	or	a5,a5,a4
    4eac:	07bd                	addi	a5,a5,15
    4eae:	01079713          	slli	a4,a5,0x10
    4eb2:	8341                	srli	a4,a4,0x10
    4eb4:	a03c                	sb	a5,2(s0)
    4eb6:	00875793          	srli	a5,a4,0x8
    4eba:	b03c                	sb	a5,3(s0)
    4ebc:	85a2                	mv	a1,s0
    4ebe:	00248513          	addi	a0,s1,2
    4ec2:	a3efb0ef          	jal	ra,100 <memcpy>
    4ec6:	2458                	lbu	a4,12(s0)
    4ec8:	343c                	lbu	a5,11(s0)
    4eca:	2814                	lbu	a3,16(s0)
    4ecc:	0722                	slli	a4,a4,0x8
    4ece:	8f5d                	or	a4,a4,a5
    4ed0:	345c                	lbu	a5,13(s0)
    4ed2:	246c                	lbu	a1,14(s0)
    4ed4:	3470                	lbu	a2,15(s0)
    4ed6:	07c2                	slli	a5,a5,0x10
    4ed8:	8fd9                	or	a5,a5,a4
    4eda:	06a2                	slli	a3,a3,0x8
    4edc:	05e2                	slli	a1,a1,0x18
    4ede:	8ddd                	or	a1,a1,a5
    4ee0:	8e55                	or	a2,a2,a3
    4ee2:	00d48513          	addi	a0,s1,13
    4ee6:	a1afb0ef          	jal	ra,100 <memcpy>
    4eea:	280c                	lbu	a1,16(s0)
    4eec:	347c                	lbu	a5,15(s0)
    4eee:	8526                	mv	a0,s1
    4ef0:	05a2                	slli	a1,a1,0x8
    4ef2:	8ddd                	or	a1,a1,a5
    4ef4:	05bd                	addi	a1,a1,15
    4ef6:	a80fc0ef          	jal	ra,1176 <_Z15package_add_crcPhi>
    4efa:	281c                	lbu	a5,16(s0)
    4efc:	3478                	lbu	a4,15(s0)
    4efe:	07a2                	slli	a5,a5,0x8
    4f00:	8fd9                	or	a5,a5,a4
    4f02:	07bd                	addi	a5,a5,15
    4f04:	42f92223          	sw	a5,1060(s2)
    4f08:	a72fb06f          	j	17a <__riscv_restore_0>

00004f0c <_ZL26online_detect_build_packethh.constprop.0>:
    4f0c:	a4afb2ef          	jal	t0,156 <__riscv_save_0>
    4f10:	b41dc7b7          	lui	a5,0xb41dc
    4f14:	20000437          	lui	s0,0x20000
    4f18:	03d78793          	addi	a5,a5,61 # b41dc03d <__freertos_irq_stack_top+0x941d703d>
    4f1c:	02f42023          	sw	a5,32(s0) # 20000020 <online_detect_res>
    4f20:	4715                	li	a4,5
    4f22:	02040793          	addi	a5,s0,32
    4f26:	a3d8                	sb	a4,4(a5)
    4f28:	80d1c703          	lbu	a4,-2035(gp) # 2000019d <_ZL24online_detect_prefix_now>
    4f2c:	b3c8                	sb	a0,5(a5)
    4f2e:	200005b7          	lui	a1,0x20000
    4f32:	20000537          	lui	a0,0x20000
    4f36:	4641                	li	a2,16
    4f38:	0fd58593          	addi	a1,a1,253 # 200000fd <long_packge_version_serial_number+0x21>
    4f3c:	02850513          	addi	a0,a0,40 # 20000028 <online_detect_res+0x8>
    4f40:	00078323          	sb	zero,6(a5)
    4f44:	b3f8                	sb	a4,7(a5)
    4f46:	9bafb0ef          	jal	ra,100 <memcpy>
    4f4a:	45f5                	li	a1,29
    4f4c:	02040513          	addi	a0,s0,32
    4f50:	a26fc0ef          	jal	ra,1176 <_Z15package_add_crcPhi>
    4f54:	a26fb06f          	j	17a <__riscv_restore_0>

00004f58 <_ZL11nvm256_readmmtPvtPtPm.constprop.0>:
    4f58:	9d6fb2ef          	jal	t0,12e <__riscv_save_10>
    4f5c:	0fc52903          	lw	s2,252(a0)
    4f60:	84be                	mv	s1,a5
    4f62:	e339e7b7          	lui	a5,0xe339e
    4f66:	33978793          	addi	a5,a5,825 # e339e339 <__freertos_irq_stack_top+0xc3399339>
    4f6a:	00f91563          	bne	s2,a5,4f74 <_ZL11nvm256_readmmtPvtPtPm.constprop.0+0x1c>
    4f6e:	4501                	li	a0,0
    4f70:	9f6fb06f          	j	166 <__riscv_restore_10>
    4f74:	57fd                	li	a5,-1
    4f76:	fef90ce3          	beq	s2,a5,4f6e <_ZL11nvm256_readmmtPvtPtPm.constprop.0+0x16>
    4f7a:	8b2e                	mv	s6,a1
    4f7c:	0fc00593          	li	a1,252
    4f80:	842a                	mv	s0,a0
    4f82:	8a32                	mv	s4,a2
    4f84:	8ab6                	mv	s5,a3
    4f86:	89ba                	mv	s3,a4
    4f88:	cb2fb0ef          	jal	ra,43a <_ZL14crc32_hw_wordsPKvm>
    4f8c:	fea911e3          	bne	s2,a0,4f6e <_ZL11nvm256_readmmtPvtPtPm.constprop.0+0x16>
    4f90:	401c                	lw	a5,0(s0)
    4f92:	205a                	lhu	a4,4(s0)
    4f94:	00645903          	lhu	s2,6(s0)
    4f98:	00842b83          	lw	s7,8(s0)
    4f9c:	fcfb19e3          	bne	s6,a5,4f6e <_ZL11nvm256_readmmtPvtPtPm.constprop.0+0x16>
    4fa0:	4785                	li	a5,1
    4fa2:	fcf716e3          	bne	a4,a5,4f6e <_ZL11nvm256_readmmtPvtPtPm.constprop.0+0x16>
    4fa6:	fd2ae4e3          	bltu	s5,s2,4f6e <_ZL11nvm256_readmmtPvtPtPm.constprop.0+0x16>
    4faa:	00090863          	beqz	s2,4fba <_ZL11nvm256_readmmtPvtPtPm.constprop.0+0x62>
    4fae:	864a                	mv	a2,s2
    4fb0:	00c40593          	addi	a1,s0,12
    4fb4:	8552                	mv	a0,s4
    4fb6:	94afb0ef          	jal	ra,100 <memcpy>
    4fba:	01299023          	sh	s2,0(s3)
    4fbe:	c099                	beqz	s1,4fc4 <_ZL11nvm256_readmmtPvtPtPm.constprop.0+0x6c>
    4fc0:	0174a023          	sw	s7,0(s1)
    4fc4:	4505                	li	a0,1
    4fc6:	b76d                	j	4f70 <_ZL11nvm256_readmmtPvtPtPm.constprop.0+0x18>

00004fc8 <_ZL19Motion_control_readv>:
    4fc8:	98efb2ef          	jal	t0,156 <__riscv_save_0>
    4fcc:	1101                	addi	sp,sp,-32
    4fce:	96dfb0ef          	jal	ra,93a <_ZL23Motion_control_defaultsv>
    4fd2:	20002437          	lui	s0,0x20002
    4fd6:	315455b7          	lui	a1,0x31545
    4fda:	0800f537          	lui	a0,0x800f
    4fde:	4781                	li	a5,0
    4fe0:	01e10713          	addi	a4,sp,30
    4fe4:	46e1                	li	a3,24
    4fe6:	d9840613          	addi	a2,s0,-616 # 20001d98 <Motion_control_data_save>
    4fea:	f4d58593          	addi	a1,a1,-179 # 31544f4d <__freertos_irq_stack_top+0x1153ff4d>
    4fee:	10050513          	addi	a0,a0,256 # 800f100 <ch32v20x_wwdg.c.13394d49+0x7ff1397>
    4ff2:	00011f23          	sh	zero,30(sp)
    4ff6:	f63ff0ef          	jal	ra,4f58 <_ZL11nvm256_readmmtPvtPtPm.constprop.0>
    4ffa:	e519                	bnez	a0,5008 <_ZL19Motion_control_readv+0x40>
    4ffc:	96dfb0ef          	jal	ra,968 <_ZL26Motion_control_apply_savedv>
    5000:	4501                	li	a0,0
    5002:	6105                	addi	sp,sp,32
    5004:	976fb06f          	j	17a <__riscv_restore_0>
    5008:	87bc                	lhu	a5,30(sp)
    500a:	475d                	li	a4,23
    500c:	17fd                	addi	a5,a5,-1
    500e:	07c2                	slli	a5,a5,0x10
    5010:	83c1                	srli	a5,a5,0x10
    5012:	fef765e3          	bltu	a4,a5,4ffc <_ZL19Motion_control_readv+0x34>
    5016:	d9840413          	addi	s0,s0,-616
    501a:	4818                	lw	a4,16(s0)
    501c:	406147b7          	lui	a5,0x40614
    5020:	06178793          	addi	a5,a5,97 # 40614061 <__freertos_irq_stack_top+0x2060f061>
    5024:	00f70563          	beq	a4,a5,502e <_ZL19Motion_control_readv+0x66>
    5028:	913fb0ef          	jal	ra,93a <_ZL23Motion_control_defaultsv>
    502c:	bfc1                	j	4ffc <_ZL19Motion_control_readv+0x34>
    502e:	c62a                	sw	a0,12(sp)
    5030:	939fb0ef          	jal	ra,968 <_ZL26Motion_control_apply_savedv>
    5034:	4532                	lw	a0,12(sp)
    5036:	b7f1                	j	5002 <_ZL19Motion_control_readv+0x3a>

00005038 <_ZL12nvm256_writemmtmPKvt.part.0.constprop.0>:
    5038:	904fb2ef          	jal	t0,13c <__riscv_save_4>
    503c:	7111                	addi	sp,sp,-256
    503e:	84aa                	mv	s1,a0
    5040:	8a2e                	mv	s4,a1
    5042:	89b2                	mv	s3,a2
    5044:	0ff00593          	li	a1,255
    5048:	0f400613          	li	a2,244
    504c:	0068                	addi	a0,sp,12
    504e:	843a                	mv	s0,a4
    5050:	8936                	mv	s2,a3
    5052:	8c4fb0ef          	jal	ra,116 <memset>
    5056:	4785                	li	a5,1
    5058:	8622                	mv	a2,s0
    505a:	85ca                	mv	a1,s2
    505c:	0068                	addi	a0,sp,12
    505e:	827c                	sh	a5,4(sp)
    5060:	c052                	sw	s4,0(sp)
    5062:	8360                	sh	s0,6(sp)
    5064:	c44e                	sw	s3,8(sp)
    5066:	89afb0ef          	jal	ra,100 <memcpy>
    506a:	0fc00593          	li	a1,252
    506e:	850a                	mv	a0,sp
    5070:	bcafb0ef          	jal	ra,43a <_ZL14crc32_hw_wordsPKvm>
    5074:	dfaa                	sw	a0,252(sp)
    5076:	10000613          	li	a2,256
    507a:	858a                	mv	a1,sp
    507c:	8526                	mv	a0,s1
    507e:	7a9030ef          	jal	ra,9026 <memcmp>
    5082:	c169                	beqz	a0,5144 <_ZL12nvm256_writemmtmPKvt.part.0.constprop.0+0x10c>
    5084:	80002973          	csrr	s2,0x800
    5088:	08800793          	li	a5,136
    508c:	8007b073          	csrc	0x800,a5
    5090:	45670737          	lui	a4,0x45670
    5094:	40022437          	lui	s0,0x40022
    5098:	12370713          	addi	a4,a4,291 # 45670123 <__freertos_irq_stack_top+0x2566b123>
    509c:	cdef97b7          	lui	a5,0xcdef9
    50a0:	c058                	sw	a4,4(s0)
    50a2:	9ab78793          	addi	a5,a5,-1621 # cdef89ab <__freertos_irq_stack_top+0xadef39ab>
    50a6:	c05c                	sw	a5,4(s0)
    50a8:	d058                	sw	a4,36(s0)
    50aa:	d05c                	sw	a5,36(s0)
    50ac:	03100793          	li	a5,49
    50b0:	c45c                	sw	a5,12(s0)
    50b2:	8526                	mv	a0,s1
    50b4:	97ffc0ef          	jal	ra,1a32 <FLASH_ErasePage_Fast>
    50b8:	481c                	lw	a5,16(s0)
    50ba:	6741                	lui	a4,0x10
    50bc:	08897913          	andi	s2,s2,136
    50c0:	8fd9                	or	a5,a5,a4
    50c2:	c81c                	sw	a5,16(s0)
    50c4:	40022737          	lui	a4,0x40022
    50c8:	475c                	lw	a5,12(a4)
    50ca:	8b85                	andi	a5,a5,1
    50cc:	fff5                	bnez	a5,50c8 <_ZL12nvm256_writemmtmPKvt.part.0.constprop.0+0x90>
    50ce:	40022737          	lui	a4,0x40022
    50d2:	475c                	lw	a5,12(a4)
    50d4:	8b89                	andi	a5,a5,2
    50d6:	fff5                	bnez	a5,50d2 <_ZL12nvm256_writemmtmPKvt.part.0.constprop.0+0x9a>
    50d8:	40022737          	lui	a4,0x40022
    50dc:	10000613          	li	a2,256
    50e0:	00f106b3          	add	a3,sp,a5
    50e4:	428c                	lw	a1,0(a3)
    50e6:	00f486b3          	add	a3,s1,a5
    50ea:	c28c                	sw	a1,0(a3)
    50ec:	4754                	lw	a3,12(a4)
    50ee:	8a89                	andi	a3,a3,2
    50f0:	fef5                	bnez	a3,50ec <_ZL12nvm256_writemmtmPKvt.part.0.constprop.0+0xb4>
    50f2:	0791                	addi	a5,a5,4
    50f4:	fec796e3          	bne	a5,a2,50e0 <_ZL12nvm256_writemmtmPKvt.part.0.constprop.0+0xa8>
    50f8:	4b1c                	lw	a5,16(a4)
    50fa:	002006b7          	lui	a3,0x200
    50fe:	8fd5                	or	a5,a5,a3
    5100:	cb1c                	sw	a5,16(a4)
    5102:	400227b7          	lui	a5,0x40022
    5106:	47d8                	lw	a4,12(a5)
    5108:	8b05                	andi	a4,a4,1
    510a:	ff75                	bnez	a4,5106 <_ZL12nvm256_writemmtmPKvt.part.0.constprop.0+0xce>
    510c:	4b98                	lw	a4,16(a5)
    510e:	76c1                	lui	a3,0xffff0
    5110:	16fd                	addi	a3,a3,-1 # fffeffff <__freertos_irq_stack_top+0xdffeafff>
    5112:	8f75                	and	a4,a4,a3
    5114:	cb98                	sw	a4,16(a5)
    5116:	4b98                	lw	a4,16(a5)
    5118:	66a1                	lui	a3,0x8
    511a:	8f55                	or	a4,a4,a3
    511c:	cb98                	sw	a4,16(a5)
    511e:	ff0fc0ef          	jal	ra,190e <FLASH_Lock>
    5122:	08800793          	li	a5,136
    5126:	8007b073          	csrc	0x800,a5
    512a:	80092073          	csrs	0x800,s2
    512e:	10000613          	li	a2,256
    5132:	858a                	mv	a1,sp
    5134:	8526                	mv	a0,s1
    5136:	6f1030ef          	jal	ra,9026 <memcmp>
    513a:	00153513          	seqz	a0,a0
    513e:	6111                	addi	sp,sp,256
    5140:	830fb06f          	j	170 <__riscv_restore_4>
    5144:	4505                	li	a0,1
    5146:	bfe5                	j	513e <_ZL12nvm256_writemmtmPKvt.part.0.constprop.0+0x106>

00005148 <_ZL19Motion_control_savev>:
    5148:	ff5fa2ef          	jal	t0,13c <__riscv_save_4>
    514c:	20002937          	lui	s2,0x20002
    5150:	406147b7          	lui	a5,0x40614
    5154:	d9890713          	addi	a4,s2,-616 # 20001d98 <Motion_control_data_save>
    5158:	06178793          	addi	a5,a5,97 # 40614061 <__freertos_irq_stack_top+0x2060f061>
    515c:	200004b7          	lui	s1,0x20000
    5160:	d9890413          	addi	s0,s2,-616
    5164:	cb1c                	sw	a5,16(a4)
    5166:	16048493          	addi	s1,s1,352 # 20000160 <MC_DM_KEY_NONE_THRESH>
    516a:	00440993          	addi	s3,s0,4 # 40022004 <__freertos_irq_stack_top+0x2001d004>
    516e:	03c00a13          	li	s4,60
    5172:	4088                	lw	a0,0(s1)
    5174:	b08fb0ef          	jal	ra,47c <_ZL22dm_key_v_to_centi_ceilf>
    5178:	87aa                	mv	a5,a0
    517a:	01457463          	bgeu	a0,s4,5182 <_ZL19Motion_control_savev+0x3a>
    517e:	03c00793          	li	a5,60
    5182:	a85c                	sb	a5,20(s0)
    5184:	0405                	addi	s0,s0,1
    5186:	0491                	addi	s1,s1,4
    5188:	ff3415e3          	bne	s0,s3,5172 <_ZL19Motion_control_savev+0x2a>
    518c:	315455b7          	lui	a1,0x31545
    5190:	0800f537          	lui	a0,0x800f
    5194:	4761                	li	a4,24
    5196:	d9890693          	addi	a3,s2,-616
    519a:	4601                	li	a2,0
    519c:	f4d58593          	addi	a1,a1,-179 # 31544f4d <__freertos_irq_stack_top+0x1153ff4d>
    51a0:	10050513          	addi	a0,a0,256 # 800f100 <ch32v20x_wwdg.c.13394d49+0x7ff1397>
    51a4:	e95ff0ef          	jal	ra,5038 <_ZL12nvm256_writemmtmPKvt.part.0.constprop.0>
    51a8:	fc9fa06f          	j	170 <__riscv_restore_4>

000051ac <_Z24MC_PULL_calibration_bootv>:
    51ac:	f7bfa2ef          	jal	t0,126 <__riscv_save_12>
    51b0:	7115                	addi	sp,sp,-224
    51b2:	4419                	li	s0,6
    51b4:	984fb0ef          	jal	ra,338 <_Z12ADC_DMA_pollv>
    51b8:	4551                	li	a0,20
    51ba:	147d                	addi	s0,s0,-1
    51bc:	81cfc0ef          	jal	ra,11d8 <delay.part.0>
    51c0:	f875                	bnez	s0,51b4 <_Z24MC_PULL_calibration_bootv+0x8>
    51c2:	dedfc0ef          	jal	ra,1fae <_Z32MC_PULL_detect_channels_insertedv>
    51c6:	324c45b7          	lui	a1,0x324c4
    51ca:	089c                	addi	a5,sp,80
    51cc:	04a10713          	addi	a4,sp,74
    51d0:	03000693          	li	a3,48
    51d4:	1910                	addi	a2,sp,176
    51d6:	14358593          	addi	a1,a1,323 # 324c4143 <__freertos_irq_stack_top+0x124bf143>
    51da:	0800f537          	lui	a0,0x800f
    51de:	04011523          	sh	zero,74(sp)
    51e2:	c882                	sw	zero,80(sp)
    51e4:	d75ff0ef          	jal	ra,4f58 <_ZL11nvm256_readmmtPvtPtPm.constprop.0>
    51e8:	36051063          	bnez	a0,5548 <_Z24MC_PULL_calibration_bootv+0x39c>
    51ec:	ae3ff0ef          	jal	ra,4cce <_Z20Flash_NVM_full_clearv>
    51f0:	82c1a783          	lw	a5,-2004(gp) # 200001bc <time_hw_tpms>
    51f4:	cc2a                	sw	a0,24(sp)
    51f6:	c43e                	sw	a5,8(sp)
    51f8:	e000f7b7          	lui	a5,0xe000f
    51fc:	479c                	lw	a5,8(a5)
    51fe:	c902                	sw	zero,144(sp)
    5200:	cb02                	sw	zero,148(sp)
    5202:	c63e                	sw	a5,12(sp)
    5204:	05a00793          	li	a5,90
    5208:	cd02                	sw	zero,152(sp)
    520a:	cf02                	sw	zero,156(sp)
    520c:	d102                	sw	zero,160(sp)
    520e:	d302                	sw	zero,164(sp)
    5210:	d502                	sw	zero,168(sp)
    5212:	d702                	sw	zero,172(sp)
    5214:	d882                	sw	zero,112(sp)
    5216:	da82                	sw	zero,116(sp)
    5218:	dc82                	sw	zero,120(sp)
    521a:	de82                	sw	zero,124(sp)
    521c:	c102                	sw	zero,128(sp)
    521e:	c302                	sw	zero,132(sp)
    5220:	c502                	sw	zero,136(sp)
    5222:	c702                	sw	zero,140(sp)
    5224:	c23e                	sw	a5,4(sp)
    5226:	a9018b93          	addi	s7,gp,-1392 # 20000420 <filament_channel_inserted>
    522a:	4c05                	li	s8,1
    522c:	4c89                	li	s9,2
    522e:	20002a37          	lui	s4,0x20002
    5232:	958fb0ef          	jal	ra,38a <_Z17ADC_DMA_get_valuev>
    5236:	07010993          	addi	s3,sp,112
    523a:	09010913          	addi	s2,sp,144
    523e:	8b2a                	mv	s6,a0
    5240:	844a                	mv	s0,s2
    5242:	84ce                	mv	s1,s3
    5244:	4d81                	li	s11,0
    5246:	4d11                	li	s10,4
    5248:	017d8733          	add	a4,s11,s7
    524c:	2318                	lbu	a4,0(a4)
    524e:	c329                	beqz	a4,5290 <_Z24MC_PULL_calibration_bootv+0xe4>
    5250:	85da                	mv	a1,s6
    5252:	856e                	mv	a0,s11
    5254:	a0afb0ef          	jal	ra,45e <_ZL15adc_pull_raw_chiPKf>
    5258:	042060ef          	jal	ra,b29a <__extendsfdf2>
    525c:	862a                	mv	a2,a0
    525e:	86ae                	mv	a3,a1
    5260:	4008                	lw	a0,0(s0)
    5262:	404c                	lw	a1,4(s0)
    5264:	1f2040ef          	jal	ra,9456 <__adddf3>
    5268:	c008                	sw	a0,0(s0)
    526a:	c04c                	sw	a1,4(s0)
    526c:	378d8f63          	beq	s11,s8,55ea <_Z24MC_PULL_calibration_bootv+0x43e>
    5270:	399d8063          	beq	s11,s9,55f0 <_Z24MC_PULL_calibration_bootv+0x444>
    5274:	380d9163          	bnez	s11,55f6 <_Z24MC_PULL_calibration_bootv+0x44a>
    5278:	01cb2503          	lw	a0,28(s6)
    527c:	01e060ef          	jal	ra,b29a <__extendsfdf2>
    5280:	862a                	mv	a2,a0
    5282:	86ae                	mv	a3,a1
    5284:	4088                	lw	a0,0(s1)
    5286:	40cc                	lw	a1,4(s1)
    5288:	1ce040ef          	jal	ra,9456 <__adddf3>
    528c:	c088                	sw	a0,0(s1)
    528e:	c0cc                	sw	a1,4(s1)
    5290:	0d85                	addi	s11,s11,1
    5292:	04a1                	addi	s1,s1,8
    5294:	0421                	addi	s0,s0,8
    5296:	fbad99e3          	bne	s11,s10,5248 <_Z24MC_PULL_calibration_bootv+0x9c>
    529a:	e000f7b7          	lui	a5,0xe000f
    529e:	4780                	lw	s0,8(a5)
    52a0:	47b2                	lw	a5,12(sp)
    52a2:	230a0493          	addi	s1,s4,560 # 20002230 <RGBOUT>
    52a6:	8c1d                	sub	s0,s0,a5
    52a8:	47a2                	lw	a5,8(sp)
    52aa:	02f45433          	divu	s0,s0,a5
    52ae:	0c800793          	li	a5,200
    52b2:	02f45433          	divu	s0,s0,a5
    52b6:	230a0793          	addi	a5,s4,560
    52ba:	c03e                	sw	a5,0(sp)
    52bc:	0c078d13          	addi	s10,a5,192 # e000f0c0 <__freertos_irq_stack_top+0xc000a0c0>
    52c0:	fff44413          	not	s0,s0
    52c4:	8805                	andi	s0,s0,1
    52c6:	0412                	slli	s0,s0,0x4
    52c8:	8526                	mv	a0,s1
    52ca:	4681                	li	a3,0
    52cc:	8622                	mv	a2,s0
    52ce:	85a2                	mv	a1,s0
    52d0:	03048493          	addi	s1,s1,48
    52d4:	988fd0ef          	jal	ra,245c <_ZN12WS2812_class14set_RGB_onlineEhhhhb.constprop.0>
    52d8:	ffa498e3          	bne	s1,s10,52c8 <_Z24MC_PULL_calibration_bootv+0x11c>
    52dc:	db0fc0ef          	jal	ra,188c <_Z10RGB_updatev>
    52e0:	453d                	li	a0,15
    52e2:	ef7fb0ef          	jal	ra,11d8 <delay.part.0>
    52e6:	4792                	lw	a5,4(sp)
    52e8:	17fd                	addi	a5,a5,-1
    52ea:	c23e                	sw	a5,4(sp)
    52ec:	f3b9                	bnez	a5,5232 <_Z24MC_PULL_calibration_bootv+0x86>
    52ee:	6a2d                	lui	s4,0xb
    52f0:	4641                	li	a2,16
    52f2:	514a0593          	addi	a1,s4,1300 # b514 <__clzsi2+0x68>
    52f6:	1088                	addi	a0,sp,96
    52f8:	e09fa0ef          	jal	ra,100 <memcpy>
    52fc:	8381a403          	lw	s0,-1992(gp) # 200001c8 <_ZL7g_scale+0x8>
    5300:	83c1a483          	lw	s1,-1988(gp) # 200001cc <_ZL7g_scale+0xc>
    5304:	06010b93          	addi	s7,sp,96
    5308:	4b01                	li	s6,0
    530a:	4c11                	li	s8,4
    530c:	a9018793          	addi	a5,gp,-1392 # 20000420 <filament_channel_inserted>
    5310:	97da                	add	a5,a5,s6
    5312:	239c                	lbu	a5,0(a5)
    5314:	cf89                	beqz	a5,532e <_Z24MC_PULL_calibration_bootv+0x182>
    5316:	00092503          	lw	a0,0(s2)
    531a:	00492583          	lw	a1,4(s2)
    531e:	8622                	mv	a2,s0
    5320:	86a6                	mv	a3,s1
    5322:	01d040ef          	jal	ra,9b3e <__divdf3>
    5326:	01a060ef          	jal	ra,b340 <__truncdfsf2>
    532a:	00aba023          	sw	a0,0(s7)
    532e:	0b05                	addi	s6,s6,1
    5330:	0921                	addi	s2,s2,8
    5332:	0b91                	addi	s7,s7,4
    5334:	fd8b1ce3          	bne	s6,s8,530c <_Z24MC_PULL_calibration_bootv+0x160>
    5338:	20002737          	lui	a4,0x20002
    533c:	a9018913          	addi	s2,gp,-1392 # 20000420 <filament_channel_inserted>
    5340:	22070793          	addi	a5,a4,544 # 20002220 <MC_PULL_V_OFFSET>
    5344:	d03e                	sw	a5,32(sp)
    5346:	82418693          	addi	a3,gp,-2012 # 200001b4 <MC_PULL_POLARITY>
    534a:	82418413          	addi	s0,gp,-2012 # 200001b4 <MC_PULL_POLARITY>
    534e:	82418793          	addi	a5,gp,-2012 # 200001b4 <MC_PULL_POLARITY>
    5352:	d83e                	sw	a5,48(sp)
    5354:	87c1a783          	lw	a5,-1924(gp) # 2000020c <_ZL7g_scale+0x4c>
    5358:	a9018b93          	addi	s7,gp,-1392 # 20000420 <filament_channel_inserted>
    535c:	ce36                	sw	a3,28(sp)
    535e:	c63e                	sw	a5,12(sp)
    5360:	83c1a803          	lw	a6,-1988(gp) # 200001cc <_ZL7g_scale+0xc>
    5364:	8381a783          	lw	a5,-1992(gp) # 200001c8 <_ZL7g_scale+0x8>
    5368:	4b01                	li	s6,0
    536a:	22070493          	addi	s1,a4,544
    536e:	c83e                	sw	a5,16(sp)
    5370:	8a01a783          	lw	a5,-1888(gp) # 20000230 <_ZL7g_scale+0x70>
    5374:	4a85                	li	s5,1
    5376:	ca42                	sw	a6,20(sp)
    5378:	d23e                	sw	a5,36(sp)
    537a:	9a01ad83          	lw	s11,-1632(gp) # 20000330 <_ZL7g_scale+0x170>
    537e:	200007b7          	lui	a5,0x20000
    5382:	08b00c13          	li	s8,139
    5386:	03c00c93          	li	s9,60
    538a:	16078d13          	addi	s10,a5,352 # 20000160 <MC_DM_KEY_NONE_THRESH>
    538e:	000bc783          	lbu	a5,0(s7)
    5392:	26079563          	bnez	a5,55fc <_Z24MC_PULL_calibration_bootv+0x450>
    5396:	00000793          	li	a5,0
    539a:	c09c                	sw	a5,0(s1)
    539c:	01540023          	sb	s5,0(s0)
    53a0:	856e                	mv	a0,s11
    53a2:	01ab07b3          	add	a5,s6,s10
    53a6:	c388                	sw	a0,0(a5)
    53a8:	0b11                	addi	s6,s6,4
    53aa:	47c1                	li	a5,16
    53ac:	0b85                	addi	s7,s7,1
    53ae:	0491                	addi	s1,s1,4
    53b0:	0405                	addi	s0,s0,1
    53b2:	09a1                	addi	s3,s3,8
    53b4:	fcfb1de3          	bne	s6,a5,538e <_Z24MC_PULL_calibration_bootv+0x1e2>
    53b8:	4641                	li	a2,16
    53ba:	514a0593          	addi	a1,s4,1300
    53be:	0888                	addi	a0,sp,80
    53c0:	d41fa0ef          	jal	ra,100 <memcpy>
    53c4:	4401                	li	s0,0
    53c6:	44c1                	li	s1,16
    53c8:	00094783          	lbu	a5,0(s2)
    53cc:	c38d                	beqz	a5,53ee <_Z24MC_PULL_calibration_bootv+0x242>
    53ce:	089c                	addi	a5,sp,80
    53d0:	008789b3          	add	s3,a5,s0
    53d4:	200027b7          	lui	a5,0x20002
    53d8:	22078793          	addi	a5,a5,544 # 20002220 <MC_PULL_V_OFFSET>
    53dc:	97a2                	add	a5,a5,s0
    53de:	438c                	lw	a1,0(a5)
    53e0:	109c                	addi	a5,sp,96
    53e2:	97a2                	add	a5,a5,s0
    53e4:	4388                	lw	a0,0(a5)
    53e6:	507040ef          	jal	ra,a0ec <__addsf3>
    53ea:	00a9a023          	sw	a0,0(s3)
    53ee:	0411                	addi	s0,s0,4
    53f0:	0905                	addi	s2,s2,1
    53f2:	fc941be3          	bne	s0,s1,53c8 <_Z24MC_PULL_calibration_bootv+0x21c>
    53f6:	03c00713          	li	a4,60
    53fa:	03c00693          	li	a3,60
    53fe:	460d                	li	a2,3
    5400:	45c1                	li	a1,16
    5402:	4541                	li	a0,16
    5404:	fc4ff0ef          	jal	ra,4bc8 <_ZL9blink_allhhhiii.constprop.0>
    5408:	4722                	lw	a4,8(sp)
    540a:	679d                	lui	a5,0x7
    540c:	53078793          	addi	a5,a5,1328 # 7530 <main+0xf82>
    5410:	02f707b3          	mul	a5,a4,a5
    5414:	4a01                	li	s4,0
    5416:	d23e                	sw	a5,36(sp)
    5418:	0c800793          	li	a5,200
    541c:	02f707b3          	mul	a5,a4,a5
    5420:	d43e                	sw	a5,40(sp)
    5422:	200007b7          	lui	a5,0x20000
    5426:	18078d93          	addi	s11,a5,384 # 20000180 <MC_PULL_V_MIN>
    542a:	200007b7          	lui	a5,0x20000
    542e:	17078793          	addi	a5,a5,368 # 20000170 <MC_PULL_V_MAX>
    5432:	c83e                	sw	a5,16(sp)
    5434:	86c1a783          	lw	a5,-1940(gp) # 200001fc <_ZL7g_scale+0x3c>
    5438:	dc3e                	sw	a5,56(sp)
    543a:	a9018793          	addi	a5,gp,-1392 # 20000420 <filament_channel_inserted>
    543e:	97d2                	add	a5,a5,s4
    5440:	239c                	lbu	a5,0(a5)
    5442:	c63e                	sw	a5,12(sp)
    5444:	20079763          	bnez	a5,5652 <_Z24MC_PULL_calibration_bootv+0x4a6>
    5448:	57e2                	lw	a5,56(sp)
    544a:	4742                	lw	a4,16(sp)
    544c:	00fda023          	sw	a5,0(s11)
    5450:	8681a783          	lw	a5,-1944(gp) # 200001f8 <_ZL7g_scale+0x38>
    5454:	c31c                	sw	a5,0(a4)
    5456:	4772                	lw	a4,28(sp)
    5458:	4785                	li	a5,1
    545a:	a31c                	sb	a5,0(a4)
    545c:	47c2                	lw	a5,16(sp)
    545e:	0a05                	addi	s4,s4,1
    5460:	0d91                	addi	s11,s11,4
    5462:	0791                	addi	a5,a5,4
    5464:	c83e                	sw	a5,16(sp)
    5466:	47f2                	lw	a5,28(sp)
    5468:	0785                	addi	a5,a5,1
    546a:	ce3e                	sw	a5,28(sp)
    546c:	4782                	lw	a5,0(sp)
    546e:	03078793          	addi	a5,a5,48
    5472:	c03e                	sw	a5,0(sp)
    5474:	5782                	lw	a5,32(sp)
    5476:	0791                	addi	a5,a5,4
    5478:	d03e                	sw	a5,32(sp)
    547a:	4791                	li	a5,4
    547c:	fafa1fe3          	bne	s4,a5,543a <_Z24MC_PULL_calibration_bootv+0x28e>
    5480:	200027b7          	lui	a5,0x20002
    5484:	22078593          	addi	a1,a5,544 # 20002220 <MC_PULL_V_OFFSET>
    5488:	4641                	li	a2,16
    548a:	1908                	addi	a0,sp,176
    548c:	c75fa0ef          	jal	ra,100 <memcpy>
    5490:	200005b7          	lui	a1,0x20000
    5494:	4641                	li	a2,16
    5496:	18058593          	addi	a1,a1,384 # 20000180 <MC_PULL_V_MIN>
    549a:	0188                	addi	a0,sp,192
    549c:	c65fa0ef          	jal	ra,100 <memcpy>
    54a0:	200005b7          	lui	a1,0x20000
    54a4:	4641                	li	a2,16
    54a6:	17058593          	addi	a1,a1,368 # 20000170 <MC_PULL_V_MAX>
    54aa:	0988                	addi	a0,sp,208
    54ac:	c55fa0ef          	jal	ra,100 <memcpy>
    54b0:	4781                	li	a5,0
    54b2:	4685                	li	a3,1
    54b4:	4711                	li	a4,4
    54b6:	5642                	lw	a2,48(sp)
    54b8:	963e                	add	a2,a2,a5
    54ba:	00060603          	lb	a2,0(a2)
    54be:	00065763          	bgez	a2,54cc <_Z24MC_PULL_calibration_bootv+0x320>
    54c2:	4592                	lw	a1,4(sp)
    54c4:	00f69633          	sll	a2,a3,a5
    54c8:	8e4d                	or	a2,a2,a1
    54ca:	c232                	sw	a2,4(sp)
    54cc:	0785                	addi	a5,a5,1
    54ce:	fee794e3          	bne	a5,a4,54b6 <_Z24MC_PULL_calibration_bootv+0x30a>
    54d2:	4612                	lw	a2,4(sp)
    54d4:	324c45b7          	lui	a1,0x324c4
    54d8:	03000713          	li	a4,48
    54dc:	1914                	addi	a3,sp,176
    54de:	14358593          	addi	a1,a1,323 # 324c4143 <__freertos_irq_stack_top+0x124bf143>
    54e2:	0800f537          	lui	a0,0x800f
    54e6:	b53ff0ef          	jal	ra,5038 <_ZL12nvm256_writemmtmPKvt.part.0.constprop.0>
    54ea:	00cd2403          	lw	s0,12(s10)
    54ee:	000d2a03          	lw	s4,0(s10)
    54f2:	004d2983          	lw	s3,4(s10)
    54f6:	008d2903          	lw	s2,8(s10)
    54fa:	84aa                	mv	s1,a0
    54fc:	acdff0ef          	jal	ra,4fc8 <_ZL19Motion_control_readv>
    5500:	008d2623          	sw	s0,12(s10)
    5504:	014d2023          	sw	s4,0(s10)
    5508:	013d2223          	sw	s3,4(s10)
    550c:	012d2423          	sw	s2,8(s10)
    5510:	c39ff0ef          	jal	ra,5148 <_ZL19Motion_control_savev>
    5514:	47e2                	lw	a5,24(sp)
    5516:	842a                	mv	s0,a0
    5518:	48078063          	beqz	a5,5998 <_Z24MC_PULL_calibration_bootv+0x7ec>
    551c:	0b400713          	li	a4,180
    5520:	16800693          	li	a3,360
    5524:	4641                	li	a2,16
    5526:	45c1                	li	a1,16
    5528:	4501                	li	a0,0
    552a:	42049163          	bnez	s1,594c <_Z24MC_PULL_calibration_bootv+0x7a0>
    552e:	f53fc0ef          	jal	ra,2480 <_ZL14show_diag_stephhhii>
    5532:	0dc00713          	li	a4,220
    5536:	1cc00693          	li	a3,460
    553a:	4641                	li	a2,16
    553c:	4581                	li	a1,0
    553e:	4541                	li	a0,16
    5540:	f41fc0ef          	jal	ra,2480 <_ZL14show_diag_stephhhii>
    5544:	cc02                	sw	zero,24(sp)
    5546:	a939                	j	5964 <_Z24MC_PULL_calibration_bootv+0x7b8>
    5548:	04a15703          	lhu	a4,74(sp)
    554c:	03000793          	li	a5,48
    5550:	c8f71ee3          	bne	a4,a5,51ec <_Z24MC_PULL_calibration_bootv+0x40>
    5554:	4641                	li	a2,16
    5556:	190c                	addi	a1,sp,176
    5558:	0908                	addi	a0,sp,144
    555a:	ba7fa0ef          	jal	ra,100 <memcpy>
    555e:	4641                	li	a2,16
    5560:	018c                	addi	a1,sp,192
    5562:	1888                	addi	a0,sp,112
    5564:	b9dfa0ef          	jal	ra,100 <memcpy>
    5568:	4641                	li	a2,16
    556a:	098c                	addi	a1,sp,208
    556c:	1088                	addi	a0,sp,96
    556e:	b93fa0ef          	jal	ra,100 <memcpy>
    5572:	4646                	lw	a2,80(sp)
    5574:	4585                	li	a1,1
    5576:	4691                	li	a3,4
    5578:	008597b3          	sll	a5,a1,s0
    557c:	8ff1                	and	a5,a5,a2
    557e:	4705                	li	a4,1
    5580:	c391                	beqz	a5,5584 <_Z24MC_PULL_calibration_bootv+0x3d8>
    5582:	577d                	li	a4,-1
    5584:	00fc                	addi	a5,sp,76
    5586:	97a2                	add	a5,a5,s0
    5588:	a398                	sb	a4,0(a5)
    558a:	0405                	addi	s0,s0,1
    558c:	fed416e3          	bne	s0,a3,5578 <_Z24MC_PULL_calibration_bootv+0x3cc>
    5590:	20002537          	lui	a0,0x20002
    5594:	4641                	li	a2,16
    5596:	090c                	addi	a1,sp,144
    5598:	22050513          	addi	a0,a0,544 # 20002220 <MC_PULL_V_OFFSET>
    559c:	b65fa0ef          	jal	ra,100 <memcpy>
    55a0:	20000537          	lui	a0,0x20000
    55a4:	4641                	li	a2,16
    55a6:	188c                	addi	a1,sp,112
    55a8:	18050513          	addi	a0,a0,384 # 20000180 <MC_PULL_V_MIN>
    55ac:	b55fa0ef          	jal	ra,100 <memcpy>
    55b0:	20000537          	lui	a0,0x20000
    55b4:	4641                	li	a2,16
    55b6:	108c                	addi	a1,sp,96
    55b8:	17050513          	addi	a0,a0,368 # 20000170 <MC_PULL_V_MAX>
    55bc:	b45fa0ef          	jal	ra,100 <memcpy>
    55c0:	4781                	li	a5,0
    55c2:	82418713          	addi	a4,gp,-2012 # 200001b4 <MC_PULL_POLARITY>
    55c6:	4611                	li	a2,4
    55c8:	00f4                	addi	a3,sp,76
    55ca:	96be                	add	a3,a3,a5
    55cc:	00068583          	lb	a1,0(a3) # 8000 <main+0x1a52>
    55d0:	4685                	li	a3,1
    55d2:	0005d363          	bgez	a1,55d8 <_Z24MC_PULL_calibration_bootv+0x42c>
    55d6:	56fd                	li	a3,-1
    55d8:	00f705b3          	add	a1,a4,a5
    55dc:	a194                	sb	a3,0(a1)
    55de:	0785                	addi	a5,a5,1
    55e0:	fec794e3          	bne	a5,a2,55c8 <_Z24MC_PULL_calibration_bootv+0x41c>
    55e4:	612d                	addi	sp,sp,224
    55e6:	b7dfa06f          	j	162 <__riscv_restore_12>
    55ea:	014b2503          	lw	a0,20(s6)
    55ee:	b179                	j	527c <_Z24MC_PULL_calibration_bootv+0xd0>
    55f0:	00cb2503          	lw	a0,12(s6)
    55f4:	b161                	j	527c <_Z24MC_PULL_calibration_bootv+0xd0>
    55f6:	004b2503          	lw	a0,4(s6)
    55fa:	b149                	j	527c <_Z24MC_PULL_calibration_bootv+0xd0>
    55fc:	109c                	addi	a5,sp,96
    55fe:	97da                	add	a5,a5,s6
    5600:	438c                	lw	a1,0(a5)
    5602:	4532                	lw	a0,12(sp)
    5604:	5a2050ef          	jal	ra,aba6 <__subsf3>
    5608:	4642                	lw	a2,16(sp)
    560a:	46d2                	lw	a3,20(sp)
    560c:	c088                	sw	a0,0(s1)
    560e:	0049a583          	lw	a1,4(s3)
    5612:	0009a503          	lw	a0,0(s3)
    5616:	01540023          	sb	s5,0(s0)
    561a:	524040ef          	jal	ra,9b3e <__divdf3>
    561e:	523050ef          	jal	ra,b340 <__truncdfsf2>
    5622:	e5bfa0ef          	jal	ra,47c <_ZL22dm_key_v_to_centi_ceilf>
    5626:	00a50793          	addi	a5,a0,10
    562a:	0ff7f513          	zext.b	a0,a5
    562e:	0ff7f793          	zext.b	a5,a5
    5632:	00fc7463          	bgeu	s8,a5,563a <_Z24MC_PULL_calibration_bootv+0x48e>
    5636:	08b00513          	li	a0,139
    563a:	0ff57793          	zext.b	a5,a0
    563e:	0197f463          	bgeu	a5,s9,5646 <_Z24MC_PULL_calibration_bootv+0x49a>
    5642:	03c00513          	li	a0,60
    5646:	26b050ef          	jal	ra,b0b0 <__floatunsisf>
    564a:	5592                	lw	a1,36(sp)
    564c:	27e050ef          	jal	ra,a8ca <__mulsf3>
    5650:	bb89                	j	53a2 <_Z24MC_PULL_calibration_bootv+0x1f6>
    5652:	002a1793          	slli	a5,s4,0x2
    5656:	0898                	addi	a4,sp,80
    5658:	97ba                	add	a5,a5,a4
    565a:	4380                	lw	s0,0(a5)
    565c:	e000f7b7          	lui	a5,0xe000f
    5660:	479c                	lw	a5,8(a5)
    5662:	80000c37          	lui	s8,0x80000
    5666:	4b81                	li	s7,0
    5668:	d63e                	sw	a5,44(sp)
    566a:	8922                	mv	s2,s0
    566c:	89a2                	mv	s3,s0
    566e:	4c81                	li	s9,0
    5670:	1c7d                	addi	s8,s8,-1 # 7fffffff <__freertos_irq_stack_top+0x5fffafff>
    5672:	e000f7b7          	lui	a5,0xe000f
    5676:	0087aa83          	lw	s5,8(a5) # e000f008 <__freertos_irq_stack_top+0xc000a008>
    567a:	57b2                	lw	a5,44(sp)
    567c:	5712                	lw	a4,36(sp)
    567e:	40fa87b3          	sub	a5,s5,a5
    5682:	da3e                	sw	a5,52(sp)
    5684:	18e7f263          	bgeu	a5,a4,5808 <_Z24MC_PULL_calibration_bootv+0x65c>
    5688:	d03fa0ef          	jal	ra,38a <_Z17ADC_DMA_get_valuev>
    568c:	85aa                	mv	a1,a0
    568e:	8552                	mv	a0,s4
    5690:	dcffa0ef          	jal	ra,45e <_ZL15adc_pull_raw_chiPKf>
    5694:	5782                	lw	a5,32(sp)
    5696:	438c                	lw	a1,0(a5)
    5698:	255040ef          	jal	ra,a0ec <__addsf3>
    569c:	4722                	lw	a4,8(sp)
    569e:	57d2                	lw	a5,52(sp)
    56a0:	84aa                	mv	s1,a0
    56a2:	46c1                	li	a3,16
    56a4:	02e7d7b3          	divu	a5,a5,a4
    56a8:	0c800713          	li	a4,200
    56ac:	02e7d7b3          	divu	a5,a5,a4
    56b0:	8b85                	andi	a5,a5,1
    56b2:	c391                	beqz	a5,56b6 <_Z24MC_PULL_calibration_bootv+0x50a>
    56b4:	4681                	li	a3,0
    56b6:	4502                	lw	a0,0(sp)
    56b8:	4601                	li	a2,0
    56ba:	4581                	li	a1,0
    56bc:	da1fc0ef          	jal	ra,245c <_ZN12WS2812_class14set_RGB_onlineEhhhhb.constprop.0>
    56c0:	9ccfc0ef          	jal	ra,188c <_Z10RGB_updatev>
    56c4:	020c9263          	bnez	s9,56e8 <_Z24MC_PULL_calibration_bootv+0x53c>
    56c8:	85a2                	mv	a1,s0
    56ca:	8526                	mv	a0,s1
    56cc:	4da050ef          	jal	ra,aba6 <__subsf3>
    56d0:	8781a583          	lw	a1,-1928(gp) # 20000208 <_ZL7g_scale+0x48>
    56d4:	00ac7533          	and	a0,s8,a0
    56d8:	0c4050ef          	jal	ra,a79c <__gesf2>
    56dc:	12055063          	bgez	a0,57fc <_Z24MC_PULL_calibration_bootv+0x650>
    56e0:	453d                	li	a0,15
    56e2:	af7fb0ef          	jal	ra,11d8 <delay.part.0>
    56e6:	b771                	j	5672 <_Z24MC_PULL_calibration_bootv+0x4c6>
    56e8:	85a6                	mv	a1,s1
    56ea:	854e                	mv	a0,s3
    56ec:	0b0050ef          	jal	ra,a79c <__gesf2>
    56f0:	00a05363          	blez	a0,56f6 <_Z24MC_PULL_calibration_bootv+0x54a>
    56f4:	89a6                	mv	s3,s1
    56f6:	85a6                	mv	a1,s1
    56f8:	854a                	mv	a0,s2
    56fa:	138050ef          	jal	ra,a832 <__lesf2>
    56fe:	00055363          	bgez	a0,5704 <_Z24MC_PULL_calibration_bootv+0x558>
    5702:	8926                	mv	s2,s1
    5704:	85a2                	mv	a1,s0
    5706:	8526                	mv	a0,s1
    5708:	49e050ef          	jal	ra,aba6 <__subsf3>
    570c:	9a41a583          	lw	a1,-1628(gp) # 20000334 <_ZL7g_scale+0x174>
    5710:	00ac7533          	and	a0,s8,a0
    5714:	11e050ef          	jal	ra,a832 <__lesf2>
    5718:	0ea04663          	bgtz	a0,5804 <_Z24MC_PULL_calibration_bootv+0x658>
    571c:	000b9363          	bnez	s7,5722 <_Z24MC_PULL_calibration_bootv+0x576>
    5720:	8bd6                	mv	s7,s5
    5722:	57a2                	lw	a5,40(sp)
    5724:	417a8ab3          	sub	s5,s5,s7
    5728:	fafaece3          	bltu	s5,a5,56e0 <_Z24MC_PULL_calibration_bootv+0x534>
    572c:	85ce                	mv	a1,s3
    572e:	8522                	mv	a0,s0
    5730:	476050ef          	jal	ra,aba6 <__subsf3>
    5734:	84aa                	mv	s1,a0
    5736:	85a2                	mv	a1,s0
    5738:	854a                	mv	a0,s2
    573a:	46c050ef          	jal	ra,aba6 <__subsf3>
    573e:	85aa                	mv	a1,a0
    5740:	8526                	mv	a0,s1
    5742:	0f0050ef          	jal	ra,a832 <__lesf2>
    5746:	4a85                	li	s5,1
    5748:	00055963          	bgez	a0,575a <_Z24MC_PULL_calibration_bootv+0x5ae>
    574c:	8841a503          	lw	a0,-1916(gp) # 20000214 <_ZL7g_scale+0x54>
    5750:	85ca                	mv	a1,s2
    5752:	5afd                	li	s5,-1
    5754:	452050ef          	jal	ra,aba6 <__subsf3>
    5758:	89aa                	mv	s3,a0
    575a:	4502                	lw	a0,0(sp)
    575c:	4681                	li	a3,0
    575e:	4601                	li	a2,0
    5760:	4581                	li	a1,0
    5762:	cfbfc0ef          	jal	ra,245c <_ZN12WS2812_class14set_RGB_onlineEhhhhb.constprop.0>
    5766:	926fc0ef          	jal	ra,188c <_Z10RGB_updatev>
    576a:	8552                	mv	a0,s4
    576c:	cc2ff0ef          	jal	ra,4c2e <_ZL9blink_oneihhhiii.constprop.0>
    5770:	e000f7b7          	lui	a5,0xe000f
    5774:	479c                	lw	a5,8(a5)
    5776:	4c01                	li	s8,0
    5778:	84a2                	mv	s1,s0
    577a:	d63e                	sw	a5,44(sp)
    577c:	800007b7          	lui	a5,0x80000
    5780:	17fd                	addi	a5,a5,-1 # 7fffffff <__freertos_irq_stack_top+0x5fffafff>
    5782:	4c81                	li	s9,0
    5784:	da3e                	sw	a5,52(sp)
    5786:	e000f7b7          	lui	a5,0xe000f
    578a:	0087ab83          	lw	s7,8(a5) # e000f008 <__freertos_irq_stack_top+0xc000a008>
    578e:	57b2                	lw	a5,44(sp)
    5790:	5712                	lw	a4,36(sp)
    5792:	40fb87b3          	sub	a5,s7,a5
    5796:	de3e                	sw	a5,60(sp)
    5798:	1ae7f063          	bgeu	a5,a4,5938 <_Z24MC_PULL_calibration_bootv+0x78c>
    579c:	beffa0ef          	jal	ra,38a <_Z17ADC_DMA_get_valuev>
    57a0:	85aa                	mv	a1,a0
    57a2:	8552                	mv	a0,s4
    57a4:	cbbfa0ef          	jal	ra,45e <_ZL15adc_pull_raw_chiPKf>
    57a8:	5782                	lw	a5,32(sp)
    57aa:	438c                	lw	a1,0(a5)
    57ac:	141040ef          	jal	ra,a0ec <__addsf3>
    57b0:	4722                	lw	a4,8(sp)
    57b2:	57f2                	lw	a5,60(sp)
    57b4:	892a                	mv	s2,a0
    57b6:	4681                	li	a3,0
    57b8:	02e7d7b3          	divu	a5,a5,a4
    57bc:	0c800713          	li	a4,200
    57c0:	4601                	li	a2,0
    57c2:	45c1                	li	a1,16
    57c4:	02e7d7b3          	divu	a5,a5,a4
    57c8:	8b85                	andi	a5,a5,1
    57ca:	c391                	beqz	a5,57ce <_Z24MC_PULL_calibration_bootv+0x622>
    57cc:	4581                	li	a1,0
    57ce:	4502                	lw	a0,0(sp)
    57d0:	c8dfc0ef          	jal	ra,245c <_ZN12WS2812_class14set_RGB_onlineEhhhhb.constprop.0>
    57d4:	8b8fc0ef          	jal	ra,188c <_Z10RGB_updatev>
    57d8:	57fd                	li	a5,-1
    57da:	060c9063          	bnez	s9,583a <_Z24MC_PULL_calibration_bootv+0x68e>
    57de:	04fa9063          	bne	s5,a5,581e <_Z24MC_PULL_calibration_bootv+0x672>
    57e2:	8781a583          	lw	a1,-1928(gp) # 20000208 <_ZL7g_scale+0x48>
    57e6:	8522                	mv	a0,s0
    57e8:	3be050ef          	jal	ra,aba6 <__subsf3>
    57ec:	85ca                	mv	a1,s2
    57ee:	7af040ef          	jal	ra,a79c <__gesf2>
    57f2:	04a05063          	blez	a0,5832 <_Z24MC_PULL_calibration_bootv+0x686>
    57f6:	4cb2                	lw	s9,12(sp)
    57f8:	84ca                	mv	s1,s2
    57fa:	a825                	j	5832 <_Z24MC_PULL_calibration_bootv+0x686>
    57fc:	4cb2                	lw	s9,12(sp)
    57fe:	8926                	mv	s2,s1
    5800:	89a6                	mv	s3,s1
    5802:	bdf9                	j	56e0 <_Z24MC_PULL_calibration_bootv+0x534>
    5804:	4b81                	li	s7,0
    5806:	bde9                	j	56e0 <_Z24MC_PULL_calibration_bootv+0x534>
    5808:	4502                	lw	a0,0(sp)
    580a:	4681                	li	a3,0
    580c:	4601                	li	a2,0
    580e:	4581                	li	a1,0
    5810:	c4dfc0ef          	jal	ra,245c <_ZN12WS2812_class14set_RGB_onlineEhhhhb.constprop.0>
    5814:	89a2                	mv	s3,s0
    5816:	876fc0ef          	jal	ra,188c <_Z10RGB_updatev>
    581a:	4a85                	li	s5,1
    581c:	bf91                	j	5770 <_Z24MC_PULL_calibration_bootv+0x5c4>
    581e:	8781a583          	lw	a1,-1928(gp) # 20000208 <_ZL7g_scale+0x48>
    5822:	8522                	mv	a0,s0
    5824:	0c9040ef          	jal	ra,a0ec <__addsf3>
    5828:	85ca                	mv	a1,s2
    582a:	008050ef          	jal	ra,a832 <__lesf2>
    582e:	fc0544e3          	bltz	a0,57f6 <_Z24MC_PULL_calibration_bootv+0x64a>
    5832:	453d                	li	a0,15
    5834:	9a5fb0ef          	jal	ra,11d8 <delay.part.0>
    5838:	b7b9                	j	5786 <_Z24MC_PULL_calibration_bootv+0x5da>
    583a:	85ca                	mv	a1,s2
    583c:	8526                	mv	a0,s1
    583e:	00fa9863          	bne	s5,a5,584e <_Z24MC_PULL_calibration_bootv+0x6a2>
    5842:	75b040ef          	jal	ra,a79c <__gesf2>
    5846:	00a05863          	blez	a0,5856 <_Z24MC_PULL_calibration_bootv+0x6aa>
    584a:	84ca                	mv	s1,s2
    584c:	a029                	j	5856 <_Z24MC_PULL_calibration_bootv+0x6aa>
    584e:	7e5040ef          	jal	ra,a832 <__lesf2>
    5852:	fe054ce3          	bltz	a0,584a <_Z24MC_PULL_calibration_bootv+0x69e>
    5856:	85a2                	mv	a1,s0
    5858:	854a                	mv	a0,s2
    585a:	34c050ef          	jal	ra,aba6 <__subsf3>
    585e:	9a41a583          	lw	a1,-1628(gp) # 20000334 <_ZL7g_scale+0x174>
    5862:	57d2                	lw	a5,52(sp)
    5864:	8d7d                	and	a0,a0,a5
    5866:	7cd040ef          	jal	ra,a832 <__lesf2>
    586a:	0ca04563          	bgtz	a0,5934 <_Z24MC_PULL_calibration_bootv+0x788>
    586e:	000c1363          	bnez	s8,5874 <_Z24MC_PULL_calibration_bootv+0x6c8>
    5872:	8c5e                	mv	s8,s7
    5874:	57a2                	lw	a5,40(sp)
    5876:	418b8bb3          	sub	s7,s7,s8
    587a:	fafbece3          	bltu	s7,a5,5832 <_Z24MC_PULL_calibration_bootv+0x686>
    587e:	57fd                	li	a5,-1
    5880:	00fa9863          	bne	s5,a5,5890 <_Z24MC_PULL_calibration_bootv+0x6e4>
    5884:	8841a503          	lw	a0,-1916(gp) # 20000214 <_ZL7g_scale+0x54>
    5888:	85a6                	mv	a1,s1
    588a:	31c050ef          	jal	ra,aba6 <__subsf3>
    588e:	84aa                	mv	s1,a0
    5890:	4502                	lw	a0,0(sp)
    5892:	4681                	li	a3,0
    5894:	4601                	li	a2,0
    5896:	4581                	li	a1,0
    5898:	bc5fc0ef          	jal	ra,245c <_ZN12WS2812_class14set_RGB_onlineEhhhhb.constprop.0>
    589c:	ff1fb0ef          	jal	ra,188c <_Z10RGB_updatev>
    58a0:	8552                	mv	a0,s4
    58a2:	b8cff0ef          	jal	ra,4c2e <_ZL9blink_oneihhhiii.constprop.0>
    58a6:	8701a583          	lw	a1,-1936(gp) # 20000200 <_ZL7g_scale+0x40>
    58aa:	8522                	mv	a0,s0
    58ac:	2fa050ef          	jal	ra,aba6 <__subsf3>
    58b0:	85ce                	mv	a1,s3
    58b2:	892a                	mv	s2,a0
    58b4:	77f040ef          	jal	ra,a832 <__lesf2>
    58b8:	00054363          	bltz	a0,58be <_Z24MC_PULL_calibration_bootv+0x712>
    58bc:	894e                	mv	s2,s3
    58be:	8701a583          	lw	a1,-1936(gp) # 20000200 <_ZL7g_scale+0x40>
    58c2:	8522                	mv	a0,s0
    58c4:	029040ef          	jal	ra,a0ec <__addsf3>
    58c8:	85a6                	mv	a1,s1
    58ca:	89aa                	mv	s3,a0
    58cc:	6d1040ef          	jal	ra,a79c <__gesf2>
    58d0:	00a04363          	bgtz	a0,58d6 <_Z24MC_PULL_calibration_bootv+0x72a>
    58d4:	89a6                	mv	s3,s1
    58d6:	8781a583          	lw	a1,-1928(gp) # 20000208 <_ZL7g_scale+0x48>
    58da:	854a                	mv	a0,s2
    58dc:	011040ef          	jal	ra,a0ec <__addsf3>
    58e0:	85ce                	mv	a1,s3
    58e2:	6bb040ef          	jal	ra,a79c <__gesf2>
    58e6:	00054e63          	bltz	a0,5902 <_Z24MC_PULL_calibration_bootv+0x756>
    58ea:	8781a583          	lw	a1,-1928(gp) # 20000208 <_ZL7g_scale+0x48>
    58ee:	8522                	mv	a0,s0
    58f0:	2b6050ef          	jal	ra,aba6 <__subsf3>
    58f4:	8781a583          	lw	a1,-1928(gp) # 20000208 <_ZL7g_scale+0x48>
    58f8:	892a                	mv	s2,a0
    58fa:	8522                	mv	a0,s0
    58fc:	7f0040ef          	jal	ra,a0ec <__addsf3>
    5900:	89aa                	mv	s3,a0
    5902:	47c2                	lw	a5,16(sp)
    5904:	012da023          	sw	s2,0(s11)
    5908:	0137a023          	sw	s3,0(a5)
    590c:	57fd                	li	a5,-1
    590e:	00fa8363          	beq	s5,a5,5914 <_Z24MC_PULL_calibration_bootv+0x768>
    5912:	4a85                	li	s5,1
    5914:	47f2                	lw	a5,28(sp)
    5916:	4502                	lw	a0,0(sp)
    5918:	4681                	li	a3,0
    591a:	01578023          	sb	s5,0(a5)
    591e:	4601                	li	a2,0
    5920:	4581                	li	a1,0
    5922:	b3bfc0ef          	jal	ra,245c <_ZN12WS2812_class14set_RGB_onlineEhhhhb.constprop.0>
    5926:	f67fb0ef          	jal	ra,188c <_Z10RGB_updatev>
    592a:	05000513          	li	a0,80
    592e:	8abfb0ef          	jal	ra,11d8 <delay.part.0>
    5932:	b62d                	j	545c <_Z24MC_PULL_calibration_bootv+0x2b0>
    5934:	4c01                	li	s8,0
    5936:	bdf5                	j	5832 <_Z24MC_PULL_calibration_bootv+0x686>
    5938:	4502                	lw	a0,0(sp)
    593a:	4681                	li	a3,0
    593c:	4601                	li	a2,0
    593e:	4581                	li	a1,0
    5940:	b1dfc0ef          	jal	ra,245c <_ZN12WS2812_class14set_RGB_onlineEhhhhb.constprop.0>
    5944:	84a2                	mv	s1,s0
    5946:	f47fb0ef          	jal	ra,188c <_Z10RGB_updatev>
    594a:	bfb1                	j	58a6 <_Z24MC_PULL_calibration_bootv+0x6fa>
    594c:	b35fc0ef          	jal	ra,2480 <_ZL14show_diag_stephhhii>
    5950:	cc22                	sw	s0,24(sp)
    5952:	0b400713          	li	a4,180
    5956:	16800693          	li	a3,360
    595a:	4601                	li	a2,0
    595c:	45c1                	li	a1,16
    595e:	4541                	li	a0,16
    5960:	b21fc0ef          	jal	ra,2480 <_ZL14show_diag_stephhhii>
    5964:	c431                	beqz	s0,59b0 <_Z24MC_PULL_calibration_bootv+0x804>
    5966:	0b400713          	li	a4,180
    596a:	16800693          	li	a3,360
    596e:	4641                	li	a2,16
    5970:	4581                	li	a1,0
    5972:	4501                	li	a0,0
    5974:	b0dfc0ef          	jal	ra,2480 <_ZL14show_diag_stephhhii>
    5978:	47e2                	lw	a5,24(sp)
    597a:	c3b9                	beqz	a5,59c0 <_Z24MC_PULL_calibration_bootv+0x814>
    597c:	0dc00713          	li	a4,220
    5980:	0dc00693          	li	a3,220
    5984:	4609                	li	a2,2
    5986:	45c1                	li	a1,16
    5988:	4501                	li	a0,0
    598a:	a3eff0ef          	jal	ra,4bc8 <_ZL9blink_allhhhiii.constprop.0>
    598e:	0c800513          	li	a0,200
    5992:	847fb0ef          	jal	ra,11d8 <delay.part.0>
    5996:	b1b9                	j	55e4 <_Z24MC_PULL_calibration_bootv+0x438>
    5998:	0dc00713          	li	a4,220
    599c:	1cc00693          	li	a3,460
    59a0:	4601                	li	a2,0
    59a2:	4581                	li	a1,0
    59a4:	4541                	li	a0,16
    59a6:	adbfc0ef          	jal	ra,2480 <_ZL14show_diag_stephhhii>
    59aa:	b80484e3          	beqz	s1,5532 <_Z24MC_PULL_calibration_bootv+0x386>
    59ae:	b755                	j	5952 <_Z24MC_PULL_calibration_bootv+0x7a6>
    59b0:	0dc00713          	li	a4,220
    59b4:	1cc00693          	li	a3,460
    59b8:	4641                	li	a2,16
    59ba:	45c1                	li	a1,16
    59bc:	4541                	li	a0,16
    59be:	bf5d                	j	5974 <_Z24MC_PULL_calibration_bootv+0x7c8>
    59c0:	10400713          	li	a4,260
    59c4:	10400693          	li	a3,260
    59c8:	4609                	li	a2,2
    59ca:	4581                	li	a1,0
    59cc:	4541                	li	a0,16
    59ce:	bf75                	j	598a <_Z24MC_PULL_calibration_bootv+0x7de>

000059d0 <_ZN20AS5600_soft_IIC_many12sda_mode_ipuEi.constprop.0>:
    59d0:	f86fa2ef          	jal	t0,156 <__riscv_save_0>
    59d4:	200027b7          	lui	a5,0x20002
    59d8:	cc878793          	addi	a5,a5,-824 # 20001cc8 <MC_AS5600>
    59dc:	5ff8                	lw	a4,124(a5)
    59de:	0847a783          	lw	a5,132(a5)
    59e2:	00251693          	slli	a3,a0,0x2
    59e6:	0506                	slli	a0,a0,0x1
    59e8:	9736                	add	a4,a4,a3
    59ea:	97aa                	add	a5,a5,a0
    59ec:	4300                	lw	s0,0(a4)
    59ee:	238a                	lhu	a0,0(a5)
    59f0:	c808                	sw	a0,16(s0)
    59f2:	658030ef          	jal	ra,904a <__ctzsi2>
    59f6:	479d                	li	a5,7
    59f8:	86a2                	mv	a3,s0
    59fa:	00a7d463          	bge	a5,a0,5a02 <_ZN20AS5600_soft_IIC_many12sda_mode_ipuEi.constprop.0+0x32>
    59fe:	00440693          	addi	a3,s0,4
    5a02:	891d                	andi	a0,a0,7
    5a04:	4298                	lw	a4,0(a3)
    5a06:	050a                	slli	a0,a0,0x2
    5a08:	47bd                	li	a5,15
    5a0a:	00a797b3          	sll	a5,a5,a0
    5a0e:	fff7c793          	not	a5,a5
    5a12:	8ff9                	and	a5,a5,a4
    5a14:	4721                	li	a4,8
    5a16:	00a71733          	sll	a4,a4,a0
    5a1a:	8fd9                	or	a5,a5,a4
    5a1c:	c29c                	sw	a5,0(a3)
    5a1e:	f5cfa06f          	j	17a <__riscv_restore_0>

00005a22 <_ZN20AS5600_soft_IIC_many11sda_mode_odEi.constprop.0>:
    5a22:	f34fa2ef          	jal	t0,156 <__riscv_save_0>
    5a26:	200027b7          	lui	a5,0x20002
    5a2a:	cc878793          	addi	a5,a5,-824 # 20001cc8 <MC_AS5600>
    5a2e:	5ff8                	lw	a4,124(a5)
    5a30:	0847a783          	lw	a5,132(a5)
    5a34:	00251693          	slli	a3,a0,0x2
    5a38:	0506                	slli	a0,a0,0x1
    5a3a:	97aa                	add	a5,a5,a0
    5a3c:	2386                	lhu	s1,0(a5)
    5a3e:	9736                	add	a4,a4,a3
    5a40:	4300                	lw	s0,0(a4)
    5a42:	8526                	mv	a0,s1
    5a44:	606030ef          	jal	ra,904a <__ctzsi2>
    5a48:	479d                	li	a5,7
    5a4a:	86a2                	mv	a3,s0
    5a4c:	00a7d463          	bge	a5,a0,5a54 <_ZN20AS5600_soft_IIC_many11sda_mode_odEi.constprop.0+0x32>
    5a50:	00440693          	addi	a3,s0,4
    5a54:	891d                	andi	a0,a0,7
    5a56:	4298                	lw	a4,0(a3)
    5a58:	050a                	slli	a0,a0,0x2
    5a5a:	47bd                	li	a5,15
    5a5c:	00a797b3          	sll	a5,a5,a0
    5a60:	fff7c793          	not	a5,a5
    5a64:	8ff9                	and	a5,a5,a4
    5a66:	471d                	li	a4,7
    5a68:	00a71733          	sll	a4,a4,a0
    5a6c:	8fd9                	or	a5,a5,a4
    5a6e:	c29c                	sw	a5,0(a3)
    5a70:	c804                	sw	s1,16(s0)
    5a72:	f08fa06f          	j	17a <__riscv_restore_0>

00005a76 <_ZN20AS5600_soft_IIC_many8read_iicEb.constprop.0>:
    5a76:	ec6fa2ef          	jal	t0,13c <__riscv_save_4>
    5a7a:	20002437          	lui	s0,0x20002
    5a7e:	89aa                	mv	s3,a0
    5a80:	4481                	li	s1,0
    5a82:	cc840413          	addi	s0,s0,-824 # 20001cc8 <MC_AS5600>
    5a86:	481c                	lw	a5,16(s0)
    5a88:	06f4c363          	blt	s1,a5,5aee <_ZN20AS5600_soft_IIC_many8read_iicEb.constprop.0+0x78>
    5a8c:	4a21                	li	s4,8
    5a8e:	200004b7          	lui	s1,0x20000
    5a92:	e000f937          	lui	s2,0xe000f
    5a96:	1944a703          	lw	a4,404(s1) # 20000194 <_ZL17g_iic_delay_ticks>
    5a9a:	e72d                	bnez	a4,5b04 <_ZN20AS5600_soft_IIC_many8read_iicEb.constprop.0+0x8e>
    5a9c:	08842583          	lw	a1,136(s0)
    5aa0:	08042503          	lw	a0,128(s0)
    5aa4:	a10fc0ef          	jal	ra,1cb4 <_ZN20AS5600_soft_IIC_many5set_hEPKP12GPIO_TypeDefPKt.constprop.0>
    5aa8:	1944a703          	lw	a4,404(s1)
    5aac:	e72d                	bnez	a4,5b16 <_ZN20AS5600_soft_IIC_many8read_iicEb.constprop.0+0xa0>
    5aae:	480c                	lw	a1,16(s0)
    5ab0:	5c68                	lw	a0,124(s0)
    5ab2:	08442803          	lw	a6,132(s0)
    5ab6:	4454                	lw	a3,12(s0)
    5ab8:	4701                	li	a4,0
    5aba:	06b74763          	blt	a4,a1,5b28 <_ZN20AS5600_soft_IIC_many8read_iicEb.constprop.0+0xb2>
    5abe:	08842583          	lw	a1,136(s0)
    5ac2:	08042503          	lw	a0,128(s0)
    5ac6:	1a7d                	addi	s4,s4,-1
    5ac8:	a26fc0ef          	jal	ra,1cee <_ZN20AS5600_soft_IIC_many5set_lEPKP12GPIO_TypeDefPKt.constprop.0>
    5acc:	fc0a15e3          	bnez	s4,5a96 <_ZN20AS5600_soft_IIC_many8read_iicEb.constprop.0+0x20>
    5ad0:	4901                	li	s2,0
    5ad2:	481c                	lw	a5,16(s0)
    5ad4:	08f94263          	blt	s2,a5,5b58 <_ZN20AS5600_soft_IIC_many8read_iicEb.constprop.0+0xe2>
    5ad8:	1944a703          	lw	a4,404(s1)
    5adc:	e359                	bnez	a4,5b62 <_ZN20AS5600_soft_IIC_many8read_iicEb.constprop.0+0xec>
    5ade:	5c68                	lw	a0,124(s0)
    5ae0:	08442583          	lw	a1,132(s0)
    5ae4:	08099a63          	bnez	s3,5b78 <_ZN20AS5600_soft_IIC_many8read_iicEb.constprop.0+0x102>
    5ae8:	9ccfc0ef          	jal	ra,1cb4 <_ZN20AS5600_soft_IIC_many5set_hEPKP12GPIO_TypeDefPKt.constprop.0>
    5aec:	a841                	j	5b7c <_ZN20AS5600_soft_IIC_many8read_iicEb.constprop.0+0x106>
    5aee:	5c3c                	lw	a5,120(s0)
    5af0:	00249713          	slli	a4,s1,0x2
    5af4:	97ba                	add	a5,a5,a4
    5af6:	439c                	lw	a5,0(a5)
    5af8:	e781                	bnez	a5,5b00 <_ZN20AS5600_soft_IIC_many8read_iicEb.constprop.0+0x8a>
    5afa:	8526                	mv	a0,s1
    5afc:	ed5ff0ef          	jal	ra,59d0 <_ZN20AS5600_soft_IIC_many12sda_mode_ipuEi.constprop.0>
    5b00:	0485                	addi	s1,s1,1
    5b02:	b751                	j	5a86 <_ZN20AS5600_soft_IIC_many8read_iicEb.constprop.0+0x10>
    5b04:	00892683          	lw	a3,8(s2) # e000f008 <__freertos_irq_stack_top+0xc000a008>
    5b08:	00892783          	lw	a5,8(s2)
    5b0c:	8f95                	sub	a5,a5,a3
    5b0e:	f8e7f7e3          	bgeu	a5,a4,5a9c <_ZN20AS5600_soft_IIC_many8read_iicEb.constprop.0+0x26>
    5b12:	0001                	nop
    5b14:	bfd5                	j	5b08 <_ZN20AS5600_soft_IIC_many8read_iicEb.constprop.0+0x92>
    5b16:	00892683          	lw	a3,8(s2)
    5b1a:	00892783          	lw	a5,8(s2)
    5b1e:	8f95                	sub	a5,a5,a3
    5b20:	f8e7f7e3          	bgeu	a5,a4,5aae <_ZN20AS5600_soft_IIC_many8read_iicEb.constprop.0+0x38>
    5b24:	0001                	nop
    5b26:	bfd5                	j	5b1a <_ZN20AS5600_soft_IIC_many8read_iicEb.constprop.0+0xa4>
    5b28:	229e                	lhu	a5,0(a3)
    5b2a:	00271613          	slli	a2,a4,0x2
    5b2e:	962a                	add	a2,a2,a0
    5b30:	4210                	lw	a2,0(a2)
    5b32:	0786                	slli	a5,a5,0x1
    5b34:	07c2                	slli	a5,a5,0x10
    5b36:	00862883          	lw	a7,8(a2)
    5b3a:	83c1                	srli	a5,a5,0x10
    5b3c:	00171613          	slli	a2,a4,0x1
    5b40:	a29e                	sh	a5,0(a3)
    5b42:	9642                	add	a2,a2,a6
    5b44:	2212                	lhu	a2,0(a2)
    5b46:	01167633          	and	a2,a2,a7
    5b4a:	c601                	beqz	a2,5b52 <_ZN20AS5600_soft_IIC_many8read_iicEb.constprop.0+0xdc>
    5b4c:	0017e793          	ori	a5,a5,1
    5b50:	a29e                	sh	a5,0(a3)
    5b52:	0705                	addi	a4,a4,1
    5b54:	0689                	addi	a3,a3,2
    5b56:	b795                	j	5aba <_ZN20AS5600_soft_IIC_many8read_iicEb.constprop.0+0x44>
    5b58:	854a                	mv	a0,s2
    5b5a:	ec9ff0ef          	jal	ra,5a22 <_ZN20AS5600_soft_IIC_many11sda_mode_odEi.constprop.0>
    5b5e:	0905                	addi	s2,s2,1
    5b60:	bf8d                	j	5ad2 <_ZN20AS5600_soft_IIC_many8read_iicEb.constprop.0+0x5c>
    5b62:	e000f7b7          	lui	a5,0xe000f
    5b66:	4794                	lw	a3,8(a5)
    5b68:	e000f637          	lui	a2,0xe000f
    5b6c:	461c                	lw	a5,8(a2)
    5b6e:	8f95                	sub	a5,a5,a3
    5b70:	f6e7f7e3          	bgeu	a5,a4,5ade <_ZN20AS5600_soft_IIC_many8read_iicEb.constprop.0+0x68>
    5b74:	0001                	nop
    5b76:	bfdd                	j	5b6c <_ZN20AS5600_soft_IIC_many8read_iicEb.constprop.0+0xf6>
    5b78:	976fc0ef          	jal	ra,1cee <_ZN20AS5600_soft_IIC_many5set_lEPKP12GPIO_TypeDefPKt.constprop.0>
    5b7c:	1944a703          	lw	a4,404(s1)
    5b80:	e70d                	bnez	a4,5baa <_ZN20AS5600_soft_IIC_many8read_iicEb.constprop.0+0x134>
    5b82:	08842583          	lw	a1,136(s0)
    5b86:	08042503          	lw	a0,128(s0)
    5b8a:	92afc0ef          	jal	ra,1cb4 <_ZN20AS5600_soft_IIC_many5set_hEPKP12GPIO_TypeDefPKt.constprop.0>
    5b8e:	1944a703          	lw	a4,404(s1)
    5b92:	e71d                	bnez	a4,5bc0 <_ZN20AS5600_soft_IIC_many8read_iicEb.constprop.0+0x14a>
    5b94:	08842583          	lw	a1,136(s0)
    5b98:	08042503          	lw	a0,128(s0)
    5b9c:	952fc0ef          	jal	ra,1cee <_ZN20AS5600_soft_IIC_many5set_lEPKP12GPIO_TypeDefPKt.constprop.0>
    5ba0:	1944a703          	lw	a4,404(s1)
    5ba4:	eb0d                	bnez	a4,5bd6 <_ZN20AS5600_soft_IIC_many8read_iicEb.constprop.0+0x160>
    5ba6:	dcafa06f          	j	170 <__riscv_restore_4>
    5baa:	e000f7b7          	lui	a5,0xe000f
    5bae:	4794                	lw	a3,8(a5)
    5bb0:	e000f637          	lui	a2,0xe000f
    5bb4:	461c                	lw	a5,8(a2)
    5bb6:	8f95                	sub	a5,a5,a3
    5bb8:	fce7f5e3          	bgeu	a5,a4,5b82 <_ZN20AS5600_soft_IIC_many8read_iicEb.constprop.0+0x10c>
    5bbc:	0001                	nop
    5bbe:	bfdd                	j	5bb4 <_ZN20AS5600_soft_IIC_many8read_iicEb.constprop.0+0x13e>
    5bc0:	e000f7b7          	lui	a5,0xe000f
    5bc4:	4794                	lw	a3,8(a5)
    5bc6:	e000f637          	lui	a2,0xe000f
    5bca:	461c                	lw	a5,8(a2)
    5bcc:	8f95                	sub	a5,a5,a3
    5bce:	fce7f3e3          	bgeu	a5,a4,5b94 <_ZN20AS5600_soft_IIC_many8read_iicEb.constprop.0+0x11e>
    5bd2:	0001                	nop
    5bd4:	bfdd                	j	5bca <_ZN20AS5600_soft_IIC_many8read_iicEb.constprop.0+0x154>
    5bd6:	e000f7b7          	lui	a5,0xe000f
    5bda:	4794                	lw	a3,8(a5)
    5bdc:	e000f637          	lui	a2,0xe000f
    5be0:	461c                	lw	a5,8(a2)
    5be2:	8f95                	sub	a5,a5,a3
    5be4:	fce7f1e3          	bgeu	a5,a4,5ba6 <_ZN20AS5600_soft_IIC_many8read_iicEb.constprop.0+0x130>
    5be8:	0001                	nop
    5bea:	bfdd                	j	5be0 <_ZN20AS5600_soft_IIC_many8read_iicEb.constprop.0+0x16a>

00005bec <_ZN20AS5600_soft_IIC_many9write_iicEh.constprop.0>:
    5bec:	d50fa2ef          	jal	t0,13c <__riscv_save_4>
    5bf0:	20002437          	lui	s0,0x20002
    5bf4:	8aaa                	mv	s5,a0
    5bf6:	4a21                	li	s4,8
    5bf8:	08000993          	li	s3,128
    5bfc:	200004b7          	lui	s1,0x20000
    5c00:	e000f937          	lui	s2,0xe000f
    5c04:	cc840413          	addi	s0,s0,-824 # 20001cc8 <MC_AS5600>
    5c08:	1944a703          	lw	a4,404(s1) # 20000194 <_ZL17g_iic_delay_ticks>
    5c0c:	eb11                	bnez	a4,5c20 <_ZN20AS5600_soft_IIC_many9write_iicEh.constprop.0+0x34>
    5c0e:	013af7b3          	and	a5,s5,s3
    5c12:	5c68                	lw	a0,124(s0)
    5c14:	08442583          	lw	a1,132(s0)
    5c18:	ef89                	bnez	a5,5c32 <_ZN20AS5600_soft_IIC_many9write_iicEh.constprop.0+0x46>
    5c1a:	8d4fc0ef          	jal	ra,1cee <_ZN20AS5600_soft_IIC_many5set_lEPKP12GPIO_TypeDefPKt.constprop.0>
    5c1e:	a821                	j	5c36 <_ZN20AS5600_soft_IIC_many9write_iicEh.constprop.0+0x4a>
    5c20:	00892683          	lw	a3,8(s2) # e000f008 <__freertos_irq_stack_top+0xc000a008>
    5c24:	00892783          	lw	a5,8(s2)
    5c28:	8f95                	sub	a5,a5,a3
    5c2a:	fee7f2e3          	bgeu	a5,a4,5c0e <_ZN20AS5600_soft_IIC_many9write_iicEh.constprop.0+0x22>
    5c2e:	0001                	nop
    5c30:	bfd5                	j	5c24 <_ZN20AS5600_soft_IIC_many9write_iicEh.constprop.0+0x38>
    5c32:	882fc0ef          	jal	ra,1cb4 <_ZN20AS5600_soft_IIC_many5set_hEPKP12GPIO_TypeDefPKt.constprop.0>
    5c36:	08842583          	lw	a1,136(s0)
    5c3a:	08042503          	lw	a0,128(s0)
    5c3e:	876fc0ef          	jal	ra,1cb4 <_ZN20AS5600_soft_IIC_many5set_hEPKP12GPIO_TypeDefPKt.constprop.0>
    5c42:	1944a703          	lw	a4,404(s1)
    5c46:	eb2d                	bnez	a4,5cb8 <_ZN20AS5600_soft_IIC_many9write_iicEh.constprop.0+0xcc>
    5c48:	08842583          	lw	a1,136(s0)
    5c4c:	08042503          	lw	a0,128(s0)
    5c50:	1a7d                	addi	s4,s4,-1
    5c52:	0019d993          	srli	s3,s3,0x1
    5c56:	898fc0ef          	jal	ra,1cee <_ZN20AS5600_soft_IIC_many5set_lEPKP12GPIO_TypeDefPKt.constprop.0>
    5c5a:	fa0a17e3          	bnez	s4,5c08 <_ZN20AS5600_soft_IIC_many9write_iicEh.constprop.0+0x1c>
    5c5e:	08442583          	lw	a1,132(s0)
    5c62:	5c68                	lw	a0,124(s0)
    5c64:	4901                	li	s2,0
    5c66:	84efc0ef          	jal	ra,1cb4 <_ZN20AS5600_soft_IIC_many5set_hEPKP12GPIO_TypeDefPKt.constprop.0>
    5c6a:	481c                	lw	a5,16(s0)
    5c6c:	04f94f63          	blt	s2,a5,5cca <_ZN20AS5600_soft_IIC_many9write_iicEh.constprop.0+0xde>
    5c70:	1944a703          	lw	a4,404(s1)
    5c74:	e735                	bnez	a4,5ce0 <_ZN20AS5600_soft_IIC_many9write_iicEh.constprop.0+0xf4>
    5c76:	08842583          	lw	a1,136(s0)
    5c7a:	08042503          	lw	a0,128(s0)
    5c7e:	836fc0ef          	jal	ra,1cb4 <_ZN20AS5600_soft_IIC_many5set_hEPKP12GPIO_TypeDefPKt.constprop.0>
    5c82:	1944a703          	lw	a4,404(s1)
    5c86:	eb25                	bnez	a4,5cf6 <_ZN20AS5600_soft_IIC_many9write_iicEh.constprop.0+0x10a>
    5c88:	5c70                	lw	a2,124(s0)
    5c8a:	08442583          	lw	a1,132(s0)
    5c8e:	5c38                	lw	a4,120(s0)
    5c90:	4781                	li	a5,0
    5c92:	4505                	li	a0,1
    5c94:	4814                	lw	a3,16(s0)
    5c96:	06d7cb63          	blt	a5,a3,5d0c <_ZN20AS5600_soft_IIC_many9write_iicEh.constprop.0+0x120>
    5c9a:	08842583          	lw	a1,136(s0)
    5c9e:	08042503          	lw	a0,128(s0)
    5ca2:	84cfc0ef          	jal	ra,1cee <_ZN20AS5600_soft_IIC_many5set_lEPKP12GPIO_TypeDefPKt.constprop.0>
    5ca6:	1944a703          	lw	a4,404(s1)
    5caa:	e741                	bnez	a4,5d32 <_ZN20AS5600_soft_IIC_many9write_iicEh.constprop.0+0x146>
    5cac:	4481                	li	s1,0
    5cae:	481c                	lw	a5,16(s0)
    5cb0:	08f4cc63          	blt	s1,a5,5d48 <_ZN20AS5600_soft_IIC_many9write_iicEh.constprop.0+0x15c>
    5cb4:	cbcfa06f          	j	170 <__riscv_restore_4>
    5cb8:	00892683          	lw	a3,8(s2)
    5cbc:	00892783          	lw	a5,8(s2)
    5cc0:	8f95                	sub	a5,a5,a3
    5cc2:	f8e7f3e3          	bgeu	a5,a4,5c48 <_ZN20AS5600_soft_IIC_many9write_iicEh.constprop.0+0x5c>
    5cc6:	0001                	nop
    5cc8:	bfd5                	j	5cbc <_ZN20AS5600_soft_IIC_many9write_iicEh.constprop.0+0xd0>
    5cca:	5c3c                	lw	a5,120(s0)
    5ccc:	00291713          	slli	a4,s2,0x2
    5cd0:	97ba                	add	a5,a5,a4
    5cd2:	439c                	lw	a5,0(a5)
    5cd4:	e781                	bnez	a5,5cdc <_ZN20AS5600_soft_IIC_many9write_iicEh.constprop.0+0xf0>
    5cd6:	854a                	mv	a0,s2
    5cd8:	cf9ff0ef          	jal	ra,59d0 <_ZN20AS5600_soft_IIC_many12sda_mode_ipuEi.constprop.0>
    5cdc:	0905                	addi	s2,s2,1
    5cde:	b771                	j	5c6a <_ZN20AS5600_soft_IIC_many9write_iicEh.constprop.0+0x7e>
    5ce0:	e000f7b7          	lui	a5,0xe000f
    5ce4:	4794                	lw	a3,8(a5)
    5ce6:	e000f637          	lui	a2,0xe000f
    5cea:	461c                	lw	a5,8(a2)
    5cec:	8f95                	sub	a5,a5,a3
    5cee:	f8e7f4e3          	bgeu	a5,a4,5c76 <_ZN20AS5600_soft_IIC_many9write_iicEh.constprop.0+0x8a>
    5cf2:	0001                	nop
    5cf4:	bfdd                	j	5cea <_ZN20AS5600_soft_IIC_many9write_iicEh.constprop.0+0xfe>
    5cf6:	e000f7b7          	lui	a5,0xe000f
    5cfa:	4794                	lw	a3,8(a5)
    5cfc:	e000f637          	lui	a2,0xe000f
    5d00:	461c                	lw	a5,8(a2)
    5d02:	8f95                	sub	a5,a5,a3
    5d04:	f8e7f2e3          	bgeu	a5,a4,5c88 <_ZN20AS5600_soft_IIC_many9write_iicEh.constprop.0+0x9c>
    5d08:	0001                	nop
    5d0a:	bfdd                	j	5d00 <_ZN20AS5600_soft_IIC_many9write_iicEh.constprop.0+0x114>
    5d0c:	4314                	lw	a3,0(a4)
    5d0e:	ee99                	bnez	a3,5d2c <_ZN20AS5600_soft_IIC_many9write_iicEh.constprop.0+0x140>
    5d10:	00279693          	slli	a3,a5,0x2
    5d14:	96b2                	add	a3,a3,a2
    5d16:	4294                	lw	a3,0(a3)
    5d18:	0086a803          	lw	a6,8(a3)
    5d1c:	00179693          	slli	a3,a5,0x1
    5d20:	96ae                	add	a3,a3,a1
    5d22:	2296                	lhu	a3,0(a3)
    5d24:	0106f6b3          	and	a3,a3,a6
    5d28:	c291                	beqz	a3,5d2c <_ZN20AS5600_soft_IIC_many9write_iicEh.constprop.0+0x140>
    5d2a:	c308                	sw	a0,0(a4)
    5d2c:	0785                	addi	a5,a5,1 # e000f001 <__freertos_irq_stack_top+0xc000a001>
    5d2e:	0711                	addi	a4,a4,4
    5d30:	b795                	j	5c94 <_ZN20AS5600_soft_IIC_many9write_iicEh.constprop.0+0xa8>
    5d32:	e000f7b7          	lui	a5,0xe000f
    5d36:	4794                	lw	a3,8(a5)
    5d38:	e000f637          	lui	a2,0xe000f
    5d3c:	461c                	lw	a5,8(a2)
    5d3e:	8f95                	sub	a5,a5,a3
    5d40:	f6e7f6e3          	bgeu	a5,a4,5cac <_ZN20AS5600_soft_IIC_many9write_iicEh.constprop.0+0xc0>
    5d44:	0001                	nop
    5d46:	bfdd                	j	5d3c <_ZN20AS5600_soft_IIC_many9write_iicEh.constprop.0+0x150>
    5d48:	8526                	mv	a0,s1
    5d4a:	cd9ff0ef          	jal	ra,5a22 <_ZN20AS5600_soft_IIC_many11sda_mode_odEi.constprop.0>
    5d4e:	0485                	addi	s1,s1,1
    5d50:	bfb9                	j	5cae <_ZN20AS5600_soft_IIC_many9write_iicEh.constprop.0+0xc2>

00005d52 <_ZN20AS5600_soft_IIC_many9start_iicEh.constprop.0>:
    5d52:	beafa2ef          	jal	t0,13c <__riscv_save_4>
    5d56:	20000937          	lui	s2,0x20000
    5d5a:	19492703          	lw	a4,404(s2) # 20000194 <_ZL17g_iic_delay_ticks>
    5d5e:	84aa                	mv	s1,a0
    5d60:	eb31                	bnez	a4,5db4 <_ZN20AS5600_soft_IIC_many9start_iicEh.constprop.0+0x62>
    5d62:	20002437          	lui	s0,0x20002
    5d66:	cc840793          	addi	a5,s0,-824 # 20001cc8 <MC_AS5600>
    5d6a:	0847a583          	lw	a1,132(a5) # e000f084 <__freertos_irq_stack_top+0xc000a084>
    5d6e:	5fe8                	lw	a0,124(a5)
    5d70:	08078993          	addi	s3,a5,128
    5d74:	cc840413          	addi	s0,s0,-824
    5d78:	f3dfb0ef          	jal	ra,1cb4 <_ZN20AS5600_soft_IIC_many5set_hEPKP12GPIO_TypeDefPKt.constprop.0>
    5d7c:	0089a583          	lw	a1,8(s3)
    5d80:	0009a503          	lw	a0,0(s3)
    5d84:	f31fb0ef          	jal	ra,1cb4 <_ZN20AS5600_soft_IIC_many5set_hEPKP12GPIO_TypeDefPKt.constprop.0>
    5d88:	19492703          	lw	a4,404(s2)
    5d8c:	ef1d                	bnez	a4,5dca <_ZN20AS5600_soft_IIC_many9start_iicEh.constprop.0+0x78>
    5d8e:	08442583          	lw	a1,132(s0)
    5d92:	5c68                	lw	a0,124(s0)
    5d94:	f5bfb0ef          	jal	ra,1cee <_ZN20AS5600_soft_IIC_many5set_lEPKP12GPIO_TypeDefPKt.constprop.0>
    5d98:	19492703          	lw	a4,404(s2)
    5d9c:	e331                	bnez	a4,5de0 <_ZN20AS5600_soft_IIC_many9start_iicEh.constprop.0+0x8e>
    5d9e:	08842583          	lw	a1,136(s0)
    5da2:	08042503          	lw	a0,128(s0)
    5da6:	f49fb0ef          	jal	ra,1cee <_ZN20AS5600_soft_IIC_many5set_lEPKP12GPIO_TypeDefPKt.constprop.0>
    5daa:	8526                	mv	a0,s1
    5dac:	e41ff0ef          	jal	ra,5bec <_ZN20AS5600_soft_IIC_many9write_iicEh.constprop.0>
    5db0:	bc0fa06f          	j	170 <__riscv_restore_4>
    5db4:	e000f7b7          	lui	a5,0xe000f
    5db8:	4794                	lw	a3,8(a5)
    5dba:	e000f637          	lui	a2,0xe000f
    5dbe:	461c                	lw	a5,8(a2)
    5dc0:	8f95                	sub	a5,a5,a3
    5dc2:	fae7f0e3          	bgeu	a5,a4,5d62 <_ZN20AS5600_soft_IIC_many9start_iicEh.constprop.0+0x10>
    5dc6:	0001                	nop
    5dc8:	bfdd                	j	5dbe <_ZN20AS5600_soft_IIC_many9start_iicEh.constprop.0+0x6c>
    5dca:	e000f7b7          	lui	a5,0xe000f
    5dce:	4794                	lw	a3,8(a5)
    5dd0:	e000f637          	lui	a2,0xe000f
    5dd4:	461c                	lw	a5,8(a2)
    5dd6:	8f95                	sub	a5,a5,a3
    5dd8:	fae7fbe3          	bgeu	a5,a4,5d8e <_ZN20AS5600_soft_IIC_many9start_iicEh.constprop.0+0x3c>
    5ddc:	0001                	nop
    5dde:	bfdd                	j	5dd4 <_ZN20AS5600_soft_IIC_many9start_iicEh.constprop.0+0x82>
    5de0:	e000f7b7          	lui	a5,0xe000f
    5de4:	4794                	lw	a3,8(a5)
    5de6:	e000f637          	lui	a2,0xe000f
    5dea:	461c                	lw	a5,8(a2)
    5dec:	8f95                	sub	a5,a5,a3
    5dee:	fae7f8e3          	bgeu	a5,a4,5d9e <_ZN20AS5600_soft_IIC_many9start_iicEh.constprop.0+0x4c>
    5df2:	0001                	nop
    5df4:	bfdd                	j	5dea <_ZN20AS5600_soft_IIC_many9start_iicEh.constprop.0+0x98>

00005df6 <_ZN20AS5600_soft_IIC_many10updata_stuEv.constprop.0>:
    5df6:	b60fa2ef          	jal	t0,156 <__riscv_save_0>
    5dfa:	20002437          	lui	s0,0x20002
    5dfe:	cc840793          	addi	a5,s0,-824 # 20001cc8 <MC_AS5600>
    5e02:	4b9c                	lw	a5,16(a5)
    5e04:	cc840413          	addi	s0,s0,-824
    5e08:	c39d                	beqz	a5,5e2e <_ZN20AS5600_soft_IIC_many10updata_stuEv.constprop.0+0x38>
    5e0a:	f1ffb0ef          	jal	ra,1d28 <_ZN20AS5600_soft_IIC_many11clear_datasEv.constprop.0>
    5e0e:	06c00513          	li	a0,108
    5e12:	f41ff0ef          	jal	ra,5d52 <_ZN20AS5600_soft_IIC_many9start_iicEh.constprop.0>
    5e16:	452d                	li	a0,11
    5e18:	dd5ff0ef          	jal	ra,5bec <_ZN20AS5600_soft_IIC_many9write_iicEh.constprop.0>
    5e1c:	06d00513          	li	a0,109
    5e20:	f33ff0ef          	jal	ra,5d52 <_ZN20AS5600_soft_IIC_many9start_iicEh.constprop.0>
    5e24:	4501                	li	a0,0
    5e26:	c51ff0ef          	jal	ra,5a76 <_ZN20AS5600_soft_IIC_many8read_iicEb.constprop.0>
    5e2a:	d8ffb0ef          	jal	ra,1bb8 <_ZN20AS5600_soft_IIC_many8stop_iicEv.constprop.0>
    5e2e:	5c28                	lw	a0,120(s0)
    5e30:	00042803          	lw	a6,0(s0)
    5e34:	00c42883          	lw	a7,12(s0)
    5e38:	00442303          	lw	t1,4(s0)
    5e3c:	4781                	li	a5,0
    5e3e:	4818                	lw	a4,16(s0)
    5e40:	00e7c463          	blt	a5,a4,5e48 <_ZN20AS5600_soft_IIC_many10updata_stuEv.constprop.0+0x52>
    5e44:	b36fa06f          	j	17a <__riscv_restore_0>
    5e48:	00279693          	slli	a3,a5,0x2
    5e4c:	00d50633          	add	a2,a0,a3
    5e50:	4210                	lw	a2,0(a2)
    5e52:	00f80733          	add	a4,a6,a5
    5e56:	00163613          	seqz	a2,a2
    5e5a:	a310                	sb	a2,0(a4)
    5e5c:	00179713          	slli	a4,a5,0x1
    5e60:	9746                	add	a4,a4,a7
    5e62:	231a                	lhu	a4,0(a4)
    5e64:	567d                	li	a2,-1
    5e66:	02077593          	andi	a1,a4,32
    5e6a:	c981                	beqz	a1,5e7a <_ZN20AS5600_soft_IIC_many10updata_stuEv.constprop.0+0x84>
    5e6c:	01077593          	andi	a1,a4,16
    5e70:	4605                	li	a2,1
    5e72:	e581                	bnez	a1,5e7a <_ZN20AS5600_soft_IIC_many10updata_stuEv.constprop.0+0x84>
    5e74:	8309                	srli	a4,a4,0x2
    5e76:	00277613          	andi	a2,a4,2
    5e7a:	969a                	add	a3,a3,t1
    5e7c:	c290                	sw	a2,0(a3)
    5e7e:	0785                	addi	a5,a5,1 # e000f001 <__freertos_irq_stack_top+0xc000a001>
    5e80:	bf7d                	j	5e3e <_ZN20AS5600_soft_IIC_many10updata_stuEv.constprop.0+0x48>

00005e82 <_ZN20AS5600_soft_IIC_many12updata_angleEv.constprop.0>:
    5e82:	ad4fa2ef          	jal	t0,156 <__riscv_save_0>
    5e86:	20002437          	lui	s0,0x20002
    5e8a:	cc840793          	addi	a5,s0,-824 # 20001cc8 <MC_AS5600>
    5e8e:	4b9c                	lw	a5,16(a5)
    5e90:	cc840413          	addi	s0,s0,-824
    5e94:	c795                	beqz	a5,5ec0 <_ZN20AS5600_soft_IIC_many12updata_angleEv.constprop.0+0x3e>
    5e96:	e93fb0ef          	jal	ra,1d28 <_ZN20AS5600_soft_IIC_many11clear_datasEv.constprop.0>
    5e9a:	06c00513          	li	a0,108
    5e9e:	eb5ff0ef          	jal	ra,5d52 <_ZN20AS5600_soft_IIC_many9start_iicEh.constprop.0>
    5ea2:	4531                	li	a0,12
    5ea4:	d49ff0ef          	jal	ra,5bec <_ZN20AS5600_soft_IIC_many9write_iicEh.constprop.0>
    5ea8:	06d00513          	li	a0,109
    5eac:	ea7ff0ef          	jal	ra,5d52 <_ZN20AS5600_soft_IIC_many9start_iicEh.constprop.0>
    5eb0:	4505                	li	a0,1
    5eb2:	bc5ff0ef          	jal	ra,5a76 <_ZN20AS5600_soft_IIC_many8read_iicEb.constprop.0>
    5eb6:	4501                	li	a0,0
    5eb8:	bbfff0ef          	jal	ra,5a76 <_ZN20AS5600_soft_IIC_many8read_iicEb.constprop.0>
    5ebc:	cfdfb0ef          	jal	ra,1bb8 <_ZN20AS5600_soft_IIC_many8stop_iicEv.constprop.0>
    5ec0:	480c                	lw	a1,16(s0)
    5ec2:	5c28                	lw	a0,120(s0)
    5ec4:	00842883          	lw	a7,8(s0)
    5ec8:	00042303          	lw	t1,0(s0)
    5ecc:	00c42803          	lw	a6,12(s0)
    5ed0:	4781                	li	a5,0
    5ed2:	00b7c463          	blt	a5,a1,5eda <_ZN20AS5600_soft_IIC_many12updata_angleEv.constprop.0+0x58>
    5ed6:	aa4fa06f          	j	17a <__riscv_restore_0>
    5eda:	00279713          	slli	a4,a5,0x2
    5ede:	972a                	add	a4,a4,a0
    5ee0:	4314                	lw	a3,0(a4)
    5ee2:	00179713          	slli	a4,a5,0x1
    5ee6:	ee81                	bnez	a3,5efe <_ZN20AS5600_soft_IIC_many12updata_angleEv.constprop.0+0x7c>
    5ee8:	00e806b3          	add	a3,a6,a4
    5eec:	2292                	lhu	a2,0(a3)
    5eee:	4685                	li	a3,1
    5ef0:	9746                	add	a4,a4,a7
    5ef2:	a312                	sh	a2,0(a4)
    5ef4:	00f30733          	add	a4,t1,a5
    5ef8:	a314                	sb	a3,0(a4)
    5efa:	0785                	addi	a5,a5,1
    5efc:	bfd9                	j	5ed2 <_ZN20AS5600_soft_IIC_many12updata_angleEv.constprop.0+0x50>
    5efe:	4601                	li	a2,0
    5f00:	4681                	li	a3,0
    5f02:	b7fd                	j	5ef0 <_ZN20AS5600_soft_IIC_many12updata_angleEv.constprop.0+0x6e>

00005f04 <_Z22AS5600_distance_updatam>:
    5f04:	a22fa2ef          	jal	t0,126 <__riscv_save_12>
    5f08:	82c1a783          	lw	a5,-2004(gp) # 200001bc <time_hw_tpms>
    5f0c:	1141                	addi	sp,sp,-16
    5f0e:	842a                	mv	s0,a0
    5f10:	e391                	bnez	a5,5f14 <_Z22AS5600_distance_updatam+0x10>
    5f12:	4785                	li	a5,1
    5f14:	a701a703          	lw	a4,-1424(gp) # 20000400 <_ZZ22AS5600_distance_updatamE15last_poll_ticks>
    5f18:	40e40733          	sub	a4,s0,a4
    5f1c:	02f76c63          	bltu	a4,a5,5f54 <_Z22AS5600_distance_updatam+0x50>
    5f20:	0c800613          	li	a2,200
    5f24:	02c787b3          	mul	a5,a5,a2
    5f28:	a681a823          	sw	s0,-1424(gp) # 20000400 <_ZZ22AS5600_distance_updatamE15last_poll_ticks>
    5f2c:	81c1a483          	lw	s1,-2020(gp) # 200001ac <time_hw_tpus>
    5f30:	a6c1a703          	lw	a4,-1428(gp) # 200003fc <_ZZ22AS5600_distance_updatamE14last_stu_ticks>
    5f34:	40e40733          	sub	a4,s0,a4
    5f38:	00f76663          	bltu	a4,a5,5f44 <_Z22AS5600_distance_updatam+0x40>
    5f3c:	a681a623          	sw	s0,-1428(gp) # 200003fc <_ZZ22AS5600_distance_updatamE14last_stu_ticks>
    5f40:	eb7ff0ef          	jal	ra,5df6 <_ZN20AS5600_soft_IIC_many10updata_stuEv.constprop.0>
    5f44:	a681c683          	lbu	a3,-1432(gp) # 200003f8 <_ZZ22AS5600_distance_updatamE15have_last_ticks>
    5f48:	ea89                	bnez	a3,5f5a <_Z22AS5600_distance_updatam+0x56>
    5f4a:	a681a223          	sw	s0,-1436(gp) # 200003f4 <_ZZ22AS5600_distance_updatamE10last_ticks>
    5f4e:	4785                	li	a5,1
    5f50:	a6f18423          	sb	a5,-1432(gp) # 200003f8 <_ZZ22AS5600_distance_updatamE15have_last_ticks>
    5f54:	0141                	addi	sp,sp,16
    5f56:	a0cfa06f          	j	162 <__riscv_restore_12>
    5f5a:	a641a703          	lw	a4,-1436(gp) # 200003f4 <_ZZ22AS5600_distance_updatamE10last_ticks>
    5f5e:	40e40933          	sub	s2,s0,a4
    5f62:	fee409e3          	beq	s0,a4,5f54 <_Z22AS5600_distance_updatam+0x50>
    5f66:	a681a223          	sw	s0,-1436(gp) # 200003f4 <_ZZ22AS5600_distance_updatamE10last_ticks>
    5f6a:	8526                	mv	a0,s1
    5f6c:	e091                	bnez	s1,5f70 <_Z22AS5600_distance_updatam+0x6c>
    5f6e:	4505                	li	a0,1
    5f70:	140050ef          	jal	ra,b0b0 <__floatunsisf>
    5f74:	9401a583          	lw	a1,-1728(gp) # 200002d0 <_ZL7g_scale+0x110>
    5f78:	20002a37          	lui	s4,0x20002
    5f7c:	14f040ef          	jal	ra,a8ca <__mulsf3>
    5f80:	842a                	mv	s0,a0
    5f82:	854a                	mv	a0,s2
    5f84:	12c050ef          	jal	ra,b0b0 <__floatunsisf>
    5f88:	85aa                	mv	a1,a0
    5f8a:	8522                	mv	a0,s0
    5f8c:	4c8040ef          	jal	ra,a454 <__divsf3>
    5f90:	c22a                	sw	a0,4(sp)
    5f92:	ef1ff0ef          	jal	ra,5e82 <_ZN20AS5600_soft_IIC_many12updata_angleEv.constprop.0>
    5f96:	200027b7          	lui	a5,0x20002
    5f9a:	cc878793          	addi	a5,a5,-824 # 20001cc8 <MC_AS5600>
    5f9e:	0007ab83          	lw	s7,0(a5)
    5fa2:	0047ac03          	lw	s8,4(a5)
    5fa6:	0087ad83          	lw	s11,8(a5)
    5faa:	9a81a783          	lw	a5,-1624(gp) # 20000338 <_ZL7g_scale+0x178>
    5fae:	200029b7          	lui	s3,0x20002
    5fb2:	20002d37          	lui	s10,0x20002
    5fb6:	c43e                	sw	a5,8(sp)
    5fb8:	9ac1a783          	lw	a5,-1620(gp) # 2000033c <_ZL7g_scale+0x17c>
    5fbc:	6705                	lui	a4,0x1
    5fbe:	a5418a93          	addi	s5,gp,-1452 # 200003e4 <_ZZ22AS5600_distance_updatamE6was_ok>
    5fc2:	cb8a0a13          	addi	s4,s4,-840 # 20001cb8 <speed_as5600>
    5fc6:	ca898993          	addi	s3,s3,-856 # 20001ca8 <as5600_distance_save>
    5fca:	db0d0d13          	addi	s10,s10,-592 # 20001db0 <ams>
    5fce:	a5818913          	addi	s2,gp,-1448 # 200003e8 <_ZL13g_as5600_good>
    5fd2:	a6018493          	addi	s1,gp,-1440 # 200003f0 <_ZL13g_as5600_fail>
    5fd6:	a5c18413          	addi	s0,gp,-1444 # 200003ec <_ZL17g_as5600_okstreak>
    5fda:	4c81                	li	s9,0
    5fdc:	80070e13          	addi	t3,a4,-2048 # 800 <__stack_size>
    5fe0:	c63e                	sw	a5,12(sp)
    5fe2:	0ff00693          	li	a3,255
    5fe6:	4e89                	li	t4,2
    5fe8:	5f7d                	li	t5,-1
    5fea:	4b11                	li	s6,4
    5fec:	019b87b3          	add	a5,s7,s9
    5ff0:	239c                	lbu	a5,0(a5)
    5ff2:	c3a1                	beqz	a5,6032 <_Z22AS5600_distance_updatam+0x12e>
    5ff4:	002c9793          	slli	a5,s9,0x2
    5ff8:	97e2                	add	a5,a5,s8
    5ffa:	439c                	lw	a5,0(a5)
    5ffc:	03e78b63          	beq	a5,t5,6032 <_Z22AS5600_distance_updatam+0x12e>
    6000:	201c                	lbu	a5,0(s0)
    6002:	00048023          	sb	zero,0(s1)
    6006:	04d79f63          	bne	a5,a3,6064 <_Z22AS5600_distance_updatam+0x160>
    600a:	4785                	li	a5,1
    600c:	00f90023          	sb	a5,0(s2)
    6010:	001c9793          	slli	a5,s9,0x1
    6014:	97ee                	add	a5,a5,s11
    6016:	238e                	lhu	a1,0(a5)
    6018:	000ac783          	lbu	a5,0(s5)
    601c:	e7b5                	bnez	a5,6088 <_Z22AS5600_distance_updatam+0x184>
    601e:	00000793          	li	a5,0
    6022:	00fa2023          	sw	a5,0(s4)
    6026:	4785                	li	a5,1
    6028:	00b9a023          	sw	a1,0(s3)
    602c:	00fa8023          	sb	a5,0(s5)
    6030:	a831                	j	604c <_Z22AS5600_distance_updatam+0x148>
    6032:	209c                	lbu	a5,0(s1)
    6034:	00040023          	sb	zero,0(s0)
    6038:	04d79163          	bne	a5,a3,607a <_Z22AS5600_distance_updatam+0x176>
    603c:	00090023          	sb	zero,0(s2)
    6040:	00000793          	li	a5,0
    6044:	000a8023          	sb	zero,0(s5)
    6048:	00fa2023          	sw	a5,0(s4)
    604c:	0c85                	addi	s9,s9,1
    604e:	0a85                	addi	s5,s5,1
    6050:	0a11                	addi	s4,s4,4
    6052:	0991                	addi	s3,s3,4
    6054:	040d0d13          	addi	s10,s10,64
    6058:	0905                	addi	s2,s2,1
    605a:	0485                	addi	s1,s1,1
    605c:	0405                	addi	s0,s0,1
    605e:	f96c97e3          	bne	s9,s6,5fec <_Z22AS5600_distance_updatam+0xe8>
    6062:	bdcd                	j	5f54 <_Z22AS5600_distance_updatam+0x50>
    6064:	0785                	addi	a5,a5,1
    6066:	0ff7f793          	zext.b	a5,a5
    606a:	a01c                	sb	a5,0(s0)
    606c:	4585                	li	a1,1
    606e:	f8b79ee3          	bne	a5,a1,600a <_Z22AS5600_distance_updatam+0x106>
    6072:	00094783          	lbu	a5,0(s2)
    6076:	ffc9                	bnez	a5,6010 <_Z22AS5600_distance_updatam+0x10c>
    6078:	b7e1                	j	6040 <_Z22AS5600_distance_updatam+0x13c>
    607a:	0785                	addi	a5,a5,1
    607c:	0ff7f793          	zext.b	a5,a5
    6080:	a09c                	sb	a5,0(s1)
    6082:	fefef8e3          	bgeu	t4,a5,6072 <_Z22AS5600_distance_updatam+0x16e>
    6086:	bf5d                	j	603c <_Z22AS5600_distance_updatam+0x138>
    6088:	0009a783          	lw	a5,0(s3)
    608c:	40f58533          	sub	a0,a1,a5
    6090:	04ae5563          	bge	t3,a0,60da <_Z22AS5600_distance_updatam+0x1d6>
    6094:	8d19                	sub	a0,a0,a4
    6096:	00b9a023          	sw	a1,0(s3)
    609a:	74b040ef          	jal	ra,afe4 <__floatsisf>
    609e:	45a2                	lw	a1,8(sp)
    60a0:	02b040ef          	jal	ra,a8ca <__mulsf3>
    60a4:	85aa                	mv	a1,a0
    60a6:	c02a                	sw	a0,0(sp)
    60a8:	4512                	lw	a0,4(sp)
    60aa:	021040ef          	jal	ra,a8ca <__mulsf3>
    60ae:	45b2                	lw	a1,12(sp)
    60b0:	00aa2023          	sw	a0,0(s4)
    60b4:	4502                	lw	a0,0(sp)
    60b6:	015040ef          	jal	ra,a8ca <__mulsf3>
    60ba:	85aa                	mv	a1,a0
    60bc:	03cd2503          	lw	a0,60(s10)
    60c0:	02c040ef          	jal	ra,a0ec <__addsf3>
    60c4:	6785                	lui	a5,0x1
    60c6:	02ad2e23          	sw	a0,60(s10)
    60ca:	5f7d                	li	t5,-1
    60cc:	4e89                	li	t4,2
    60ce:	0ff00693          	li	a3,255
    60d2:	80078e13          	addi	t3,a5,-2048 # 800 <__stack_size>
    60d6:	6705                	lui	a4,0x1
    60d8:	bf95                	j	604c <_Z22AS5600_distance_updatam+0x148>
    60da:	80000793          	li	a5,-2048
    60de:	faf55ce3          	bge	a0,a5,6096 <_Z22AS5600_distance_updatam+0x192>
    60e2:	953a                	add	a0,a0,a4
    60e4:	bf4d                	j	6096 <_Z22AS5600_distance_updatam+0x192>

000060e6 <_ZL13MOTOR_get_dirv>:
    60e6:	840fa2ef          	jal	t0,126 <__riscv_save_12>
    60ea:	7179                	addi	sp,sp,-48
    60ec:	d002                	sw	zero,32(sp)
    60ee:	d202                	sw	zero,36(sp)
    60f0:	d402                	sw	zero,40(sp)
    60f2:	d602                	sw	zero,44(sp)
    60f4:	ca02                	sw	zero,20(sp)
    60f6:	ed3fe0ef          	jal	ra,4fc8 <_ZL19Motion_control_readv>
    60fa:	20002937          	lui	s2,0x20002
    60fe:	e919                	bnez	a0,6114 <_ZL13MOTOR_get_dirv+0x2e>
    6100:	d9890793          	addi	a5,s2,-616 # 20001d98 <Motion_control_data_save>
    6104:	0007a023          	sw	zero,0(a5)
    6108:	0007a223          	sw	zero,4(a5)
    610c:	0007a423          	sw	zero,8(a5)
    6110:	0007a623          	sw	zero,12(a5)
    6114:	d6fff0ef          	jal	ra,5e82 <_ZN20AS5600_soft_IIC_many12updata_angleEv.constprop.0>
    6118:	200029b7          	lui	s3,0x20002
    611c:	cc898793          	addi	a5,s3,-824 # 20001cc8 <MC_AS5600>
    6120:	479c                	lw	a5,8(a5)
    6122:	4641                	li	a2,16
    6124:	d9890593          	addi	a1,s2,-616
    6128:	239a                	lhu	a4,0(a5)
    612a:	1008                	addi	a0,sp,32
    612c:	84f8                	sh	a4,24(sp)
    612e:	23ba                	lhu	a4,2(a5)
    6130:	1004                	addi	s1,sp,32
    6132:	85f8                	sh	a4,26(sp)
    6134:	23da                	lhu	a4,4(a5)
    6136:	23fe                	lhu	a5,6(a5)
    6138:	4401                	li	s0,0
    613a:	86f8                	sh	a4,28(sp)
    613c:	87fc                	sh	a5,30(sp)
    613e:	cc898993          	addi	s3,s3,-824
    6142:	fbff90ef          	jal	ra,100 <memcpy>
    6146:	a5818a13          	addi	s4,gp,-1448 # 200003e8 <_ZL13g_as5600_good>
    614a:	a9018a93          	addi	s5,gp,-1392 # 20000420 <filament_channel_inserted>
    614e:	4b11                	li	s6,4
    6150:	014407b3          	add	a5,s0,s4
    6154:	239c                	lbu	a5,0(a5)
    6156:	c785                	beqz	a5,617e <_ZL13MOTOR_get_dirv+0x98>
    6158:	015407b3          	add	a5,s0,s5
    615c:	239c                	lbu	a5,0(a5)
    615e:	c385                	beqz	a5,617e <_ZL13MOTOR_get_dirv+0x98>
    6160:	409c                	lw	a5,0(s1)
    6162:	ef91                	bnez	a5,617e <_ZL13MOTOR_get_dirv+0x98>
    6164:	3e800593          	li	a1,1000
    6168:	0ff47513          	zext.b	a0,s0
    616c:	ea9fa0ef          	jal	ra,1014 <_Z22Motion_control_set_PWMhi>
    6170:	02040793          	addi	a5,s0,32
    6174:	0814                	addi	a3,sp,16
    6176:	4705                	li	a4,1
    6178:	97b6                	add	a5,a5,a3
    617a:	fee78223          	sb	a4,-28(a5)
    617e:	0405                	addi	s0,s0,1
    6180:	0491                	addi	s1,s1,4
    6182:	fd6417e3          	bne	s0,s6,6150 <_ZL13MOTOR_get_dirv+0x6a>
    6186:	01414d83          	lbu	s11,20(sp)
    618a:	020d9163          	bnez	s11,61ac <_ZL13MOTOR_get_dirv+0xc6>
    618e:	01514783          	lbu	a5,21(sp)
    6192:	efdd                	bnez	a5,6250 <_ZL13MOTOR_get_dirv+0x16a>
    6194:	01614d83          	lbu	s11,22(sp)
    6198:	0a0d9b63          	bnez	s11,624e <_ZL13MOTOR_get_dirv+0x168>
    619c:	01714783          	lbu	a5,23(sp)
    61a0:	0c800413          	li	s0,200
    61a4:	e799                	bnez	a5,61b2 <_ZL13MOTOR_get_dirv+0xcc>
    61a6:	6145                	addi	sp,sp,48
    61a8:	fbbf906f          	j	162 <__riscv_restore_12>
    61ac:	0c800413          	li	s0,200
    61b0:	4d81                	li	s11,0
    61b2:	6a05                	lui	s4,0x1
    61b4:	4529                	li	a0,10
    61b6:	822fb0ef          	jal	ra,11d8 <delay.part.0>
    61ba:	01410c93          	addi	s9,sp,20
    61be:	cc5ff0ef          	jal	ra,5e82 <_ZN20AS5600_soft_IIC_many12updata_angleEv.constprop.0>
    61c2:	01810b93          	addi	s7,sp,24
    61c6:	02010c13          	addi	s8,sp,32
    61ca:	4b01                	li	s6,0
    61cc:	4a85                	li	s5,1
    61ce:	4d11                	li	s10,4
    61d0:	000cc583          	lbu	a1,0(s9)
    61d4:	cd99                	beqz	a1,61f2 <_ZL13MOTOR_get_dirv+0x10c>
    61d6:	0009a583          	lw	a1,0(s3)
    61da:	0ffb7513          	zext.b	a0,s6
    61de:	95da                	add	a1,a1,s6
    61e0:	0005c803          	lbu	a6,0(a1)
    61e4:	06081963          	bnez	a6,6256 <_ZL13MOTOR_get_dirv+0x170>
    61e8:	4581                	li	a1,0
    61ea:	e2bfa0ef          	jal	ra,1014 <_Z22Motion_control_set_PWMhi>
    61ee:	000c8023          	sb	zero,0(s9)
    61f2:	0b05                	addi	s6,s6,1
    61f4:	0c85                	addi	s9,s9,1
    61f6:	0c11                	addi	s8,s8,4
    61f8:	0b89                	addi	s7,s7,2
    61fa:	fdab1be3          	bne	s6,s10,61d0 <_ZL13MOTOR_get_dirv+0xea>
    61fe:	0a0a9a63          	bnez	s5,62b2 <_ZL13MOTOR_get_dirv+0x1cc>
    6202:	147d                	addi	s0,s0,-1
    6204:	f845                	bnez	s0,61b4 <_ZL13MOTOR_get_dirv+0xce>
    6206:	4491                	li	s1,4
    6208:	085c                	addi	a5,sp,20
    620a:	97a2                	add	a5,a5,s0
    620c:	239c                	lbu	a5,0(a5)
    620e:	c791                	beqz	a5,621a <_ZL13MOTOR_get_dirv+0x134>
    6210:	4581                	li	a1,0
    6212:	0ff47513          	zext.b	a0,s0
    6216:	dfffa0ef          	jal	ra,1014 <_Z22Motion_control_set_PWMhi>
    621a:	0405                	addi	s0,s0,1
    621c:	fe9416e3          	bne	s0,s1,6208 <_ZL13MOTOR_get_dirv+0x122>
    6220:	d9890793          	addi	a5,s2,-616
    6224:	4701                	li	a4,0
    6226:	4681                	li	a3,0
    6228:	45c1                	li	a1,16
    622a:	1010                	addi	a2,sp,32
    622c:	963a                	add	a2,a2,a4
    622e:	4210                	lw	a2,0(a2)
    6230:	4388                	lw	a0,0(a5)
    6232:	00a60463          	beq	a2,a0,623a <_ZL13MOTOR_get_dirv+0x154>
    6236:	c390                	sw	a2,0(a5)
    6238:	4685                	li	a3,1
    623a:	0711                	addi	a4,a4,4 # 1004 <_ZN14_MOTOR_CONTROL10set_motionE20filament_motion_enumyy+0x520>
    623c:	0791                	addi	a5,a5,4
    623e:	feb716e3          	bne	a4,a1,622a <_ZL13MOTOR_get_dirv+0x144>
    6242:	f60d82e3          	beqz	s11,61a6 <_ZL13MOTOR_get_dirv+0xc0>
    6246:	d2a5                	beqz	a3,61a6 <_ZL13MOTOR_get_dirv+0xc0>
    6248:	f01fe0ef          	jal	ra,5148 <_ZL19Motion_control_savev>
    624c:	bfa9                	j	61a6 <_ZL13MOTOR_get_dirv+0xc0>
    624e:	4d81                	li	s11,0
    6250:	0c800413          	li	s0,200
    6254:	bfb9                	j	61b2 <_ZL13MOTOR_get_dirv+0xcc>
    6256:	0089a583          	lw	a1,8(s3)
    625a:	001b1893          	slli	a7,s6,0x1
    625e:	6785                	lui	a5,0x1
    6260:	95c6                	add	a1,a1,a7
    6262:	00059483          	lh	s1,0(a1)
    6266:	000b9583          	lh	a1,0(s7)
    626a:	80078793          	addi	a5,a5,-2048 # 800 <__stack_size>
    626e:	8c8d                	sub	s1,s1,a1
    6270:	0297d963          	bge	a5,s1,62a2 <_ZL13MOTOR_get_dirv+0x1bc>
    6274:	414484b3          	sub	s1,s1,s4
    6278:	0a348593          	addi	a1,s1,163
    627c:	14600793          	li	a5,326
    6280:	02b7f763          	bgeu	a5,a1,62ae <_ZL13MOTOR_get_dirv+0x1c8>
    6284:	4581                	li	a1,0
    6286:	c642                	sw	a6,12(sp)
    6288:	d8dfa0ef          	jal	ra,1014 <_Z22Motion_control_set_PWMhi>
    628c:	4832                	lw	a6,12(sp)
    628e:	55fd                	li	a1,-1
    6290:	00905363          	blez	s1,6296 <_ZL13MOTOR_get_dirv+0x1b0>
    6294:	4585                	li	a1,1
    6296:	00bc2023          	sw	a1,0(s8)
    629a:	000c8023          	sb	zero,0(s9)
    629e:	8dc2                	mv	s11,a6
    62a0:	bf89                	j	61f2 <_ZL13MOTOR_get_dirv+0x10c>
    62a2:	80000793          	li	a5,-2048
    62a6:	fcf4d9e3          	bge	s1,a5,6278 <_ZL13MOTOR_get_dirv+0x192>
    62aa:	94d2                	add	s1,s1,s4
    62ac:	b7f1                	j	6278 <_ZL13MOTOR_get_dirv+0x192>
    62ae:	4a81                	li	s5,0
    62b0:	b789                	j	61f2 <_ZL13MOTOR_get_dirv+0x10c>
    62b2:	4401                	li	s0,0
    62b4:	bf89                	j	6206 <_ZL13MOTOR_get_dirv+0x120>

000062b6 <SystemInit>:
    62b6:	400217b7          	lui	a5,0x40021
    62ba:	4398                	lw	a4,0(a5)
    62bc:	f0ff06b7          	lui	a3,0xf0ff0
    62c0:	00176713          	ori	a4,a4,1
    62c4:	c398                	sw	a4,0(a5)
    62c6:	43d8                	lw	a4,4(a5)
    62c8:	8f75                	and	a4,a4,a3
    62ca:	c3d8                	sw	a4,4(a5)
    62cc:	4398                	lw	a4,0(a5)
    62ce:	fef706b7          	lui	a3,0xfef70
    62d2:	16fd                	addi	a3,a3,-1 # fef6ffff <__freertos_irq_stack_top+0xdef6afff>
    62d4:	8f75                	and	a4,a4,a3
    62d6:	c398                	sw	a4,0(a5)
    62d8:	4398                	lw	a4,0(a5)
    62da:	fffc06b7          	lui	a3,0xfffc0
    62de:	16fd                	addi	a3,a3,-1 # fffbffff <__freertos_irq_stack_top+0xdffbafff>
    62e0:	8f75                	and	a4,a4,a3
    62e2:	c398                	sw	a4,0(a5)
    62e4:	43d8                	lw	a4,4(a5)
    62e6:	ff0106b7          	lui	a3,0xff010
    62ea:	16fd                	addi	a3,a3,-1 # ff00ffff <__freertos_irq_stack_top+0xdf00afff>
    62ec:	8f75                	and	a4,a4,a3
    62ee:	c3d8                	sw	a4,4(a5)
    62f0:	009f0737          	lui	a4,0x9f0
    62f4:	c798                	sw	a4,8(a5)
    62f6:	40024737          	lui	a4,0x40024
    62fa:	80070713          	addi	a4,a4,-2048 # 40023800 <__freertos_irq_stack_top+0x2001e800>
    62fe:	4314                	lw	a3,0(a4)
    6300:	0106e693          	ori	a3,a3,16
    6304:	c314                	sw	a3,0(a4)
    6306:	43d8                	lw	a4,4(a5)
    6308:	ffc106b7          	lui	a3,0xffc10
    630c:	16fd                	addi	a3,a3,-1 # ffc0ffff <__freertos_irq_stack_top+0xdfc0afff>
    630e:	c3d8                	sw	a4,4(a5)
    6310:	43d8                	lw	a4,4(a5)
    6312:	c3d8                	sw	a4,4(a5)
    6314:	43d8                	lw	a4,4(a5)
    6316:	40076713          	ori	a4,a4,1024
    631a:	c3d8                	sw	a4,4(a5)
    631c:	43d8                	lw	a4,4(a5)
    631e:	8f75                	and	a4,a4,a3
    6320:	c3d8                	sw	a4,4(a5)
    6322:	43d8                	lw	a4,4(a5)
    6324:	003c06b7          	lui	a3,0x3c0
    6328:	8f55                	or	a4,a4,a3
    632a:	c3d8                	sw	a4,4(a5)
    632c:	4398                	lw	a4,0(a5)
    632e:	010006b7          	lui	a3,0x1000
    6332:	8f55                	or	a4,a4,a3
    6334:	c398                	sw	a4,0(a5)
    6336:	020006b7          	lui	a3,0x2000
    633a:	4398                	lw	a4,0(a5)
    633c:	8f75                	and	a4,a4,a3
    633e:	df75                	beqz	a4,633a <SystemInit+0x84>
    6340:	43d8                	lw	a4,4(a5)
    6342:	400216b7          	lui	a3,0x40021
    6346:	9b71                	andi	a4,a4,-4
    6348:	c3d8                	sw	a4,4(a5)
    634a:	43d8                	lw	a4,4(a5)
    634c:	00276713          	ori	a4,a4,2
    6350:	c3d8                	sw	a4,4(a5)
    6352:	4721                	li	a4,8
    6354:	42dc                	lw	a5,4(a3)
    6356:	8bb1                	andi	a5,a5,12
    6358:	fee79ee3          	bne	a5,a4,6354 <SystemInit+0x9e>
    635c:	8082                	ret

0000635e <USART1_IRQHandler>:
    635e:	400147b7          	lui	a5,0x40014
    6362:	80c7d703          	lhu	a4,-2036(a5) # 4001380c <__freertos_irq_stack_top+0x2000e80c>
    6366:	1101                	addi	sp,sp,-32
    6368:	80078693          	addi	a3,a5,-2048
    636c:	8007d783          	lhu	a5,-2048(a5)
    6370:	ce22                	sw	s0,28(sp)
    6372:	cc26                	sw	s1,24(sp)
    6374:	ca4a                	sw	s2,20(sp)
    6376:	c84e                	sw	s3,16(sp)
    6378:	c652                	sw	s4,12(sp)
    637a:	02077713          	andi	a4,a4,32
    637e:	cf29                	beqz	a4,63d8 <USART1_IRQHandler+0x7a>
    6380:	07c2                	slli	a5,a5,0x10
    6382:	83c1                	srli	a5,a5,0x10
    6384:	0207f793          	andi	a5,a5,32
    6388:	cba1                	beqz	a5,63d8 <USART1_IRQHandler+0x7a>
    638a:	20001737          	lui	a4,0x20001
    638e:	22c6                	lhu	s1,4(a3)
    6390:	4bc70713          	addi	a4,a4,1212 # 200014bc <__global_pointer$+0xb2c>
    6394:	42974783          	lbu	a5,1065(a4)
    6398:	04c2                	slli	s1,s1,0x10
    639a:	20001437          	lui	s0,0x20001
    639e:	80c1                	srli	s1,s1,0x10
    63a0:	4bc40413          	addi	s0,s0,1212 # 200014bc <__global_pointer$+0xb2c>
    63a4:	cb95                	beqz	a5,63d8 <USART1_IRQHandler+0x7a>
    63a6:	41472783          	lw	a5,1044(a4)
    63aa:	0af05263          	blez	a5,644e <USART1_IRQHandler+0xf0>
    63ae:	17fd                	addi	a5,a5,-1
    63b0:	40f72a23          	sw	a5,1044(a4)
    63b4:	e395                	bnez	a5,63d8 <USART1_IRQHandler+0x7a>
    63b6:	e000f7b7          	lui	a5,0xe000f
    63ba:	4798                	lw	a4,8(a5)
    63bc:	82c1a783          	lw	a5,-2004(gp) # 200001bc <time_hw_tpms>
    63c0:	cb89                	beqz	a5,63d2 <USART1_IRQHandler+0x74>
    63c2:	3e800693          	li	a3,1000
    63c6:	02d7b633          	mulhu	a2,a5,a3
    63ca:	02d787b3          	mul	a5,a5,a3
    63ce:	c211                	beqz	a2,63d2 <USART1_IRQHandler+0x74>
    63d0:	57fd                	li	a5,-1
    63d2:	97ba                	add	a5,a5,a4
    63d4:	a2f1a423          	sw	a5,-1496(gp) # 200003b8 <_ZL27bambubus_heartbeat_deadline>
    63d8:	400146b7          	lui	a3,0x40014
    63dc:	80c6d603          	lhu	a2,-2036(a3) # 4001380c <__freertos_irq_stack_top+0x2000e80c>
    63e0:	8006d783          	lhu	a5,-2048(a3)
    63e4:	80068713          	addi	a4,a3,-2048
    63e8:	04067613          	andi	a2,a2,64
    63ec:	07c2                	slli	a5,a5,0x10
    63ee:	83c1                	srli	a5,a5,0x10
    63f0:	c639                	beqz	a2,643e <USART1_IRQHandler+0xe0>
    63f2:	0407f793          	andi	a5,a5,64
    63f6:	c7a1                	beqz	a5,643e <USART1_IRQHandler+0xe0>
    63f8:	fbf00793          	li	a5,-65
    63fc:	80f69023          	sh	a5,-2048(a3)
    6400:	8146d783          	lhu	a5,-2028(a3)
    6404:	6741                	lui	a4,0x10
    6406:	1779                	addi	a4,a4,-2 # fffe <MC_PULL_calibration.cpp.947435e8+0x715>
    6408:	07c2                	slli	a5,a5,0x10
    640a:	83c1                	srli	a5,a5,0x10
    640c:	f7f7f793          	andi	a5,a5,-129
    6410:	07c2                	slli	a5,a5,0x10
    6412:	83c1                	srli	a5,a5,0x10
    6414:	80f69a23          	sh	a5,-2028(a3)
    6418:	400206b7          	lui	a3,0x40020
    641c:	42fc                	lw	a5,68(a3)
    641e:	8ff9                	and	a5,a5,a4
    6420:	c2fc                	sw	a5,68(a3)
    6422:	400117b7          	lui	a5,0x40011
    6426:	6705                	lui	a4,0x1
    6428:	80078793          	addi	a5,a5,-2048 # 40010800 <__freertos_irq_stack_top+0x2000b800>
    642c:	cbd8                	sw	a4,20(a5)
    642e:	200007b7          	lui	a5,0x20000
    6432:	4bc78793          	addi	a5,a5,1212 # 200004bc <bus_port_to_host>
    6436:	97ba                	add	a5,a5,a4
    6438:	4705                	li	a4,1
    643a:	42e784a3          	sb	a4,1065(a5)
    643e:	4472                	lw	s0,28(sp)
    6440:	44e2                	lw	s1,24(sp)
    6442:	4952                	lw	s2,20(sp)
    6444:	49c2                	lw	s3,16(sp)
    6446:	4a32                	lw	s4,12(sp)
    6448:	6105                	addi	sp,sp,32
    644a:	30200073          	mret
    644e:	40442903          	lw	s2,1028(s0)
    6452:	1ff4f793          	andi	a5,s1,511
    6456:	0ff4f493          	zext.b	s1,s1
    645a:	02091a63          	bnez	s2,648e <USART1_IRQHandler+0x130>
    645e:	03d00793          	li	a5,61
    6462:	00f48663          	beq	s1,a5,646e <USART1_IRQHandler+0x110>
    6466:	03300793          	li	a5,51
    646a:	f6f497e3          	bne	s1,a5,63d8 <USART1_IRQHandler+0x7a>
    646e:	41042783          	lw	a5,1040(s0)
    6472:	a384                	sb	s1,0(a5)
    6474:	4785                	li	a5,1
    6476:	40f42223          	sw	a5,1028(s0)
    647a:	4799                	li	a5,6
    647c:	40f42423          	sw	a5,1032(s0)
    6480:	60400793          	li	a5,1540
    6484:	40f41623          	sh	a5,1036(s0)
    6488:	40940723          	sb	s1,1038(s0)
    648c:	b7b1                	j	63d8 <USART1_IRQHandler+0x7a>
    648e:	4ff00713          	li	a4,1279
    6492:	01277563          	bgeu	a4,s2,649c <USART1_IRQHandler+0x13e>
    6496:	40042223          	sw	zero,1028(s0)
    649a:	bf3d                	j	63d8 <USART1_IRQHandler+0x7a>
    649c:	41042983          	lw	s3,1040(s0)
    64a0:	01298733          	add	a4,s3,s2
    64a4:	a304                	sb	s1,0(a4)
    64a6:	4705                	li	a4,1
    64a8:	00e91a63          	bne	s2,a4,64bc <USART1_IRQHandler+0x15e>
    64ac:	07e2                	slli	a5,a5,0x18
    64ae:	87e1                	srai	a5,a5,0x18
    64b0:	0807db63          	bgez	a5,6546 <USART1_IRQHandler+0x1e8>
    64b4:	30200793          	li	a5,770
    64b8:	40f41623          	sh	a5,1036(s0)
    64bc:	40c44a03          	lbu	s4,1036(s0)
    64c0:	03491763          	bne	s2,s4,64ee <USART1_IRQHandler+0x190>
    64c4:	40e44783          	lbu	a5,1038(s0)
    64c8:	03d00713          	li	a4,61
    64cc:	0ae79363          	bne	a5,a4,6572 <USART1_IRQHandler+0x214>
    64d0:	4789                	li	a5,2
    64d2:	08f91863          	bne	s2,a5,6562 <USART1_IRQHandler+0x204>
    64d6:	40942423          	sw	s1,1032(s0)
    64da:	40842783          	lw	a5,1032(s0)
    64de:	40d44703          	lbu	a4,1037(s0)
    64e2:	faf75ae3          	bge	a4,a5,6496 <USART1_IRQHandler+0x138>
    64e6:	50000713          	li	a4,1280
    64ea:	faf746e3          	blt	a4,a5,6496 <USART1_IRQHandler+0x138>
    64ee:	40d44783          	lbu	a5,1037(s0)
    64f2:	00f91863          	bne	s2,a5,6502 <USART1_IRQHandler+0x1a4>
    64f6:	85ca                	mv	a1,s2
    64f8:	854e                	mv	a0,s3
    64fa:	c13fa0ef          	jal	ra,110c <bus_crc8>
    64fe:	f8a49ce3          	bne	s1,a0,6496 <USART1_IRQHandler+0x138>
    6502:	40e44683          	lbu	a3,1038(s0)
    6506:	03d00713          	li	a4,61
    650a:	40842783          	lw	a5,1032(s0)
    650e:	06e69a63          	bne	a3,a4,6582 <USART1_IRQHandler+0x224>
    6512:	4711                	li	a4,4
    6514:	06e91763          	bne	s2,a4,6582 <USART1_IRQHandler+0x224>
    6518:	4709                	li	a4,2
    651a:	06ea1463          	bne	s4,a4,6582 <USART1_IRQHandler+0x224>
    651e:	4715                	li	a4,5
    6520:	06f75463          	bge	a4,a5,6588 <USART1_IRQHandler+0x22a>
    6524:	0019c683          	lbu	a3,1(s3)
    6528:	0c500713          	li	a4,197
    652c:	4915                	li	s2,5
    652e:	06e69d63          	bne	a3,a4,65a8 <USART1_IRQHandler+0x24a>
    6532:	02000713          	li	a4,32
    6536:	06e49963          	bne	s1,a4,65a8 <USART1_IRQHandler+0x24a>
    653a:	17ed                	addi	a5,a5,-5
    653c:	40042223          	sw	zero,1028(s0)
    6540:	40f42a23          	sw	a5,1044(s0)
    6544:	bd51                	j	63d8 <USART1_IRQHandler+0x7a>
    6546:	40e44683          	lbu	a3,1038(s0)
    654a:	4799                	li	a5,6
    654c:	40f406a3          	sb	a5,1037(s0)
    6550:	03d00713          	li	a4,61
    6554:	4791                	li	a5,4
    6556:	00e69363          	bne	a3,a4,655c <USART1_IRQHandler+0x1fe>
    655a:	4795                	li	a5,5
    655c:	40f40623          	sb	a5,1036(s0)
    6560:	bfb1                	j	64bc <USART1_IRQHandler+0x15e>
    6562:	0049c783          	lbu	a5,4(s3)
    6566:	00849713          	slli	a4,s1,0x8
    656a:	8fd9                	or	a5,a5,a4
    656c:	40f42423          	sw	a5,1032(s0)
    6570:	b7ad                	j	64da <USART1_IRQHandler+0x17c>
    6572:	03300713          	li	a4,51
    6576:	f6e792e3          	bne	a5,a4,64da <USART1_IRQHandler+0x17c>
    657a:	00249793          	slli	a5,s1,0x2
    657e:	07b1                	addi	a5,a5,12
    6580:	b7f5                	j	656c <USART1_IRQHandler+0x20e>
    6582:	0905                	addi	s2,s2,1
    6584:	02f94263          	blt	s2,a5,65a8 <USART1_IRQHandler+0x24a>
    6588:	42042703          	lw	a4,1056(s0)
    658c:	40042223          	sw	zero,1028(s0)
    6590:	e40714e3          	bnez	a4,63d8 <USART1_IRQHandler+0x7a>
    6594:	40040713          	addi	a4,s0,1024
    6598:	4b0c                	lw	a1,16(a4)
    659a:	4f50                	lw	a2,28(a4)
    659c:	cf4c                	sw	a1,28(a4)
    659e:	42d40423          	sb	a3,1064(s0)
    65a2:	cb10                	sw	a2,16(a4)
    65a4:	d31c                	sw	a5,32(a4)
    65a6:	bd0d                	j	63d8 <USART1_IRQHandler+0x7a>
    65a8:	41242223          	sw	s2,1028(s0)
    65ac:	b535                	j	63d8 <USART1_IRQHandler+0x7a>

000065ae <main>:
    65ae:	b79f92ef          	jal	t0,126 <__riscv_save_12>
    65b2:	7119                	addi	sp,sp,-128
    65b4:	d03ff0ef          	jal	ra,62b6 <SystemInit>
    65b8:	40021737          	lui	a4,0x40021
    65bc:	435c                	lw	a5,4(a4)
    65be:	46a1                	li	a3,8
    65c0:	8bb1                	andi	a5,a5,12
    65c2:	58d79de3          	bne	a5,a3,735c <main+0xdae>
    65c6:	435c                	lw	a5,4(a4)
    65c8:	4358                	lw	a4,4(a4)
    65ca:	66c1                	lui	a3,0x10
    65cc:	83c9                	srli	a5,a5,0x12
    65ce:	8bbd                	andi	a5,a5,15
    65d0:	8f75                	and	a4,a4,a3
    65d2:	0789                	addi	a5,a5,2
    65d4:	46c5                	li	a3,17
    65d6:	00d79363          	bne	a5,a3,65dc <main+0x2e>
    65da:	47c9                	li	a5,18
    65dc:	ef01                	bnez	a4,65f4 <main+0x46>
    65de:	40024737          	lui	a4,0x40024
    65e2:	80072703          	lw	a4,-2048(a4) # 40023800 <__freertos_irq_stack_top+0x2001e800>
    65e6:	8b41                	andi	a4,a4,16
    65e8:	cf09                	beqz	a4,6602 <main+0x54>
    65ea:	007a1737          	lui	a4,0x7a1
    65ee:	20070713          	addi	a4,a4,512 # 7a1200 <ch32v20x_wwdg.c.13394d49+0x783497>
    65f2:	a821                	j	660a <main+0x5c>
    65f4:	40021737          	lui	a4,0x40021
    65f8:	4358                	lw	a4,4(a4)
    65fa:	000206b7          	lui	a3,0x20
    65fe:	8f75                	and	a4,a4,a3
    6600:	d76d                	beqz	a4,65ea <main+0x3c>
    6602:	003d1737          	lui	a4,0x3d1
    6606:	90070713          	addi	a4,a4,-1792 # 3d0900 <ch32v20x_wwdg.c.13394d49+0x3b2b97>
    660a:	02e787b3          	mul	a5,a5,a4
    660e:	40021737          	lui	a4,0x40021
    6612:	4354                	lw	a3,4(a4)
    6614:	20000737          	lui	a4,0x20000
    6618:	00070713          	mv	a4,a4
    661c:	8291                	srli	a3,a3,0x4
    661e:	8abd                	andi	a3,a3,15
    6620:	9736                	add	a4,a4,a3
    6622:	2314                	lbu	a3,0(a4)
    6624:	20000737          	lui	a4,0x20000
    6628:	00d7d7b3          	srl	a5,a5,a3
    662c:	18f72823          	sw	a5,400(a4) # 20000190 <SystemCoreClock>
    6630:	e000f7b7          	lui	a5,0xe000f
    6634:	0007a023          	sw	zero,0(a5) # e000f000 <__freertos_irq_stack_top+0xc000a000>
    6638:	0007a223          	sw	zero,4(a5)
    663c:	0007a423          	sw	zero,8(a5)
    6640:	0007a623          	sw	zero,12(a5)
    6644:	56fd                	li	a3,-1
    6646:	cb94                	sw	a3,16(a5)
    6648:	cbd4                	sw	a3,20(a5)
    664a:	46a5                	li	a3,9
    664c:	c394                	sw	a3,0(a5)
    664e:	19072683          	lw	a3,400(a4)
    6652:	007a1737          	lui	a4,0x7a1
    6656:	1ff70613          	addi	a2,a4,511 # 7a11ff <ch32v20x_wwdg.c.13394d49+0x783496>
    665a:	4785                	li	a5,1
    665c:	00d67663          	bgeu	a2,a3,6668 <main+0xba>
    6660:	20070713          	addi	a4,a4,512
    6664:	02e6d7b3          	divu	a5,a3,a4
    6668:	3e800713          	li	a4,1000
    666c:	80f1ae23          	sw	a5,-2020(gp) # 200001ac <time_hw_tpus>
    6670:	02e787b3          	mul	a5,a5,a4
    6674:	82f1a623          	sw	a5,-2004(gp) # 200001bc <time_hw_tpms>
    6678:	08800793          	li	a5,136
    667c:	8007a073          	csrs	0x800,a5
    6680:	400217b7          	lui	a5,0x40021
    6684:	4b98                	lw	a4,16(a5)
    6686:	6685                	lui	a3,0x1
    6688:	80068693          	addi	a3,a3,-2048 # 800 <__stack_size>
    668c:	8f55                	or	a4,a4,a3
    668e:	cb98                	sw	a4,16(a5)
    6690:	4b94                	lw	a3,16(a5)
    6692:	777d                	lui	a4,0xfffff
    6694:	7ff70713          	addi	a4,a4,2047 # fffff7ff <__freertos_irq_stack_top+0xdfffa7ff>
    6698:	8ef9                	and	a3,a3,a4
    669a:	cb94                	sw	a3,16(a5)
    669c:	4fd4                	lw	a3,28(a5)
    669e:	8f75                	and	a4,a4,a3
    66a0:	cfd8                	sw	a4,28(a5)
    66a2:	4f98                	lw	a4,24(a5)
    66a4:	00176713          	ori	a4,a4,1
    66a8:	cf98                	sw	a4,24(a5)
    66aa:	4705                	li	a4,1
    66ac:	9ee1a023          	sw	a4,-1568(gp) # 20000370 <NVIC_Priority_Group>
    66b0:	40022737          	lui	a4,0x40022
    66b4:	5b14                	lw	a3,48(a4)
    66b6:	400107b7          	lui	a5,0x40010
    66ba:	0f000737          	lui	a4,0xf000
    66be:	43dc                	lw	a5,4(a5)
    66c0:	8f75                	and	a4,a4,a3
    66c2:	eb01                	bnez	a4,66d2 <main+0x124>
    66c4:	0017d713          	srli	a4,a5,0x1
    66c8:	76f9                	lui	a3,0xffffe
    66ca:	07ce                	slli	a5,a5,0x13
    66cc:	8f75                	and	a4,a4,a3
    66ce:	83cd                	srli	a5,a5,0x13
    66d0:	8fd9                	or	a5,a5,a4
    66d2:	7761                	lui	a4,0xffff8
    66d4:	177d                	addi	a4,a4,-1 # ffff7fff <__freertos_irq_stack_top+0xdfff2fff>
    66d6:	8ff9                	and	a5,a5,a4
    66d8:	0f008737          	lui	a4,0xf008
    66dc:	8fd9                	or	a5,a5,a4
    66de:	400119b7          	lui	s3,0x40011
    66e2:	40010737          	lui	a4,0x40010
    66e6:	c35c                	sw	a5,4(a4)
    66e8:	4689                	li	a3,2
    66ea:	40098613          	addi	a2,s3,1024 # 40011400 <__freertos_irq_stack_top+0x2000c400>
    66ee:	4585                	li	a1,1
    66f0:	aec18513          	addi	a0,gp,-1300 # 2000047c <SYS_RGB>
    66f4:	c47fb0ef          	jal	ra,233a <_ZN12WS2812_class4initEhP12GPIO_TypeDeft>
    66f8:	6a05                	lui	s4,0x1
    66fa:	20002437          	lui	s0,0x20002
    66fe:	800a0693          	addi	a3,s4,-2048 # 800 <__stack_size>
    6702:	80098613          	addi	a2,s3,-2048
    6706:	4589                	li	a1,2
    6708:	23040513          	addi	a0,s0,560 # 20002230 <RGBOUT>
    670c:	c2ffb0ef          	jal	ra,233a <_ZN12WS2812_class4initEhP12GPIO_TypeDeft>
    6710:	20002537          	lui	a0,0x20002
    6714:	10000693          	li	a3,256
    6718:	80098613          	addi	a2,s3,-2048
    671c:	4589                	li	a1,2
    671e:	26050513          	addi	a0,a0,608 # 20002260 <RGBOUT+0x30>
    6722:	c19fb0ef          	jal	ra,233a <_ZN12WS2812_class4initEhP12GPIO_TypeDeft>
    6726:	20002537          	lui	a0,0x20002
    672a:	4689                	li	a3,2
    672c:	c0098613          	addi	a2,s3,-1024
    6730:	4589                	li	a1,2
    6732:	29050513          	addi	a0,a0,656 # 20002290 <RGBOUT+0x60>
    6736:	c05fb0ef          	jal	ra,233a <_ZN12WS2812_class4initEhP12GPIO_TypeDeft>
    673a:	20002537          	lui	a0,0x20002
    673e:	4685                	li	a3,1
    6740:	c0098613          	addi	a2,s3,-1024
    6744:	4589                	li	a1,2
    6746:	2c050513          	addi	a0,a0,704 # 200022c0 <RGBOUT+0x90>
    674a:	bf1fb0ef          	jal	ra,233a <_ZN12WS2812_class4initEhP12GPIO_TypeDeft>
    674e:	4529                	li	a0,10
    6750:	a89fa0ef          	jal	ra,11d8 <delay.part.0>
    6754:	aec18793          	addi	a5,gp,-1300 # 2000047c <SYS_RGB>
    6758:	23f8                	lbu	a4,6(a5)
    675a:	cb09                	beqz	a4,676c <main+0x1be>
    675c:	4798                	lw	a4,8(a5)
    675e:	01470763          	beq	a4,s4,676c <main+0x1be>
    6762:	4705                	li	a4,1
    6764:	0147a423          	sw	s4,8(a5) # 40010008 <__freertos_irq_stack_top+0x2000b008>
    6768:	02e78623          	sb	a4,44(a5)
    676c:	23040793          	addi	a5,s0,560
    6770:	4705                	li	a4,1
    6772:	23f4                	lbu	a3,6(a5)
    6774:	c699                	beqz	a3,6782 <main+0x1d4>
    6776:	4794                	lw	a3,8(a5)
    6778:	c689                	beqz	a3,6782 <main+0x1d4>
    677a:	0007a423          	sw	zero,8(a5)
    677e:	02e78623          	sb	a4,44(a5)
    6782:	200026b7          	lui	a3,0x20002
    6786:	03078793          	addi	a5,a5,48
    678a:	2f068693          	addi	a3,a3,752 # 200022f0 <_ZL10g_fil_last>
    678e:	fed792e3          	bne	a5,a3,6772 <main+0x1c4>
    6792:	8fafb0ef          	jal	ra,188c <_Z10RGB_updatev>
    6796:	03200513          	li	a0,50
    679a:	a3ffa0ef          	jal	ra,11d8 <delay.part.0>
    679e:	8741a403          	lw	s0,-1932(gp) # 20000204 <_ZL7g_scale+0x44>
    67a2:	200024b7          	lui	s1,0x20002
    67a6:	db048713          	addi	a4,s1,-592 # 20001db0 <ams>
    67aa:	4501                	li	a0,0
    67ac:	db048493          	addi	s1,s1,-592
    67b0:	56fd                	li	a3,-1
    67b2:	11400313          	li	t1,276
    67b6:	04700813          	li	a6,71
    67ba:	04600e13          	li	t3,70
    67be:	03000893          	li	a7,48
    67c2:	0dc00e93          	li	t4,220
    67c6:	0f000f13          	li	t5,240
    67ca:	05000f93          	li	t6,80
    67ce:	04500293          	li	t0,69
    67d2:	05400393          	li	t2,84
    67d6:	4985                	li	s3,1
    67d8:	4a59                	li	s4,22
    67da:	4ad1                	li	s5,20
    67dc:	4b11                	li	s6,4
    67de:	02650bb3          	mul	s7,a0,t1
    67e2:	10d70223          	sb	a3,260(a4) # 40010104 <__freertos_irq_stack_top+0x2000b104>
    67e6:	100706a3          	sb	zero,269(a4)
    67ea:	10d71723          	sh	a3,270(a4)
    67ee:	10070823          	sb	zero,272(a4)
    67f2:	87ba                	mv	a5,a4
    67f4:	4581                	li	a1,0
    67f6:	00659613          	slli	a2,a1,0x6
    67fa:	965e                	add	a2,a2,s7
    67fc:	9626                	add	a2,a2,s1
    67fe:	02062423          	sw	zero,40(a2) # e000f028 <__freertos_irq_stack_top+0xc000a028>
    6802:	02062623          	sw	zero,44(a2)
    6806:	00000613          	li	a2,0
    680a:	01078223          	sb	a6,4(a5)
    680e:	01c782a3          	sb	t3,5(a5)
    6812:	01078323          	sb	a6,6(a5)
    6816:	011783a3          	sb	a7,7(a5)
    681a:	01178423          	sb	a7,8(a5)
    681e:	000784a3          	sb	zero,9(a5)
    6822:	a7d4                	sb	a3,12(a5)
    6824:	b7d4                	sb	a3,13(a5)
    6826:	a7f4                	sb	a3,14(a5)
    6828:	b7f4                	sb	a3,15(a5)
    682a:	01d79823          	sh	t4,16(a5)
    682e:	01e79923          	sh	t5,18(a5)
    6832:	01f78a23          	sb	t6,20(a5)
    6836:	00578aa3          	sb	t0,21(a5)
    683a:	00778b23          	sb	t2,22(a5)
    683e:	01078ba3          	sb	a6,23(a5)
    6842:	00078c23          	sb	zero,24(a5)
    6846:	dfc0                	sw	s0,60(a5)
    6848:	c3b0                	sw	a2,64(a5)
    684a:	03378a23          	sb	s3,52(a5)
    684e:	02078aa3          	sb	zero,53(a5)
    6852:	03478ba3          	sb	s4,55(a5)
    6856:	03578c23          	sb	s5,56(a5)
    685a:	0585                	addi	a1,a1,1
    685c:	04078793          	addi	a5,a5,64
    6860:	f9659be3          	bne	a1,s6,67f6 <main+0x248>
    6864:	0505                	addi	a0,a0,1
    6866:	11470713          	addi	a4,a4,276
    686a:	f6b51ae3          	bne	a0,a1,67de <main+0x230>
    686e:	d0efe0ef          	jal	ra,4d7c <_Z16Flash_saves_initv>
    6872:	aa41c783          	lbu	a5,-1372(gp) # 20000434 <_ZL16g_adc_dma_inited>
    6876:	2e0789e3          	beqz	a5,7368 <main+0xdba>
    687a:	ef8fb0ef          	jal	ra,1f72 <_Z19ADC_DMA_gpio_analogv>
    687e:	400207b7          	lui	a5,0x40020
    6882:	473d                	li	a4,15
    6884:	c3d8                	sw	a4,4(a5)
    6886:	0ff0000f          	fence
    688a:	8fdf90ef          	jal	ra,186 <_ZL12filter_resetv>
    688e:	97dfa0ef          	jal	ra,120a <_Z17ADC_DMA_wait_fullv>
    6892:	979fa0ef          	jal	ra,120a <_Z17ADC_DMA_wait_fullv>
    6896:	917fe0ef          	jal	ra,51ac <_Z24MC_PULL_calibration_bootv>
    689a:	200029b7          	lui	s3,0x20002
    689e:	200027b7          	lui	a5,0x20002
    68a2:	2f098993          	addi	s3,s3,752 # 200022f0 <_ZL10g_fil_last>
    68a6:	db078413          	addi	s0,a5,-592 # 20001db0 <ams>
    68aa:	4a01                	li	s4,0
    68ac:	aa018a93          	addi	s5,gp,-1376 # 20000430 <_ZL10g_fil_have>
    68b0:	4b11                	li	s6,4
    68b2:	015a07b3          	add	a5,s4,s5
    68b6:	239c                	lbu	a5,0(a5)
    68b8:	cba9                	beqz	a5,690a <main+0x35c>
    68ba:	02000613          	li	a2,32
    68be:	85ce                	mv	a1,s3
    68c0:	08a8                	addi	a0,sp,88
    68c2:	83ff90ef          	jal	ra,100 <memcpy>
    68c6:	4866                	lw	a6,88(sp)
    68c8:	0089c503          	lbu	a0,8(s3)
    68cc:	0099c583          	lbu	a1,9(s3)
    68d0:	00a9c603          	lbu	a2,10(s3)
    68d4:	00b9c683          	lbu	a3,11(s3)
    68d8:	00c9d703          	lhu	a4,12(s3)
    68dc:	00e9d783          	lhu	a5,14(s3)
    68e0:	01042223          	sw	a6,4(s0)
    68e4:	4876                	lw	a6,92(sp)
    68e6:	a448                	sb	a0,12(s0)
    68e8:	b44c                	sb	a1,13(s0)
    68ea:	a470                	sb	a2,14(s0)
    68ec:	01042423          	sw	a6,8(s0)
    68f0:	b474                	sb	a3,15(s0)
    68f2:	a81a                	sh	a4,16(s0)
    68f4:	a83e                	sh	a5,18(s0)
    68f6:	02042223          	sw	zero,36(s0)
    68fa:	4641                	li	a2,16
    68fc:	10ac                	addi	a1,sp,104
    68fe:	01440513          	addi	a0,s0,20
    6902:	ffef90ef          	jal	ra,100 <memcpy>
    6906:	020403a3          	sb	zero,39(s0)
    690a:	0a05                	addi	s4,s4,1
    690c:	02098993          	addi	s3,s3,32
    6910:	04040413          	addi	s0,s0,64
    6914:	f96a1fe3          	bne	s4,s6,68b2 <main+0x304>
    6918:	000808b7          	lui	a7,0x80
    691c:	e339e337          	lui	t1,0xe339e
    6920:	31415e37          	lui	t3,0x31415
    6924:	4701                	li	a4,0
    6926:	0ff00793          	li	a5,255
    692a:	4681                	li	a3,0
    692c:	4801                	li	a6,0
    692e:	4501                	li	a0,0
    6930:	0f688893          	addi	a7,a7,246 # 800f6 <ch32v20x_wwdg.c.13394d49+0x6238d>
    6934:	33930313          	addi	t1,t1,825 # e339e339 <__freertos_irq_stack_top+0xc3399339>
    6938:	5ffd                	li	t6,-1
    693a:	0a500293          	li	t0,165
    693e:	453e0e13          	addi	t3,t3,1107 # 31415453 <__freertos_irq_stack_top+0x11410453>
    6942:	14000f13          	li	t5,320
    6946:	00555613          	srli	a2,a0,0x5
    694a:	9646                	add	a2,a2,a7
    694c:	01f57593          	andi	a1,a0,31
    6950:	058e                	slli	a1,a1,0x3
    6952:	0622                	slli	a2,a2,0x8
    6954:	962e                	add	a2,a2,a1
    6956:	420c                	lw	a1,0(a2)
    6958:	4250                	lw	a2,4(a2)
    695a:	02658d63          	beq	a1,t1,6994 <main+0x3e6>
    695e:	03f58b63          	beq	a1,t6,6994 <main+0x3e6>
    6962:	0185de93          	srli	t4,a1,0x18
    6966:	025e9763          	bne	t4,t0,6994 <main+0x3e6>
    696a:	8e2d                	xor	a2,a2,a1
    696c:	03c61463          	bne	a2,t3,6994 <main+0x3e6>
    6970:	0085d613          	srli	a2,a1,0x8
    6974:	0642                	slli	a2,a2,0x10
    6976:	8241                	srli	a2,a2,0x10
    6978:	00080963          	beqz	a6,698a <main+0x3dc>
    697c:	40d60eb3          	sub	t4,a2,a3
    6980:	0ec2                	slli	t4,t4,0x10
    6982:	410ede93          	srai	t4,t4,0x10
    6986:	01d05763          	blez	t4,6994 <main+0x3e6>
    698a:	0ff5f793          	zext.b	a5,a1
    698e:	872a                	mv	a4,a0
    6990:	86b2                	mv	a3,a2
    6992:	4805                	li	a6,1
    6994:	0505                	addi	a0,a0,1
    6996:	fbe518e3          	bne	a0,t5,6946 <main+0x398>
    699a:	1c080be3          	beqz	a6,7370 <main+0xdc2>
    699e:	0705                	addi	a4,a4,1
    69a0:	02a77733          	remu	a4,a4,a0
    69a4:	0685                	addi	a3,a3,1
    69a6:	06c2                	slli	a3,a3,0x10
    69a8:	82c1                	srli	a3,a3,0x10
    69aa:	863e                	mv	a2,a5
    69ac:	0742                	slli	a4,a4,0x10
    69ae:	8341                	srli	a4,a4,0x10
    69b0:	a8d19c23          	sh	a3,-1384(gp) # 20000428 <_ZL9g_sta_seq>
    69b4:	a8e19b23          	sh	a4,-1386(gp) # 20000426 <_ZL10g_sta_slot>
    69b8:	a9018a23          	sb	a6,-1388(gp) # 20000424 <_ZL16g_sta_have_saved>
    69bc:	82c18423          	sb	a2,-2008(gp) # 200001b8 <_ZL18g_sta_saved_loaded>
    69c0:	80f18a23          	sb	a5,-2028(gp) # 200001a4 <_ZL11g_loaded_ch>
    69c4:	470d                	li	a4,3
    69c6:	02f76963          	bltu	a4,a5,69f8 <main+0x44a>
    69ca:	4711                	li	a4,4
    69cc:	10e486a3          	sb	a4,269(s1)
    69d0:	670d                	lui	a4,0x3
    69d2:	b0070713          	addi	a4,a4,-1280 # 2b00 <_ZL16motor_motion_runiym+0x626>
    69d6:	10f48223          	sb	a5,260(s1)
    69da:	079a                	slli	a5,a5,0x6
    69dc:	10e49723          	sh	a4,270(s1)
    69e0:	02048aa3          	sb	zero,53(s1)
    69e4:	06048aa3          	sb	zero,117(s1)
    69e8:	0a048aa3          	sb	zero,181(s1)
    69ec:	0e048aa3          	sb	zero,245(s1)
    69f0:	97a6                	add	a5,a5,s1
    69f2:	4709                	li	a4,2
    69f4:	02e78aa3          	sb	a4,53(a5)
    69f8:	4785                	li	a5,1
    69fa:	10f48823          	sb	a5,272(s1)
    69fe:	478d                	li	a5,3
    6a00:	a09c                	sb	a5,0(s1)
    6a02:	dc6fe0ef          	jal	ra,4fc8 <_ZL19Motion_control_readv>
    6a06:	da8fb0ef          	jal	ra,1fae <_Z32MC_PULL_detect_channels_insertedv>
    6a0a:	e000f7b7          	lui	a5,0xe000f
    6a0e:	4788                	lw	a0,8(a5)
    6a10:	4405                	li	s0,1
    6a12:	bdbf90ef          	jal	ra,5ec <_ZL19MC_PULL_ONLINE_readm>
    6a16:	20002537          	lui	a0,0x20002
    6a1a:	200025b7          	lui	a1,0x20002
    6a1e:	20002637          	lui	a2,0x20002
    6a22:	200026b7          	lui	a3,0x20002
    6a26:	81818e13          	addi	t3,gp,-2024 # 200001a8 <_ZL9dm_loaded>
    6a2a:	a8018313          	addi	t1,gp,-1408 # 20000410 <_ZL13dm_fail_latch>
    6a2e:	a5018893          	addi	a7,gp,-1456 # 200003e0 <_ZL13dm_auto_state>
    6a32:	a4c18813          	addi	a6,gp,-1460 # 200003dc <_ZL11dm_auto_try>
    6a36:	c8850513          	addi	a0,a0,-888 # 20001c88 <_ZL13dm_auto_t0_ms>
    6a3a:	c7858593          	addi	a1,a1,-904 # 20001c78 <_ZL16dm_auto_remain_m>
    6a3e:	c6860613          	addi	a2,a2,-920 # 20001c68 <_ZL14dm_auto_last_m>
    6a42:	c4868693          	addi	a3,a3,-952 # 20001c48 <_ZL20dm_loaded_drop_t0_ms>
    6a46:	a4818713          	addi	a4,gp,-1464 # 200003d8 <_ZL16dm_autoload_gate>
    6a4a:	4781                	li	a5,0
    6a4c:	a9018f13          	addi	t5,gp,-1392 # 20000420 <filament_channel_inserted>
    6a50:	a8418f93          	addi	t6,gp,-1404 # 20000414 <_ZL17MC_ONLINE_key_stu>
    6a54:	4391                	li	t2,4
    6a56:	01e78eb3          	add	t4,a5,t5
    6a5a:	000ece83          	lbu	t4,0(t4)
    6a5e:	100e9fe3          	bnez	t4,737c <main+0xdce>
    6a62:	4981                	li	s3,0
    6a64:	4a01                	li	s4,0
    6a66:	00000493          	li	s1,0
    6a6a:	008e0023          	sb	s0,0(t3)
    6a6e:	00030023          	sb	zero,0(t1)
    6a72:	00088023          	sb	zero,0(a7)
    6a76:	00080023          	sb	zero,0(a6)
    6a7a:	01352023          	sw	s3,0(a0)
    6a7e:	01452223          	sw	s4,4(a0)
    6a82:	c184                	sw	s1,0(a1)
    6a84:	c204                	sw	s1,0(a2)
    6a86:	0136a023          	sw	s3,0(a3)
    6a8a:	0146a223          	sw	s4,4(a3)
    6a8e:	00070023          	sb	zero,0(a4)
    6a92:	0785                	addi	a5,a5,1 # e000f001 <__freertos_irq_stack_top+0xc000a001>
    6a94:	0e05                	addi	t3,t3,1
    6a96:	0305                	addi	t1,t1,1
    6a98:	0885                	addi	a7,a7,1
    6a9a:	0805                	addi	a6,a6,1
    6a9c:	0521                	addi	a0,a0,8
    6a9e:	0591                	addi	a1,a1,4
    6aa0:	0611                	addi	a2,a2,4
    6aa2:	06a1                	addi	a3,a3,8
    6aa4:	0705                	addi	a4,a4,1
    6aa6:	fa7798e3          	bne	a5,t2,6a56 <main+0x4a8>
    6aaa:	20002437          	lui	s0,0x20002
    6aae:	cc840713          	addi	a4,s0,-824 # 20001cc8 <MC_AS5600>
    6ab2:	cb1c                	sw	a5,16(a4)
    6ab4:	81c1a783          	lw	a5,-2020(gp) # 200001ac <time_hw_tpus>
    6ab8:	cc840413          	addi	s0,s0,-824
    6abc:	078a                	slli	a5,a5,0x2
    6abe:	e391                	bnez	a5,6ac2 <main+0x514>
    6ac0:	4785                	li	a5,1
    6ac2:	20000737          	lui	a4,0x20000
    6ac6:	6a2d                	lui	s4,0xb
    6ac8:	69ad                	lui	s3,0xb
    6aca:	18f72a23          	sw	a5,404(a4) # 20000194 <_ZL17g_iic_delay_ticks>
    6ace:	6a0a0a13          	addi	s4,s4,1696 # b6a0 <_ZL15AS5600_SCL_PORT>
    6ad2:	69098993          	addi	s3,s3,1680 # b690 <_ZL15AS5600_SDA_PORT>
    6ad6:	4481                	li	s1,0
    6ad8:	4901                	li	s2,0
    6ada:	9bc18a93          	addi	s5,gp,-1604 # 2000034c <_ZL14AS5600_SCL_PIN>
    6ade:	9b418b13          	addi	s6,gp,-1612 # 20000344 <_ZL14AS5600_SDA_PIN>
    6ae2:	5c7d                	li	s8,-1
    6ae4:	481c                	lw	a5,16(s0)
    6ae6:	0ef940e3          	blt	s2,a5,73c6 <main+0xe18>
    6aea:	4981                	li	s3,0
    6aec:	4b0d                	li	s6,3
    6aee:	4bc1                	li	s7,16
    6af0:	4ad1                	li	s5,20
    6af2:	481c                	lw	a5,16(s0)
    6af4:	14f9c4e3          	blt	s3,a5,743c <main+0xe8e>
    6af8:	afeff0ef          	jal	ra,5df6 <_ZN20AS5600_soft_IIC_many10updata_stuEv.constprop.0>
    6afc:	b86ff0ef          	jal	ra,5e82 <_ZN20AS5600_soft_IIC_many12updata_angleEv.constprop.0>
    6b00:	af6ff0ef          	jal	ra,5df6 <_ZN20AS5600_soft_IIC_many10updata_stuEv.constprop.0>
    6b04:	00042e03          	lw	t3,0(s0)
    6b08:	00442e83          	lw	t4,4(s0)
    6b0c:	4781                	li	a5,0
    6b0e:	5f7d                	li	t5,-1
    6b10:	a5818813          	addi	a6,gp,-1448 # 200003e8 <_ZL13g_as5600_good>
    6b14:	a6018593          	addi	a1,gp,-1440 # 200003f0 <_ZL13g_as5600_fail>
    6b18:	a5c18693          	addi	a3,gp,-1444 # 200003ec <_ZL17g_as5600_okstreak>
    6b1c:	4891                	li	a7,4
    6b1e:	00fe0733          	add	a4,t3,a5
    6b22:	2318                	lbu	a4,0(a4)
    6b24:	180709e3          	beqz	a4,74b6 <main+0xf08>
    6b28:	00279713          	slli	a4,a5,0x2
    6b2c:	9776                	add	a4,a4,t4
    6b2e:	4318                	lw	a4,0(a4)
    6b30:	19e703e3          	beq	a4,t5,74b6 <main+0xf08>
    6b34:	4505                	li	a0,1
    6b36:	4601                	li	a2,0
    6b38:	4709                	li	a4,2
    6b3a:	01078333          	add	t1,a5,a6
    6b3e:	00a30023          	sb	a0,0(t1)
    6b42:	00b78533          	add	a0,a5,a1
    6b46:	a110                	sb	a2,0(a0)
    6b48:	00d78633          	add	a2,a5,a3
    6b4c:	a218                	sb	a4,0(a2)
    6b4e:	0785                	addi	a5,a5,1
    6b50:	fd1797e3          	bne	a5,a7,6b1e <main+0x570>
    6b54:	4418                	lw	a4,8(s0)
    6b56:	200026b7          	lui	a3,0x20002
    6b5a:	200027b7          	lui	a5,0x20002
    6b5e:	ca868693          	addi	a3,a3,-856 # 20001ca8 <as5600_distance_save>
    6b62:	00870613          	addi	a2,a4,8
    6b66:	c3878793          	addi	a5,a5,-968 # 20001c38 <_ZL21filament_now_position>
    6b6a:	230e                	lhu	a1,0(a4)
    6b6c:	0007a023          	sw	zero,0(a5)
    6b70:	0709                	addi	a4,a4,2
    6b72:	c28c                	sw	a1,0(a3)
    6b74:	0791                	addi	a5,a5,4
    6b76:	0691                	addi	a3,a3,4
    6b78:	fee619e3          	bne	a2,a4,6b6a <main+0x5bc>
    6b7c:	40021437          	lui	s0,0x40021
    6b80:	4c1c                	lw	a5,24(s0)
    6b82:	400114b7          	lui	s1,0x40011
    6b86:	08ac                	addi	a1,sp,88
    6b88:	00c7e793          	ori	a5,a5,12
    6b8c:	cc1c                	sw	a5,24(s0)
    6b8e:	3f800793          	li	a5,1016
    6b92:	04f11c23          	sh	a5,88(sp)
    6b96:	47e1                	li	a5,24
    6b98:	d0be                	sw	a5,96(sp)
    6b9a:	c0048513          	addi	a0,s1,-1024 # 40010c00 <__freertos_irq_stack_top+0x2000bc00>
    6b9e:	478d                	li	a5,3
    6ba0:	cebe                	sw	a5,92(sp)
    6ba2:	f29fa0ef          	jal	ra,1aca <GPIO_Init>
    6ba6:	77e1                	lui	a5,0xffff8
    6ba8:	08ac                	addi	a1,sp,88
    6baa:	80048513          	addi	a0,s1,-2048
    6bae:	04f11c23          	sh	a5,88(sp)
    6bb2:	f19fa0ef          	jal	ra,1aca <GPIO_Init>
    6bb6:	4c1c                	lw	a5,24(s0)
    6bb8:	40000737          	lui	a4,0x40000
    6bbc:	3e700513          	li	a0,999
    6bc0:	0017e793          	ori	a5,a5,1
    6bc4:	cc1c                	sw	a5,24(s0)
    6bc6:	4c5c                	lw	a5,28(s0)
    6bc8:	4585                	li	a1,1
    6bca:	40070693          	addi	a3,a4,1024 # 40000400 <__freertos_irq_stack_top+0x1fffb400>
    6bce:	0017e793          	ori	a5,a5,1
    6bd2:	cc5c                	sw	a5,28(s0)
    6bd4:	4c5c                	lw	a5,28(s0)
    6bd6:	40001837          	lui	a6,0x40001
    6bda:	78e5                	lui	a7,0xffff9
    6bdc:	0027e793          	ori	a5,a5,2
    6be0:	cc5c                	sw	a5,28(s0)
    6be2:	4c5c                	lw	a5,28(s0)
    6be4:	cff88893          	addi	a7,a7,-769 # ffff8cff <__freertos_irq_stack_top+0xdfff3cff>
    6be8:	0047e793          	ori	a5,a5,4
    6bec:	cc5c                	sw	a5,28(s0)
    6bee:	231e                	lhu	a5,0(a4)
    6bf0:	07c2                	slli	a5,a5,0x10
    6bf2:	83c1                	srli	a5,a5,0x10
    6bf4:	c8f7f793          	andi	a5,a5,-881
    6bf8:	07c2                	slli	a5,a5,0x10
    6bfa:	83c1                	srli	a5,a5,0x10
    6bfc:	a31e                	sh	a5,0(a4)
    6bfe:	b74a                	sh	a0,44(a4)
    6c00:	b70e                	sh	a1,40(a4)
    6c02:	ab4e                	sh	a1,20(a4)
    6c04:	40075783          	lhu	a5,1024(a4)
    6c08:	07c2                	slli	a5,a5,0x10
    6c0a:	83c1                	srli	a5,a5,0x10
    6c0c:	c8f7f793          	andi	a5,a5,-881
    6c10:	07c2                	slli	a5,a5,0x10
    6c12:	83c1                	srli	a5,a5,0x10
    6c14:	40f71023          	sh	a5,1024(a4)
    6c18:	b6ca                	sh	a0,44(a3)
    6c1a:	b68e                	sh	a1,40(a3)
    6c1c:	aace                	sh	a1,20(a3)
    6c1e:	80085603          	lhu	a2,-2048(a6) # 40000800 <__freertos_irq_stack_top+0x1fffb800>
    6c22:	80080793          	addi	a5,a6,-2048
    6c26:	0642                	slli	a2,a2,0x10
    6c28:	8241                	srli	a2,a2,0x10
    6c2a:	c8f67613          	andi	a2,a2,-881
    6c2e:	0642                	slli	a2,a2,0x10
    6c30:	8241                	srli	a2,a2,0x10
    6c32:	80c81023          	sh	a2,-2048(a6)
    6c36:	b7ca                	sh	a0,44(a5)
    6c38:	b78e                	sh	a1,40(a5)
    6c3a:	abce                	sh	a1,20(a5)
    6c3c:	3312                	lhu	a2,32(a4)
    6c3e:	6819                	lui	a6,0x6
    6c40:	0642                	slli	a2,a2,0x10
    6c42:	8241                	srli	a2,a2,0x10
    6c44:	9a79                	andi	a2,a2,-2
    6c46:	0642                	slli	a2,a2,0x10
    6c48:	8241                	srli	a2,a2,0x10
    6c4a:	b312                	sh	a2,32(a4)
    6c4c:	3312                	lhu	a2,32(a4)
    6c4e:	234a                	lhu	a0,4(a4)
    6c50:	2f0e                	lhu	a1,24(a4)
    6c52:	0642                	slli	a2,a2,0x10
    6c54:	0542                	slli	a0,a0,0x10
    6c56:	05c2                	slli	a1,a1,0x10
    6c58:	81c1                	srli	a1,a1,0x10
    6c5a:	8141                	srli	a0,a0,0x10
    6c5c:	f8c5f593          	andi	a1,a1,-116
    6c60:	a34a                	sh	a0,4(a4)
    6c62:	0605e593          	ori	a1,a1,96
    6c66:	8241                	srli	a2,a2,0x10
    6c68:	af0e                	sh	a1,24(a4)
    6c6a:	9a75                	andi	a2,a2,-3
    6c6c:	02071a23          	sh	zero,52(a4)
    6c70:	00166613          	ori	a2,a2,1
    6c74:	b312                	sh	a2,32(a4)
    6c76:	3312                	lhu	a2,32(a4)
    6c78:	0642                	slli	a2,a2,0x10
    6c7a:	8241                	srli	a2,a2,0x10
    6c7c:	9a3d                	andi	a2,a2,-17
    6c7e:	0642                	slli	a2,a2,0x10
    6c80:	8241                	srli	a2,a2,0x10
    6c82:	b312                	sh	a2,32(a4)
    6c84:	3312                	lhu	a2,32(a4)
    6c86:	234a                	lhu	a0,4(a4)
    6c88:	2f0e                	lhu	a1,24(a4)
    6c8a:	0642                	slli	a2,a2,0x10
    6c8c:	0542                	slli	a0,a0,0x10
    6c8e:	0115f5b3          	and	a1,a1,a7
    6c92:	0105e5b3          	or	a1,a1,a6
    6c96:	8141                	srli	a0,a0,0x10
    6c98:	05c2                	slli	a1,a1,0x10
    6c9a:	a34a                	sh	a0,4(a4)
    6c9c:	81c1                	srli	a1,a1,0x10
    6c9e:	8241                	srli	a2,a2,0x10
    6ca0:	af0e                	sh	a1,24(a4)
    6ca2:	fdf67613          	andi	a2,a2,-33
    6ca6:	02071c23          	sh	zero,56(a4)
    6caa:	01066613          	ori	a2,a2,16
    6cae:	b312                	sh	a2,32(a4)
    6cb0:	3292                	lhu	a2,32(a3)
    6cb2:	0642                	slli	a2,a2,0x10
    6cb4:	8241                	srli	a2,a2,0x10
    6cb6:	9a79                	andi	a2,a2,-2
    6cb8:	0642                	slli	a2,a2,0x10
    6cba:	8241                	srli	a2,a2,0x10
    6cbc:	b292                	sh	a2,32(a3)
    6cbe:	3292                	lhu	a2,32(a3)
    6cc0:	22ca                	lhu	a0,4(a3)
    6cc2:	2e8e                	lhu	a1,24(a3)
    6cc4:	0642                	slli	a2,a2,0x10
    6cc6:	0542                	slli	a0,a0,0x10
    6cc8:	05c2                	slli	a1,a1,0x10
    6cca:	81c1                	srli	a1,a1,0x10
    6ccc:	8141                	srli	a0,a0,0x10
    6cce:	f8c5f593          	andi	a1,a1,-116
    6cd2:	a2ca                	sh	a0,4(a3)
    6cd4:	0605e593          	ori	a1,a1,96
    6cd8:	8241                	srli	a2,a2,0x10
    6cda:	ae8e                	sh	a1,24(a3)
    6cdc:	9a75                	andi	a2,a2,-3
    6cde:	02069a23          	sh	zero,52(a3)
    6ce2:	00166613          	ori	a2,a2,1
    6ce6:	b292                	sh	a2,32(a3)
    6ce8:	3292                	lhu	a2,32(a3)
    6cea:	0642                	slli	a2,a2,0x10
    6cec:	8241                	srli	a2,a2,0x10
    6cee:	9a3d                	andi	a2,a2,-17
    6cf0:	0642                	slli	a2,a2,0x10
    6cf2:	8241                	srli	a2,a2,0x10
    6cf4:	b292                	sh	a2,32(a3)
    6cf6:	3292                	lhu	a2,32(a3)
    6cf8:	22ca                	lhu	a0,4(a3)
    6cfa:	2e8e                	lhu	a1,24(a3)
    6cfc:	0642                	slli	a2,a2,0x10
    6cfe:	0542                	slli	a0,a0,0x10
    6d00:	0115f5b3          	and	a1,a1,a7
    6d04:	0105e5b3          	or	a1,a1,a6
    6d08:	8141                	srli	a0,a0,0x10
    6d0a:	05c2                	slli	a1,a1,0x10
    6d0c:	a2ca                	sh	a0,4(a3)
    6d0e:	81c1                	srli	a1,a1,0x10
    6d10:	8241                	srli	a2,a2,0x10
    6d12:	ae8e                	sh	a1,24(a3)
    6d14:	fdf67613          	andi	a2,a2,-33
    6d18:	02069c23          	sh	zero,56(a3)
    6d1c:	01066613          	ori	a2,a2,16
    6d20:	b292                	sh	a2,32(a3)
    6d22:	3392                	lhu	a2,32(a5)
    6d24:	0642                	slli	a2,a2,0x10
    6d26:	8241                	srli	a2,a2,0x10
    6d28:	9a79                	andi	a2,a2,-2
    6d2a:	0642                	slli	a2,a2,0x10
    6d2c:	8241                	srli	a2,a2,0x10
    6d2e:	b392                	sh	a2,32(a5)
    6d30:	3392                	lhu	a2,32(a5)
    6d32:	23ca                	lhu	a0,4(a5)
    6d34:	2f8e                	lhu	a1,24(a5)
    6d36:	0642                	slli	a2,a2,0x10
    6d38:	0542                	slli	a0,a0,0x10
    6d3a:	05c2                	slli	a1,a1,0x10
    6d3c:	81c1                	srli	a1,a1,0x10
    6d3e:	f8c5f593          	andi	a1,a1,-116
    6d42:	8141                	srli	a0,a0,0x10
    6d44:	0605e593          	ori	a1,a1,96
    6d48:	8241                	srli	a2,a2,0x10
    6d4a:	a3ca                	sh	a0,4(a5)
    6d4c:	9a75                	andi	a2,a2,-3
    6d4e:	af8e                	sh	a1,24(a5)
    6d50:	02079a23          	sh	zero,52(a5) # ffff8034 <__freertos_irq_stack_top+0xdfff3034>
    6d54:	00166613          	ori	a2,a2,1
    6d58:	b392                	sh	a2,32(a5)
    6d5a:	3392                	lhu	a2,32(a5)
    6d5c:	0642                	slli	a2,a2,0x10
    6d5e:	8241                	srli	a2,a2,0x10
    6d60:	9a3d                	andi	a2,a2,-17
    6d62:	0642                	slli	a2,a2,0x10
    6d64:	8241                	srli	a2,a2,0x10
    6d66:	b392                	sh	a2,32(a5)
    6d68:	3392                	lhu	a2,32(a5)
    6d6a:	23ca                	lhu	a0,4(a5)
    6d6c:	2f8e                	lhu	a1,24(a5)
    6d6e:	0642                	slli	a2,a2,0x10
    6d70:	0542                	slli	a0,a0,0x10
    6d72:	0115f5b3          	and	a1,a1,a7
    6d76:	0105e5b3          	or	a1,a1,a6
    6d7a:	8141                	srli	a0,a0,0x10
    6d7c:	05c2                	slli	a1,a1,0x10
    6d7e:	a3ca                	sh	a0,4(a5)
    6d80:	81c1                	srli	a1,a1,0x10
    6d82:	8241                	srli	a2,a2,0x10
    6d84:	af8e                	sh	a1,24(a5)
    6d86:	fdf67613          	andi	a2,a2,-33
    6d8a:	02079c23          	sh	zero,56(a5)
    6d8e:	01066613          	ori	a2,a2,16
    6d92:	b392                	sh	a2,32(a5)
    6d94:	3392                	lhu	a2,32(a5)
    6d96:	0642                	slli	a2,a2,0x10
    6d98:	8241                	srli	a2,a2,0x10
    6d9a:	eff67613          	andi	a2,a2,-257
    6d9e:	0642                	slli	a2,a2,0x10
    6da0:	8241                	srli	a2,a2,0x10
    6da2:	b392                	sh	a2,32(a5)
    6da4:	3392                	lhu	a2,32(a5)
    6da6:	23ca                	lhu	a0,4(a5)
    6da8:	2fce                	lhu	a1,28(a5)
    6daa:	0642                	slli	a2,a2,0x10
    6dac:	0542                	slli	a0,a0,0x10
    6dae:	05c2                	slli	a1,a1,0x10
    6db0:	81c1                	srli	a1,a1,0x10
    6db2:	8141                	srli	a0,a0,0x10
    6db4:	f8c5f593          	andi	a1,a1,-116
    6db8:	a3ca                	sh	a0,4(a5)
    6dba:	0605e593          	ori	a1,a1,96
    6dbe:	8241                	srli	a2,a2,0x10
    6dc0:	afce                	sh	a1,28(a5)
    6dc2:	dff67613          	andi	a2,a2,-513
    6dc6:	02079e23          	sh	zero,60(a5)
    6dca:	10066613          	ori	a2,a2,256
    6dce:	b392                	sh	a2,32(a5)
    6dd0:	338e                	lhu	a1,32(a5)
    6dd2:	767d                	lui	a2,0xfffff
    6dd4:	fff60513          	addi	a0,a2,-1 # ffffefff <__freertos_irq_stack_top+0xdfff9fff>
    6dd8:	8de9                	and	a1,a1,a0
    6dda:	b38e                	sh	a1,32(a5)
    6ddc:	0207d303          	lhu	t1,32(a5)
    6de0:	0047de03          	lhu	t3,4(a5)
    6de4:	2fca                	lhu	a0,28(a5)
    6de6:	75f9                	lui	a1,0xffffe
    6de8:	0e42                	slli	t3,t3,0x10
    6dea:	01157533          	and	a0,a0,a7
    6dee:	01056533          	or	a0,a0,a6
    6df2:	010e5e13          	srli	t3,t3,0x10
    6df6:	0542                	slli	a0,a0,0x10
    6df8:	01c79223          	sh	t3,4(a5)
    6dfc:	8141                	srli	a0,a0,0x10
    6dfe:	fff58813          	addi	a6,a1,-1 # ffffdfff <__freertos_irq_stack_top+0xdfff8fff>
    6e02:	afca                	sh	a0,28(a5)
    6e04:	01037833          	and	a6,t1,a6
    6e08:	6885                	lui	a7,0x1
    6e0a:	04079023          	sh	zero,64(a5)
    6e0e:	01186833          	or	a6,a6,a7
    6e12:	03079023          	sh	a6,32(a5)
    6e16:	2f0a                	lhu	a0,24(a4)
    6e18:	7ff60613          	addi	a2,a2,2047
    6e1c:	0542                	slli	a0,a0,0x10
    6e1e:	8141                	srli	a0,a0,0x10
    6e20:	995d                	andi	a0,a0,-9
    6e22:	00856513          	ori	a0,a0,8
    6e26:	af0a                	sh	a0,24(a4)
    6e28:	01875803          	lhu	a6,24(a4)
    6e2c:	6505                	lui	a0,0x1
    6e2e:	80050513          	addi	a0,a0,-2048 # 800 <__stack_size>
    6e32:	00c87833          	and	a6,a6,a2
    6e36:	00a86833          	or	a6,a6,a0
    6e3a:	0842                	slli	a6,a6,0x10
    6e3c:	01085813          	srli	a6,a6,0x10
    6e40:	01071c23          	sh	a6,24(a4)
    6e44:	2e9a                	lhu	a4,24(a3)
    6e46:	0742                	slli	a4,a4,0x10
    6e48:	8341                	srli	a4,a4,0x10
    6e4a:	9b5d                	andi	a4,a4,-9
    6e4c:	00876713          	ori	a4,a4,8
    6e50:	ae9a                	sh	a4,24(a3)
    6e52:	2e9a                	lhu	a4,24(a3)
    6e54:	8f71                	and	a4,a4,a2
    6e56:	8f49                	or	a4,a4,a0
    6e58:	0742                	slli	a4,a4,0x10
    6e5a:	8341                	srli	a4,a4,0x10
    6e5c:	ae9a                	sh	a4,24(a3)
    6e5e:	2f9a                	lhu	a4,24(a5)
    6e60:	0742                	slli	a4,a4,0x10
    6e62:	8341                	srli	a4,a4,0x10
    6e64:	9b5d                	andi	a4,a4,-9
    6e66:	00876713          	ori	a4,a4,8
    6e6a:	af9a                	sh	a4,24(a5)
    6e6c:	2f9a                	lhu	a4,24(a5)
    6e6e:	8f71                	and	a4,a4,a2
    6e70:	8f49                	or	a4,a4,a0
    6e72:	0742                	slli	a4,a4,0x10
    6e74:	8341                	srli	a4,a4,0x10
    6e76:	af9a                	sh	a4,24(a5)
    6e78:	2fda                	lhu	a4,28(a5)
    6e7a:	0742                	slli	a4,a4,0x10
    6e7c:	8341                	srli	a4,a4,0x10
    6e7e:	9b5d                	andi	a4,a4,-9
    6e80:	00876713          	ori	a4,a4,8
    6e84:	afda                	sh	a4,28(a5)
    6e86:	2fda                	lhu	a4,28(a5)
    6e88:	8f71                	and	a4,a4,a2
    6e8a:	8f49                	or	a4,a4,a0
    6e8c:	0742                	slli	a4,a4,0x10
    6e8e:	8341                	srli	a4,a4,0x10
    6e90:	afda                	sh	a4,28(a5)
    6e92:	40022737          	lui	a4,0x40022
    6e96:	5b14                	lw	a3,48(a4)
    6e98:	400107b7          	lui	a5,0x40010
    6e9c:	0f000737          	lui	a4,0xf000
    6ea0:	43dc                	lw	a5,4(a5)
    6ea2:	8f75                	and	a4,a4,a3
    6ea4:	e719                	bnez	a4,6eb2 <main+0x904>
    6ea6:	0017d713          	srli	a4,a5,0x1
    6eaa:	07ce                	slli	a5,a5,0x13
    6eac:	8f6d                	and	a4,a4,a1
    6eae:	83cd                	srli	a5,a5,0x13
    6eb0:	8fd9                	or	a5,a5,a4
    6eb2:	0f000737          	lui	a4,0xf000
    6eb6:	30070693          	addi	a3,a4,768 # f000300 <ch32v20x_wwdg.c.13394d49+0xefe2597>
    6eba:	cff7f793          	andi	a5,a5,-769
    6ebe:	8fd5                	or	a5,a5,a3
    6ec0:	400106b7          	lui	a3,0x40010
    6ec4:	c2dc                	sw	a5,4(a3)
    6ec6:	42dc                	lw	a5,4(a3)
    6ec8:	400226b7          	lui	a3,0x40022
    6ecc:	5a94                	lw	a3,48(a3)
    6ece:	8f75                	and	a4,a4,a3
    6ed0:	eb01                	bnez	a4,6ee0 <main+0x932>
    6ed2:	0017d713          	srli	a4,a5,0x1
    6ed6:	76f9                	lui	a3,0xffffe
    6ed8:	07ce                	slli	a5,a5,0x13
    6eda:	8f75                	and	a4,a4,a3
    6edc:	83cd                	srli	a5,a5,0x13
    6ede:	8fd9                	or	a5,a5,a4
    6ee0:	777d                	lui	a4,0xfffff
    6ee2:	3ff70713          	addi	a4,a4,1023 # fffff3ff <__freertos_irq_stack_top+0xdfffa3ff>
    6ee6:	8ff9                	and	a5,a5,a4
    6ee8:	0f001737          	lui	a4,0xf001
    6eec:	80070713          	addi	a4,a4,-2048 # f000800 <ch32v20x_wwdg.c.13394d49+0xefe2a97>
    6ef0:	8fd9                	or	a5,a5,a4
    6ef2:	40010737          	lui	a4,0x40010
    6ef6:	c35c                	sw	a5,4(a4)
    6ef8:	435c                	lw	a5,4(a4)
    6efa:	40022737          	lui	a4,0x40022
    6efe:	5b14                	lw	a3,48(a4)
    6f00:	0f000737          	lui	a4,0xf000
    6f04:	8f75                	and	a4,a4,a3
    6f06:	eb01                	bnez	a4,6f16 <main+0x968>
    6f08:	0017d713          	srli	a4,a5,0x1
    6f0c:	76f9                	lui	a3,0xffffe
    6f0e:	07ce                	slli	a5,a5,0x13
    6f10:	8f75                	and	a4,a4,a3
    6f12:	83cd                	srli	a5,a5,0x13
    6f14:	8fd9                	or	a5,a5,a4
    6f16:	777d                	lui	a4,0xfffff
    6f18:	177d                	addi	a4,a4,-1 # ffffefff <__freertos_irq_stack_top+0xdfff9fff>
    6f1a:	8ff9                	and	a5,a5,a4
    6f1c:	0f000737          	lui	a4,0xf000
    6f20:	8fd9                	or	a5,a5,a4
    6f22:	40010737          	lui	a4,0x40010
    6f26:	c35c                	sw	a5,4(a4)
    6f28:	400007b7          	lui	a5,0x40000
    6f2c:	0447d703          	lhu	a4,68(a5) # 40000044 <__freertos_irq_stack_top+0x1fffb044>
    6f30:	76e1                	lui	a3,0xffff8
    6f32:	20002437          	lui	s0,0x20002
    6f36:	8f55                	or	a4,a4,a3
    6f38:	0742                	slli	a4,a4,0x10
    6f3a:	8341                	srli	a4,a4,0x10
    6f3c:	04e79223          	sh	a4,68(a5)
    6f40:	239a                	lhu	a4,0(a5)
    6f42:	200024b7          	lui	s1,0x20002
    6f46:	d9848493          	addi	s1,s1,-616 # 20001d98 <Motion_control_data_save>
    6f4a:	08076713          	ori	a4,a4,128
    6f4e:	a39a                	sh	a4,0(a5)
    6f50:	239a                	lhu	a4,0(a5)
    6f52:	9d840413          	addi	s0,s0,-1576 # 200019d8 <MOTOR_CONTROL>
    6f56:	4911                	li	s2,4
    6f58:	00176713          	ori	a4,a4,1
    6f5c:	a39a                	sh	a4,0(a5)
    6f5e:	4447d703          	lhu	a4,1092(a5)
    6f62:	8f55                	or	a4,a4,a3
    6f64:	0742                	slli	a4,a4,0x10
    6f66:	8341                	srli	a4,a4,0x10
    6f68:	44e79223          	sh	a4,1092(a5)
    6f6c:	4007d703          	lhu	a4,1024(a5)
    6f70:	08076713          	ori	a4,a4,128
    6f74:	40e79023          	sh	a4,1024(a5)
    6f78:	4007d703          	lhu	a4,1024(a5)
    6f7c:	00176713          	ori	a4,a4,1
    6f80:	40e79023          	sh	a4,1024(a5)
    6f84:	400017b7          	lui	a5,0x40001
    6f88:	8447d703          	lhu	a4,-1980(a5) # 40000844 <__freertos_irq_stack_top+0x1fffb844>
    6f8c:	8f55                	or	a4,a4,a3
    6f8e:	0742                	slli	a4,a4,0x10
    6f90:	8341                	srli	a4,a4,0x10
    6f92:	84e79223          	sh	a4,-1980(a5)
    6f96:	8007d703          	lhu	a4,-2048(a5)
    6f9a:	08076713          	ori	a4,a4,128
    6f9e:	80e79023          	sh	a4,-2048(a5)
    6fa2:	8007d703          	lhu	a4,-2048(a5)
    6fa6:	00176713          	ori	a4,a4,1
    6faa:	80e79023          	sh	a4,-2048(a5)
    6fae:	40021737          	lui	a4,0x40021
    6fb2:	4f1c                	lw	a5,24(a4)
    6fb4:	0307e793          	ori	a5,a5,48
    6fb8:	cf1c                	sw	a5,24(a4)
    6fba:	92cff0ef          	jal	ra,60e6 <_ZL13MOTOR_get_dirv>
    6fbe:	8bc1a983          	lw	s3,-1860(gp) # 2000024c <_ZL7g_scale+0x8c>
    6fc2:	c802                	sw	zero,16(sp)
    6fc4:	4542                	lw	a0,16(sp)
    6fc6:	4581                	li	a1,0
    6fc8:	09840413          	addi	s0,s0,152
    6fcc:	848fa0ef          	jal	ra,1014 <_Z22Motion_control_set_PWMhi>
    6fd0:	4088                	lw	a0,0(s1)
    6fd2:	ff342a23          	sw	s3,-12(s0)
    6fd6:	0491                	addi	s1,s1,4
    6fd8:	00c040ef          	jal	ra,afe4 <__floatsisf>
    6fdc:	47c2                	lw	a5,16(sp)
    6fde:	fea42c23          	sw	a0,-8(s0)
    6fe2:	0785                	addi	a5,a5,1
    6fe4:	0ff7f793          	zext.b	a5,a5
    6fe8:	c83e                	sw	a5,16(sp)
    6fea:	fd279de3          	bne	a5,s2,6fc4 <main+0xa16>
    6fee:	8401a703          	lw	a4,-1984(gp) # 200001d0 <_ZL7g_scale+0x10>
    6ff2:	8441a783          	lw	a5,-1980(gp) # 200001d4 <_ZL7g_scale+0x14>
    6ff6:	1ffff6b7          	lui	a3,0x1ffff
    6ffa:	7e868613          	addi	a2,a3,2024 # 1ffff7e8 <ch32v20x_wwdg.c.13394d49+0x1ffe1a7f>
    6ffe:	1b300513          	li	a0,435
    7002:	7f468693          	addi	a3,a3,2036
    7006:	02f507b3          	mul	a5,a0,a5
    700a:	220c                	lbu	a1,0(a2)
    700c:	0605                	addi	a2,a2,1
    700e:	8f2d                	xor	a4,a4,a1
    7010:	00871593          	slli	a1,a4,0x8
    7014:	95be                	add	a1,a1,a5
    7016:	02e537b3          	mulhu	a5,a0,a4
    701a:	02e50733          	mul	a4,a0,a4
    701e:	97ae                	add	a5,a5,a1
    7020:	fed613e3          	bne	a2,a3,7006 <main+0xa58>
    7024:	00279613          	slli	a2,a5,0x2
    7028:	01e75693          	srli	a3,a4,0x1e
    702c:	8ed1                	or	a3,a3,a2
    702e:	01e7d613          	srli	a2,a5,0x1e
    7032:	8f35                	xor	a4,a4,a3
    7034:	8fb1                	xor	a5,a5,a2
    7036:	bf5846b7          	lui	a3,0xbf584
    703a:	1ce4e637          	lui	a2,0x1ce4e
    703e:	5b960613          	addi	a2,a2,1465 # 1ce4e5b9 <ch32v20x_wwdg.c.13394d49+0x1ce30850>
    7042:	76d68693          	addi	a3,a3,1901 # bf58476d <__freertos_irq_stack_top+0x9f57f76d>
    7046:	02d706b3          	mul	a3,a4,a3
    704a:	200004b7          	lui	s1,0x20000
    704e:	40021937          	lui	s2,0x40021
    7052:	200009b7          	lui	s3,0x20000
    7056:	6a05                	lui	s4,0x1
    7058:	40011437          	lui	s0,0x40011
    705c:	4a8d                	li	s5,3
    705e:	02c787b3          	mul	a5,a5,a2
    7062:	97b6                	add	a5,a5,a3
    7064:	02c706b3          	mul	a3,a4,a2
    7068:	02c73733          	mulhu	a4,a4,a2
    706c:	97ba                	add	a5,a5,a4
    706e:	00579613          	slli	a2,a5,0x5
    7072:	01b6d713          	srli	a4,a3,0x1b
    7076:	8f51                	or	a4,a4,a2
    7078:	01b7d613          	srli	a2,a5,0x1b
    707c:	8f35                	xor	a4,a4,a3
    707e:	8fb1                	xor	a5,a5,a2
    7080:	133116b7          	lui	a3,0x13311
    7084:	94d05637          	lui	a2,0x94d05
    7088:	1eb68693          	addi	a3,a3,491 # 133111eb <ch32v20x_wwdg.c.13394d49+0x132f3482>
    708c:	9bb60613          	addi	a2,a2,-1605 # 94d049bb <__freertos_irq_stack_top+0x74cff9bb>
    7090:	02c70633          	mul	a2,a4,a2
    7094:	02d787b3          	mul	a5,a5,a3
    7098:	97b2                	add	a5,a5,a2
    709a:	02d70633          	mul	a2,a4,a3
    709e:	02d73733          	mulhu	a4,a4,a3
    70a2:	97ba                	add	a5,a5,a4
    70a4:	00179693          	slli	a3,a5,0x1
    70a8:	01f65713          	srli	a4,a2,0x1f
    70ac:	8f55                	or	a4,a4,a3
    70ae:	8e39                	xor	a2,a2,a4
    70b0:	41453737          	lui	a4,0x41453
    70b4:	01f7d693          	srli	a3,a5,0x1f
    70b8:	073d                	addi	a4,a4,15 # 4145300f <__freertos_irq_stack_top+0x2144e00f>
    70ba:	8fb5                	xor	a5,a5,a3
    70bc:	0ce4ae23          	sw	a4,220(s1) # 200000dc <long_packge_version_serial_number>
    70c0:	03000693          	li	a3,48
    70c4:	0dc48713          	addi	a4,s1,220
    70c8:	a354                	sb	a3,4(a4)
    70ca:	66ad                	lui	a3,0xb
    70cc:	6b068693          	addi	a3,a3,1712 # b6b0 <_ZZL28bambubus_build_static_serialvE3hex>
    70d0:	0ff7f313          	zext.b	t1,a5
    70d4:	0187de13          	srli	t3,a5,0x18
    70d8:	0107d813          	srli	a6,a5,0x10
    70dc:	0087d513          	srli	a0,a5,0x8
    70e0:	83f1                	srli	a5,a5,0x1c
    70e2:	97b6                	add	a5,a5,a3
    70e4:	239c                	lbu	a5,0(a5)
    70e6:	0ff87813          	zext.b	a6,a6
    70ea:	0ff57513          	zext.b	a0,a0
    70ee:	b35c                	sb	a5,5(a4)
    70f0:	00fe7793          	andi	a5,t3,15
    70f4:	97b6                	add	a5,a5,a3
    70f6:	239c                	lbu	a5,0(a5)
    70f8:	01865893          	srli	a7,a2,0x18
    70fc:	01065593          	srli	a1,a2,0x10
    7100:	a37c                	sb	a5,6(a4)
    7102:	00485793          	srli	a5,a6,0x4
    7106:	97b6                	add	a5,a5,a3
    7108:	239c                	lbu	a5,0(a5)
    710a:	0ff5f593          	zext.b	a1,a1
    710e:	03c701a3          	sb	t3,35(a4)
    7112:	b37c                	sb	a5,7(a4)
    7114:	00f87793          	andi	a5,a6,15
    7118:	97b6                	add	a5,a5,a3
    711a:	239c                	lbu	a5,0(a5)
    711c:	03070223          	sb	a6,36(a4)
    7120:	02670323          	sb	t1,38(a4)
    7124:	a71c                	sb	a5,8(a4)
    7126:	00455793          	srli	a5,a0,0x4
    712a:	97b6                	add	a5,a5,a3
    712c:	239c                	lbu	a5,0(a5)
    712e:	031703a3          	sb	a7,39(a4)
    7132:	02a702a3          	sb	a0,37(a4)
    7136:	b71c                	sb	a5,9(a4)
    7138:	00f57793          	andi	a5,a0,15
    713c:	97b6                	add	a5,a5,a3
    713e:	239c                	lbu	a5,0(a5)
    7140:	02b70423          	sb	a1,40(a4)
    7144:	20000537          	lui	a0,0x20000
    7148:	a73c                	sb	a5,10(a4)
    714a:	00435793          	srli	a5,t1,0x4
    714e:	97b6                	add	a5,a5,a3
    7150:	239c                	lbu	a5,0(a5)
    7152:	02850513          	addi	a0,a0,40 # 20000028 <online_detect_res+0x8>
    7156:	b73c                	sb	a5,11(a4)
    7158:	00f37793          	andi	a5,t1,15
    715c:	97b6                	add	a5,a5,a3
    715e:	239c                	lbu	a5,0(a5)
    7160:	a75c                	sb	a5,12(a4)
    7162:	01c65793          	srli	a5,a2,0x1c
    7166:	97b6                	add	a5,a5,a3
    7168:	239c                	lbu	a5,0(a5)
    716a:	b75c                	sb	a5,13(a4)
    716c:	00f8f793          	andi	a5,a7,15
    7170:	97b6                	add	a5,a5,a3
    7172:	239c                	lbu	a5,0(a5)
    7174:	a77c                	sb	a5,14(a4)
    7176:	0045d793          	srli	a5,a1,0x4
    717a:	96be                	add	a3,a3,a5
    717c:	229c                	lbu	a5,0(a3)
    717e:	b77c                	sb	a5,15(a4)
    7180:	47b9                	li	a5,14
    7182:	02f700a3          	sb	a5,33(a4)
    7186:	fa000793          	li	a5,-96
    718a:	02f70123          	sb	a5,34(a4)
    718e:	00865793          	srli	a5,a2,0x8
    7192:	031704a3          	sb	a7,41(a4)
    7196:	02f705a3          	sb	a5,43(a4)
    719a:	57fd                	li	a5,-1
    719c:	02f706a3          	sb	a5,45(a4)
    71a0:	b77e                	sh	a5,46(a4)
    71a2:	02f70823          	sb	a5,48(a4)
    71a6:	02b70523          	sb	a1,42(a4)
    71aa:	02c70623          	sb	a2,44(a4)
    71ae:	040700a3          	sb	zero,65(a4)
    71b2:	9e018623          	sb	zero,-1556(gp) # 2000037c <_ZL15have_registered>
    71b6:	47b1                	li	a5,12
    71b8:	80f186a3          	sb	a5,-2035(gp) # 2000019d <_ZL24online_detect_prefix_now>
    71bc:	200005b7          	lui	a1,0x20000
    71c0:	4641                	li	a2,16
    71c2:	9e0185a3          	sb	zero,-1557(gp) # 2000037b <_ZL19online_detect_phase>
    71c6:	0fd58593          	addi	a1,a1,253 # 200000fd <long_packge_version_serial_number+0x21>
    71ca:	200007b7          	lui	a5,0x20000
    71ce:	02078323          	sb	zero,38(a5) # 20000026 <online_detect_res+0x6>
    71d2:	f2ff80ef          	jal	ra,100 <memcpy>
    71d6:	a201a423          	sw	zero,-1496(gp) # 200003b8 <_ZL27bambubus_heartbeat_deadline>
    71da:	01492783          	lw	a5,20(s2) # 40021014 <__freertos_irq_stack_top+0x2001c014>
    71de:	3e700693          	li	a3,999
    71e2:	80040513          	addi	a0,s0,-2048 # 40010800 <__freertos_irq_stack_top+0x2000b800>
    71e6:	0407e793          	ori	a5,a5,64
    71ea:	00f92a23          	sw	a5,20(s2)
    71ee:	4bc98793          	addi	a5,s3,1212 # 200004bc <bus_port_to_host>
    71f2:	97d2                	add	a5,a5,s4
    71f4:	40078713          	addi	a4,a5,1024
    71f8:	c714                	sw	a3,8(a4)
    71fa:	200016b7          	lui	a3,0x20001
    71fe:	ebc68693          	addi	a3,a3,-324 # 20000ebc <__global_pointer$+0x52c>
    7202:	cb14                	sw	a3,16(a4)
    7204:	200016b7          	lui	a3,0x20001
    7208:	3bc68693          	addi	a3,a3,956 # 200013bc <__global_pointer$+0xa2c>
    720c:	cf54                	sw	a3,28(a4)
    720e:	4685                	li	a3,1
    7210:	42d784a3          	sb	a3,1065(a5)
    7214:	4207a223          	sw	zero,1060(a5)
    7218:	4007a223          	sw	zero,1028(a5)
    721c:	40079623          	sh	zero,1036(a5)
    7220:	40078723          	sb	zero,1038(a5)
    7224:	4007aa23          	sw	zero,1044(a5)
    7228:	4207a023          	sw	zero,1056(a5)
    722c:	40078023          	sb	zero,1024(a5)
    7230:	6785                	lui	a5,0x1
    7232:	02011d23          	sh	zero,58(sp)
    7236:	04011f23          	sh	zero,94(sp)
    723a:	06011023          	sh	zero,96(sp)
    723e:	06011123          	sh	zero,98(sp)
    7242:	06011223          	sh	zero,100(sp)
    7246:	06011323          	sh	zero,102(sp)
    724a:	d802                	sw	zero,48(sp)
    724c:	da02                	sw	zero,52(sp)
    724e:	07478793          	addi	a5,a5,116 # 1074 <_Z18bus_uart1_dma_sendPht>
    7252:	cf1c                	sw	a5,24(a4)
    7254:	01892783          	lw	a5,24(s2)
    7258:	6711                	lui	a4,0x4
    725a:	182c                	addi	a1,sp,56
    725c:	8fd9                	or	a5,a5,a4
    725e:	00f92c23          	sw	a5,24(s2)
    7262:	01892783          	lw	a5,24(s2)
    7266:	0047e793          	ori	a5,a5,4
    726a:	00f92c23          	sw	a5,24(s2)
    726e:	01492783          	lw	a5,20(s2)
    7272:	0017e793          	ori	a5,a5,1
    7276:	00f92a23          	sw	a5,20(s2)
    727a:	20000793          	li	a5,512
    727e:	02f11c23          	sh	a5,56(sp)
    7282:	47e1                	li	a5,24
    7284:	c0be                	sw	a5,64(sp)
    7286:	de56                	sw	s5,60(sp)
    7288:	843fa0ef          	jal	ra,1aca <GPIO_Init>
    728c:	40000793          	li	a5,1024
    7290:	80040513          	addi	a0,s0,-2048
    7294:	02f11c23          	sh	a5,56(sp)
    7298:	182c                	addi	a1,sp,56
    729a:	04800793          	li	a5,72
    729e:	c0be                	sw	a5,64(sp)
    72a0:	82bfa0ef          	jal	ra,1aca <GPIO_Init>
    72a4:	47c1                	li	a5,16
    72a6:	80040513          	addi	a0,s0,-2048
    72aa:	182c                	addi	a1,sp,56
    72ac:	c0be                	sw	a5,64(sp)
    72ae:	03411c23          	sh	s4,56(sp)
    72b2:	de56                	sw	s5,60(sp)
    72b4:	817fa0ef          	jal	ra,1aca <GPIO_Init>
    72b8:	80040413          	addi	s0,s0,-2048
    72bc:	001317b7          	lui	a5,0x131
    72c0:	01442a23          	sw	s4,20(s0)
    72c4:	400146b7          	lui	a3,0x40014
    72c8:	2d078793          	addi	a5,a5,720 # 1312d0 <ch32v20x_wwdg.c.13394d49+0x113567>
    72cc:	ccbe                	sw	a5,88(sp)
    72ce:	8106d783          	lhu	a5,-2032(a3) # 40013810 <__freertos_irq_stack_top+0x2000e810>
    72d2:	7775                	lui	a4,0xffffd
    72d4:	177d                	addi	a4,a4,-1 # ffffcfff <__freertos_irq_stack_top+0xdfff7fff>
    72d6:	8ff9                	and	a5,a5,a4
    72d8:	80f69823          	sh	a5,-2032(a3)
    72dc:	80c6d703          	lhu	a4,-2036(a3)
    72e0:	77fd                	lui	a5,0xfffff
    72e2:	9f378793          	addi	a5,a5,-1549 # ffffe9f3 <__freertos_irq_stack_top+0xdfff99f3>
    72e6:	8f7d                	and	a4,a4,a5
    72e8:	40ca0793          	addi	a5,s4,1036 # 140c <_Z10set_motionhhhh.part.0+0x17c>
    72ec:	8fd9                	or	a5,a5,a4
    72ee:	80f69623          	sh	a5,-2036(a3)
    72f2:	8146d783          	lhu	a5,-2028(a3)
    72f6:	20001437          	lui	s0,0x20001
    72fa:	4721                	li	a4,8
    72fc:	07c2                	slli	a5,a5,0x10
    72fe:	83c1                	srli	a5,a5,0x10
    7300:	cff7f793          	andi	a5,a5,-769
    7304:	07c2                	slli	a5,a5,0x10
    7306:	83c1                	srli	a5,a5,0x10
    7308:	80f69a23          	sh	a5,-2028(a3)
    730c:	00492783          	lw	a5,4(s2)
    7310:	0dc48693          	addi	a3,s1,220
    7314:	d036                	sw	a3,32(sp)
    7316:	4bc98693          	addi	a3,s3,1212
    731a:	8bb1                	andi	a5,a5,12
    731c:	c636                	sw	a3,12(sp)
    731e:	4bc40413          	addi	s0,s0,1212 # 200014bc <__global_pointer$+0xb2c>
    7322:	3ce79063          	bne	a5,a4,76e2 <main+0x1134>
    7326:	00492783          	lw	a5,4(s2)
    732a:	00492703          	lw	a4,4(s2)
    732e:	66c1                	lui	a3,0x10
    7330:	83c9                	srli	a5,a5,0x12
    7332:	8bbd                	andi	a5,a5,15
    7334:	8f75                	and	a4,a4,a3
    7336:	0789                	addi	a5,a5,2
    7338:	46c5                	li	a3,17
    733a:	00d79363          	bne	a5,a3,7340 <main+0xd92>
    733e:	47c9                	li	a5,18
    7340:	18071063          	bnez	a4,74c0 <main+0xf12>
    7344:	40024737          	lui	a4,0x40024
    7348:	80072703          	lw	a4,-2048(a4) # 40023800 <__freertos_irq_stack_top+0x2001e800>
    734c:	8b41                	andi	a4,a4,16
    734e:	18070163          	beqz	a4,74d0 <main+0xf22>
    7352:	007a1737          	lui	a4,0x7a1
    7356:	20070713          	addi	a4,a4,512 # 7a1200 <ch32v20x_wwdg.c.13394d49+0x783497>
    735a:	aabd                	j	74d8 <main+0xf2a>
    735c:	007a17b7          	lui	a5,0x7a1
    7360:	20078793          	addi	a5,a5,512 # 7a1200 <ch32v20x_wwdg.c.13394d49+0x783497>
    7364:	aaaff06f          	j	660e <main+0x60>
    7368:	d39fa0ef          	jal	ra,20a0 <_Z12ADC_DMA_initv.part.0>
    736c:	d26ff06f          	j	6892 <main+0x2e4>
    7370:	4681                	li	a3,0
    7372:	4701                	li	a4,0
    7374:	0ff00613          	li	a2,255
    7378:	e38ff06f          	j	69b0 <main+0x402>
    737c:	01f78eb3          	add	t4,a5,t6
    7380:	000ece83          	lbu	t4,0(t4)
    7384:	4281                	li	t0,0
    7386:	000e8663          	beqz	t4,7392 <main+0xde4>
    738a:	1efd                	addi	t4,t4,-1
    738c:	001ebe93          	seqz	t4,t4
    7390:	4285                	li	t0,1
    7392:	4981                	li	s3,0
    7394:	4a01                	li	s4,0
    7396:	00000493          	li	s1,0
    739a:	00570023          	sb	t0,0(a4)
    739e:	01de0023          	sb	t4,0(t3)
    73a2:	00030023          	sb	zero,0(t1)
    73a6:	00088023          	sb	zero,0(a7) # 1000 <_ZN14_MOTOR_CONTROL10set_motionE20filament_motion_enumyy+0x51c>
    73aa:	00080023          	sb	zero,0(a6) # 6000 <_Z22AS5600_distance_updatam+0xfc>
    73ae:	01352023          	sw	s3,0(a0)
    73b2:	01452223          	sw	s4,4(a0)
    73b6:	c184                	sw	s1,0(a1)
    73b8:	c204                	sw	s1,0(a2)
    73ba:	0136a023          	sw	s3,0(a3) # 10000 <MC_PULL_calibration.cpp.947435e8+0x717>
    73be:	0146a223          	sw	s4,4(a3)
    73c2:	ed0ff06f          	j	6a92 <main+0x4e4>
    73c6:	08040693          	addi	a3,s0,128
    73ca:	429c                	lw	a5,0(a3)
    73cc:	000a2603          	lw	a2,0(s4)
    73d0:	00291713          	slli	a4,s2,0x2
    73d4:	97ba                	add	a5,a5,a4
    73d6:	c390                	sw	a2,0(a5)
    73d8:	01548633          	add	a2,s1,s5
    73dc:	220e                	lhu	a1,0(a2)
    73de:	4690                	lw	a2,8(a3)
    73e0:	0009ab83          	lw	s7,0(s3)
    73e4:	42d4                	lw	a3,4(a3)
    73e6:	9626                	add	a2,a2,s1
    73e8:	a20e                	sh	a1,0(a2)
    73ea:	5c70                	lw	a2,124(s0)
    73ec:	96a6                	add	a3,a3,s1
    73ee:	0a11                	addi	s4,s4,4
    73f0:	963a                	add	a2,a2,a4
    73f2:	01762023          	sw	s7,0(a2)
    73f6:	01648633          	add	a2,s1,s6
    73fa:	2212                	lhu	a2,0(a2)
    73fc:	4388                	lw	a0,0(a5)
    73fe:	0991                	addi	s3,s3,4
    7400:	a292                	sh	a2,0(a3)
    7402:	4054                	lw	a3,4(s0)
    7404:	96ba                	add	a3,a3,a4
    7406:	0186a023          	sw	s8,0(a3)
    740a:	4014                	lw	a3,0(s0)
    740c:	96ca                	add	a3,a3,s2
    740e:	00068023          	sb	zero,0(a3)
    7412:	4414                	lw	a3,8(s0)
    7414:	0905                	addi	s2,s2,1
    7416:	96a6                	add	a3,a3,s1
    7418:	00069023          	sh	zero,0(a3)
    741c:	4454                	lw	a3,12(s0)
    741e:	96a6                	add	a3,a3,s1
    7420:	00069023          	sh	zero,0(a3)
    7424:	5c34                	lw	a3,120(s0)
    7426:	0489                	addi	s1,s1,2
    7428:	9736                	add	a4,a4,a3
    742a:	00072023          	sw	zero,0(a4)
    742e:	fddfa0ef          	jal	ra,240a <_ZN20AS5600_soft_IIC_many17enable_gpio_clockEP12GPIO_TypeDef.constprop.0>
    7432:	855e                	mv	a0,s7
    7434:	fd7fa0ef          	jal	ra,240a <_ZN20AS5600_soft_IIC_many17enable_gpio_clockEP12GPIO_TypeDef.constprop.0>
    7438:	eacff06f          	j	6ae4 <main+0x536>
    743c:	08040493          	addi	s1,s0,128
    7440:	409c                	lw	a5,0(s1)
    7442:	00299913          	slli	s2,s3,0x2
    7446:	00199a13          	slli	s4,s3,0x1
    744a:	97ca                	add	a5,a5,s2
    744c:	4388                	lw	a0,0(a5)
    744e:	449c                	lw	a5,8(s1)
    7450:	08ac                	addi	a1,sp,88
    7452:	0985                	addi	s3,s3,1
    7454:	97d2                	add	a5,a5,s4
    7456:	239a                	lhu	a4,0(a5)
    7458:	5c7c                	lw	a5,124(s0)
    745a:	c918                	sw	a4,16(a0)
    745c:	97ca                	add	a5,a5,s2
    745e:	4394                	lw	a3,0(a5)
    7460:	40dc                	lw	a5,4(s1)
    7462:	97d2                	add	a5,a5,s4
    7464:	239e                	lhu	a5,0(a5)
    7466:	ca9c                	sw	a5,16(a3)
    7468:	cc82                	sw	zero,88(sp)
    746a:	04e11c23          	sh	a4,88(sp)
    746e:	ceda                	sw	s6,92(sp)
    7470:	d0de                	sw	s7,96(sp)
    7472:	e58fa0ef          	jal	ra,1aca <GPIO_Init>
    7476:	40dc                	lw	a5,4(s1)
    7478:	08ac                	addi	a1,sp,88
    747a:	d0d6                	sw	s5,96(sp)
    747c:	97d2                	add	a5,a5,s4
    747e:	239e                	lhu	a5,0(a5)
    7480:	04f11c23          	sh	a5,88(sp)
    7484:	5c7c                	lw	a5,124(s0)
    7486:	97ca                	add	a5,a5,s2
    7488:	4388                	lw	a0,0(a5)
    748a:	e40fa0ef          	jal	ra,1aca <GPIO_Init>
    748e:	409c                	lw	a5,0(s1)
    7490:	97ca                	add	a5,a5,s2
    7492:	4398                	lw	a4,0(a5)
    7494:	449c                	lw	a5,8(s1)
    7496:	97d2                	add	a5,a5,s4
    7498:	239e                	lhu	a5,0(a5)
    749a:	cb1c                	sw	a5,16(a4)
    749c:	5c7c                	lw	a5,124(s0)
    749e:	97ca                	add	a5,a5,s2
    74a0:	4398                	lw	a4,0(a5)
    74a2:	40dc                	lw	a5,4(s1)
    74a4:	97d2                	add	a5,a5,s4
    74a6:	239e                	lhu	a5,0(a5)
    74a8:	cb1c                	sw	a5,16(a4)
    74aa:	5c3c                	lw	a5,120(s0)
    74ac:	97ca                	add	a5,a5,s2
    74ae:	0007a023          	sw	zero,0(a5)
    74b2:	e40ff06f          	j	6af2 <main+0x544>
    74b6:	4501                	li	a0,0
    74b8:	460d                	li	a2,3
    74ba:	4701                	li	a4,0
    74bc:	e7eff06f          	j	6b3a <main+0x58c>
    74c0:	40021737          	lui	a4,0x40021
    74c4:	4358                	lw	a4,4(a4)
    74c6:	000206b7          	lui	a3,0x20
    74ca:	8f75                	and	a4,a4,a3
    74cc:	e80703e3          	beqz	a4,7352 <main+0xda4>
    74d0:	003d1737          	lui	a4,0x3d1
    74d4:	90070713          	addi	a4,a4,-1792 # 3d0900 <ch32v20x_wwdg.c.13394d49+0x3b2b97>
    74d8:	02e787b3          	mul	a5,a5,a4
    74dc:	40021637          	lui	a2,0x40021
    74e0:	4254                	lw	a3,4(a2)
    74e2:	20000737          	lui	a4,0x20000
    74e6:	01070713          	addi	a4,a4,16 # 20000010 <APBAHBPrescTable>
    74ea:	8291                	srli	a3,a3,0x4
    74ec:	8abd                	andi	a3,a3,15
    74ee:	96ba                	add	a3,a3,a4
    74f0:	228c                	lbu	a1,0(a3)
    74f2:	4254                	lw	a3,4(a2)
    74f4:	00b7d7b3          	srl	a5,a5,a1
    74f8:	82a1                	srli	a3,a3,0x8
    74fa:	8a9d                	andi	a3,a3,7
    74fc:	96ba                	add	a3,a3,a4
    74fe:	2294                	lbu	a3,0(a3)
    7500:	4254                	lw	a3,4(a2)
    7502:	82ad                	srli	a3,a3,0xb
    7504:	8a9d                	andi	a3,a3,7
    7506:	9736                	add	a4,a4,a3
    7508:	2308                	lbu	a0,0(a4)
    750a:	4258                	lw	a4,4(a2)
    750c:	200006b7          	lui	a3,0x20000
    7510:	19868693          	addi	a3,a3,408 # 20000198 <ADCPrescTable>
    7514:	8339                	srli	a4,a4,0xe
    7516:	8b0d                	andi	a4,a4,3
    7518:	9736                	add	a4,a4,a3
    751a:	2318                	lbu	a4,0(a4)
    751c:	00a7d7b3          	srl	a5,a5,a0
    7520:	4765                	li	a4,25
    7522:	02e787b3          	mul	a5,a5,a4
    7526:	004c5737          	lui	a4,0x4c5
    752a:	b4070713          	addi	a4,a4,-1216 # 4c4b40 <ch32v20x_wwdg.c.13394d49+0x4a6dd7>
    752e:	06400693          	li	a3,100
    7532:	02e7d7b3          	divu	a5,a5,a4
    7536:	02d7d733          	divu	a4,a5,a3
    753a:	02d7f7b3          	remu	a5,a5,a3
    753e:	0712                	slli	a4,a4,0x4
    7540:	0792                	slli	a5,a5,0x4
    7542:	03278793          	addi	a5,a5,50
    7546:	02d7d7b3          	divu	a5,a5,a3
    754a:	8bbd                	andi	a5,a5,15
    754c:	8fd9                	or	a5,a5,a4
    754e:	07c2                	slli	a5,a5,0x10
    7550:	40014737          	lui	a4,0x40014
    7554:	83c1                	srli	a5,a5,0x10
    7556:	80f71423          	sh	a5,-2040(a4) # 40013808 <__freertos_irq_stack_top+0x2000e808>
    755a:	80c70793          	addi	a5,a4,-2036
    755e:	4398                	lw	a4,0(a5)
    7560:	02076713          	ori	a4,a4,32
    7564:	c398                	sw	a4,0(a5)
    7566:	4398                	lw	a4,0(a5)
    7568:	04076713          	ori	a4,a4,64
    756c:	c398                	sw	a4,0(a5)
    756e:	9e01a703          	lw	a4,-1568(gp) # 20000370 <NVIC_Priority_Group>
    7572:	4785                	li	a5,1
    7574:	00f71663          	bne	a4,a5,7580 <main+0xfd2>
    7578:	e000e7b7          	lui	a5,0xe000e
    757c:	42078aa3          	sb	zero,1077(a5) # e000e435 <__freertos_irq_stack_top+0xc0009435>
    7580:	e000e7b7          	lui	a5,0xe000e
    7584:	00200737          	lui	a4,0x200
    7588:	10e7a223          	sw	a4,260(a5) # e000e104 <__freertos_irq_stack_top+0xc0009104>
    758c:	aac18793          	addi	a5,gp,-1364 # 2000043c <bus_uart1_dma_init_structure>
    7590:	46c1                	li	a3,16
    7592:	c794                	sw	a3,8(a5)
    7594:	40014737          	lui	a4,0x40014
    7598:	08000693          	li	a3,128
    759c:	cbd4                	sw	a3,20(a5)
    759e:	80470813          	addi	a6,a4,-2044 # 40013804 <__freertos_irq_stack_top+0x2000e804>
    75a2:	668d                	lui	a3,0x3
    75a4:	d3d4                	sw	a3,36(a5)
    75a6:	0007a623          	sw	zero,12(a5)
    75aa:	0107a023          	sw	a6,0(a5)
    75ae:	0007a223          	sw	zero,4(a5)
    75b2:	0207a023          	sw	zero,32(a5)
    75b6:	0007a823          	sw	zero,16(a5)
    75ba:	0207a423          	sw	zero,40(a5)
    75be:	0007ae23          	sw	zero,28(a5)
    75c2:	0007ac23          	sw	zero,24(a5)
    75c6:	400205b7          	lui	a1,0x40020
    75ca:	41fc                	lw	a5,68(a1)
    75cc:	7561                	lui	a0,0xffff8
    75ce:	053d                	addi	a0,a0,15 # ffff800f <__freertos_irq_stack_top+0xdfff300f>
    75d0:	09068693          	addi	a3,a3,144 # 3090 <_ZL16motor_motion_runiym+0xbb6>
    75d4:	8fe9                	and	a5,a5,a0
    75d6:	8fd5                	or	a5,a5,a3
    75d8:	c1fc                	sw	a5,68(a1)
    75da:	0405a423          	sw	zero,72(a1) # 40020048 <__freertos_irq_stack_top+0x2001b048>
    75de:	0505a623          	sw	a6,76(a1)
    75e2:	0405a823          	sw	zero,80(a1)
    75e6:	80070793          	addi	a5,a4,-2048
    75ea:	80c75703          	lhu	a4,-2036(a4)
    75ee:	6689                	lui	a3,0x2
    75f0:	8f55                	or	a4,a4,a3
    75f2:	a7da                	sh	a4,12(a5)
    75f4:	200027b7          	lui	a5,0x20002
    75f8:	db078793          	addi	a5,a5,-592 # 20001db0 <ams>
    75fc:	cc3e                	sw	a5,24(sp)
    75fe:	86c1a783          	lw	a5,-1940(gp) # 200001fc <_ZL7g_scale+0x3c>
    7602:	d43e                	sw	a5,40(sp)
    7604:	9b01a783          	lw	a5,-1616(gp) # 20000340 <_ZL7g_scale+0x180>
    7608:	d63e                	sw	a5,44(sp)
    760a:	e000f7b7          	lui	a5,0xe000f
    760e:	0087aa03          	lw	s4,8(a5) # e000f008 <__freertos_irq_stack_top+0xc000a008>
    7612:	80002773          	csrr	a4,0x800
    7616:	08800613          	li	a2,136
    761a:	80063073          	csrc	0x800,a2
    761e:	42042683          	lw	a3,1056(s0)
    7622:	42844783          	lbu	a5,1064(s0)
    7626:	41c42583          	lw	a1,1052(s0)
    762a:	0ff7f793          	zext.b	a5,a5
    762e:	80063073          	csrc	0x800,a2
    7632:	08877713          	andi	a4,a4,136
    7636:	80072073          	csrs	0x800,a4
    763a:	44c2                	lw	s1,16(sp)
    763c:	02d05863          	blez	a3,766c <main+0x10be>
    7640:	03300713          	li	a4,51
    7644:	02e79463          	bne	a5,a4,766c <main+0x10be>
    7648:	e1d5                	bnez	a1,76ec <main+0x113e>
    764a:	44c2                	lw	s1,16(sp)
    764c:	800027f3          	csrr	a5,0x800
    7650:	08800713          	li	a4,136
    7654:	80073073          	csrc	0x800,a4
    7658:	42042023          	sw	zero,1056(s0)
    765c:	42040423          	sb	zero,1064(s0)
    7660:	80073073          	csrc	0x800,a4
    7664:	0887f793          	andi	a5,a5,136
    7668:	8007a073          	csrs	0x800,a5
    766c:	9e41a783          	lw	a5,-1564(gp) # 20000374 <_ZZ10ahubus_runvE8deadline>
    7670:	40fa0a33          	sub	s4,s4,a5
    7674:	01405363          	blez	s4,767a <main+0x10cc>
    7678:	4495                	li	s1,5
    767a:	e000f7b7          	lui	a5,0xe000f
    767e:	479c                	lw	a5,8(a5)
    7680:	ca3e                	sw	a5,20(sp)
    7682:	800026f3          	csrr	a3,0x800
    7686:	08800713          	li	a4,136
    768a:	80073073          	csrc	0x800,a4
    768e:	42042a83          	lw	s5,1056(s0)
    7692:	42844783          	lbu	a5,1064(s0)
    7696:	41c42903          	lw	s2,1052(s0)
    769a:	0ff7f793          	zext.b	a5,a5
    769e:	80073073          	csrc	0x800,a4
    76a2:	0886f693          	andi	a3,a3,136
    76a6:	8006a073          	csrs	0x800,a3
    76aa:	59504663          	bgtz	s5,7c36 <main+0x1688>
    76ae:	800026f3          	csrr	a3,0x800
    76b2:	80073073          	csrc	0x800,a4
    76b6:	a281a783          	lw	a5,-1496(gp) # 200003b8 <_ZL27bambubus_heartbeat_deadline>
    76ba:	80073073          	csrc	0x800,a4
    76be:	0886f713          	andi	a4,a3,136
    76c2:	80072073          	csrs	0x800,a4
    76c6:	9f41a683          	lw	a3,-1548(gp) # 20000384 <_ZZ12bambubus_runvE16last_hb_deadline>
    76ca:	4981                	li	s3,0
    76cc:	5ed78563          	beq	a5,a3,7cb6 <main+0x1708>
    76d0:	9ef1aa23          	sw	a5,-1548(gp) # 20000384 <_ZZ12bambubus_runvE16last_hb_deadline>
    76d4:	4752                	lw	a4,20(sp)
    76d6:	40e78733          	sub	a4,a5,a4
    76da:	5ce05e63          	blez	a4,7cb6 <main+0x1708>
    76de:	49b1                	li	s3,12
    76e0:	abd9                	j	7cb6 <main+0x1708>
    76e2:	007a17b7          	lui	a5,0x7a1
    76e6:	20078793          	addi	a5,a5,512 # 7a1200 <ch32v20x_wwdg.c.13394d49+0x783497>
    76ea:	bbcd                	j	74dc <main+0xf2e>
    76ec:	50000713          	li	a4,1280
    76f0:	f4d74de3          	blt	a4,a3,764a <main+0x109c>
    76f4:	2198                	lbu	a4,0(a1)
    76f6:	f4f71ae3          	bne	a4,a5,764a <main+0x109c>
    76fa:	21bc                	lbu	a5,2(a1)
    76fc:	40023737          	lui	a4,0x40023
    7700:	4685                	li	a3,1
    7702:	c714                	sw	a3,8(a4)
    7704:	0789                	addi	a5,a5,2
    7706:	4701                	li	a4,0
    7708:	40023637          	lui	a2,0x40023
    770c:	00271693          	slli	a3,a4,0x2
    7710:	96ae                	add	a3,a3,a1
    7712:	4294                	lw	a3,0(a3)
    7714:	0705                	addi	a4,a4,1 # 40023001 <__freertos_irq_stack_top+0x2001e001>
    7716:	c214                	sw	a3,0(a2)
    7718:	fef76ae3          	bltu	a4,a5,770c <main+0x115e>
    771c:	078a                	slli	a5,a5,0x2
    771e:	97ae                	add	a5,a5,a1
    7720:	4218                	lw	a4,0(a2)
    7722:	439c                	lw	a5,0(a5)
    7724:	f2f713e3          	bne	a4,a5,764a <main+0x109c>
    7728:	21c4                	lbu	s1,4(a1)
    772a:	4789                	li	a5,2
    772c:	0af48463          	beq	s1,a5,77d4 <main+0x1226>
    7730:	478d                	li	a5,3
    7732:	3cf48f63          	beq	s1,a5,7b10 <main+0x1562>
    7736:	4785                	li	a5,1
    7738:	f0f49ae3          	bne	s1,a5,764c <main+0x109e>
    773c:	42442783          	lw	a5,1060(s0)
    7740:	ebbd                	bnez	a5,77b6 <main+0x1208>
    7742:	40044783          	lbu	a5,1024(s0)
    7746:	4532                	lw	a0,12(sp)
    7748:	c789                	beqz	a5,7752 <main+0x11a4>
    774a:	20001537          	lui	a0,0x20001
    774e:	9bc50513          	addi	a0,a0,-1604 # 200009bc <__global_pointer$+0x2c>
    7752:	03300793          	li	a5,51
    7756:	a11c                	sb	a5,0(a0)
    7758:	319c                	lbu	a5,1(a1)
    775a:	20002737          	lui	a4,0x20002
    775e:	db070613          	addi	a2,a4,-592 # 20001db0 <ams>
    7762:	b11c                	sb	a5,1(a0)
    7764:	4785                	li	a5,1
    7766:	a15c                	sb	a5,4(a0)
    7768:	4681                	li	a3,0
    776a:	00650793          	addi	a5,a0,6
    776e:	4701                	li	a4,0
    7770:	45c1                	li	a1,16
    7772:	11064803          	lbu	a6,272(a2) # 40023110 <__freertos_irq_stack_top+0x2001e110>
    7776:	00080b63          	beqz	a6,778c <main+0x11de>
    777a:	00064803          	lbu	a6,0(a2)
    777e:	0705                	addi	a4,a4,1
    7780:	a394                	sb	a3,0(a5)
    7782:	010780a3          	sb	a6,1(a5)
    7786:	0ff77713          	zext.b	a4,a4
    778a:	0789                	addi	a5,a5,2
    778c:	0691                	addi	a3,a3,4 # 2004 <_Z32MC_PULL_detect_channels_insertedv+0x56>
    778e:	0ff6f693          	zext.b	a3,a3
    7792:	11460613          	addi	a2,a2,276
    7796:	fcb69ee3          	bne	a3,a1,7772 <main+0x11c4>
    779a:	b158                	sb	a4,5(a0)
    779c:	8b05                	andi	a4,a4,1
    779e:	e701                	bnez	a4,77a6 <main+0x11f8>
    77a0:	00079023          	sh	zero,0(a5)
    77a4:	0789                	addi	a5,a5,2
    77a6:	8f89                	sub	a5,a5,a0
    77a8:	8789                	srai	a5,a5,0x2
    77aa:	17f9                	addi	a5,a5,-2
    77ac:	a13c                	sb	a5,2(a0)
    77ae:	981f90ef          	jal	ra,112e <_Z22ahubus_package_add_crcPh>
    77b2:	42a42223          	sw	a0,1060(s0)
    77b6:	82c1a783          	lw	a5,-2004(gp) # 200001bc <time_hw_tpms>
    77ba:	cb89                	beqz	a5,77cc <main+0x121e>
    77bc:	3e800713          	li	a4,1000
    77c0:	02e7b6b3          	mulhu	a3,a5,a4
    77c4:	02e787b3          	mul	a5,a5,a4
    77c8:	c291                	beqz	a3,77cc <main+0x121e>
    77ca:	57fd                	li	a5,-1
    77cc:	97d2                	add	a5,a5,s4
    77ce:	9ef1a223          	sw	a5,-1564(gp) # 20000374 <_ZZ10ahubus_runvE8deadline>
    77d2:	bdad                	j	764c <main+0x109e>
    77d4:	42442783          	lw	a5,1060(s0)
    77d8:	e6079ae3          	bnez	a5,764c <main+0x109e>
    77dc:	40044783          	lbu	a5,1024(s0)
    77e0:	4ab2                	lw	s5,12(sp)
    77e2:	c789                	beqz	a5,77ec <main+0x123e>
    77e4:	20001ab7          	lui	s5,0x20001
    77e8:	9bca8a93          	addi	s5,s5,-1604 # 200009bc <__global_pointer$+0x2c>
    77ec:	9c418793          	addi	a5,gp,-1596 # 20000354 <_ZL30ahubus_host_package_query_init>
    77f0:	4398                	lw	a4,0(a5)
    77f2:	43dc                	lw	a5,4(a5)
    77f4:	0055c983          	lbu	s3,5(a1)
    77f8:	0065c903          	lbu	s2,6(a1)
    77fc:	00faa223          	sw	a5,4(s5)
    7800:	00eaa023          	sw	a4,0(s5)
    7804:	013a82a3          	sb	s3,5(s5)
    7808:	012a8323          	sb	s2,6(s5)
    780c:	4799                	li	a5,6
    780e:	22f98f63          	beq	s3,a5,7a4c <main+0x149e>
    7812:	00495913          	srli	s2,s2,0x4
    7816:	478d                	li	a5,3
    7818:	e327eae3          	bltu	a5,s2,764c <main+0x109e>
    781c:	4791                	li	a5,4
    781e:	0ef98f63          	beq	s3,a5,791c <main+0x136e>
    7822:	0737e863          	bltu	a5,s3,7892 <main+0x12e4>
    7826:	4785                	li	a5,1
    7828:	0af98f63          	beq	s3,a5,78e6 <main+0x1338>
    782c:	4789                	li	a5,2
    782e:	e0f99fe3          	bne	s3,a5,764c <main+0x109e>
    7832:	11400793          	li	a5,276
    7836:	02f90933          	mul	s2,s2,a5
    783a:	200029b7          	lui	s3,0x20002
    783e:	db098993          	addi	s3,s3,-592 # 20001db0 <ams>
    7842:	02c00613          	li	a2,44
    7846:	008a8513          	addi	a0,s5,8
    784a:	00490593          	addi	a1,s2,4
    784e:	95ce                	add	a1,a1,s3
    7850:	8b1f80ef          	jal	ra,100 <memcpy>
    7854:	04490593          	addi	a1,s2,68
    7858:	02c00613          	li	a2,44
    785c:	95ce                	add	a1,a1,s3
    785e:	034a8513          	addi	a0,s5,52
    7862:	89ff80ef          	jal	ra,100 <memcpy>
    7866:	08490593          	addi	a1,s2,132
    786a:	02c00613          	li	a2,44
    786e:	95ce                	add	a1,a1,s3
    7870:	060a8513          	addi	a0,s5,96
    7874:	88df80ef          	jal	ra,100 <memcpy>
    7878:	0c490593          	addi	a1,s2,196
    787c:	02c00613          	li	a2,44
    7880:	95ce                	add	a1,a1,s3
    7882:	08ca8513          	addi	a0,s5,140
    7886:	87bf80ef          	jal	ra,100 <memcpy>
    788a:	02c00793          	li	a5,44
    788e:	4985                	li	s3,1
    7890:	a8a5                	j	7908 <main+0x135a>
    7892:	4795                	li	a5,5
    7894:	daf99ce3          	bne	s3,a5,764c <main+0x109e>
    7898:	11400793          	li	a5,276
    789c:	02f90933          	mul	s2,s2,a5
    78a0:	200027b7          	lui	a5,0x20002
    78a4:	de078793          	addi	a5,a5,-544 # 20001de0 <ams+0x30>
    78a8:	97ca                	add	a5,a5,s2
    78aa:	439c                	lw	a5,0(a5)
    78ac:	00faa423          	sw	a5,8(s5)
    78b0:	200027b7          	lui	a5,0x20002
    78b4:	e2078793          	addi	a5,a5,-480 # 20001e20 <ams+0x70>
    78b8:	97ca                	add	a5,a5,s2
    78ba:	439c                	lw	a5,0(a5)
    78bc:	00faa623          	sw	a5,12(s5)
    78c0:	200027b7          	lui	a5,0x20002
    78c4:	e6078793          	addi	a5,a5,-416 # 20001e60 <ams+0xb0>
    78c8:	97ca                	add	a5,a5,s2
    78ca:	439c                	lw	a5,0(a5)
    78cc:	00faa823          	sw	a5,16(s5)
    78d0:	200027b7          	lui	a5,0x20002
    78d4:	ea078793          	addi	a5,a5,-352 # 20001ea0 <ams+0xf0>
    78d8:	993e                	add	s2,s2,a5
    78da:	00092783          	lw	a5,0(s2)
    78de:	00faaa23          	sw	a5,20(s5)
    78e2:	47c2                	lw	a5,16(sp)
    78e4:	b76d                	j	788e <main+0x12e0>
    78e6:	11400793          	li	a5,276
    78ea:	02f907b3          	mul	a5,s2,a5
    78ee:	200025b7          	lui	a1,0x20002
    78f2:	db058593          	addi	a1,a1,-592 # 20001db0 <ams>
    78f6:	4621                	li	a2,8
    78f8:	008a8513          	addi	a0,s5,8
    78fc:	10578793          	addi	a5,a5,261
    7900:	95be                	add	a1,a1,a5
    7902:	ffef80ef          	jal	ra,100 <memcpy>
    7906:	87a6                	mv	a5,s1
    7908:	00fa8123          	sb	a5,2(s5)
    790c:	013a83a3          	sb	s3,7(s5)
    7910:	8556                	mv	a0,s5
    7912:	81df90ef          	jal	ra,112e <_Z22ahubus_package_add_crcPh>
    7916:	42a42223          	sw	a0,1060(s0)
    791a:	bb0d                	j	764c <main+0x109e>
    791c:	11400693          	li	a3,276
    7920:	02d906b3          	mul	a3,s2,a3
    7924:	200027b7          	lui	a5,0x20002
    7928:	db078713          	addi	a4,a5,-592 # 20001db0 <ams>
    792c:	db078793          	addi	a5,a5,-592
    7930:	9736                	add	a4,a4,a3
    7932:	03574683          	lbu	a3,53(a4)
    7936:	03474703          	lbu	a4,52(a4)
    793a:	c319                	beqz	a4,7940 <main+0x1392>
    793c:	0806e693          	ori	a3,a3,128
    7940:	11400713          	li	a4,276
    7944:	02e90733          	mul	a4,s2,a4
    7948:	00da8423          	sb	a3,8(s5)
    794c:	00e786b3          	add	a3,a5,a4
    7950:	0366c603          	lbu	a2,54(a3)
    7954:	00ca84a3          	sb	a2,9(s5)
    7958:	0376c603          	lbu	a2,55(a3)
    795c:	00ca8523          	sb	a2,10(s5)
    7960:	0386c603          	lbu	a2,56(a3)
    7964:	00ca85a3          	sb	a2,11(s5)
    7968:	20002637          	lui	a2,0x20002
    796c:	dd060613          	addi	a2,a2,-560 # 20001dd0 <ams+0x20>
    7970:	9732                	add	a4,a4,a2
    7972:	4b18                	lw	a4,16(a4)
    7974:	00eaa623          	sw	a4,12(s5)
    7978:	0756c703          	lbu	a4,117(a3)
    797c:	0746c683          	lbu	a3,116(a3)
    7980:	c299                	beqz	a3,7986 <main+0x13d8>
    7982:	08076713          	ori	a4,a4,128
    7986:	00ea8823          	sb	a4,16(s5)
    798a:	11400713          	li	a4,276
    798e:	02e90733          	mul	a4,s2,a4
    7992:	00e786b3          	add	a3,a5,a4
    7996:	0766c603          	lbu	a2,118(a3)
    799a:	00ca88a3          	sb	a2,17(s5)
    799e:	0776c603          	lbu	a2,119(a3)
    79a2:	00ca8923          	sb	a2,18(s5)
    79a6:	0786c603          	lbu	a2,120(a3)
    79aa:	00ca89a3          	sb	a2,19(s5)
    79ae:	20002637          	lui	a2,0x20002
    79b2:	e1060613          	addi	a2,a2,-496 # 20001e10 <ams+0x60>
    79b6:	9732                	add	a4,a4,a2
    79b8:	4b18                	lw	a4,16(a4)
    79ba:	00eaaa23          	sw	a4,20(s5)
    79be:	0b56c703          	lbu	a4,181(a3)
    79c2:	0b46c683          	lbu	a3,180(a3)
    79c6:	c299                	beqz	a3,79cc <main+0x141e>
    79c8:	08076713          	ori	a4,a4,128
    79cc:	00ea8c23          	sb	a4,24(s5)
    79d0:	11400713          	li	a4,276
    79d4:	02e90733          	mul	a4,s2,a4
    79d8:	00e786b3          	add	a3,a5,a4
    79dc:	0b66c603          	lbu	a2,182(a3)
    79e0:	00ca8ca3          	sb	a2,25(s5)
    79e4:	0b76c603          	lbu	a2,183(a3)
    79e8:	00ca8d23          	sb	a2,26(s5)
    79ec:	0b86c603          	lbu	a2,184(a3)
    79f0:	00ca8da3          	sb	a2,27(s5)
    79f4:	20002637          	lui	a2,0x20002
    79f8:	e5060613          	addi	a2,a2,-432 # 20001e50 <ams+0xa0>
    79fc:	9732                	add	a4,a4,a2
    79fe:	4b18                	lw	a4,16(a4)
    7a00:	00eaae23          	sw	a4,28(s5)
    7a04:	0f56c703          	lbu	a4,245(a3)
    7a08:	0f46c683          	lbu	a3,244(a3)
    7a0c:	c299                	beqz	a3,7a12 <main+0x1464>
    7a0e:	08076713          	ori	a4,a4,128
    7a12:	02ea8023          	sb	a4,32(s5)
    7a16:	11400713          	li	a4,276
    7a1a:	02e90733          	mul	a4,s2,a4
    7a1e:	97ba                	add	a5,a5,a4
    7a20:	0f67c683          	lbu	a3,246(a5)
    7a24:	02da80a3          	sb	a3,33(s5)
    7a28:	0f77c683          	lbu	a3,247(a5)
    7a2c:	0f87c783          	lbu	a5,248(a5)
    7a30:	02da8123          	sb	a3,34(s5)
    7a34:	02fa81a3          	sb	a5,35(s5)
    7a38:	200027b7          	lui	a5,0x20002
    7a3c:	e9078793          	addi	a5,a5,-368 # 20001e90 <ams+0xe0>
    7a40:	973e                	add	a4,a4,a5
    7a42:	4b1c                	lw	a5,16(a4)
    7a44:	02faa223          	sw	a5,36(s5)
    7a48:	47a1                	li	a5,8
    7a4a:	b591                	j	788e <main+0x12e0>
    7a4c:	20002737          	lui	a4,0x20002
    7a50:	008a8793          	addi	a5,s5,8
    7a54:	db070713          	addi	a4,a4,-592 # 20001db0 <ams>
    7a58:	4681                	li	a3,0
    7a5a:	4981                	li	s3,0
    7a5c:	4305                	li	t1,1
    7a5e:	04000893          	li	a7,64
    7a62:	11074603          	lbu	a2,272(a4)
    7a66:	ce2d                	beqz	a2,7ae0 <main+0x1532>
    7a68:	03674603          	lbu	a2,54(a4)
    7a6c:	0f674e03          	lbu	t3,246(a4)
    7a70:	03574803          	lbu	a6,53(a4)
    7a74:	b3b0                	sb	a2,3(a5)
    7a76:	07674603          	lbu	a2,118(a4)
    7a7a:	07574503          	lbu	a0,117(a4)
    7a7e:	0b574583          	lbu	a1,181(a4)
    7a82:	b3d0                	sb	a2,5(a5)
    7a84:	0b674603          	lbu	a2,182(a4)
    7a88:	01c784a3          	sb	t3,9(a5)
    7a8c:	03474e03          	lbu	t3,52(a4)
    7a90:	b3f0                	sb	a2,7(a5)
    7a92:	0f574603          	lbu	a2,245(a4)
    7a96:	a394                	sb	a3,0(a5)
    7a98:	006780a3          	sb	t1,1(a5)
    7a9c:	01078123          	sb	a6,2(a5)
    7aa0:	a3c8                	sb	a0,4(a5)
    7aa2:	a3ec                	sb	a1,6(a5)
    7aa4:	a790                	sb	a2,8(a5)
    7aa6:	000e0663          	beqz	t3,7ab2 <main+0x1504>
    7aaa:	f8086813          	ori	a6,a6,-128
    7aae:	01078123          	sb	a6,2(a5)
    7ab2:	07474803          	lbu	a6,116(a4)
    7ab6:	00080563          	beqz	a6,7ac0 <main+0x1512>
    7aba:	f8056513          	ori	a0,a0,-128
    7abe:	a3c8                	sb	a0,4(a5)
    7ac0:	0b474503          	lbu	a0,180(a4)
    7ac4:	c501                	beqz	a0,7acc <main+0x151e>
    7ac6:	f805e593          	ori	a1,a1,-128
    7aca:	a3ec                	sb	a1,6(a5)
    7acc:	0f474583          	lbu	a1,244(a4)
    7ad0:	c581                	beqz	a1,7ad8 <main+0x152a>
    7ad2:	f8066613          	ori	a2,a2,-128
    7ad6:	a790                	sb	a2,8(a5)
    7ad8:	0985                	addi	s3,s3,1
    7ada:	07a9                	addi	a5,a5,10
    7adc:	0ff9f993          	zext.b	s3,s3
    7ae0:	06c1                	addi	a3,a3,16
    7ae2:	0ff6f693          	zext.b	a3,a3
    7ae6:	11470713          	addi	a4,a4,276
    7aea:	f7169ce3          	bne	a3,a7,7a62 <main+0x14b4>
    7aee:	004a8613          	addi	a2,s5,4
    7af2:	40c78733          	sub	a4,a5,a2
    7af6:	00377693          	andi	a3,a4,3
    7afa:	e699                	bnez	a3,7b08 <main+0x155a>
    7afc:	40275793          	srai	a5,a4,0x2
    7b00:	17fd                	addi	a5,a5,-1
    7b02:	0ff7f793          	zext.b	a5,a5
    7b06:	b509                	j	7908 <main+0x135a>
    7b08:	0785                	addi	a5,a5,1
    7b0a:	fe078fa3          	sb	zero,-1(a5)
    7b0e:	b7d5                	j	7af2 <main+0x1544>
    7b10:	42442783          	lw	a5,1060(s0)
    7b14:	b2079ce3          	bnez	a5,764c <main+0x109e>
    7b18:	40044783          	lbu	a5,1024(s0)
    7b1c:	4ab2                	lw	s5,12(sp)
    7b1e:	c789                	beqz	a5,7b28 <main+0x157a>
    7b20:	20001ab7          	lui	s5,0x20001
    7b24:	9bca8a93          	addi	s5,s5,-1604 # 200009bc <__global_pointer$+0x2c>
    7b28:	0065c983          	lbu	s3,6(a1)
    7b2c:	470d                	li	a4,3
    7b2e:	0049db13          	srli	s6,s3,0x4
    7b32:	b1676de3          	bltu	a4,s6,764c <main+0x109e>
    7b36:	0055c903          	lbu	s2,5(a1)
    7b3a:	4795                	li	a5,5
    7b3c:	06f90463          	beq	s2,a5,7ba4 <main+0x15f6>
    7b40:	4799                	li	a5,6
    7b42:	08f90663          	beq	s2,a5,7bce <main+0x1620>
    7b46:	4789                	li	a5,2
    7b48:	b0f912e3          	bne	s2,a5,764c <main+0x109e>
    7b4c:	0345cb83          	lbu	s7,52(a1)
    7b50:	af776ee3          	bltu	a4,s7,764c <main+0x109e>
    7b54:	11400713          	li	a4,276
    7b58:	02eb0733          	mul	a4,s6,a4
    7b5c:	006b9793          	slli	a5,s7,0x6
    7b60:	0791                	addi	a5,a5,4
    7b62:	20002537          	lui	a0,0x20002
    7b66:	db050513          	addi	a0,a0,-592 # 20001db0 <ams>
    7b6a:	02c00613          	li	a2,44
    7b6e:	05a1                	addi	a1,a1,8
    7b70:	97ba                	add	a5,a5,a4
    7b72:	953e                	add	a0,a0,a5
    7b74:	d8cf80ef          	jal	ra,100 <memcpy>
    7b78:	000b1563          	bnez	s6,7b82 <main+0x15d4>
    7b7c:	855e                	mv	a0,s7
    7b7e:	ed6f90ef          	jal	ra,1254 <_Z35ams_datas_set_need_to_save_filamenth>
    7b82:	9cc18793          	addi	a5,gp,-1588 # 2000035c <_ZL28ahubus_host_package_set_init>
    7b86:	4398                	lw	a4,0(a5)
    7b88:	43dc                	lw	a5,4(a5)
    7b8a:	00eaa023          	sw	a4,0(s5)
    7b8e:	00faa223          	sw	a5,4(s5)
    7b92:	012a82a3          	sb	s2,5(s5)
    7b96:	013a8323          	sb	s3,6(s5)
    7b9a:	000a83a3          	sb	zero,7(s5)
    7b9e:	000a8123          	sb	zero,2(s5)
    7ba2:	b3bd                	j	7910 <main+0x1362>
    7ba4:	25dc                	lbu	a5,12(a1)
    7ba6:	aaf763e3          	bltu	a4,a5,764c <main+0x109e>
    7baa:	11400713          	li	a4,276
    7bae:	02eb0733          	mul	a4,s6,a4
    7bb2:	079a                	slli	a5,a5,0x6
    7bb4:	03078793          	addi	a5,a5,48
    7bb8:	20002537          	lui	a0,0x20002
    7bbc:	db050513          	addi	a0,a0,-592 # 20001db0 <ams>
    7bc0:	4611                	li	a2,4
    7bc2:	05a1                	addi	a1,a1,8
    7bc4:	97ba                	add	a5,a5,a4
    7bc6:	953e                	add	a0,a0,a5
    7bc8:	d38f80ef          	jal	ra,100 <memcpy>
    7bcc:	bf5d                	j	7b82 <main+0x15d4>
    7bce:	200026b7          	lui	a3,0x20002
    7bd2:	31e8                	lbu	a0,7(a1)
    7bd4:	4701                	li	a4,0
    7bd6:	05a1                	addi	a1,a1,8
    7bd8:	480d                	li	a6,3
    7bda:	db068693          	addi	a3,a3,-592 # 20001db0 <ams>
    7bde:	11400893          	li	a7,276
    7be2:	fae500e3          	beq	a0,a4,7b82 <main+0x15d4>
    7be6:	219c                	lbu	a5,0(a1)
    7be8:	0599                	addi	a1,a1,6
    7bea:	8391                	srli	a5,a5,0x4
    7bec:	04f86163          	bltu	a6,a5,7c2e <main+0x1680>
    7bf0:	031787b3          	mul	a5,a5,a7
    7bf4:	ffb5c603          	lbu	a2,-5(a1)
    7bf8:	97b6                	add	a5,a5,a3
    7bfa:	10c78223          	sb	a2,260(a5)
    7bfe:	ffc5c603          	lbu	a2,-4(a1)
    7c02:	07f67613          	andi	a2,a2,127
    7c06:	02c78aa3          	sb	a2,53(a5)
    7c0a:	ffd5c603          	lbu	a2,-3(a1)
    7c0e:	07f67613          	andi	a2,a2,127
    7c12:	06c78aa3          	sb	a2,117(a5)
    7c16:	ffe5c603          	lbu	a2,-2(a1)
    7c1a:	07f67613          	andi	a2,a2,127
    7c1e:	0ac78aa3          	sb	a2,181(a5)
    7c22:	fff5c603          	lbu	a2,-1(a1)
    7c26:	07f67613          	andi	a2,a2,127
    7c2a:	0ec78aa3          	sb	a2,245(a5)
    7c2e:	0705                	addi	a4,a4,1
    7c30:	0ff77713          	zext.b	a4,a4
    7c34:	b77d                	j	7be2 <main+0x1634>
    7c36:	03d00693          	li	a3,61
    7c3a:	a6d79ae3          	bne	a5,a3,76ae <main+0x1100>
    7c3e:	4981                	li	s3,0
    7c40:	02090d63          	beqz	s2,7c7a <main+0x16cc>
    7c44:	50000713          	li	a4,1280
    7c48:	03574963          	blt	a4,s5,7c7a <main+0x16cc>
    7c4c:	00094703          	lbu	a4,0(s2)
    7c50:	02f71563          	bne	a4,a5,7c7a <main+0x16cc>
    7c54:	4795                	li	a5,5
    7c56:	3357c763          	blt	a5,s5,7f84 <main+0x19d6>
    7c5a:	4981                	li	s3,0
    7c5c:	42442783          	lw	a5,1060(s0)
    7c60:	cf89                	beqz	a5,7c7a <main+0x16cc>
    7c62:	81c1a683          	lw	a3,-2020(gp) # 200001ac <time_hw_tpus>
    7c66:	03200713          	li	a4,50
    7c6a:	02d707b3          	mul	a5,a4,a3
    7c6e:	02d73733          	mulhu	a4,a4,a3
    7c72:	58071fe3          	bnez	a4,8a10 <main+0x2462>
    7c76:	58079ee3          	bnez	a5,8a12 <main+0x2464>
    7c7a:	800027f3          	csrr	a5,0x800
    7c7e:	08800713          	li	a4,136
    7c82:	80073073          	csrc	0x800,a4
    7c86:	42042023          	sw	zero,1056(s0)
    7c8a:	42040423          	sb	zero,1064(s0)
    7c8e:	80073073          	csrc	0x800,a4
    7c92:	0887f793          	andi	a5,a5,136
    7c96:	8007a073          	csrs	0x800,a5
    7c9a:	800026f3          	csrr	a3,0x800
    7c9e:	80073073          	csrc	0x800,a4
    7ca2:	a281a783          	lw	a5,-1496(gp) # 200003b8 <_ZL27bambubus_heartbeat_deadline>
    7ca6:	80073073          	csrc	0x800,a4
    7caa:	0886f713          	andi	a4,a3,136
    7cae:	80072073          	csrs	0x800,a4
    7cb2:	a0098ae3          	beqz	s3,76c6 <main+0x1118>
    7cb6:	4752                	lw	a4,20(sp)
    7cb8:	42442583          	lw	a1,1060(s0)
    7cbc:	40f707b3          	sub	a5,a4,a5
    7cc0:	fff58713          	addi	a4,a1,-1
    7cc4:	56f052e3          	blez	a5,8a28 <main+0x247a>
    7cc8:	4ff00793          	li	a5,1279
    7ccc:	5ce7efe3          	bltu	a5,a4,8aaa <main+0x24fc>
    7cd0:	42944783          	lbu	a5,1065(s0)
    7cd4:	59fd                	li	s3,-1
    7cd6:	58079ce3          	bnez	a5,8a6e <main+0x24c0>
    7cda:	4791                	li	a5,4
    7cdc:	5cf497e3          	bne	s1,a5,8aaa <main+0x24fc>
    7ce0:	a001ac23          	sw	zero,-1512(gp) # 200003a8 <_ZZ4mainE5error>
    7ce4:	a1c1c483          	lbu	s1,-1508(gp) # 200003ac <_ZL11g_fil_dirty>
    7ce8:	c485                	beqz	s1,7d10 <main+0x1762>
    7cea:	0014f793          	andi	a5,s1,1
    7cee:	5e0793e3          	bnez	a5,8ad4 <main+0x2526>
    7cf2:	0024f793          	andi	a5,s1,2
    7cf6:	c399                	beqz	a5,7cfc <main+0x174e>
    7cf8:	6dd0006f          	j	8bd4 <main+0x2626>
    7cfc:	0044f793          	andi	a5,s1,4
    7d00:	c399                	beqz	a5,7d06 <main+0x1758>
    7d02:	6d70006f          	j	8bd8 <main+0x262a>
    7d06:	0084f793          	andi	a5,s1,8
    7d0a:	4c0d                	li	s8,3
    7d0c:	5c0795e3          	bnez	a5,8ad6 <main+0x2528>
    7d10:	8141ca83          	lbu	s5,-2028(gp) # 200001a4 <_ZL11g_loaded_ch>
    7d14:	a241c783          	lbu	a5,-1500(gp) # 200003b4 <_ZL13g_state_dirty>
    7d18:	c7d9                	beqz	a5,7da6 <main+0x17f8>
    7d1a:	a941c783          	lbu	a5,-1388(gp) # 20000424 <_ZL16g_sta_have_saved>
    7d1e:	c789                	beqz	a5,7d28 <main+0x177a>
    7d20:	8281c783          	lbu	a5,-2008(gp) # 200001b8 <_ZL18g_sta_saved_loaded>
    7d24:	07578f63          	beq	a5,s5,7da2 <main+0x17f4>
    7d28:	a961d483          	lhu	s1,-1386(gp) # 20000426 <_ZL10g_sta_slot>
    7d2c:	a981da03          	lhu	s4,-1384(gp) # 20000428 <_ZL9g_sta_seq>
    7d30:	00080737          	lui	a4,0x80
    7d34:	0f670713          	addi	a4,a4,246 # 800f6 <ch32v20x_wwdg.c.13394d49+0x6238d>
    7d38:	008a1793          	slli	a5,s4,0x8
    7d3c:	0054dc93          	srli	s9,s1,0x5
    7d40:	0157e7b3          	or	a5,a5,s5
    7d44:	9cba                	add	s9,s9,a4
    7d46:	a5000737          	lui	a4,0xa5000
    7d4a:	8f5d                	or	a4,a4,a5
    7d4c:	01f4f993          	andi	s3,s1,31
    7d50:	0ca2                	slli	s9,s9,0x8
    7d52:	098e                	slli	s3,s3,0x3
    7d54:	ccba                	sw	a4,88(sp)
    7d56:	94415737          	lui	a4,0x94415
    7d5a:	99e6                	add	s3,s3,s9
    7d5c:	45370713          	addi	a4,a4,1107 # 94415453 <__freertos_irq_stack_top+0x74410453>
    7d60:	8fb9                	xor	a5,a5,a4
    7d62:	4609                	li	a2,2
    7d64:	08ac                	addi	a1,sp,88
    7d66:	854e                	mv	a0,s3
    7d68:	cebe                	sw	a5,92(sp)
    7d6a:	be9f90ef          	jal	ra,1952 <_ZL16flash_prog_wordsmPKmm>
    7d6e:	e919                	bnez	a0,7d84 <main+0x17d6>
    7d70:	8566                	mv	a0,s9
    7d72:	cebf90ef          	jal	ra,1a5c <_ZL14flash256_erasem.part.0>
    7d76:	c905                	beqz	a0,7da6 <main+0x17f8>
    7d78:	4609                	li	a2,2
    7d7a:	08ac                	addi	a1,sp,88
    7d7c:	854e                	mv	a0,s3
    7d7e:	bd5f90ef          	jal	ra,1952 <_ZL16flash_prog_wordsmPKmm>
    7d82:	c115                	beqz	a0,7da6 <main+0x17f8>
    7d84:	14000793          	li	a5,320
    7d88:	0485                	addi	s1,s1,1
    7d8a:	02f4f4b3          	remu	s1,s1,a5
    7d8e:	4705                	li	a4,1
    7d90:	0a05                	addi	s4,s4,1
    7d92:	a8e18a23          	sb	a4,-1388(gp) # 20000424 <_ZL16g_sta_have_saved>
    7d96:	a9419c23          	sh	s4,-1384(gp) # 20000428 <_ZL9g_sta_seq>
    7d9a:	83518423          	sb	s5,-2008(gp) # 200001b8 <_ZL18g_sta_saved_loaded>
    7d9e:	a8919b23          	sh	s1,-1386(gp) # 20000426 <_ZL10g_sta_slot>
    7da2:	a2018223          	sb	zero,-1500(gp) # 200003b4 <_ZL13g_state_dirty>
    7da6:	a181a783          	lw	a5,-1512(gp) # 200003a8 <_ZZ4mainE5error>
    7daa:	ce3e                	sw	a5,28(sp)
    7dac:	e000f7b7          	lui	a5,0xe000f
    7db0:	47cc                	lw	a1,12(a5)
    7db2:	0087a903          	lw	s2,8(a5) # e000f008 <__freertos_irq_stack_top+0xc000a008>
    7db6:	47d8                	lw	a4,12(a5)
    7db8:	fee59ce3          	bne	a1,a4,7db0 <main+0x1802>
    7dbc:	82c1a783          	lw	a5,-2004(gp) # 200001bc <time_hw_tpms>
    7dc0:	ca3e                	sw	a5,20(sp)
    7dc2:	8a3e                	mv	s4,a5
    7dc4:	e391                	bnez	a5,7dc8 <main+0x181a>
    7dc6:	4a05                	li	s4,1
    7dc8:	a141c603          	lbu	a2,-1516(gp) # 200003a4 <_ZL13g_time_inited>
    7dcc:	c609                	beqz	a2,7dd6 <main+0x1828>
    7dce:	a101a603          	lw	a2,-1520(gp) # 200003a0 <_ZL15g_time_tpm_last>
    7dd2:	60ca05e3          	beq	s4,a2,8bdc <main+0x262e>
    7dd6:	4605                	li	a2,1
    7dd8:	a0c18a23          	sb	a2,-1516(gp) # 200003a4 <_ZL13g_time_inited>
    7ddc:	a141a823          	sw	s4,-1520(gp) # 200003a0 <_ZL15g_time_tpm_last>
    7de0:	a121a423          	sw	s2,-1528(gp) # 20000398 <_ZL19g_time_last_ticks64>
    7de4:	a0b1a623          	sw	a1,-1524(gp) # 2000039c <_ZL19g_time_last_ticks64+0x4>
    7de8:	8652                	mv	a2,s4
    7dea:	4681                	li	a3,0
    7dec:	854a                	mv	a0,s2
    7dee:	2c2010ef          	jal	ra,90b0 <__udivdi3>
    7df2:	84aa                	mv	s1,a0
    7df4:	a0a1a023          	sw	a0,-1536(gp) # 20000390 <_ZL11g_time_ms64>
    7df8:	02aa0533          	mul	a0,s4,a0
    7dfc:	8aae                	mv	s5,a1
    7dfe:	a0b1a223          	sw	a1,-1532(gp) # 20000394 <_ZL11g_time_ms64+0x4>
    7e02:	40a90533          	sub	a0,s2,a0
    7e06:	9ea1ae23          	sw	a0,-1540(gp) # 2000038c <_ZL18g_time_rem_ticks32>
    7e0a:	854a                	mv	a0,s2
    7e0c:	fe0f80ef          	jal	ra,5ec <_ZL19MC_PULL_ONLINE_readm>
    7e10:	8141c503          	lbu	a0,-2028(gp) # 200001a4 <_ZL11g_loaded_ch>
    7e14:	478d                	li	a5,3
    7e16:	a8418b13          	addi	s6,gp,-1404 # 20000414 <_ZL17MC_ONLINE_key_stu>
    7e1a:	00a7e863          	bltu	a5,a0,7e2a <main+0x187c>
    7e1e:	00ab07b3          	add	a5,s6,a0
    7e22:	239c                	lbu	a5,0(a5)
    7e24:	e399                	bnez	a5,7e2a <main+0x187c>
    7e26:	c46f90ef          	jal	ra,126c <_Z22ams_state_set_unloadedh>
    7e2a:	200027b7          	lui	a5,0x20002
    7e2e:	20002cb7          	lui	s9,0x20002
    7e32:	db078d93          	addi	s11,a5,-592 # 20001db0 <ams>
    7e36:	200027b7          	lui	a5,0x20002
    7e3a:	d88c8c93          	addi	s9,s9,-632 # 20001d88 <_ZL18g_on_use_hi_pwm_us>
    7e3e:	a7418d13          	addi	s10,gp,-1420 # 20000404 <_ZL18g_on_use_jam_latch>
    7e42:	9d878513          	addi	a0,a5,-1576 # 200019d8 <MOTOR_CONTROL>
    7e46:	4c01                	li	s8,0
    7e48:	a7418b93          	addi	s7,gp,-1420 # 20000404 <_ZL18g_on_use_jam_latch>
    7e4c:	a7818813          	addi	a6,gp,-1416 # 20000408 <_ZL18g_on_use_low_latch>
    7e50:	4891                	li	a7,4
    7e52:	018b07b3          	add	a5,s6,s8
    7e56:	239c                	lbu	a5,0(a5)
    7e58:	e7b9                	bnez	a5,7ea6 <main+0x18f8>
    7e5a:	47f2                	lw	a5,28(sp)
    7e5c:	eb95                	bnez	a5,7e90 <main+0x18e2>
    7e5e:	47e2                	lw	a5,24(sp)
    7e60:	1047c703          	lbu	a4,260(a5)
    7e64:	0ffc7793          	zext.b	a5,s8
    7e68:	02f71463          	bne	a4,a5,7e90 <main+0x18e2>
    7e6c:	035dc703          	lbu	a4,53(s11)
    7e70:	4785                	li	a5,1
    7e72:	00f71f63          	bne	a4,a5,7e90 <main+0x18e2>
    7e76:	87d6                	mv	a5,s5
    7e78:	8726                	mv	a4,s1
    7e7a:	06400613          	li	a2,100
    7e7e:	4681                	li	a3,0
    7e80:	458d                	li	a1,3
    7e82:	d22a                	sw	a0,36(sp)
    7e84:	c61f80ef          	jal	ra,ae4 <_ZN14_MOTOR_CONTROL10set_motionE20filament_motion_enumyy>
    7e88:	5512                	lw	a0,36(sp)
    7e8a:	a7818813          	addi	a6,gp,-1416 # 20000408 <_ZL18g_on_use_low_latch>
    7e8e:	4891                	li	a7,4
    7e90:	000d4783          	lbu	a5,0(s10)
    7e94:	c799                	beqz	a5,7ea2 <main+0x18f4>
    7e96:	010c07b3          	add	a5,s8,a6
    7e9a:	00078023          	sb	zero,0(a5)
    7e9e:	000d0023          	sb	zero,0(s10)
    7ea2:	000ca023          	sw	zero,0(s9)
    7ea6:	0c05                	addi	s8,s8,1
    7ea8:	0c91                	addi	s9,s9,4
    7eaa:	0d05                	addi	s10,s10,1
    7eac:	09850513          	addi	a0,a0,152
    7eb0:	040d8d93          	addi	s11,s11,64
    7eb4:	f91c1fe3          	bne	s8,a7,7e52 <main+0x18a4>
    7eb8:	47f2                	lw	a5,28(sp)
    7eba:	58079ae3          	bnez	a5,8c4e <main+0x26a0>
    7ebe:	47e2                	lw	a5,24(sp)
    7ec0:	470d                	li	a4,3
    7ec2:	1047c783          	lbu	a5,260(a5)
    7ec6:	02f76c63          	bltu	a4,a5,7efe <main+0x1950>
    7eca:	a9018713          	addi	a4,gp,-1392 # 20000420 <filament_channel_inserted>
    7ece:	973e                	add	a4,a4,a5
    7ed0:	2318                	lbu	a4,0(a4)
    7ed2:	c715                	beqz	a4,7efe <main+0x1950>
    7ed4:	00fb8733          	add	a4,s7,a5
    7ed8:	2318                	lbu	a4,0(a4)
    7eda:	c315                	beqz	a4,7efe <main+0x1950>
    7edc:	4762                	lw	a4,24(sp)
    7ede:	079a                	slli	a5,a5,0x6
    7ee0:	97ba                	add	a5,a5,a4
    7ee2:	0357c783          	lbu	a5,53(a5)
    7ee6:	4705                	li	a4,1
    7ee8:	17fd                	addi	a5,a5,-1
    7eea:	0ff7f793          	zext.b	a5,a5
    7eee:	00f76863          	bltu	a4,a5,7efe <main+0x1950>
    7ef2:	4762                	lw	a4,24(sp)
    7ef4:	77fd                	lui	a5,0xfffff
    7ef6:	06f78793          	addi	a5,a5,111 # fffff06f <__freertos_irq_stack_top+0xdfffa06f>
    7efa:	10f71723          	sh	a5,270(a4)
    7efe:	001b4783          	lbu	a5,1(s6)
    7f02:	a841c983          	lbu	s3,-1404(gp) # 20000414 <_ZL17MC_ONLINE_key_stu>
    7f06:	00f9e9b3          	or	s3,s3,a5
    7f0a:	002b4783          	lbu	a5,2(s6)
    7f0e:	00f9e9b3          	or	s3,s3,a5
    7f12:	003b4783          	lbu	a5,3(s6)
    7f16:	00f9e9b3          	or	s3,s3,a5
    7f1a:	52099de3          	bnez	s3,8c54 <main+0x26a6>
    7f1e:	20000737          	lui	a4,0x20000
    7f22:	200007b7          	lui	a5,0x20000
    7f26:	18070d93          	addi	s11,a4,384 # 20000180 <MC_PULL_V_MIN>
    7f2a:	15078d13          	addi	s10,a5,336 # 20000150 <_ZL15MC_PULL_stu_raw>
    7f2e:	4c81                	li	s9,0
    7f30:	a9018b93          	addi	s7,gp,-1392 # 20000420 <filament_channel_inserted>
    7f34:	82018c13          	addi	s8,gp,-2016 # 200001b0 <MC_PULL_pct>
    7f38:	017c8633          	add	a2,s9,s7
    7f3c:	2210                	lbu	a2,0(a2)
    7f3e:	ca1d                	beqz	a2,7f74 <main+0x19c6>
    7f40:	000d2783          	lw	a5,0(s10)
    7f44:	018c8633          	add	a2,s9,s8
    7f48:	2210                	lbu	a2,0(a2)
    7f4a:	d23e                	sw	a5,36(sp)
    7f4c:	47bd                	li	a5,15
    7f4e:	60c7f4e3          	bgeu	a5,a2,8d56 <main+0x27a8>
    7f52:	55a2                	lw	a1,40(sp)
    7f54:	5512                	lw	a0,36(sp)
    7f56:	0dd020ef          	jal	ra,a832 <__lesf2>
    7f5a:	5ea05ee3          	blez	a0,8d56 <main+0x27a8>
    7f5e:	55b2                	lw	a1,44(sp)
    7f60:	000da503          	lw	a0,0(s11)
    7f64:	188020ef          	jal	ra,a0ec <__addsf3>
    7f68:	85aa                	mv	a1,a0
    7f6a:	5512                	lw	a0,36(sp)
    7f6c:	0c7020ef          	jal	ra,a832 <__lesf2>
    7f70:	5ea053e3          	blez	a0,8d56 <main+0x27a8>
    7f74:	0c85                	addi	s9,s9,1
    7f76:	4791                	li	a5,4
    7f78:	0d91                	addi	s11,s11,4
    7f7a:	0d11                	addi	s10,s10,4
    7f7c:	fafc9ee3          	bne	s9,a5,7f38 <main+0x198a>
    7f80:	4d50006f          	j	8c54 <main+0x26a6>
    7f84:	67a5                	lui	a5,0x9
    7f86:	65b1                	lui	a1,0xc
    7f88:	ffea8693          	addi	a3,s5,-2
    7f8c:	4601                	li	a2,0
    7f8e:	13d78793          	addi	a5,a5,317 # 913d <__udivdi3+0x8d>
    7f92:	c6458593          	addi	a1,a1,-924 # bc64 <g_crc16_tbl>
    7f96:	00c90533          	add	a0,s2,a2
    7f9a:	2108                	lbu	a0,0(a0)
    7f9c:	0087d713          	srli	a4,a5,0x8
    7fa0:	07a2                	slli	a5,a5,0x8
    7fa2:	8f29                	xor	a4,a4,a0
    7fa4:	0706                	slli	a4,a4,0x1
    7fa6:	972e                	add	a4,a4,a1
    7fa8:	231a                	lhu	a4,0(a4)
    7faa:	07c2                	slli	a5,a5,0x10
    7fac:	83c1                	srli	a5,a5,0x10
    7fae:	0605                	addi	a2,a2,1
    7fb0:	8fb9                	xor	a5,a5,a4
    7fb2:	fed662e3          	bltu	a2,a3,7f96 <main+0x19e8>
    7fb6:	96ca                	add	a3,a3,s2
    7fb8:	2294                	lbu	a3,0(a3)
    7fba:	0ff7f713          	zext.b	a4,a5
    7fbe:	c8e69ee3          	bne	a3,a4,7c5a <main+0x16ac>
    7fc2:	01590733          	add	a4,s2,s5
    7fc6:	fff74703          	lbu	a4,-1(a4)
    7fca:	83a1                	srli	a5,a5,0x8
    7fcc:	c8f717e3          	bne	a4,a5,7c5a <main+0x16ac>
    7fd0:	00194783          	lbu	a5,1(s2)
    7fd4:	0c500713          	li	a4,197
    7fd8:	04e79063          	bne	a5,a4,8018 <main+0x1a6a>
    7fdc:	00494783          	lbu	a5,4(s2)
    7fe0:	4721                	li	a4,8
    7fe2:	02f76463          	bltu	a4,a5,800a <main+0x1a5c>
    7fe6:	4709                	li	a4,2
    7fe8:	02f77663          	bgeu	a4,a5,8014 <main+0x1a66>
    7fec:	17f1                	addi	a5,a5,-4
    7fee:	0ff7f793          	zext.b	a5,a5
    7ff2:	4711                	li	a4,4
    7ff4:	1af76b63          	bltu	a4,a5,81aa <main+0x1bfc>
    7ff8:	672d                	lui	a4,0xb
    7ffa:	078a                	slli	a5,a5,0x2
    7ffc:	67c70713          	addi	a4,a4,1660 # b67c <__clzsi2+0x1d0>
    8000:	97ba                	add	a5,a5,a4
    8002:	439c                	lw	a5,0(a5)
    8004:	8782                	jr	a5
    8006:	4991                	li	s3,4
    8008:	b991                	j	7c5c <main+0x16ae>
    800a:	02000713          	li	a4,32
    800e:	49b1                	li	s3,12
    8010:	c4e786e3          	beq	a5,a4,7c5c <main+0x16ae>
    8014:	49b5                	li	s3,13
    8016:	b199                	j	7c5c <main+0x16ae>
    8018:	17f1                	addi	a5,a5,-4
    801a:	0ff7f793          	zext.b	a5,a5
    801e:	4705                	li	a4,1
    8020:	c2f76de3          	bltu	a4,a5,7c5a <main+0x16ac>
    8024:	47b9                	li	a5,14
    8026:	c357dae3          	bge	a5,s5,7c5a <main+0x16ac>
    802a:	ad818513          	addi	a0,gp,-1320 # 20000468 <printer_data_long>
    802e:	462d                	li	a2,11
    8030:	00290593          	addi	a1,s2,2
    8034:	8ccf80ef          	jal	ra,100 <memcpy>
    8038:	00d90793          	addi	a5,s2,13
    803c:	ad818993          	addi	s3,gp,-1320 # 20000468 <printer_data_long>
    8040:	0087d713          	srli	a4,a5,0x8
    8044:	00f985a3          	sb	a5,11(s3)
    8048:	00e98623          	sb	a4,12(s3)
    804c:	0107d713          	srli	a4,a5,0x10
    8050:	83e1                	srli	a5,a5,0x18
    8052:	00f98723          	sb	a5,14(s3)
    8056:	ff1a8793          	addi	a5,s5,-15
    805a:	00e986a3          	sb	a4,13(s3)
    805e:	01079713          	slli	a4,a5,0x10
    8062:	8341                	srli	a4,a4,0x10
    8064:	00f987a3          	sb	a5,15(s3)
    8068:	00875793          	srli	a5,a4,0x8
    806c:	00f98823          	sb	a5,16(s3)
    8070:	0049a783          	lw	a5,4(s3)
    8074:	70000693          	li	a3,1792
    8078:	ad818a13          	addi	s4,gp,-1320 # 20000468 <printer_data_long>
    807c:	83a1                	srli	a5,a5,0x8
    807e:	07c2                	slli	a5,a5,0x10
    8080:	83c1                	srli	a5,a5,0x10
    8082:	bcd79ce3          	bne	a5,a3,7c5a <main+0x16ac>
    8086:	008a2783          	lw	a5,8(s4)
    808a:	21800693          	li	a3,536
    808e:	83a1                	srli	a5,a5,0x8
    8090:	07c2                	slli	a5,a5,0x10
    8092:	83c1                	srli	a5,a5,0x10
    8094:	0ad78963          	beq	a5,a3,8146 <main+0x1b98>
    8098:	02f6e063          	bltu	a3,a5,80b8 <main+0x1b0a>
    809c:	10300713          	li	a4,259
    80a0:	08e78d63          	beq	a5,a4,813a <main+0x1b8c>
    80a4:	21100713          	li	a4,529
    80a8:	f6e796e3          	bne	a5,a4,8014 <main+0x1a66>
    80ac:	00d94783          	lbu	a5,13(s2)
    80b0:	60078663          	beqz	a5,86bc <main+0x210e>
    80b4:	49a1                	li	s3,8
    80b6:	b65d                	j	7c5c <main+0x16ae>
    80b8:	21a00693          	li	a3,538
    80bc:	0ad78763          	beq	a5,a3,816a <main+0x1bbc>
    80c0:	40200693          	li	a3,1026
    80c4:	f4d798e3          	bne	a5,a3,8014 <main+0x1a66>
    80c8:	02100793          	li	a5,33
    80cc:	74e7ef63          	bltu	a5,a4,882a <main+0x227c>
    80d0:	200027b7          	lui	a5,0x20002
    80d4:	ec07c783          	lbu	a5,-320(a5) # 20001ec0 <ams+0x110>
    80d8:	74078d63          	beqz	a5,8832 <main+0x2284>
    80dc:	5782                	lw	a5,32(sp)
    80de:	06010423          	sb	zero,104(sp)
    80e2:	04010fa3          	sb	zero,95(sp)
    80e6:	06f101a3          	sb	a5,99(sp)
    80ea:	83a1                	srli	a5,a5,0x8
    80ec:	06f10223          	sb	a5,100(sp)
    80f0:	5782                	lw	a5,32(sp)
    80f2:	08a8                	addi	a0,sp,88
    80f4:	83c1                	srli	a5,a5,0x10
    80f6:	06f102a3          	sb	a5,101(sp)
    80fa:	5782                	lw	a5,32(sp)
    80fc:	83e1                	srli	a5,a5,0x18
    80fe:	06f10323          	sb	a5,102(sp)
    8102:	04200793          	li	a5,66
    8106:	06f103a3          	sb	a5,103(sp)
    810a:	000a5783          	lhu	a5,0(s4)
    810e:	04f11c23          	sh	a5,88(sp)
    8112:	4789                	li	a5,2
    8114:	06f100a3          	sb	a5,97(sp)
    8118:	4791                	li	a5,4
    811a:	06f10123          	sb	a5,98(sp)
    811e:	479d                	li	a5,7
    8120:	06f10023          	sb	a5,96(sp)
    8124:	007a4783          	lbu	a5,7(s4)
    8128:	04f10ea3          	sb	a5,93(sp)
    812c:	008a4783          	lbu	a5,8(s4)
    8130:	04f10f23          	sb	a5,94(sp)
    8134:	d37fc0ef          	jal	ra,4e6a <_Z25bambubus_long_package_getP25bambubus_long_packge_data>
    8138:	aded                	j	8832 <main+0x2284>
    813a:	00d94783          	lbu	a5,13(s2)
    813e:	66078d63          	beqz	a5,87b8 <main+0x220a>
    8142:	49a9                	li	s3,10
    8144:	be21                	j	7c5c <main+0x16ae>
    8146:	42442783          	lw	a5,1060(s0)
    814a:	7a078463          	beqz	a5,88f2 <main+0x2344>
    814e:	00ca2783          	lw	a5,12(s4)
    8152:	00ba4703          	lbu	a4,11(s4)
    8156:	07a2                	slli	a5,a5,0x8
    8158:	8fd9                	or	a5,a5,a4
    815a:	2398                	lbu	a4,0(a5)
    815c:	e709                	bnez	a4,8166 <main+0x1bb8>
    815e:	3388                	lbu	a0,1(a5)
    8160:	478d                	li	a5,3
    8162:	0aa7f0e3          	bgeu	a5,a0,8a02 <main+0x2454>
    8166:	49a5                	li	s3,9
    8168:	bcd5                	j	7c5c <main+0x16ae>
    816a:	4c071e63          	bnez	a4,8646 <main+0x2098>
    816e:	499d                	li	s3,7
    8170:	b4f5                	j	7c5c <main+0x16ae>
    8172:	00594703          	lbu	a4,5(s2)
    8176:	42442683          	lw	a3,1060(s0)
    817a:	00475793          	srli	a5,a4,0x4
    817e:	00f77993          	andi	s3,a4,15
    8182:	8b31                	andi	a4,a4,12
    8184:	6a068a63          	beqz	a3,8838 <main+0x228a>
    8188:	8fd9                	or	a5,a5,a4
    818a:	74078f63          	beqz	a5,88e8 <main+0x233a>
    818e:	4999                	li	s3,6
    8190:	b4f1                	j	7c5c <main+0x16ae>
    8192:	42442783          	lw	a5,1060(s0)
    8196:	40078363          	beqz	a5,859c <main+0x1fee>
    819a:	498d                	li	s3,3
    819c:	b4c1                	j	7c5c <main+0x16ae>
    819e:	42442783          	lw	a5,1060(s0)
    81a2:	24078763          	beqz	a5,83f0 <main+0x1e42>
    81a6:	4989                	li	s3,2
    81a8:	bc55                	j	7c5c <main+0x16ae>
    81aa:	42442783          	lw	a5,1060(s0)
    81ae:	22079063          	bnez	a5,83ce <main+0x1e20>
    81b2:	40044783          	lbu	a5,1024(s0)
    81b6:	4d32                	lw	s10,12(sp)
    81b8:	c789                	beqz	a5,81c2 <main+0x1c14>
    81ba:	20001d37          	lui	s10,0x20001
    81be:	9bcd0d13          	addi	s10,s10,-1604 # 200009bc <__global_pointer$+0x2c>
    81c2:	00594a83          	lbu	s5,5(s2)
    81c6:	00694583          	lbu	a1,6(s2)
    81ca:	00794503          	lbu	a0,7(s2)
    81ce:	00894603          	lbu	a2,8(s2)
    81d2:	1e0a9e63          	bnez	s5,83ce <main+0x1e20>
    81d6:	20002a37          	lui	s4,0x20002
    81da:	db0a0c93          	addi	s9,s4,-592 # 20001db0 <ams>
    81de:	110cc783          	lbu	a5,272(s9)
    81e2:	1e078663          	beqz	a5,83ce <main+0x1e20>
    81e6:	8aaf90ef          	jal	ra,1290 <_Z10set_motionhhhh.part.0>
    81ea:	1e050263          	beqz	a0,83ce <main+0x1e20>
    81ee:	65b1                	lui	a1,0xc
    81f0:	02c00613          	li	a2,44
    81f4:	afc58593          	addi	a1,a1,-1284 # bafc <_ZL45_bambubus_ams_motion_package_struct_init_data>
    81f8:	856a                	mv	a0,s10
    81fa:	f07f70ef          	jal	ra,100 <memcpy>
    81fe:	9ea1c903          	lbu	s2,-1558(gp) # 2000037a <package_num>
    8202:	104cc703          	lbu	a4,260(s9)
    8206:	0ff00613          	li	a2,255
    820a:	00391793          	slli	a5,s2,0x3
    820e:	fc07e793          	ori	a5,a5,-64
    8212:	00dd0893          	addi	a7,s10,13
    8216:	0ff7f793          	zext.b	a5,a5
    821a:	04c70263          	beq	a4,a2,825e <main+0x1cb0>
    821e:	10ecdc03          	lhu	s8,270(s9)
    8222:	00fd00a3          	sb	a5,1(s10)
    8226:	10dcc783          	lbu	a5,269(s9)
    822a:	05811c23          	sh	s8,88(sp)
    822e:	00ed0423          	sb	a4,8(s10)
    8232:	00fd03a3          	sb	a5,7(s10)
    8236:	02ed0323          	sb	a4,38(s10)
    823a:	478d                	li	a5,3
    823c:	08e7f763          	bgeu	a5,a4,82ca <main+0x1d1c>
    8240:	05814783          	lbu	a5,88(sp)
    8244:	db0a0513          	addi	a0,s4,-592
    8248:	00f88023          	sb	a5,0(a7)
    824c:	05914783          	lbu	a5,89(sp)
    8250:	00f880a3          	sb	a5,1(a7)
    8254:	e77f80ef          	jal	ra,10ca <_Z22get_filament_left_charPK4_ams>
    8258:	00ad0ea3          	sb	a0,29(s10)
    825c:	a83d                	j	829a <main+0x1cec>
    825e:	f7400713          	li	a4,-140
    8262:	00fd00a3          	sb	a5,1(s10)
    8266:	57fd                	li	a5,-1
    8268:	00fd0423          	sb	a5,8(s10)
    826c:	02fd0323          	sb	a5,38(s10)
    8270:	00ed06a3          	sb	a4,13(s10)
    8274:	04e11c23          	sh	a4,88(sp)
    8278:	8361                	srli	a4,a4,0x18
    827a:	00e880a3          	sb	a4,1(a7)
    827e:	47a1                	li	a5,8
    8280:	00fd07a3          	sb	a5,15(s10)
    8284:	000d0823          	sb	zero,16(s10)
    8288:	db0a0513          	addi	a0,s4,-592
    828c:	e3ff80ef          	jal	ra,10ca <_Z22get_filament_left_charPK4_ams>
    8290:	6841                	lui	a6,0x10
    8292:	00ad0ea3          	sb	a0,29(s10)
    8296:	f7480c13          	addi	s8,a6,-140 # ff74 <MC_PULL_calibration.cpp.947435e8+0x68b>
    829a:	57fd                	li	a5,-1
    829c:	80f18623          	sb	a5,-2036(gp) # 2000019c <_ZL30before_on_use_sniff_7f_channel>
    82a0:	67bd                	lui	a5,0xf
    82a2:	9e0184a3          	sb	zero,-1559(gp) # 20000379 <_ZL29before_on_use_sniff_7f_active>
    82a6:	9e018423          	sb	zero,-1560(gp) # 20000378 <_ZL28before_on_use_sniff_7f_index>
    82aa:	06f78793          	addi	a5,a5,111 # f06f <Flash_saves.cpp.f7fa723f+0x4a6>
    82ae:	0efc1f63          	bne	s8,a5,83ac <main+0x1dfe>
    82b2:	06f00793          	li	a5,111
    82b6:	00fd06a3          	sb	a5,13(s10)
    82ba:	57c1                	li	a5,-16
    82bc:	00fd0723          	sb	a5,14(s10)
    82c0:	579d                	li	a5,-25
    82c2:	00fd07a3          	sb	a5,15(s10)
    82c6:	47f1                	li	a5,28
    82c8:	a20d                	j	83ea <main+0x1e3c>
    82ca:	00671d93          	slli	s11,a4,0x6
    82ce:	03cd8593          	addi	a1,s11,60
    82d2:	95e6                	add	a1,a1,s9
    82d4:	4611                	li	a2,4
    82d6:	009d0513          	addi	a0,s10,9
    82da:	ce3a                	sw	a4,28(sp)
    82dc:	d246                	sw	a7,36(sp)
    82de:	e23f70ef          	jal	ra,100 <memcpy>
    82e2:	5892                	lw	a7,36(sp)
    82e4:	05814603          	lbu	a2,88(sp)
    82e8:	db0a0513          	addi	a0,s4,-592
    82ec:	9de6                	add	s11,s11,s9
    82ee:	00c88023          	sb	a2,0(a7)
    82f2:	05914603          	lbu	a2,89(sp)
    82f6:	00c880a3          	sb	a2,1(a7)
    82fa:	dd1f80ef          	jal	ra,10ca <_Z22get_filament_left_charPK4_ams>
    82fe:	035dc583          	lbu	a1,53(s11)
    8302:	00ad0ea3          	sb	a0,29(s10)
    8306:	4615                	li	a2,5
    8308:	4772                	lw	a4,28(sp)
    830a:	4791                	li	a5,4
    830c:	f8c597e3          	bne	a1,a2,829a <main+0x1cec>
    8310:	10dcc683          	lbu	a3,269(s9)
    8314:	f8f693e3          	bne	a3,a5,829a <main+0x1cec>
    8318:	a251c683          	lbu	a3,-1499(gp) # 200003b5 <_ZL30last_before_on_use_motion_flag>
    831c:	07f00793          	li	a5,127
    8320:	f6f69de3          	bne	a3,a5,829a <main+0x1cec>
    8324:	9e91c783          	lbu	a5,-1559(gp) # 20000379 <_ZL29before_on_use_sniff_7f_active>
    8328:	c789                	beqz	a5,8332 <main+0x1d84>
    832a:	80c1c783          	lbu	a5,-2036(gp) # 2000019c <_ZL30before_on_use_sniff_7f_channel>
    832e:	00e78963          	beq	a5,a4,8340 <main+0x1d92>
    8332:	4785                	li	a5,1
    8334:	9ef184a3          	sb	a5,-1559(gp) # 20000379 <_ZL29before_on_use_sniff_7f_active>
    8338:	9e018423          	sb	zero,-1560(gp) # 20000378 <_ZL28before_on_use_sniff_7f_index>
    833c:	80e18623          	sb	a4,-2036(gp) # 2000019c <_ZL30before_on_use_sniff_7f_channel>
    8340:	9e81cb83          	lbu	s7,-1560(gp) # 20000378 <_ZL28before_on_use_sniff_7f_index>
    8344:	02c00793          	li	a5,44
    8348:	0977e663          	bltu	a5,s7,83d4 <main+0x1e26>
    834c:	4a61                	li	s4,24
    834e:	034b8a33          	mul	s4,s7,s4
    8352:	6b2d                	lui	s6,0xb
    8354:	6c4b0b13          	addi	s6,s6,1732 # b6c4 <_ZL27before_on_use_sniff_7f_rows>
    8358:	4631                	li	a2,12
    835a:	011d0513          	addi	a0,s10,17
    835e:	014b07b3          	add	a5,s6,s4
    8362:	4398                	lw	a4,0(a5)
    8364:	004a0593          	addi	a1,s4,4
    8368:	95da                	add	a1,a1,s6
    836a:	00ed06a3          	sb	a4,13(s10)
    836e:	8321                	srli	a4,a4,0x8
    8370:	00ed0723          	sb	a4,14(s10)
    8374:	23ba                	lhu	a4,2(a5)
    8376:	00ed07a3          	sb	a4,15(s10)
    837a:	8321                	srli	a4,a4,0x8
    837c:	00ed0823          	sb	a4,16(s10)
    8380:	d81f70ef          	jal	ra,100 <memcpy>
    8384:	010a0593          	addi	a1,s4,16
    8388:	4611                	li	a2,4
    838a:	95da                	add	a1,a1,s6
    838c:	01dd0513          	addi	a0,s10,29
    8390:	d71f70ef          	jal	ra,100 <memcpy>
    8394:	014a0593          	addi	a1,s4,20
    8398:	4611                	li	a2,4
    839a:	95da                	add	a1,a1,s6
    839c:	021d0513          	addi	a0,s10,33
    83a0:	d61f70ef          	jal	ra,100 <memcpy>
    83a4:	001b8793          	addi	a5,s7,1
    83a8:	9ef18423          	sb	a5,-1560(gp) # 20000378 <_ZL28before_on_use_sniff_7f_index>
    83ac:	4799                	li	a5,6
    83ae:	0127e563          	bltu	a5,s2,83b8 <main+0x1e0a>
    83b2:	0905                	addi	s2,s2,1
    83b4:	0ff97a93          	zext.b	s5,s2
    83b8:	02c00593          	li	a1,44
    83bc:	856a                	mv	a0,s10
    83be:	9f518523          	sb	s5,-1558(gp) # 2000037a <package_num>
    83c2:	db5f80ef          	jal	ra,1176 <_Z15package_add_crcPhi>
    83c6:	02c00793          	li	a5,44
    83ca:	42f42223          	sw	a5,1060(s0)
    83ce:	4985                	li	s3,1
    83d0:	88dff06f          	j	7c5c <main+0x16ae>
    83d4:	03400793          	li	a5,52
    83d8:	00fd06a3          	sb	a5,13(s10)
    83dc:	47f9                	li	a5,30
    83de:	00fd0723          	sb	a5,14(s10)
    83e2:	57f5                	li	a5,-3
    83e4:	00fd07a3          	sb	a5,15(s10)
    83e8:	47a9                	li	a5,10
    83ea:	00fd0823          	sb	a5,16(s10)
    83ee:	bf7d                	j	83ac <main+0x1dfe>
    83f0:	40044783          	lbu	a5,1024(s0)
    83f4:	4bb2                	lw	s7,12(sp)
    83f6:	c789                	beqz	a5,8400 <main+0x1e52>
    83f8:	20001bb7          	lui	s7,0x20001
    83fc:	9bcb8b93          	addi	s7,s7,-1604 # 200009bc <__global_pointer$+0x2c>
    8400:	00594983          	lbu	s3,5(s2)
    8404:	00694583          	lbu	a1,6(s2)
    8408:	00794603          	lbu	a2,7(s2)
    840c:	00994b03          	lbu	s6,9(s2)
    8410:	d8099be3          	bnez	s3,81a6 <main+0x1bf8>
    8414:	20002a37          	lui	s4,0x20002
    8418:	db0a0793          	addi	a5,s4,-592 # 20001db0 <ams>
    841c:	1107c783          	lbu	a5,272(a5)
    8420:	db0a0c13          	addi	s8,s4,-592
    8424:	d80781e3          	beqz	a5,81a6 <main+0x1bf8>
    8428:	db0a0713          	addi	a4,s4,-592
    842c:	4d01                	li	s10,0
    842e:	4781                	li	a5,0
    8430:	4805                	li	a6,1
    8432:	4511                	li	a0,4
    8434:	03474683          	lbu	a3,52(a4)
    8438:	c699                	beqz	a3,8446 <main+0x1e98>
    843a:	00f816b3          	sll	a3,a6,a5
    843e:	00dd66b3          	or	a3,s10,a3
    8442:	0ff6fd13          	zext.b	s10,a3
    8446:	0785                	addi	a5,a5,1
    8448:	04070713          	addi	a4,a4,64
    844c:	fea794e3          	bne	a5,a0,8434 <main+0x1e86>
    8450:	855a                	mv	a0,s6
    8452:	e3ff80ef          	jal	ra,1290 <_Z10set_motionhhhh.part.0>
    8456:	d40508e3          	beqz	a0,81a6 <main+0x1bf8>
    845a:	65b1                	lui	a1,0xc
    845c:	03c00613          	li	a2,60
    8460:	b2858593          	addi	a1,a1,-1240 # bb28 <_ZL49_bambubus_ams_stu_motion_package_struct_init_data>
    8464:	855e                	mv	a0,s7
    8466:	c9bf70ef          	jal	ra,100 <memcpy>
    846a:	0f7c0703          	lb	a4,247(s8)
    846e:	0b7c0783          	lb	a5,183(s8)
    8472:	077c0683          	lb	a3,119(s8)
    8476:	97ba                	add	a5,a5,a4
    8478:	037c0703          	lb	a4,55(s8)
    847c:	9736                	add	a4,a4,a3
    847e:	97ba                	add	a5,a5,a4
    8480:	4729                	li	a4,10
    8482:	02e787b3          	mul	a5,a5,a4
    8486:	01079693          	slli	a3,a5,0x10
    848a:	873e                	mv	a4,a5
    848c:	0006d363          	bgez	a3,8492 <main+0x1ee4>
    8490:	4701                	li	a4,0
    8492:	078c4683          	lbu	a3,120(s8)
    8496:	038c4783          	lbu	a5,56(s8)
    849a:	104c4583          	lbu	a1,260(s8)
    849e:	0742                	slli	a4,a4,0x10
    84a0:	97b6                	add	a5,a5,a3
    84a2:	0b8c4683          	lbu	a3,184(s8)
    84a6:	8741                	srai	a4,a4,0x10
    84a8:	8709                	srai	a4,a4,0x2
    84aa:	97b6                	add	a5,a5,a3
    84ac:	0f8c4683          	lbu	a3,248(s8)
    84b0:	97b6                	add	a5,a5,a3
    84b2:	07c2                	slli	a5,a5,0x10
    84b4:	83c1                	srli	a5,a5,0x10
    84b6:	0ff00693          	li	a3,255
    84ba:	8389                	srli	a5,a5,0x2
    84bc:	0ad58963          	beq	a1,a3,856e <main+0x1fc0>
    84c0:	10ec5d83          	lhu	s11,270(s8)
    84c4:	9ea1c903          	lbu	s2,-1558(gp) # 2000037a <package_num>
    84c8:	00fb8423          	sb	a5,8(s7)
    84cc:	05b11c23          	sh	s11,88(sp)
    84d0:	00391693          	slli	a3,s2,0x3
    84d4:	fc06e693          	ori	a3,a3,-64
    84d8:	00db80a3          	sb	a3,1(s7)
    84dc:	00eb9323          	sh	a4,6(s7)
    84e0:	01ab84a3          	sb	s10,9(s7)
    84e4:	01ab8523          	sb	s10,10(s7)
    84e8:	01ab85a3          	sb	s10,11(s7)
    84ec:	016b8623          	sb	s6,12(s7)
    84f0:	0ff00793          	li	a5,255
    84f4:	08f59163          	bne	a1,a5,8576 <main+0x1fc8>
    84f8:	57fd                	li	a5,-1
    84fa:	00fb8a23          	sb	a5,20(s7)
    84fe:	05814783          	lbu	a5,88(sp)
    8502:	db0a0513          	addi	a0,s4,-592
    8506:	00fb8ca3          	sb	a5,25(s7)
    850a:	05914783          	lbu	a5,89(sp)
    850e:	00fb8d23          	sb	a5,26(s7)
    8512:	bb9f80ef          	jal	ra,10ca <_Z22get_filament_left_charPK4_ams>
    8516:	67bd                	lui	a5,0xf
    8518:	02ab84a3          	sb	a0,41(s7)
    851c:	06f78793          	addi	a5,a5,111 # f06f <Flash_saves.cpp.f7fa723f+0x4a6>
    8520:	00fd9f63          	bne	s11,a5,853e <main+0x1f90>
    8524:	06f00793          	li	a5,111
    8528:	00fb8ca3          	sb	a5,25(s7)
    852c:	57c1                	li	a5,-16
    852e:	00fb8d23          	sb	a5,26(s7)
    8532:	579d                	li	a5,-25
    8534:	00fb8da3          	sb	a5,27(s7)
    8538:	47f1                	li	a5,28
    853a:	00fb8e23          	sb	a5,28(s7)
    853e:	03c00593          	li	a1,60
    8542:	855e                	mv	a0,s7
    8544:	c33f80ef          	jal	ra,1176 <_Z15package_add_crcPhi>
    8548:	4799                	li	a5,6
    854a:	0127e563          	bltu	a5,s2,8554 <main+0x1fa6>
    854e:	0905                	addi	s2,s2,1
    8550:	0ff97993          	zext.b	s3,s2
    8554:	200007b7          	lui	a5,0x20000
    8558:	6705                	lui	a4,0x1
    855a:	4bc78793          	addi	a5,a5,1212 # 200004bc <bus_port_to_host>
    855e:	97ba                	add	a5,a5,a4
    8560:	03c00713          	li	a4,60
    8564:	9f318523          	sb	s3,-1558(gp) # 2000037a <package_num>
    8568:	42e7a223          	sw	a4,1060(a5)
    856c:	b92d                	j	81a6 <main+0x1bf8>
    856e:	6dc1                	lui	s11,0x10
    8570:	f74d8d93          	addi	s11,s11,-140 # ff74 <MC_PULL_calibration.cpp.947435e8+0x68b>
    8574:	bf81                	j	84c4 <main+0x1f16>
    8576:	10dc4783          	lbu	a5,269(s8)
    857a:	00bb8a23          	sb	a1,20(s7)
    857e:	00fb89a3          	sb	a5,19(s7)
    8582:	478d                	li	a5,3
    8584:	f6b7ede3          	bltu	a5,a1,84fe <main+0x1f50>
    8588:	059a                	slli	a1,a1,0x6
    858a:	03c58593          	addi	a1,a1,60
    858e:	4611                	li	a2,4
    8590:	95e2                	add	a1,a1,s8
    8592:	015b8513          	addi	a0,s7,21
    8596:	b6bf70ef          	jal	ra,100 <memcpy>
    859a:	b795                	j	84fe <main+0x1f50>
    859c:	200027b7          	lui	a5,0x20002
    85a0:	ec07c783          	lbu	a5,-320(a5) # 20001ec0 <ams+0x110>
    85a4:	eb89                	bnez	a5,85b6 <main+0x2008>
    85a6:	9e018623          	sb	zero,-1556(gp) # 2000037c <_ZL15have_registered>
    85aa:	47b1                	li	a5,12
    85ac:	80f186a3          	sb	a5,-2035(gp) # 2000019d <_ZL24online_detect_prefix_now>
    85b0:	9e0185a3          	sb	zero,-1557(gp) # 2000037b <_ZL19online_detect_phase>
    85b4:	b6dd                	j	819a <main+0x1bec>
    85b6:	00594983          	lbu	s3,5(s2)
    85ba:	04099863          	bnez	s3,860a <main+0x205c>
    85be:	9ec1c783          	lbu	a5,-1556(gp) # 2000037c <_ZL15have_registered>
    85c2:	bc079ce3          	bnez	a5,819a <main+0x1bec>
    85c6:	9eb1c783          	lbu	a5,-1557(gp) # 2000037b <_ZL19online_detect_phase>
    85ca:	cf8d                	beqz	a5,8604 <main+0x2056>
    85cc:	4729                	li	a4,10
    85ce:	4789                	li	a5,2
    85d0:	80e186a3          	sb	a4,-2035(gp) # 2000019d <_ZL24online_detect_prefix_now>
    85d4:	4501                	li	a0,0
    85d6:	9ef185a3          	sb	a5,-1557(gp) # 2000037b <_ZL19online_detect_phase>
    85da:	933fc0ef          	jal	ra,4f0c <_ZL26online_detect_build_packethh.constprop.0>
    85de:	40044783          	lbu	a5,1024(s0)
    85e2:	4532                	lw	a0,12(sp)
    85e4:	c789                	beqz	a5,85ee <main+0x2040>
    85e6:	20001537          	lui	a0,0x20001
    85ea:	9bc50513          	addi	a0,a0,-1604 # 200009bc <__global_pointer$+0x2c>
    85ee:	200005b7          	lui	a1,0x20000
    85f2:	4675                	li	a2,29
    85f4:	02058593          	addi	a1,a1,32 # 20000020 <online_detect_res>
    85f8:	b09f70ef          	jal	ra,100 <memcpy>
    85fc:	47f5                	li	a5,29
    85fe:	42f42223          	sw	a5,1060(s0)
    8602:	be61                	j	819a <main+0x1bec>
    8604:	4731                	li	a4,12
    8606:	4785                	li	a5,1
    8608:	b7e1                	j	85d0 <main+0x2022>
    860a:	4785                	li	a5,1
    860c:	b8f997e3          	bne	s3,a5,819a <main+0x1bec>
    8610:	00694783          	lbu	a5,6(s2)
    8614:	b80793e3          	bnez	a5,819a <main+0x1bec>
    8618:	47a9                	li	a5,10
    861a:	4505                	li	a0,1
    861c:	80f186a3          	sb	a5,-2035(gp) # 2000019d <_ZL24online_detect_prefix_now>
    8620:	8edfc0ef          	jal	ra,4f0c <_ZL26online_detect_build_packethh.constprop.0>
    8624:	20000537          	lui	a0,0x20000
    8628:	4645                	li	a2,17
    862a:	00790593          	addi	a1,s2,7
    862e:	02750513          	addi	a0,a0,39 # 20000027 <online_detect_res+0x7>
    8632:	1f5000ef          	jal	ra,9026 <memcmp>
    8636:	b60512e3          	bnez	a0,819a <main+0x1bec>
    863a:	9f318623          	sb	s3,-1556(gp) # 2000037c <_ZL15have_registered>
    863e:	478d                	li	a5,3
    8640:	9ef185a3          	sb	a5,-1557(gp) # 2000037b <_ZL19online_detect_phase>
    8644:	bf69                	j	85de <main+0x2030>
    8646:	200027b7          	lui	a5,0x20002
    864a:	ec07c783          	lbu	a5,-320(a5) # 20001ec0 <ams+0x110>
    864e:	b20780e3          	beqz	a5,816e <main+0x1bc0>
    8652:	00d94783          	lbu	a5,13(s2)
    8656:	b0079ce3          	bnez	a5,816e <main+0x1bc0>
    865a:	183c                	addi	a5,sp,56
    865c:	06f101a3          	sb	a5,99(sp)
    8660:	83a1                	srli	a5,a5,0x8
    8662:	06f10223          	sb	a5,100(sp)
    8666:	183c                	addi	a5,sp,56
    8668:	83c1                	srli	a5,a5,0x10
    866a:	06f102a3          	sb	a5,101(sp)
    866e:	183c                	addi	a5,sp,56
    8670:	83e1                	srli	a5,a5,0x18
    8672:	06f10323          	sb	a5,102(sp)
    8676:	4799                	li	a5,6
    8678:	06f103a3          	sb	a5,103(sp)
    867c:	000a5783          	lhu	a5,0(s4)
    8680:	dc02                	sw	zero,56(sp)
    8682:	02011e23          	sh	zero,60(sp)
    8686:	04f11c23          	sh	a5,88(sp)
    868a:	47e9                	li	a5,26
    868c:	06f100a3          	sb	a5,97(sp)
    8690:	4789                	li	a5,2
    8692:	06f10123          	sb	a5,98(sp)
    8696:	479d                	li	a5,7
    8698:	06010423          	sb	zero,104(sp)
    869c:	04010fa3          	sb	zero,95(sp)
    86a0:	06f10023          	sb	a5,96(sp)
    86a4:	007a4783          	lbu	a5,7(s4)
    86a8:	08a8                	addi	a0,sp,88
    86aa:	04f10ea3          	sb	a5,93(sp)
    86ae:	008a4783          	lbu	a5,8(s4)
    86b2:	04f10f23          	sb	a5,94(sp)
    86b6:	fb4fc0ef          	jal	ra,4e6a <_Z25bambubus_long_package_getP25bambubus_long_packge_data>
    86ba:	bc55                	j	816e <main+0x1bc0>
    86bc:	00e94903          	lbu	s2,14(s2)
    86c0:	478d                	li	a5,3
    86c2:	9f27e9e3          	bltu	a5,s2,80b4 <main+0x1b06>
    86c6:	20002ab7          	lui	s5,0x20002
    86ca:	db0a8a93          	addi	s5,s5,-592 # 20001db0 <ams>
    86ce:	110ac783          	lbu	a5,272(s5)
    86d2:	9e0781e3          	beqz	a5,80b4 <main+0x1b06>
    86d6:	200009b7          	lui	s3,0x20000
    86da:	04098993          	addi	s3,s3,64 # 20000040 <long_packge_filament>
    86de:	012980a3          	sb	s2,1(s3)
    86e2:	091a                	slli	s2,s2,0x6
    86e4:	00490593          	addi	a1,s2,4
    86e8:	20000537          	lui	a0,0x20000
    86ec:	95d6                	add	a1,a1,s5
    86ee:	4621                	li	a2,8
    86f0:	05350513          	addi	a0,a0,83 # 20000053 <long_packge_filament+0x13>
    86f4:	00098023          	sb	zero,0(s3)
    86f8:	a09f70ef          	jal	ra,100 <memcpy>
    86fc:	01490593          	addi	a1,s2,20
    8700:	20000537          	lui	a0,0x20000
    8704:	4651                	li	a2,20
    8706:	95d6                	add	a1,a1,s5
    8708:	05b50513          	addi	a0,a0,91 # 2000005b <long_packge_filament+0x1b>
    870c:	9f5f70ef          	jal	ra,100 <memcpy>
    8710:	012a87b3          	add	a5,s5,s2
    8714:	27d8                	lbu	a4,12(a5)
    8716:	073101a3          	sb	s3,99(sp)
    871a:	06010423          	sb	zero,104(sp)
    871e:	02e98da3          	sb	a4,59(s3)
    8722:	37d8                	lbu	a4,13(a5)
    8724:	04010fa3          	sb	zero,95(sp)
    8728:	08a8                	addi	a0,sp,88
    872a:	02e98e23          	sb	a4,60(s3)
    872e:	27f8                	lbu	a4,14(a5)
    8730:	37fc                	lbu	a5,15(a5)
    8732:	02e98ea3          	sb	a4,61(s3)
    8736:	01290713          	addi	a4,s2,18
    873a:	9756                	add	a4,a4,s5
    873c:	2314                	lbu	a3,0(a4)
    873e:	3318                	lbu	a4,1(a4)
    8740:	02f98f23          	sb	a5,62(s3)
    8744:	0941                	addi	s2,s2,16
    8746:	200007b7          	lui	a5,0x20000
    874a:	08f78793          	addi	a5,a5,143 # 2000008f <long_packge_filament+0x4f>
    874e:	9956                	add	s2,s2,s5
    8750:	b398                	sb	a4,1(a5)
    8752:	00094703          	lbu	a4,0(s2)
    8756:	a394                	sb	a3,0(a5)
    8758:	200007b7          	lui	a5,0x20000
    875c:	09178793          	addi	a5,a5,145 # 20000091 <long_packge_filament+0x51>
    8760:	a398                	sb	a4,0(a5)
    8762:	00194703          	lbu	a4,1(s2)
    8766:	b398                	sb	a4,1(a5)
    8768:	0089d793          	srli	a5,s3,0x8
    876c:	06f10223          	sb	a5,100(sp)
    8770:	0109d793          	srli	a5,s3,0x10
    8774:	06f102a3          	sb	a5,101(sp)
    8778:	f8300793          	li	a5,-125
    877c:	06f103a3          	sb	a5,103(sp)
    8780:	000a5783          	lhu	a5,0(s4)
    8784:	0189d993          	srli	s3,s3,0x18
    8788:	07310323          	sb	s3,102(sp)
    878c:	04f11c23          	sh	a5,88(sp)
    8790:	47c5                	li	a5,17
    8792:	06f100a3          	sb	a5,97(sp)
    8796:	4789                	li	a5,2
    8798:	06f10123          	sb	a5,98(sp)
    879c:	479d                	li	a5,7
    879e:	06f10023          	sb	a5,96(sp)
    87a2:	007a4783          	lbu	a5,7(s4)
    87a6:	04f10ea3          	sb	a5,93(sp)
    87aa:	008a4783          	lbu	a5,8(s4)
    87ae:	04f10f23          	sb	a5,94(sp)
    87b2:	eb8fc0ef          	jal	ra,4e6a <_Z25bambubus_long_package_getP25bambubus_long_packge_data>
    87b6:	b8fd                	j	80b4 <main+0x1b06>
    87b8:	200027b7          	lui	a5,0x20002
    87bc:	ec07c783          	lbu	a5,-320(a5) # 20001ec0 <ams+0x110>
    87c0:	980781e3          	beqz	a5,8142 <main+0x1b94>
    87c4:	200007b7          	lui	a5,0x20000
    87c8:	0c478793          	addi	a5,a5,196 # 200000c4 <long_packge_version_version_and_name_AMS08>
    87cc:	0087d713          	srli	a4,a5,0x8
    87d0:	06f101a3          	sb	a5,99(sp)
    87d4:	06e10223          	sb	a4,100(sp)
    87d8:	00078a23          	sb	zero,20(a5)
    87dc:	0107d713          	srli	a4,a5,0x10
    87e0:	83e1                	srli	a5,a5,0x18
    87e2:	06f10323          	sb	a5,102(sp)
    87e6:	47d5                	li	a5,21
    87e8:	06f103a3          	sb	a5,103(sp)
    87ec:	000a5783          	lhu	a5,0(s4)
    87f0:	06e102a3          	sb	a4,101(sp)
    87f4:	06010423          	sb	zero,104(sp)
    87f8:	04f11c23          	sh	a5,88(sp)
    87fc:	478d                	li	a5,3
    87fe:	06f100a3          	sb	a5,97(sp)
    8802:	4785                	li	a5,1
    8804:	06f10123          	sb	a5,98(sp)
    8808:	479d                	li	a5,7
    880a:	04010fa3          	sb	zero,95(sp)
    880e:	06f10023          	sb	a5,96(sp)
    8812:	007a4783          	lbu	a5,7(s4)
    8816:	08a8                	addi	a0,sp,88
    8818:	04f10ea3          	sb	a5,93(sp)
    881c:	008a4783          	lbu	a5,8(s4)
    8820:	04f10f23          	sb	a5,94(sp)
    8824:	e46fc0ef          	jal	ra,4e6a <_Z25bambubus_long_package_getP25bambubus_long_packge_data>
    8828:	ba29                	j	8142 <main+0x1b94>
    882a:	02e94783          	lbu	a5,46(s2)
    882e:	8a0781e3          	beqz	a5,80d0 <main+0x1b22>
    8832:	49ad                	li	s3,11
    8834:	c28ff06f          	j	7c5c <main+0x16ae>
    8838:	40044683          	lbu	a3,1024(s0)
    883c:	4a32                	lw	s4,12(sp)
    883e:	c689                	beqz	a3,8848 <main+0x229a>
    8840:	20001a37          	lui	s4,0x20001
    8844:	9bca0a13          	addi	s4,s4,-1604 # 200009bc <__global_pointer$+0x2c>
    8848:	8fd9                	or	a5,a5,a4
    884a:	940792e3          	bnez	a5,818e <main+0x1be0>
    884e:	20002ab7          	lui	s5,0x20002
    8852:	db0a8a93          	addi	s5,s5,-592 # 20001db0 <ams>
    8856:	110ac783          	lbu	a5,272(s5)
    885a:	c7d9                	beqz	a5,88e8 <main+0x233a>
    885c:	00699b13          	slli	s6,s3,0x6
    8860:	004b0513          	addi	a0,s6,4
    8864:	4621                	li	a2,8
    8866:	00790593          	addi	a1,s2,7
    886a:	9556                	add	a0,a0,s5
    886c:	895f70ef          	jal	ra,100 <memcpy>
    8870:	00f94783          	lbu	a5,15(s2)
    8874:	016a8bb3          	add	s7,s5,s6
    8878:	014b0513          	addi	a0,s6,20
    887c:	00fb8623          	sb	a5,12(s7)
    8880:	01094783          	lbu	a5,16(s2)
    8884:	4651                	li	a2,20
    8886:	01790593          	addi	a1,s2,23
    888a:	00fb86a3          	sb	a5,13(s7)
    888e:	01194783          	lbu	a5,17(s2)
    8892:	9556                	add	a0,a0,s5
    8894:	00fb8723          	sb	a5,14(s7)
    8898:	01294783          	lbu	a5,18(s2)
    889c:	00fb87a3          	sb	a5,15(s7)
    88a0:	01394703          	lbu	a4,19(s2)
    88a4:	010b0793          	addi	a5,s6,16
    88a8:	97d6                	add	a5,a5,s5
    88aa:	a398                	sb	a4,0(a5)
    88ac:	01494703          	lbu	a4,20(s2)
    88b0:	b398                	sb	a4,1(a5)
    88b2:	01594703          	lbu	a4,21(s2)
    88b6:	012b0793          	addi	a5,s6,18
    88ba:	97d6                	add	a5,a5,s5
    88bc:	a398                	sb	a4,0(a5)
    88be:	01694703          	lbu	a4,22(s2)
    88c2:	b398                	sb	a4,1(a5)
    88c4:	83df70ef          	jal	ra,100 <memcpy>
    88c8:	b208c7b7          	lui	a5,0xb208c
    88cc:	03d78793          	addi	a5,a5,61 # b208c03d <__freertos_irq_stack_top+0x9208703d>
    88d0:	00fa2023          	sw	a5,0(s4)
    88d4:	04b467b7          	lui	a5,0x4b46
    88d8:	07a1                	addi	a5,a5,8 # 4b46008 <ch32v20x_wwdg.c.13394d49+0x4b2829f>
    88da:	00fa2223          	sw	a5,4(s4)
    88de:	47a1                	li	a5,8
    88e0:	020b83a3          	sb	zero,39(s7)
    88e4:	42f42223          	sw	a5,1060(s0)
    88e8:	854e                	mv	a0,s3
    88ea:	96bf80ef          	jal	ra,1254 <_Z35ams_datas_set_need_to_save_filamenth>
    88ee:	8a1ff06f          	j	818e <main+0x1be0>
    88f2:	00d94783          	lbu	a5,13(s2)
    88f6:	84079ce3          	bnez	a5,814e <main+0x1ba0>
    88fa:	00e94b03          	lbu	s6,14(s2)
    88fe:	4a8d                	li	s5,3
    8900:	856ae7e3          	bltu	s5,s6,814e <main+0x1ba0>
    8904:	20002c37          	lui	s8,0x20002
    8908:	db0c0c13          	addi	s8,s8,-592 # 20001db0 <ams>
    890c:	110c4783          	lbu	a5,272(s8)
    8910:	82078fe3          	beqz	a5,814e <main+0x1ba0>
    8914:	006b1993          	slli	s3,s6,0x6
    8918:	00498513          	addi	a0,s3,4
    891c:	00f90593          	addi	a1,s2,15
    8920:	4621                	li	a2,8
    8922:	9562                	add	a0,a0,s8
    8924:	fdcf70ef          	jal	ra,100 <memcpy>
    8928:	01794783          	lbu	a5,23(s2)
    892c:	013c0bb3          	add	s7,s8,s3
    8930:	01498513          	addi	a0,s3,20
    8934:	00fb8623          	sb	a5,12(s7)
    8938:	01894783          	lbu	a5,24(s2)
    893c:	9562                	add	a0,a0,s8
    893e:	4641                	li	a2,16
    8940:	00fb86a3          	sb	a5,13(s7)
    8944:	01994783          	lbu	a5,25(s2)
    8948:	01f90593          	addi	a1,s2,31
    894c:	00fb8723          	sb	a5,14(s7)
    8950:	01a94783          	lbu	a5,26(s2)
    8954:	00fb87a3          	sb	a5,15(s7)
    8958:	01b94703          	lbu	a4,27(s2)
    895c:	01098793          	addi	a5,s3,16
    8960:	97e2                	add	a5,a5,s8
    8962:	a398                	sb	a4,0(a5)
    8964:	01c94703          	lbu	a4,28(s2)
    8968:	b398                	sb	a4,1(a5)
    896a:	01d94703          	lbu	a4,29(s2)
    896e:	01298793          	addi	a5,s3,18
    8972:	97e2                	add	a5,a5,s8
    8974:	a398                	sb	a4,0(a5)
    8976:	01e94703          	lbu	a4,30(s2)
    897a:	b398                	sb	a4,1(a5)
    897c:	00052023          	sw	zero,0(a0)
    8980:	00052223          	sw	zero,4(a0)
    8984:	00052423          	sw	zero,8(a0)
    8988:	00052623          	sw	zero,12(a0)
    898c:	00052823          	sw	zero,16(a0)
    8990:	f70f70ef          	jal	ra,100 <memcpy>
    8994:	9e018823          	sb	zero,-1552(gp) # 20000380 <set_filament_res_type2>
    8998:	9f018793          	addi	a5,gp,-1552 # 20000380 <set_filament_res_type2>
    899c:	0087d713          	srli	a4,a5,0x8
    89a0:	016780a3          	sb	s6,1(a5)
    89a4:	06f101a3          	sb	a5,99(sp)
    89a8:	06e10223          	sb	a4,100(sp)
    89ac:	00078123          	sb	zero,2(a5)
    89b0:	0107d713          	srli	a4,a5,0x10
    89b4:	83e1                	srli	a5,a5,0x18
    89b6:	06f10323          	sb	a5,102(sp)
    89ba:	000a5783          	lhu	a5,0(s4)
    89be:	020b83a3          	sb	zero,39(s7)
    89c2:	06e102a3          	sb	a4,101(sp)
    89c6:	04f11c23          	sh	a5,88(sp)
    89ca:	47e1                	li	a5,24
    89cc:	06f100a3          	sb	a5,97(sp)
    89d0:	4789                	li	a5,2
    89d2:	06f10123          	sb	a5,98(sp)
    89d6:	479d                	li	a5,7
    89d8:	075103a3          	sb	s5,103(sp)
    89dc:	06010423          	sb	zero,104(sp)
    89e0:	04010fa3          	sb	zero,95(sp)
    89e4:	06f10023          	sb	a5,96(sp)
    89e8:	007a4783          	lbu	a5,7(s4)
    89ec:	08a8                	addi	a0,sp,88
    89ee:	04f10ea3          	sb	a5,93(sp)
    89f2:	008a4783          	lbu	a5,8(s4)
    89f6:	04f10f23          	sb	a5,94(sp)
    89fa:	c70fc0ef          	jal	ra,4e6a <_Z25bambubus_long_package_getP25bambubus_long_packge_data>
    89fe:	f50ff06f          	j	814e <main+0x1ba0>
    8a02:	853f80ef          	jal	ra,1254 <_Z35ams_datas_set_need_to_save_filamenth>
    8a06:	f60ff06f          	j	8166 <main+0x1bb8>
    8a0a:	4995                	li	s3,5
    8a0c:	a50ff06f          	j	7c5c <main+0x16ae>
    8a10:	57fd                	li	a5,-1
    8a12:	e000f737          	lui	a4,0xe000f
    8a16:	4714                	lw	a3,8(a4)
    8a18:	e000f637          	lui	a2,0xe000f
    8a1c:	4618                	lw	a4,8(a2)
    8a1e:	8f15                	sub	a4,a4,a3
    8a20:	a4f77d63          	bgeu	a4,a5,7c7a <main+0x16cc>
    8a24:	0001                	nop
    8a26:	bfdd                	j	8a1c <main+0x246e>
    8a28:	4ff00793          	li	a5,1279
    8a2c:	02e7fe63          	bgeu	a5,a4,8a68 <main+0x24ba>
    8a30:	4791                	li	a5,4
    8a32:	00f49463          	bne	s1,a5,8a3a <main+0x248c>
    8a36:	b6098863          	beqz	s3,7da6 <main+0x17f8>
    8a3a:	a001ac23          	sw	zero,-1512(gp) # 200003a8 <_ZZ4mainE5error>
    8a3e:	47b1                	li	a5,12
    8a40:	aaf99263          	bne	s3,a5,7ce4 <main+0x1736>
    8a44:	aec18793          	addi	a5,gp,-1300 # 2000047c <SYS_RGB>
    8a48:	23f8                	lbu	a4,6(a5)
    8a4a:	a8070d63          	beqz	a4,7ce4 <main+0x1736>
    8a4e:	4794                	lw	a3,8(a5)
    8a50:	00354737          	lui	a4,0x354
    8a54:	83270713          	addi	a4,a4,-1998 # 353832 <ch32v20x_wwdg.c.13394d49+0x335ac9>
    8a58:	a8e68663          	beq	a3,a4,7ce4 <main+0x1736>
    8a5c:	c798                	sw	a4,8(a5)
    8a5e:	4705                	li	a4,1
    8a60:	02e78623          	sb	a4,44(a5)
    8a64:	a80ff06f          	j	7ce4 <main+0x1736>
    8a68:	42944783          	lbu	a5,1065(s0)
    8a6c:	d3f1                	beqz	a5,8a30 <main+0x2482>
    8a6e:	40044783          	lbu	a5,1024(s0)
    8a72:	e79d                	bnez	a5,8aa0 <main+0x24f2>
    8a74:	4532                	lw	a0,12(sp)
    8a76:	0017c793          	xori	a5,a5,1
    8a7a:	40f40023          	sb	a5,1024(s0)
    8a7e:	41842783          	lw	a5,1048(s0)
    8a82:	05c2                	slli	a1,a1,0x10
    8a84:	81c1                	srli	a1,a1,0x10
    8a86:	9782                	jalr	a5
    8a88:	4791                	li	a5,4
    8a8a:	42042223          	sw	zero,1060(s0)
    8a8e:	faf484e3          	beq	s1,a5,8a36 <main+0x2488>
    8a92:	4795                	li	a5,5
    8a94:	faf493e3          	bne	s1,a5,8a3a <main+0x248c>
    8a98:	57fd                	li	a5,-1
    8a9a:	00f98b63          	beq	s3,a5,8ab0 <main+0x2502>
    8a9e:	bf71                	j	8a3a <main+0x248c>
    8aa0:	20001537          	lui	a0,0x20001
    8aa4:	9bc50513          	addi	a0,a0,-1604 # 200009bc <__global_pointer$+0x2c>
    8aa8:	b7f9                	j	8a76 <main+0x24c8>
    8aaa:	4795                	li	a5,5
    8aac:	a2f49a63          	bne	s1,a5,7ce0 <main+0x1732>
    8ab0:	57fd                	li	a5,-1
    8ab2:	a0f1ac23          	sw	a5,-1512(gp) # 200003a8 <_ZZ4mainE5error>
    8ab6:	aec18793          	addi	a5,gp,-1300 # 2000047c <SYS_RGB>
    8aba:	23f8                	lbu	a4,6(a5)
    8abc:	ae070563          	beqz	a4,7da6 <main+0x17f8>
    8ac0:	4794                	lw	a3,8(a5)
    8ac2:	6705                	lui	a4,0x1
    8ac4:	aee68163          	beq	a3,a4,7da6 <main+0x17f8>
    8ac8:	c798                	sw	a4,8(a5)
    8aca:	4705                	li	a4,1
    8acc:	02e78623          	sb	a4,44(a5)
    8ad0:	ad6ff06f          	j	7da6 <main+0x17f8>
    8ad4:	4c01                	li	s8,0
    8ad6:	200027b7          	lui	a5,0x20002
    8ada:	006c1713          	slli	a4,s8,0x6
    8ade:	db478793          	addi	a5,a5,-588 # 20001db4 <ams+0x4>
    8ae2:	97ba                	add	a5,a5,a4
    8ae4:	4394                	lw	a3,0(a5)
    8ae6:	43dc                	lw	a5,4(a5)
    8ae8:	200025b7          	lui	a1,0x20002
    8aec:	dc36                	sw	a3,56(sp)
    8aee:	de3e                	sw	a5,60(sp)
    8af0:	47e2                	lw	a5,24(sp)
    8af2:	dc458593          	addi	a1,a1,-572 # 20001dc4 <ams+0x14>
    8af6:	4641                	li	a2,16
    8af8:	97ba                	add	a5,a5,a4
    8afa:	47d4                	lw	a3,12(a5)
    8afc:	95ba                	add	a1,a1,a4
    8afe:	00a8                	addi	a0,sp,72
    8b00:	c0b6                	sw	a3,64(sp)
    8b02:	4b9c                	lw	a5,16(a5)
    8b04:	c2be                	sw	a5,68(sp)
    8b06:	dfaf70ef          	jal	ra,100 <memcpy>
    8b0a:	aa018793          	addi	a5,gp,-1376 # 20000430 <_ZL10g_fil_have>
    8b0e:	97e2                	add	a5,a5,s8
    8b10:	239c                	lbu	a5,0(a5)
    8b12:	aa018b13          	addi	s6,gp,-1376 # 20000430 <_ZL10g_fil_have>
    8b16:	cf91                	beqz	a5,8b32 <main+0x2584>
    8b18:	200027b7          	lui	a5,0x20002
    8b1c:	005c1513          	slli	a0,s8,0x5
    8b20:	2f078793          	addi	a5,a5,752 # 200022f0 <_ZL10g_fil_last>
    8b24:	02000613          	li	a2,32
    8b28:	182c                	addi	a1,sp,56
    8b2a:	953e                	add	a0,a0,a5
    8b2c:	4fa000ef          	jal	ra,9026 <memcmp>
    8b30:	c941                	beqz	a0,8bc0 <main+0x2612>
    8b32:	a9c18793          	addi	a5,gp,-1380 # 2000042c <_ZL17g_fil_first_empty>
    8b36:	97e2                	add	a5,a5,s8
    8b38:	0007ca83          	lbu	s5,0(a5)
    8b3c:	000809b7          	lui	s3,0x80
    8b40:	0f298993          	addi	s3,s3,242 # 800f2 <ch32v20x_wwdg.c.13394d49+0x62389>
    8b44:	99e2                	add	s3,s3,s8
    8b46:	4795                	li	a5,5
    8b48:	09a2                	slli	s3,s3,0x8
    8b4a:	a9c18a13          	addi	s4,gp,-1380 # 2000042c <_ZL17g_fil_first_empty>
    8b4e:	0157f863          	bgeu	a5,s5,8b5e <main+0x25b0>
    8b52:	854e                	mv	a0,s3
    8b54:	f09f80ef          	jal	ra,1a5c <_ZL14flash256_erasem.part.0>
    8b58:	4a81                	li	s5,0
    8b5a:	9a050b63          	beqz	a0,7d10 <main+0x1762>
    8b5e:	314c57b7          	lui	a5,0x314c5
    8b62:	94678793          	addi	a5,a5,-1722 # 314c4946 <__freertos_irq_stack_top+0x114bf946>
    8b66:	02000613          	li	a2,32
    8b6a:	182c                	addi	a1,sp,56
    8b6c:	08e8                	addi	a0,sp,92
    8b6e:	ccbe                	sw	a5,88(sp)
    8b70:	d90f70ef          	jal	ra,100 <memcpy>
    8b74:	02400593          	li	a1,36
    8b78:	08a8                	addi	a0,sp,88
    8b7a:	8c1f70ef          	jal	ra,43a <_ZL14crc32_hw_wordsPKvm>
    8b7e:	deaa                	sw	a0,124(sp)
    8b80:	02800513          	li	a0,40
    8b84:	02aa8533          	mul	a0,s5,a0
    8b88:	4629                	li	a2,10
    8b8a:	08ac                	addi	a1,sp,88
    8b8c:	954e                	add	a0,a0,s3
    8b8e:	dc5f80ef          	jal	ra,1952 <_ZL16flash_prog_wordsmPKmm>
    8b92:	e119                	bnez	a0,8b98 <main+0x25ea>
    8b94:	97cff06f          	j	7d10 <main+0x1762>
    8b98:	200027b7          	lui	a5,0x20002
    8b9c:	2f078793          	addi	a5,a5,752 # 200022f0 <_ZL10g_fil_last>
    8ba0:	005c1513          	slli	a0,s8,0x5
    8ba4:	953e                	add	a0,a0,a5
    8ba6:	02000613          	li	a2,32
    8baa:	182c                	addi	a1,sp,56
    8bac:	d54f70ef          	jal	ra,100 <memcpy>
    8bb0:	9b62                	add	s6,s6,s8
    8bb2:	4785                	li	a5,1
    8bb4:	9a62                	add	s4,s4,s8
    8bb6:	0a85                	addi	s5,s5,1
    8bb8:	00fb0023          	sb	a5,0(s6)
    8bbc:	015a0023          	sb	s5,0(s4)
    8bc0:	4785                	li	a5,1
    8bc2:	018797b3          	sll	a5,a5,s8
    8bc6:	fff7c793          	not	a5,a5
    8bca:	8cfd                	and	s1,s1,a5
    8bcc:	a0918e23          	sb	s1,-1508(gp) # 200003ac <_ZL11g_fil_dirty>
    8bd0:	940ff06f          	j	7d10 <main+0x1762>
    8bd4:	4c05                	li	s8,1
    8bd6:	b701                	j	8ad6 <main+0x2528>
    8bd8:	4c09                	li	s8,2
    8bda:	bdf5                	j	8ad6 <main+0x2528>
    8bdc:	a081a783          	lw	a5,-1528(gp) # 20000398 <_ZL19g_time_last_ticks64>
    8be0:	a0c1a683          	lw	a3,-1524(gp) # 2000039c <_ZL19g_time_last_ticks64+0x4>
    8be4:	a121a423          	sw	s2,-1528(gp) # 20000398 <_ZL19g_time_last_ticks64>
    8be8:	40f907b3          	sub	a5,s2,a5
    8bec:	00f93633          	sltu	a2,s2,a5
    8bf0:	40d586b3          	sub	a3,a1,a3
    8bf4:	a0b1a623          	sw	a1,-1524(gp) # 2000039c <_ZL19g_time_last_ticks64+0x4>
    8bf8:	9ec69863          	bne	a3,a2,7de8 <main+0x183a>
    8bfc:	9fc1a703          	lw	a4,-1540(gp) # 2000038c <_ZL18g_time_rem_ticks32>
    8c00:	97ba                	add	a5,a5,a4
    8c02:	9ee7e363          	bltu	a5,a4,7de8 <main+0x183a>
    8c06:	46d2                	lw	a3,20(sp)
    8c08:	4705                	li	a4,1
    8c0a:	a001a483          	lw	s1,-1536(gp) # 20000390 <_ZL11g_time_ms64>
    8c0e:	a041aa83          	lw	s5,-1532(gp) # 20000394 <_ZL11g_time_ms64+0x4>
    8c12:	00d76e63          	bltu	a4,a3,8c2e <main+0x2680>
    8c16:	94be                	add	s1,s1,a5
    8c18:	00f4b7b3          	sltu	a5,s1,a5
    8c1c:	9abe                	add	s5,s5,a5
    8c1e:	a091a023          	sw	s1,-1536(gp) # 20000390 <_ZL11g_time_ms64>
    8c22:	a151a223          	sw	s5,-1532(gp) # 20000394 <_ZL11g_time_ms64+0x4>
    8c26:	9e01ae23          	sw	zero,-1540(gp) # 2000038c <_ZL18g_time_rem_ticks32>
    8c2a:	9e0ff06f          	j	7e0a <main+0x185c>
    8c2e:	0347f733          	remu	a4,a5,s4
    8c32:	0347d7b3          	divu	a5,a5,s4
    8c36:	9ee1ae23          	sw	a4,-1540(gp) # 2000038c <_ZL18g_time_rem_ticks32>
    8c3a:	94be                	add	s1,s1,a5
    8c3c:	00f4b7b3          	sltu	a5,s1,a5
    8c40:	9abe                	add	s5,s5,a5
    8c42:	a091a023          	sw	s1,-1536(gp) # 20000390 <_ZL11g_time_ms64>
    8c46:	a151a223          	sw	s5,-1532(gp) # 20000394 <_ZL11g_time_ms64+0x4>
    8c4a:	9c0ff06f          	j	7e0a <main+0x185c>
    8c4e:	47f2                	lw	a5,28(sp)
    8c50:	aaf05763          	blez	a5,7efe <main+0x1950>
    8c54:	577d                	li	a4,-1
    8c56:	80e1a823          	sw	a4,-2032(gp) # 200001a0 <_ZL9g_hold_ch>
    8c5a:	9e01ac23          	sw	zero,-1544(gp) # 20000388 <_ZL15g_hold_t0_ticks>
    8c5e:	854a                	mv	a0,s2
    8c60:	aa4fd0ef          	jal	ra,5f04 <_Z22AS5600_distance_updatam>
    8c64:	200027b7          	lui	a5,0x20002
    8c68:	c3878693          	addi	a3,a5,-968 # 20001c38 <_ZL21filament_now_position>
    8c6c:	200027b7          	lui	a5,0x20002
    8c70:	db078613          	addi	a2,a5,-592 # 20001db0 <ams>
    8c74:	4701                	li	a4,0
    8c76:	4591                	li	a1,4
    8c78:	00eb07b3          	add	a5,s6,a4
    8c7c:	2388                	lbu	a0,0(a5)
    8c7e:	4785                	li	a5,1
    8c80:	e509                	bnez	a0,8c8a <main+0x26dc>
    8c82:	429c                	lw	a5,0(a3)
    8c84:	17f1                	addi	a5,a5,-4
    8c86:	0027b793          	sltiu	a5,a5,2
    8c8a:	02f60a23          	sb	a5,52(a2) # e000f034 <__freertos_irq_stack_top+0xc000a034>
    8c8e:	0705                	addi	a4,a4,1 # 1001 <_ZN14_MOTOR_CONTROL10set_motionE20filament_motion_enumyy+0x51d>
    8c90:	04060613          	addi	a2,a2,64
    8c94:	0691                	addi	a3,a3,4
    8c96:	feb711e3          	bne	a4,a1,8c78 <main+0x26ca>
    8c9a:	4572                	lw	a0,28(sp)
    8c9c:	86ca                	mv	a3,s2
    8c9e:	85a6                	mv	a1,s1
    8ca0:	8656                	mv	a2,s5
    8ca2:	839f90ef          	jal	ra,24da <_ZL16motor_motion_runiym>
    8ca6:	200027b7          	lui	a5,0x20002
    8caa:	cc878793          	addi	a5,a5,-824 # 20001cc8 <MC_AS5600>
    8cae:	4388                	lw	a0,0(a5)
    8cb0:	0047a803          	lw	a6,4(a5)
    8cb4:	66c1                	lui	a3,0x10
    8cb6:	200027b7          	lui	a5,0x20002
    8cba:	23078793          	addi	a5,a5,560 # 20002230 <RGBOUT>
    8cbe:	4701                	li	a4,0
    8cc0:	f0068693          	addi	a3,a3,-256 # ff00 <MC_PULL_calibration.cpp.947435e8+0x617>
    8cc4:	4885                	li	a7,1
    8cc6:	537d                	li	t1,-1
    8cc8:	4591                	li	a1,4
    8cca:	00e50633          	add	a2,a0,a4
    8cce:	2210                	lbu	a2,0(a2)
    8cd0:	c619                	beqz	a2,8cde <main+0x2730>
    8cd2:	00271613          	slli	a2,a4,0x2
    8cd6:	9642                	add	a2,a2,a6
    8cd8:	4210                	lw	a2,0(a2)
    8cda:	00661a63          	bne	a2,t1,8cee <main+0x2740>
    8cde:	23f0                	lbu	a2,6(a5)
    8ce0:	c619                	beqz	a2,8cee <main+0x2740>
    8ce2:	4790                	lw	a2,8(a5)
    8ce4:	00d60563          	beq	a2,a3,8cee <main+0x2740>
    8ce8:	c794                	sw	a3,8(a5)
    8cea:	03178623          	sb	a7,44(a5)
    8cee:	0705                	addi	a4,a4,1
    8cf0:	03078793          	addi	a5,a5,48
    8cf4:	fcb71be3          	bne	a4,a1,8cca <main+0x271c>
    8cf8:	b95f80ef          	jal	ra,188c <_Z10RGB_updatev>
    8cfc:	90ffe06f          	j	760a <main+0x105c>
    8d00:	8191a823          	sw	s9,-2032(gp) # 200001a0 <_ZL9g_hold_ch>
    8d04:	9f21ac23          	sw	s2,-1544(gp) # 20000388 <_ZL15g_hold_t0_ticks>
    8d08:	bf99                	j	8c5e <main+0x26b0>
    8d0a:	008ba683          	lw	a3,8(s7)
    8d0e:	47d2                	lw	a5,20(sp)
    8d10:	414686b3          	sub	a3,a3,s4
    8d14:	02f6d6b3          	divu	a3,a3,a5
    8d18:	200027b7          	lui	a5,0x20002
    8d1c:	23078d13          	addi	s10,a5,560 # 20002230 <RGBOUT>
    8d20:	0386d6b3          	divu	a3,a3,s8
    8d24:	fff6c693          	not	a3,a3
    8d28:	8a85                	andi	a3,a3,1
    8d2a:	00469c93          	slli	s9,a3,0x4
    8d2e:	856a                	mv	a0,s10
    8d30:	86e6                	mv	a3,s9
    8d32:	4601                	li	a2,0
    8d34:	4581                	li	a1,0
    8d36:	f26f90ef          	jal	ra,245c <_ZN12WS2812_class14set_RGB_onlineEhhhhb.constprop.0>
    8d3a:	200027b7          	lui	a5,0x20002
    8d3e:	030d0d13          	addi	s10,s10,48
    8d42:	2f078793          	addi	a5,a5,752 # 200022f0 <_ZL10g_fil_last>
    8d46:	ffa794e3          	bne	a5,s10,8d2e <main+0x2780>
    8d4a:	b43f80ef          	jal	ra,188c <_Z10RGB_updatev>
    8d4e:	4551                	li	a0,20
    8d50:	c88f80ef          	jal	ra,11d8 <delay.part.0>
    8d54:	a881                	j	8da4 <main+0x27f6>
    8d56:	8101a703          	lw	a4,-2032(gp) # 200001a0 <_ZL9g_hold_ch>
    8d5a:	faec93e3          	bne	s9,a4,8d00 <main+0x2752>
    8d5e:	9f81a703          	lw	a4,-1544(gp) # 20000388 <_ZL15g_hold_t0_ticks>
    8d62:	6785                	lui	a5,0x1
    8d64:	38878793          	addi	a5,a5,904 # 1388 <_Z10set_motionhhhh.part.0+0xf8>
    8d68:	02fa07b3          	mul	a5,s4,a5
    8d6c:	40e90733          	sub	a4,s2,a4
    8d70:	eef767e3          	bltu	a4,a5,8c5e <main+0x26b0>
    8d74:	4a11                	li	s4,4
    8d76:	854e                	mv	a0,s3
    8d78:	0985                	addi	s3,s3,1
    8d7a:	4581                	li	a1,0
    8d7c:	0ff9f993          	zext.b	s3,s3
    8d80:	a94f80ef          	jal	ra,1014 <_Z22Motion_control_set_PWMhi>
    8d84:	ff4999e3          	bne	s3,s4,8d76 <main+0x27c8>
    8d88:	e000f7b7          	lui	a5,0xe000f
    8d8c:	0087aa03          	lw	s4,8(a5) # e000f008 <__freertos_irq_stack_top+0xc000a008>
    8d90:	47d2                	lw	a5,20(sp)
    8d92:	6985                	lui	s3,0x1
    8d94:	bb898993          	addi	s3,s3,-1096 # bb8 <_ZN14_MOTOR_CONTROL10set_motionE20filament_motion_enumyy+0xd4>
    8d98:	033789b3          	mul	s3,a5,s3
    8d9c:	e000fbb7          	lui	s7,0xe000f
    8da0:	09600c13          	li	s8,150
    8da4:	008ba783          	lw	a5,8(s7) # e000f008 <__freertos_irq_stack_top+0xc000a008>
    8da8:	414787b3          	sub	a5,a5,s4
    8dac:	f537efe3          	bltu	a5,s3,8d0a <main+0x275c>
    8db0:	200027b7          	lui	a5,0x20002
    8db4:	23078993          	addi	s3,a5,560 # 20002230 <RGBOUT>
    8db8:	854e                	mv	a0,s3
    8dba:	4681                	li	a3,0
    8dbc:	4601                	li	a2,0
    8dbe:	4581                	li	a1,0
    8dc0:	e9cf90ef          	jal	ra,245c <_ZN12WS2812_class14set_RGB_onlineEhhhhb.constprop.0>
    8dc4:	200027b7          	lui	a5,0x20002
    8dc8:	03098993          	addi	s3,s3,48
    8dcc:	2f078793          	addi	a5,a5,752 # 200022f0 <_ZL10g_fil_last>
    8dd0:	ff3794e3          	bne	a5,s3,8db8 <main+0x280a>
    8dd4:	ab9f80ef          	jal	ra,188c <_Z10RGB_updatev>
    8dd8:	ef7fb0ef          	jal	ra,4cce <_Z20Flash_NVM_full_clearv>
    8ddc:	beef07b7          	lui	a5,0xbeef0
    8de0:	e000e737          	lui	a4,0xe000e
    8de4:	08078793          	addi	a5,a5,128 # beef0080 <__freertos_irq_stack_top+0x9eeeb080>
    8de8:	c73c                	sw	a5,72(a4)
    8dea:	bd95                	j	8c5e <main+0x26b0>

00008dec <_sub_I_65535_0.0>:
    8dec:	b50f72ef          	jal	t0,13c <__riscv_save_4>
    8df0:	20002437          	lui	s0,0x20002
    8df4:	db040413          	addi	s0,s0,-592 # 20001db0 <ams>
    8df8:	64ad                	lui	s1,0xb
    8dfa:	45040993          	addi	s3,s0,1104
    8dfe:	52448493          	addi	s1,s1,1316 # b524 <__clzsi2+0x78>
    8e02:	597d                	li	s2,-1
    8e04:	00040023          	sb	zero,0(s0)
    8e08:	00440513          	addi	a0,s0,4
    8e0c:	10000613          	li	a2,256
    8e10:	85a6                	mv	a1,s1
    8e12:	aeef70ef          	jal	ra,100 <memcpy>
    8e16:	11440413          	addi	s0,s0,276
    8e1a:	ff240823          	sb	s2,-16(s0)
    8e1e:	fe040ca3          	sb	zero,-7(s0)
    8e22:	ff241d23          	sh	s2,-6(s0)
    8e26:	fe040e23          	sb	zero,-4(s0)
    8e2a:	fd341de3          	bne	s0,s3,8e04 <_sub_I_65535_0.0+0x18>
    8e2e:	200017b7          	lui	a5,0x20001
    8e32:	4bc78793          	addi	a5,a5,1212 # 200014bc <__global_pointer$+0xb2c>
    8e36:	3e700713          	li	a4,999
    8e3a:	40e7a423          	sw	a4,1032(a5)
    8e3e:	20001737          	lui	a4,0x20001
    8e42:	ebc70713          	addi	a4,a4,-324 # 20000ebc <__global_pointer$+0x52c>
    8e46:	40e7ae23          	sw	a4,1052(a5)
    8e4a:	4207a023          	sw	zero,1056(a5)
    8e4e:	4207a223          	sw	zero,1060(a5)
    8e52:	40e7a823          	sw	a4,1040(a5)
    8e56:	42078423          	sb	zero,1064(a5)
    8e5a:	4705                	li	a4,1
    8e5c:	42e784a3          	sb	a4,1065(a5)
    8e60:	40078023          	sb	zero,1024(a5)
    8e64:	4007a223          	sw	zero,1028(a5)
    8e68:	40079623          	sh	zero,1036(a5)
    8e6c:	40078723          	sb	zero,1038(a5)
    8e70:	4007aa23          	sw	zero,1044(a5)
    8e74:	20002537          	lui	a0,0x20002
    8e78:	200027b7          	lui	a5,0x20002
    8e7c:	cc878793          	addi	a5,a5,-824 # 20001cc8 <MC_AS5600>
    8e80:	20002437          	lui	s0,0x20002
    8e84:	ce050693          	addi	a3,a0,-800 # 20001ce0 <MC_AS5600+0x18>
    8e88:	c3d4                	sw	a3,4(a5)
    8e8a:	cf040693          	addi	a3,s0,-784 # 20001cf0 <MC_AS5600+0x28>
    8e8e:	c794                	sw	a3,8(a5)
    8e90:	200026b7          	lui	a3,0x20002
    8e94:	cf868693          	addi	a3,a3,-776 # 20001cf8 <MC_AS5600+0x30>
    8e98:	c7d4                	sw	a3,12(a5)
    8e9a:	200026b7          	lui	a3,0x20002
    8e9e:	d0068693          	addi	a3,a3,-768 # 20001d00 <MC_AS5600+0x38>
    8ea2:	dfb4                	sw	a3,120(a5)
    8ea4:	200026b7          	lui	a3,0x20002
    8ea8:	d1068693          	addi	a3,a3,-752 # 20001d10 <MC_AS5600+0x48>
    8eac:	20002737          	lui	a4,0x20002
    8eb0:	cdc70713          	addi	a4,a4,-804 # 20001cdc <MC_AS5600+0x14>
    8eb4:	dff4                	sw	a3,124(a5)
    8eb6:	200026b7          	lui	a3,0x20002
    8eba:	c398                	sw	a4,0(a5)
    8ebc:	0007a823          	sw	zero,16(a5)
    8ec0:	d2068693          	addi	a3,a3,-736 # 20001d20 <MC_AS5600+0x58>
    8ec4:	08078793          	addi	a5,a5,128
    8ec8:	c394                	sw	a3,0(a5)
    8eca:	200026b7          	lui	a3,0x20002
    8ece:	d3068693          	addi	a3,a3,-720 # 20001d30 <MC_AS5600+0x68>
    8ed2:	c3d4                	sw	a3,4(a5)
    8ed4:	200026b7          	lui	a3,0x20002
    8ed8:	d3868693          	addi	a3,a3,-712 # 20001d38 <MC_AS5600+0x70>
    8edc:	4641                	li	a2,16
    8ede:	0ff00593          	li	a1,255
    8ee2:	ce050513          	addi	a0,a0,-800
    8ee6:	c794                	sw	a3,8(a5)
    8ee8:	00072023          	sw	zero,0(a4)
    8eec:	a2af70ef          	jal	ra,116 <memset>
    8ef0:	05000613          	li	a2,80
    8ef4:	4581                	li	a1,0
    8ef6:	cf040513          	addi	a0,s0,-784
    8efa:	a1cf70ef          	jal	ra,116 <memset>
    8efe:	20002537          	lui	a0,0x20002
    8f02:	4581                	li	a1,0
    8f04:	9d850513          	addi	a0,a0,-1576 # 200019d8 <MOTOR_CONTROL>
    8f08:	b59f70ef          	jal	ra,a60 <_ZN14_MOTOR_CONTROLC1Ei>
    8f0c:	20002537          	lui	a0,0x20002
    8f10:	4585                	li	a1,1
    8f12:	a7050513          	addi	a0,a0,-1424 # 20001a70 <MOTOR_CONTROL+0x98>
    8f16:	b4bf70ef          	jal	ra,a60 <_ZN14_MOTOR_CONTROLC1Ei>
    8f1a:	20002537          	lui	a0,0x20002
    8f1e:	4589                	li	a1,2
    8f20:	b0850513          	addi	a0,a0,-1272 # 20001b08 <MOTOR_CONTROL+0x130>
    8f24:	b3df70ef          	jal	ra,a60 <_ZN14_MOTOR_CONTROLC1Ei>
    8f28:	20002537          	lui	a0,0x20002
    8f2c:	458d                	li	a1,3
    8f2e:	ba050513          	addi	a0,a0,-1120 # 20001ba0 <MOTOR_CONTROL+0x1c8>
    8f32:	b2ff70ef          	jal	ra,a60 <_ZN14_MOTOR_CONTROLC1Ei>
    8f36:	a3af706f          	j	170 <__riscv_restore_4>

00008f3a <ADC1_2_IRQHandler>:
    8f3a:	a001                	j	8f3a <ADC1_2_IRQHandler>

00008f3c <handle_reset>:
    8f3c:	1fff8197          	auipc	gp,0x1fff8
    8f40:	a5418193          	addi	gp,gp,-1452 # 20000990 <__global_pointer$>
    8f44:	1fffc117          	auipc	sp,0x1fffc
    8f48:	0bc10113          	addi	sp,sp,188 # 20005000 <__freertos_irq_stack_top>
    8f4c:	00003517          	auipc	a0,0x3
    8f50:	10450513          	addi	a0,a0,260 # c050 <_data_lma>
    8f54:	1fff7597          	auipc	a1,0x1fff7
    8f58:	0ac58593          	addi	a1,a1,172 # 20000000 <AHBPrescTable>
    8f5c:	9d418613          	addi	a2,gp,-1580 # 20000364 <_edata>
    8f60:	00c5fa63          	bgeu	a1,a2,8f74 <handle_reset+0x38>
    8f64:	00052283          	lw	t0,0(a0)
    8f68:	0055a023          	sw	t0,0(a1)
    8f6c:	0511                	addi	a0,a0,4
    8f6e:	0591                	addi	a1,a1,4
    8f70:	fec5eae3          	bltu	a1,a2,8f64 <handle_reset+0x28>
    8f74:	9d818513          	addi	a0,gp,-1576 # 20000368 <MCU_Version>
    8f78:	1fffa597          	auipc	a1,0x1fffa
    8f7c:	cd858593          	addi	a1,a1,-808 # 20002c50 <_ebss>
    8f80:	00b57763          	bgeu	a0,a1,8f8e <handle_reset+0x52>
    8f84:	00052023          	sw	zero,0(a0)
    8f88:	0511                	addi	a0,a0,4
    8f8a:	feb56de3          	bltu	a0,a1,8f84 <handle_reset+0x48>
    8f8e:	42fd                	li	t0,31
    8f90:	bc029073          	csrw	0xbc0,t0
    8f94:	428d                	li	t0,3
    8f96:	80429073          	csrw	0x804,t0
    8f9a:	08800293          	li	t0,136
    8f9e:	30029073          	csrw	mstatus,t0
    8fa2:	ffff7297          	auipc	t0,0xffff7
    8fa6:	06228293          	addi	t0,t0,98 # 4 <_einit>
    8faa:	0032e293          	ori	t0,t0,3
    8fae:	30529073          	csrw	mtvec,t0
    8fb2:	2819                	jal	8fc8 <__libc_init_array>
    8fb4:	b02fd0ef          	jal	ra,62b6 <SystemInit>
    8fb8:	ffffd297          	auipc	t0,0xffffd
    8fbc:	5f628293          	addi	t0,t0,1526 # 65ae <main>
    8fc0:	34129073          	csrw	mepc,t0
    8fc4:	30200073          	mret

00008fc8 <__libc_init_array>:
    8fc8:	1141                	addi	sp,sp,-16
    8fca:	c422                	sw	s0,8(sp)
    8fcc:	c226                	sw	s1,4(sp)
    8fce:	00003417          	auipc	s0,0x3
    8fd2:	07e40413          	addi	s0,s0,126 # c04c <__fsymtab_end>
    8fd6:	00003497          	auipc	s1,0x3
    8fda:	07648493          	addi	s1,s1,118 # c04c <__fsymtab_end>
    8fde:	8c81                	sub	s1,s1,s0
    8fe0:	c04a                	sw	s2,0(sp)
    8fe2:	c606                	sw	ra,12(sp)
    8fe4:	8489                	srai	s1,s1,0x2
    8fe6:	4901                	li	s2,0
    8fe8:	02991563          	bne	s2,s1,9012 <__libc_init_array+0x4a>
    8fec:	00003417          	auipc	s0,0x3
    8ff0:	06040413          	addi	s0,s0,96 # c04c <__fsymtab_end>
    8ff4:	00003497          	auipc	s1,0x3
    8ff8:	05c48493          	addi	s1,s1,92 # c050 <_data_lma>
    8ffc:	8c81                	sub	s1,s1,s0
    8ffe:	8489                	srai	s1,s1,0x2
    9000:	4901                	li	s2,0
    9002:	00991d63          	bne	s2,s1,901c <__libc_init_array+0x54>
    9006:	40b2                	lw	ra,12(sp)
    9008:	4422                	lw	s0,8(sp)
    900a:	4492                	lw	s1,4(sp)
    900c:	4902                	lw	s2,0(sp)
    900e:	0141                	addi	sp,sp,16
    9010:	8082                	ret
    9012:	401c                	lw	a5,0(s0)
    9014:	0905                	addi	s2,s2,1
    9016:	0411                	addi	s0,s0,4
    9018:	9782                	jalr	a5
    901a:	b7f9                	j	8fe8 <__libc_init_array+0x20>
    901c:	401c                	lw	a5,0(s0)
    901e:	0905                	addi	s2,s2,1
    9020:	0411                	addi	s0,s0,4
    9022:	9782                	jalr	a5
    9024:	bff9                	j	9002 <__libc_init_array+0x3a>

00009026 <memcmp>:
    9026:	4701                	li	a4,0
    9028:	00e61463          	bne	a2,a4,9030 <memcmp+0xa>
    902c:	4501                	li	a0,0
    902e:	8082                	ret
    9030:	00e507b3          	add	a5,a0,a4
    9034:	0705                	addi	a4,a4,1
    9036:	00e586b3          	add	a3,a1,a4
    903a:	239c                	lbu	a5,0(a5)
    903c:	fff6c683          	lbu	a3,-1(a3)
    9040:	fed784e3          	beq	a5,a3,9028 <memcmp+0x2>
    9044:	40d78533          	sub	a0,a5,a3
    9048:	8082                	ret

0000904a <__ctzsi2>:
    904a:	40a007b3          	neg	a5,a0
    904e:	8fe9                	and	a5,a5,a0
    9050:	6741                	lui	a4,0x10
    9052:	02e7f363          	bgeu	a5,a4,9078 <__ctzsi2+0x2e>
    9056:	1007b713          	sltiu	a4,a5,256
    905a:	00174713          	xori	a4,a4,1
    905e:	070e                	slli	a4,a4,0x3
    9060:	fff70693          	addi	a3,a4,-1 # ffff <MC_PULL_calibration.cpp.947435e8+0x716>
    9064:	00e7d7b3          	srl	a5,a5,a4
    9068:	00003717          	auipc	a4,0x3
    906c:	ee470713          	addi	a4,a4,-284 # bf4c <__clz_tab>
    9070:	97ba                	add	a5,a5,a4
    9072:	2388                	lbu	a0,0(a5)
    9074:	9536                	add	a0,a0,a3
    9076:	8082                	ret
    9078:	01000737          	lui	a4,0x1000
    907c:	00e7fe63          	bgeu	a5,a4,9098 <__ctzsi2+0x4e>
    9080:	4741                	li	a4,16
    9082:	00e7d7b3          	srl	a5,a5,a4
    9086:	00003717          	auipc	a4,0x3
    908a:	ec670713          	addi	a4,a4,-314 # bf4c <__clz_tab>
    908e:	97ba                	add	a5,a5,a4
    9090:	2388                	lbu	a0,0(a5)
    9092:	46bd                	li	a3,15
    9094:	9536                	add	a0,a0,a3
    9096:	8082                	ret
    9098:	4761                	li	a4,24
    909a:	00e7d7b3          	srl	a5,a5,a4
    909e:	00003717          	auipc	a4,0x3
    90a2:	eae70713          	addi	a4,a4,-338 # bf4c <__clz_tab>
    90a6:	97ba                	add	a5,a5,a4
    90a8:	2388                	lbu	a0,0(a5)
    90aa:	46dd                	li	a3,23
    90ac:	9536                	add	a0,a0,a3
    90ae:	8082                	ret

000090b0 <__udivdi3>:
    90b0:	8832                	mv	a6,a2
    90b2:	88aa                	mv	a7,a0
    90b4:	872e                	mv	a4,a1
    90b6:	eadd                	bnez	a3,916c <__udivdi3+0xbc>
    90b8:	10c5f163          	bgeu	a1,a2,91ba <__udivdi3+0x10a>
    90bc:	67c1                	lui	a5,0x10
    90be:	18f66d63          	bltu	a2,a5,9258 <__udivdi3+0x1a8>
    90c2:	010007b7          	lui	a5,0x1000
    90c6:	00f637b3          	sltu	a5,a2,a5
    90ca:	40f007b3          	neg	a5,a5
    90ce:	9be1                	andi	a5,a5,-8
    90d0:	07e1                	addi	a5,a5,24 # 1000018 <ch32v20x_wwdg.c.13394d49+0xfe22af>
    90d2:	00f65333          	srl	t1,a2,a5
    90d6:	00003697          	auipc	a3,0x3
    90da:	e7668693          	addi	a3,a3,-394 # bf4c <__clz_tab>
    90de:	969a                	add	a3,a3,t1
    90e0:	2294                	lbu	a3,0(a3)
    90e2:	02000313          	li	t1,32
    90e6:	97b6                	add	a5,a5,a3
    90e8:	40f306b3          	sub	a3,t1,a5
    90ec:	00f30b63          	beq	t1,a5,9102 <__udivdi3+0x52>
    90f0:	00d59733          	sll	a4,a1,a3
    90f4:	00f557b3          	srl	a5,a0,a5
    90f8:	00d61833          	sll	a6,a2,a3
    90fc:	8f5d                	or	a4,a4,a5
    90fe:	00d518b3          	sll	a7,a0,a3
    9102:	01085613          	srli	a2,a6,0x10
    9106:	02c75533          	divu	a0,a4,a2
    910a:	01081693          	slli	a3,a6,0x10
    910e:	82c1                	srli	a3,a3,0x10
    9110:	0108d793          	srli	a5,a7,0x10
    9114:	02c77733          	remu	a4,a4,a2
    9118:	02a685b3          	mul	a1,a3,a0
    911c:	0742                	slli	a4,a4,0x10
    911e:	8fd9                	or	a5,a5,a4
    9120:	00b7fa63          	bgeu	a5,a1,9134 <__udivdi3+0x84>
    9124:	97c2                	add	a5,a5,a6
    9126:	fff50713          	addi	a4,a0,-1
    912a:	0107e463          	bltu	a5,a6,9132 <__udivdi3+0x82>
    912e:	30b7ed63          	bltu	a5,a1,9448 <__udivdi3+0x398>
    9132:	853a                	mv	a0,a4
    9134:	8f8d                	sub	a5,a5,a1
    9136:	02c7d733          	divu	a4,a5,a2
    913a:	08c2                	slli	a7,a7,0x10
    913c:	0108d893          	srli	a7,a7,0x10
    9140:	02c7f7b3          	remu	a5,a5,a2
    9144:	02e686b3          	mul	a3,a3,a4
    9148:	07c2                	slli	a5,a5,0x10
    914a:	00f8e8b3          	or	a7,a7,a5
    914e:	00d8fb63          	bgeu	a7,a3,9164 <__udivdi3+0xb4>
    9152:	98c2                	add	a7,a7,a6
    9154:	fff70793          	addi	a5,a4,-1
    9158:	0108e563          	bltu	a7,a6,9162 <__udivdi3+0xb2>
    915c:	1779                	addi	a4,a4,-2
    915e:	00d8e363          	bltu	a7,a3,9164 <__udivdi3+0xb4>
    9162:	873e                	mv	a4,a5
    9164:	0542                	slli	a0,a0,0x10
    9166:	8d59                	or	a0,a0,a4
    9168:	4581                	li	a1,0
    916a:	8082                	ret
    916c:	00d5f563          	bgeu	a1,a3,9176 <__udivdi3+0xc6>
    9170:	4581                	li	a1,0
    9172:	4501                	li	a0,0
    9174:	8082                	ret
    9176:	67c1                	lui	a5,0x10
    9178:	18f6e763          	bltu	a3,a5,9306 <__udivdi3+0x256>
    917c:	010007b7          	lui	a5,0x1000
    9180:	00f6b7b3          	sltu	a5,a3,a5
    9184:	40f007b3          	neg	a5,a5
    9188:	9be1                	andi	a5,a5,-8
    918a:	07e1                	addi	a5,a5,24 # 1000018 <ch32v20x_wwdg.c.13394d49+0xfe22af>
    918c:	00f6d833          	srl	a6,a3,a5
    9190:	00003717          	auipc	a4,0x3
    9194:	dbc70713          	addi	a4,a4,-580 # bf4c <__clz_tab>
    9198:	9742                	add	a4,a4,a6
    919a:	2318                	lbu	a4,0(a4)
    919c:	02000893          	li	a7,32
    91a0:	973e                	add	a4,a4,a5
    91a2:	40e88833          	sub	a6,a7,a4
    91a6:	18e89463          	bne	a7,a4,932e <__udivdi3+0x27e>
    91aa:	28b6e163          	bltu	a3,a1,942c <__udivdi3+0x37c>
    91ae:	00c53533          	sltu	a0,a0,a2
    91b2:	00154513          	xori	a0,a0,1
    91b6:	4581                	li	a1,0
    91b8:	8082                	ret
    91ba:	c64d                	beqz	a2,9264 <__udivdi3+0x1b4>
    91bc:	67c1                	lui	a5,0x10
    91be:	24f67f63          	bgeu	a2,a5,941c <__udivdi3+0x36c>
    91c2:	10063713          	sltiu	a4,a2,256
    91c6:	00174713          	xori	a4,a4,1
    91ca:	070e                	slli	a4,a4,0x3
    91cc:	00e656b3          	srl	a3,a2,a4
    91d0:	00003797          	auipc	a5,0x3
    91d4:	d7c78793          	addi	a5,a5,-644 # bf4c <__clz_tab>
    91d8:	97b6                	add	a5,a5,a3
    91da:	239c                	lbu	a5,0(a5)
    91dc:	02000693          	li	a3,32
    91e0:	97ba                	add	a5,a5,a4
    91e2:	40f68eb3          	sub	t4,a3,a5
    91e6:	08f69e63          	bne	a3,a5,9282 <__udivdi3+0x1d2>
    91ea:	40c587b3          	sub	a5,a1,a2
    91ee:	01065693          	srli	a3,a2,0x10
    91f2:	0642                	slli	a2,a2,0x10
    91f4:	8241                	srli	a2,a2,0x10
    91f6:	4585                	li	a1,1
    91f8:	02d7d533          	divu	a0,a5,a3
    91fc:	0108d713          	srli	a4,a7,0x10
    9200:	02d7f7b3          	remu	a5,a5,a3
    9204:	02c50333          	mul	t1,a0,a2
    9208:	07c2                	slli	a5,a5,0x10
    920a:	8fd9                	or	a5,a5,a4
    920c:	0067fa63          	bgeu	a5,t1,9220 <__udivdi3+0x170>
    9210:	97c2                	add	a5,a5,a6
    9212:	fff50713          	addi	a4,a0,-1
    9216:	0107e463          	bltu	a5,a6,921e <__udivdi3+0x16e>
    921a:	2267e463          	bltu	a5,t1,9442 <__udivdi3+0x392>
    921e:	853a                	mv	a0,a4
    9220:	406787b3          	sub	a5,a5,t1
    9224:	02d7d733          	divu	a4,a5,a3
    9228:	08c2                	slli	a7,a7,0x10
    922a:	0108d893          	srli	a7,a7,0x10
    922e:	02d7f7b3          	remu	a5,a5,a3
    9232:	02c70633          	mul	a2,a4,a2
    9236:	07c2                	slli	a5,a5,0x10
    9238:	00f8e8b3          	or	a7,a7,a5
    923c:	00c8fb63          	bgeu	a7,a2,9252 <__udivdi3+0x1a2>
    9240:	98c2                	add	a7,a7,a6
    9242:	fff70793          	addi	a5,a4,-1
    9246:	0108e563          	bltu	a7,a6,9250 <__udivdi3+0x1a0>
    924a:	1779                	addi	a4,a4,-2
    924c:	00c8e363          	bltu	a7,a2,9252 <__udivdi3+0x1a2>
    9250:	873e                	mv	a4,a5
    9252:	0542                	slli	a0,a0,0x10
    9254:	8d59                	or	a0,a0,a4
    9256:	8082                	ret
    9258:	10063793          	sltiu	a5,a2,256
    925c:	0017c793          	xori	a5,a5,1
    9260:	078e                	slli	a5,a5,0x3
    9262:	bd85                	j	90d2 <__udivdi3+0x22>
    9264:	4681                	li	a3,0
    9266:	00003797          	auipc	a5,0x3
    926a:	ce678793          	addi	a5,a5,-794 # bf4c <__clz_tab>
    926e:	97b6                	add	a5,a5,a3
    9270:	239c                	lbu	a5,0(a5)
    9272:	4701                	li	a4,0
    9274:	02000693          	li	a3,32
    9278:	97ba                	add	a5,a5,a4
    927a:	40f68eb3          	sub	t4,a3,a5
    927e:	f6f686e3          	beq	a3,a5,91ea <__udivdi3+0x13a>
    9282:	01d61833          	sll	a6,a2,t4
    9286:	00f5d333          	srl	t1,a1,a5
    928a:	01085693          	srli	a3,a6,0x10
    928e:	02d35e33          	divu	t3,t1,a3
    9292:	01081613          	slli	a2,a6,0x10
    9296:	01d595b3          	sll	a1,a1,t4
    929a:	8241                	srli	a2,a2,0x10
    929c:	00f557b3          	srl	a5,a0,a5
    92a0:	8fcd                	or	a5,a5,a1
    92a2:	0107d713          	srli	a4,a5,0x10
    92a6:	01d518b3          	sll	a7,a0,t4
    92aa:	02d37333          	remu	t1,t1,a3
    92ae:	03c605b3          	mul	a1,a2,t3
    92b2:	0342                	slli	t1,t1,0x10
    92b4:	00676733          	or	a4,a4,t1
    92b8:	00b77b63          	bgeu	a4,a1,92ce <__udivdi3+0x21e>
    92bc:	9742                	add	a4,a4,a6
    92be:	fffe0513          	addi	a0,t3,-1
    92c2:	17076c63          	bltu	a4,a6,943a <__udivdi3+0x38a>
    92c6:	16b77a63          	bgeu	a4,a1,943a <__udivdi3+0x38a>
    92ca:	1e79                	addi	t3,t3,-2
    92cc:	9742                	add	a4,a4,a6
    92ce:	8f0d                	sub	a4,a4,a1
    92d0:	02d75533          	divu	a0,a4,a3
    92d4:	07c2                	slli	a5,a5,0x10
    92d6:	83c1                	srli	a5,a5,0x10
    92d8:	02d77733          	remu	a4,a4,a3
    92dc:	02a60333          	mul	t1,a2,a0
    92e0:	0742                	slli	a4,a4,0x10
    92e2:	8fd9                	or	a5,a5,a4
    92e4:	0067fb63          	bgeu	a5,t1,92fa <__udivdi3+0x24a>
    92e8:	97c2                	add	a5,a5,a6
    92ea:	fff50713          	addi	a4,a0,-1
    92ee:	1507e263          	bltu	a5,a6,9432 <__udivdi3+0x382>
    92f2:	1467f063          	bgeu	a5,t1,9432 <__udivdi3+0x382>
    92f6:	1579                	addi	a0,a0,-2
    92f8:	97c2                	add	a5,a5,a6
    92fa:	010e1593          	slli	a1,t3,0x10
    92fe:	406787b3          	sub	a5,a5,t1
    9302:	8dc9                	or	a1,a1,a0
    9304:	bdd5                	j	91f8 <__udivdi3+0x148>
    9306:	1006b793          	sltiu	a5,a3,256
    930a:	0017c793          	xori	a5,a5,1
    930e:	078e                	slli	a5,a5,0x3
    9310:	00f6d833          	srl	a6,a3,a5
    9314:	00003717          	auipc	a4,0x3
    9318:	c3870713          	addi	a4,a4,-968 # bf4c <__clz_tab>
    931c:	9742                	add	a4,a4,a6
    931e:	2318                	lbu	a4,0(a4)
    9320:	02000893          	li	a7,32
    9324:	973e                	add	a4,a4,a5
    9326:	40e88833          	sub	a6,a7,a4
    932a:	e8e880e3          	beq	a7,a4,91aa <__udivdi3+0xfa>
    932e:	00e65e33          	srl	t3,a2,a4
    9332:	010696b3          	sll	a3,a3,a6
    9336:	00de6e33          	or	t3,t3,a3
    933a:	00e5d8b3          	srl	a7,a1,a4
    933e:	010e5e93          	srli	t4,t3,0x10
    9342:	03d8d7b3          	divu	a5,a7,t4
    9346:	010e1313          	slli	t1,t3,0x10
    934a:	010595b3          	sll	a1,a1,a6
    934e:	01035313          	srli	t1,t1,0x10
    9352:	00e55733          	srl	a4,a0,a4
    9356:	8f4d                	or	a4,a4,a1
    9358:	01075693          	srli	a3,a4,0x10
    935c:	01061633          	sll	a2,a2,a6
    9360:	03d8f8b3          	remu	a7,a7,t4
    9364:	02f305b3          	mul	a1,t1,a5
    9368:	08c2                	slli	a7,a7,0x10
    936a:	0116e6b3          	or	a3,a3,a7
    936e:	00b6fb63          	bgeu	a3,a1,9384 <__udivdi3+0x2d4>
    9372:	96f2                	add	a3,a3,t3
    9374:	fff78893          	addi	a7,a5,-1
    9378:	0dc6e363          	bltu	a3,t3,943e <__udivdi3+0x38e>
    937c:	0cb6f163          	bgeu	a3,a1,943e <__udivdi3+0x38e>
    9380:	17f9                	addi	a5,a5,-2
    9382:	96f2                	add	a3,a3,t3
    9384:	8e8d                	sub	a3,a3,a1
    9386:	03d6d5b3          	divu	a1,a3,t4
    938a:	0742                	slli	a4,a4,0x10
    938c:	8341                	srli	a4,a4,0x10
    938e:	03d6f6b3          	remu	a3,a3,t4
    9392:	02b308b3          	mul	a7,t1,a1
    9396:	06c2                	slli	a3,a3,0x10
    9398:	8f55                	or	a4,a4,a3
    939a:	01177b63          	bgeu	a4,a7,93b0 <__udivdi3+0x300>
    939e:	9772                	add	a4,a4,t3
    93a0:	fff58693          	addi	a3,a1,-1
    93a4:	09c76963          	bltu	a4,t3,9436 <__udivdi3+0x386>
    93a8:	09177763          	bgeu	a4,a7,9436 <__udivdi3+0x386>
    93ac:	15f9                	addi	a1,a1,-2
    93ae:	9772                	add	a4,a4,t3
    93b0:	07c2                	slli	a5,a5,0x10
    93b2:	6ec1                	lui	t4,0x10
    93b4:	8fcd                	or	a5,a5,a1
    93b6:	fffe8693          	addi	a3,t4,-1 # ffff <MC_PULL_calibration.cpp.947435e8+0x716>
    93ba:	00d7f5b3          	and	a1,a5,a3
    93be:	0107d313          	srli	t1,a5,0x10
    93c2:	8ef1                	and	a3,a3,a2
    93c4:	8241                	srli	a2,a2,0x10
    93c6:	02d58e33          	mul	t3,a1,a3
    93ca:	41170733          	sub	a4,a4,a7
    93ce:	02d306b3          	mul	a3,t1,a3
    93d2:	010e5893          	srli	a7,t3,0x10
    93d6:	02c585b3          	mul	a1,a1,a2
    93da:	95b6                	add	a1,a1,a3
    93dc:	95c6                	add	a1,a1,a7
    93de:	02c30333          	mul	t1,t1,a2
    93e2:	00d5f363          	bgeu	a1,a3,93e8 <__udivdi3+0x338>
    93e6:	9376                	add	t1,t1,t4
    93e8:	0105d693          	srli	a3,a1,0x10
    93ec:	969a                	add	a3,a3,t1
    93ee:	02d76363          	bltu	a4,a3,9414 <__udivdi3+0x364>
    93f2:	00d70563          	beq	a4,a3,93fc <__udivdi3+0x34c>
    93f6:	853e                	mv	a0,a5
    93f8:	4581                	li	a1,0
    93fa:	8082                	ret
    93fc:	66c1                	lui	a3,0x10
    93fe:	16fd                	addi	a3,a3,-1 # ffff <MC_PULL_calibration.cpp.947435e8+0x716>
    9400:	00d5f733          	and	a4,a1,a3
    9404:	0742                	slli	a4,a4,0x10
    9406:	00de7e33          	and	t3,t3,a3
    940a:	01051533          	sll	a0,a0,a6
    940e:	9772                	add	a4,a4,t3
    9410:	fee573e3          	bgeu	a0,a4,93f6 <__udivdi3+0x346>
    9414:	fff78513          	addi	a0,a5,-1
    9418:	4581                	li	a1,0
    941a:	8082                	ret
    941c:	010007b7          	lui	a5,0x1000
    9420:	02f67763          	bgeu	a2,a5,944e <__udivdi3+0x39e>
    9424:	01065693          	srli	a3,a2,0x10
    9428:	4741                	li	a4,16
    942a:	b35d                	j	91d0 <__udivdi3+0x120>
    942c:	4581                	li	a1,0
    942e:	4505                	li	a0,1
    9430:	8082                	ret
    9432:	853a                	mv	a0,a4
    9434:	b5d9                	j	92fa <__udivdi3+0x24a>
    9436:	85b6                	mv	a1,a3
    9438:	bfa5                	j	93b0 <__udivdi3+0x300>
    943a:	8e2a                	mv	t3,a0
    943c:	bd49                	j	92ce <__udivdi3+0x21e>
    943e:	87c6                	mv	a5,a7
    9440:	b791                	j	9384 <__udivdi3+0x2d4>
    9442:	1579                	addi	a0,a0,-2
    9444:	97c2                	add	a5,a5,a6
    9446:	bbe9                	j	9220 <__udivdi3+0x170>
    9448:	1579                	addi	a0,a0,-2
    944a:	97c2                	add	a5,a5,a6
    944c:	b1e5                	j	9134 <__udivdi3+0x84>
    944e:	01865693          	srli	a3,a2,0x18
    9452:	4761                	li	a4,24
    9454:	bbb5                	j	91d0 <__udivdi3+0x120>

00009456 <__adddf3>:
    9456:	001007b7          	lui	a5,0x100
    945a:	1101                	addi	sp,sp,-32
    945c:	17fd                	addi	a5,a5,-1 # fffff <ch32v20x_wwdg.c.13394d49+0xe2296>
    945e:	00b7f833          	and	a6,a5,a1
    9462:	0146d893          	srli	a7,a3,0x14
    9466:	8ff5                	and	a5,a5,a3
    9468:	cc22                	sw	s0,24(sp)
    946a:	0145d413          	srli	s0,a1,0x14
    946e:	00379713          	slli	a4,a5,0x3
    9472:	080e                	slli	a6,a6,0x3
    9474:	c84a                	sw	s2,16(sp)
    9476:	c64e                	sw	s3,12(sp)
    9478:	01d65793          	srli	a5,a2,0x1d
    947c:	01d55993          	srli	s3,a0,0x1d
    9480:	01f5d913          	srli	s2,a1,0x1f
    9484:	7ff47413          	andi	s0,s0,2047
    9488:	7ff8f893          	andi	a7,a7,2047
    948c:	ce06                	sw	ra,28(sp)
    948e:	ca26                	sw	s1,20(sp)
    9490:	82fd                	srli	a3,a3,0x1f
    9492:	0109e9b3          	or	s3,s3,a6
    9496:	8fd9                	or	a5,a5,a4
    9498:	00351593          	slli	a1,a0,0x3
    949c:	00361813          	slli	a6,a2,0x3
    94a0:	41140733          	sub	a4,s0,a7
    94a4:	18d90463          	beq	s2,a3,962c <__adddf3+0x1d6>
    94a8:	10e05e63          	blez	a4,95c4 <__adddf3+0x16e>
    94ac:	20088863          	beqz	a7,96bc <__adddf3+0x266>
    94b0:	7ff00693          	li	a3,2047
    94b4:	52d40663          	beq	s0,a3,99e0 <__adddf3+0x58a>
    94b8:	03800693          	li	a3,56
    94bc:	4485                	li	s1,1
    94be:	02e6c963          	blt	a3,a4,94f0 <__adddf3+0x9a>
    94c2:	008006b7          	lui	a3,0x800
    94c6:	8fd5                	or	a5,a5,a3
    94c8:	46fd                	li	a3,31
    94ca:	42e6c763          	blt	a3,a4,98f8 <__adddf3+0x4a2>
    94ce:	02000693          	li	a3,32
    94d2:	8e99                	sub	a3,a3,a4
    94d4:	00d794b3          	sll	s1,a5,a3
    94d8:	00e85633          	srl	a2,a6,a4
    94dc:	00d816b3          	sll	a3,a6,a3
    94e0:	8cd1                	or	s1,s1,a2
    94e2:	00d036b3          	snez	a3,a3
    94e6:	00e7d733          	srl	a4,a5,a4
    94ea:	8cd5                	or	s1,s1,a3
    94ec:	40e989b3          	sub	s3,s3,a4
    94f0:	409584b3          	sub	s1,a1,s1
    94f4:	0095b7b3          	sltu	a5,a1,s1
    94f8:	40f989b3          	sub	s3,s3,a5
    94fc:	008007b7          	lui	a5,0x800
    9500:	00f9f733          	and	a4,s3,a5
    9504:	24070863          	beqz	a4,9754 <__adddf3+0x2fe>
    9508:	17fd                	addi	a5,a5,-1 # 7fffff <ch32v20x_wwdg.c.13394d49+0x7e2296>
    950a:	00f9f9b3          	and	s3,s3,a5
    950e:	2a098663          	beqz	s3,97ba <__adddf3+0x364>
    9512:	854e                	mv	a0,s3
    9514:	799010ef          	jal	ra,b4ac <__clzsi2>
    9518:	ff850713          	addi	a4,a0,-8
    951c:	02000693          	li	a3,32
    9520:	40e687b3          	sub	a5,a3,a4
    9524:	00f4d7b3          	srl	a5,s1,a5
    9528:	00e999b3          	sll	s3,s3,a4
    952c:	0137e7b3          	or	a5,a5,s3
    9530:	00e494b3          	sll	s1,s1,a4
    9534:	32874563          	blt	a4,s0,985e <__adddf3+0x408>
    9538:	8f01                	sub	a4,a4,s0
    953a:	0705                	addi	a4,a4,1
    953c:	8e99                	sub	a3,a3,a4
    953e:	00d49633          	sll	a2,s1,a3
    9542:	00e4d9b3          	srl	s3,s1,a4
    9546:	00c03633          	snez	a2,a2
    954a:	01366633          	or	a2,a2,s3
    954e:	00d796b3          	sll	a3,a5,a3
    9552:	00c6e4b3          	or	s1,a3,a2
    9556:	00e7d9b3          	srl	s3,a5,a4
    955a:	4401                	li	s0,0
    955c:	0074f793          	andi	a5,s1,7
    9560:	cf81                	beqz	a5,9578 <__adddf3+0x122>
    9562:	00f4f793          	andi	a5,s1,15
    9566:	4711                	li	a4,4
    9568:	00e78863          	beq	a5,a4,9578 <__adddf3+0x122>
    956c:	00448793          	addi	a5,s1,4
    9570:	0097b4b3          	sltu	s1,a5,s1
    9574:	99a6                	add	s3,s3,s1
    9576:	84be                	mv	s1,a5
    9578:	008007b7          	lui	a5,0x800
    957c:	00f9f7b3          	and	a5,s3,a5
    9580:	28078763          	beqz	a5,980e <__adddf3+0x3b8>
    9584:	0405                	addi	s0,s0,1
    9586:	7ff00793          	li	a5,2047
    958a:	1cf40063          	beq	s0,a5,974a <__adddf3+0x2f4>
    958e:	ff8007b7          	lui	a5,0xff800
    9592:	17fd                	addi	a5,a5,-1 # ff7fffff <__freertos_irq_stack_top+0xdf7fafff>
    9594:	00f9f7b3          	and	a5,s3,a5
    9598:	01d79713          	slli	a4,a5,0x1d
    959c:	808d                	srli	s1,s1,0x3
    959e:	07a6                	slli	a5,a5,0x9
    95a0:	8f45                	or	a4,a4,s1
    95a2:	83b1                	srli	a5,a5,0xc
    95a4:	7ff47413          	andi	s0,s0,2047
    95a8:	0452                	slli	s0,s0,0x14
    95aa:	097e                	slli	s2,s2,0x1f
    95ac:	8c5d                	or	s0,s0,a5
    95ae:	01246433          	or	s0,s0,s2
    95b2:	40f2                	lw	ra,28(sp)
    95b4:	85a2                	mv	a1,s0
    95b6:	4462                	lw	s0,24(sp)
    95b8:	44d2                	lw	s1,20(sp)
    95ba:	4942                	lw	s2,16(sp)
    95bc:	49b2                	lw	s3,12(sp)
    95be:	853a                	mv	a0,a4
    95c0:	6105                	addi	sp,sp,32
    95c2:	8082                	ret
    95c4:	10070f63          	beqz	a4,96e2 <__adddf3+0x28c>
    95c8:	40888733          	sub	a4,a7,s0
    95cc:	30041863          	bnez	s0,98dc <__adddf3+0x486>
    95d0:	00b9e533          	or	a0,s3,a1
    95d4:	26050e63          	beqz	a0,9850 <__adddf3+0x3fa>
    95d8:	fff70513          	addi	a0,a4,-1
    95dc:	48050e63          	beqz	a0,9a78 <__adddf3+0x622>
    95e0:	7ff00313          	li	t1,2047
    95e4:	42670a63          	beq	a4,t1,9a18 <__adddf3+0x5c2>
    95e8:	03800713          	li	a4,56
    95ec:	4485                	li	s1,1
    95ee:	02a74663          	blt	a4,a0,961a <__adddf3+0x1c4>
    95f2:	872a                	mv	a4,a0
    95f4:	467d                	li	a2,31
    95f6:	44e64063          	blt	a2,a4,9a36 <__adddf3+0x5e0>
    95fa:	02000613          	li	a2,32
    95fe:	8e19                	sub	a2,a2,a4
    9600:	00c994b3          	sll	s1,s3,a2
    9604:	00e5d533          	srl	a0,a1,a4
    9608:	00c59633          	sll	a2,a1,a2
    960c:	8cc9                	or	s1,s1,a0
    960e:	00c03633          	snez	a2,a2
    9612:	00e9d733          	srl	a4,s3,a4
    9616:	8cd1                	or	s1,s1,a2
    9618:	8f99                	sub	a5,a5,a4
    961a:	409804b3          	sub	s1,a6,s1
    961e:	00983833          	sltu	a6,a6,s1
    9622:	410789b3          	sub	s3,a5,a6
    9626:	8446                	mv	s0,a7
    9628:	8936                	mv	s2,a3
    962a:	bdc9                	j	94fc <__adddf3+0xa6>
    962c:	12e05963          	blez	a4,975e <__adddf3+0x308>
    9630:	10089063          	bnez	a7,9730 <__adddf3+0x2da>
    9634:	0107e6b3          	or	a3,a5,a6
    9638:	20068f63          	beqz	a3,9856 <__adddf3+0x400>
    963c:	fff70613          	addi	a2,a4,-1
    9640:	36060563          	beqz	a2,99aa <__adddf3+0x554>
    9644:	7ff00693          	li	a3,2047
    9648:	44d70e63          	beq	a4,a3,9aa4 <__adddf3+0x64e>
    964c:	03800713          	li	a4,56
    9650:	4685                	li	a3,1
    9652:	02c74663          	blt	a4,a2,967e <__adddf3+0x228>
    9656:	8732                	mv	a4,a2
    9658:	46fd                	li	a3,31
    965a:	38e6cb63          	blt	a3,a4,99f0 <__adddf3+0x59a>
    965e:	02000613          	li	a2,32
    9662:	8e19                	sub	a2,a2,a4
    9664:	00c796b3          	sll	a3,a5,a2
    9668:	00e85533          	srl	a0,a6,a4
    966c:	00c81633          	sll	a2,a6,a2
    9670:	8ec9                	or	a3,a3,a0
    9672:	00c03633          	snez	a2,a2
    9676:	00e7d733          	srl	a4,a5,a4
    967a:	8ed1                	or	a3,a3,a2
    967c:	99ba                	add	s3,s3,a4
    967e:	00b687b3          	add	a5,a3,a1
    9682:	00d7b6b3          	sltu	a3,a5,a3
    9686:	84be                	mv	s1,a5
    9688:	99b6                	add	s3,s3,a3
    968a:	008007b7          	lui	a5,0x800
    968e:	00f9f7b3          	and	a5,s3,a5
    9692:	c3e9                	beqz	a5,9754 <__adddf3+0x2fe>
    9694:	0405                	addi	s0,s0,1
    9696:	7ff00793          	li	a5,2047
    969a:	0af40863          	beq	s0,a5,974a <__adddf3+0x2f4>
    969e:	ff8007b7          	lui	a5,0xff800
    96a2:	17fd                	addi	a5,a5,-1 # ff7fffff <__freertos_irq_stack_top+0xdf7fafff>
    96a4:	00f9f7b3          	and	a5,s3,a5
    96a8:	0014d713          	srli	a4,s1,0x1
    96ac:	8885                	andi	s1,s1,1
    96ae:	8f45                	or	a4,a4,s1
    96b0:	01f79493          	slli	s1,a5,0x1f
    96b4:	8cd9                	or	s1,s1,a4
    96b6:	0017d993          	srli	s3,a5,0x1
    96ba:	b54d                	j	955c <__adddf3+0x106>
    96bc:	0107e6b3          	or	a3,a5,a6
    96c0:	18068b63          	beqz	a3,9856 <__adddf3+0x400>
    96c4:	fff70693          	addi	a3,a4,-1
    96c8:	30068163          	beqz	a3,99ca <__adddf3+0x574>
    96cc:	7ff00613          	li	a2,2047
    96d0:	14c70f63          	beq	a4,a2,982e <__adddf3+0x3d8>
    96d4:	03800713          	li	a4,56
    96d8:	4485                	li	s1,1
    96da:	e0d74be3          	blt	a4,a3,94f0 <__adddf3+0x9a>
    96de:	8736                	mv	a4,a3
    96e0:	b3e5                	j	94c8 <__adddf3+0x72>
    96e2:	00140713          	addi	a4,s0,1
    96e6:	7fe77713          	andi	a4,a4,2046
    96ea:	1c071563          	bnez	a4,98b4 <__adddf3+0x45e>
    96ee:	00b9e8b3          	or	a7,s3,a1
    96f2:	0107e733          	or	a4,a5,a6
    96f6:	2a041063          	bnez	s0,9996 <__adddf3+0x540>
    96fa:	38088b63          	beqz	a7,9a90 <__adddf3+0x63a>
    96fe:	3a070c63          	beqz	a4,9ab6 <__adddf3+0x660>
    9702:	410584b3          	sub	s1,a1,a6
    9706:	0095b733          	sltu	a4,a1,s1
    970a:	40f98633          	sub	a2,s3,a5
    970e:	8e19                	sub	a2,a2,a4
    9710:	00800737          	lui	a4,0x800
    9714:	8f71                	and	a4,a4,a2
    9716:	40070163          	beqz	a4,9b18 <__adddf3+0x6c2>
    971a:	40b805b3          	sub	a1,a6,a1
    971e:	413787b3          	sub	a5,a5,s3
    9722:	00b83833          	sltu	a6,a6,a1
    9726:	84ae                	mv	s1,a1
    9728:	410789b3          	sub	s3,a5,a6
    972c:	8936                	mv	s2,a3
    972e:	b53d                	j	955c <__adddf3+0x106>
    9730:	7ff00693          	li	a3,2047
    9734:	0ed40d63          	beq	s0,a3,982e <__adddf3+0x3d8>
    9738:	03800613          	li	a2,56
    973c:	4685                	li	a3,1
    973e:	f4e640e3          	blt	a2,a4,967e <__adddf3+0x228>
    9742:	008006b7          	lui	a3,0x800
    9746:	8fd5                	or	a5,a5,a3
    9748:	bf01                	j	9658 <__adddf3+0x202>
    974a:	7ff00413          	li	s0,2047
    974e:	4781                	li	a5,0
    9750:	4701                	li	a4,0
    9752:	bd99                	j	95a8 <__adddf3+0x152>
    9754:	0074f713          	andi	a4,s1,7
    9758:	e00715e3          	bnez	a4,9562 <__adddf3+0x10c>
    975c:	aa89                	j	98ae <__adddf3+0x458>
    975e:	10070763          	beqz	a4,986c <__adddf3+0x416>
    9762:	40888733          	sub	a4,a7,s0
    9766:	1a040d63          	beqz	s0,9920 <__adddf3+0x4ca>
    976a:	7ff00693          	li	a3,2047
    976e:	2ad88d63          	beq	a7,a3,9a28 <__adddf3+0x5d2>
    9772:	03800613          	li	a2,56
    9776:	4685                	li	a3,1
    9778:	02e64963          	blt	a2,a4,97aa <__adddf3+0x354>
    977c:	008006b7          	lui	a3,0x800
    9780:	00d9e9b3          	or	s3,s3,a3
    9784:	46fd                	li	a3,31
    9786:	36e6c663          	blt	a3,a4,9af2 <__adddf3+0x69c>
    978a:	02000613          	li	a2,32
    978e:	8e19                	sub	a2,a2,a4
    9790:	00c996b3          	sll	a3,s3,a2
    9794:	00e5d533          	srl	a0,a1,a4
    9798:	00c59633          	sll	a2,a1,a2
    979c:	8ec9                	or	a3,a3,a0
    979e:	00c03633          	snez	a2,a2
    97a2:	00e9d733          	srl	a4,s3,a4
    97a6:	8ed1                	or	a3,a3,a2
    97a8:	97ba                	add	a5,a5,a4
    97aa:	9836                	add	a6,a6,a3
    97ac:	00d836b3          	sltu	a3,a6,a3
    97b0:	84c2                	mv	s1,a6
    97b2:	00f689b3          	add	s3,a3,a5
    97b6:	8446                	mv	s0,a7
    97b8:	bdc9                	j	968a <__adddf3+0x234>
    97ba:	8526                	mv	a0,s1
    97bc:	4f1010ef          	jal	ra,b4ac <__clzsi2>
    97c0:	01850713          	addi	a4,a0,24
    97c4:	46fd                	li	a3,31
    97c6:	d4e6dbe3          	bge	a3,a4,951c <__adddf3+0xc6>
    97ca:	ff850793          	addi	a5,a0,-8
    97ce:	00f497b3          	sll	a5,s1,a5
    97d2:	16874963          	blt	a4,s0,9944 <__adddf3+0x4ee>
    97d6:	408704b3          	sub	s1,a4,s0
    97da:	00148713          	addi	a4,s1,1
    97de:	34e6db63          	bge	a3,a4,9b34 <__adddf3+0x6de>
    97e2:	1485                	addi	s1,s1,-31
    97e4:	02000693          	li	a3,32
    97e8:	0097d4b3          	srl	s1,a5,s1
    97ec:	00d70b63          	beq	a4,a3,9802 <__adddf3+0x3ac>
    97f0:	04000693          	li	a3,64
    97f4:	40e68733          	sub	a4,a3,a4
    97f8:	00e797b3          	sll	a5,a5,a4
    97fc:	00f037b3          	snez	a5,a5
    9800:	8cdd                	or	s1,s1,a5
    9802:	0074f713          	andi	a4,s1,7
    9806:	4401                	li	s0,0
    9808:	d4071de3          	bnez	a4,9562 <__adddf3+0x10c>
    980c:	a04d                	j	98ae <__adddf3+0x458>
    980e:	0034d793          	srli	a5,s1,0x3
    9812:	01d99713          	slli	a4,s3,0x1d
    9816:	7ff00693          	li	a3,2047
    981a:	8f5d                	or	a4,a4,a5
    981c:	0039d793          	srli	a5,s3,0x3
    9820:	00d40f63          	beq	s0,a3,983e <__adddf3+0x3e8>
    9824:	07b2                	slli	a5,a5,0xc
    9826:	83b1                	srli	a5,a5,0xc
    9828:	7ff47413          	andi	s0,s0,2047
    982c:	bbb5                	j	95a8 <__adddf3+0x152>
    982e:	050e                	slli	a0,a0,0x3
    9830:	01d99793          	slli	a5,s3,0x1d
    9834:	00355713          	srli	a4,a0,0x3
    9838:	8f5d                	or	a4,a4,a5
    983a:	0039d793          	srli	a5,s3,0x3
    983e:	8f5d                	or	a4,a4,a5
    9840:	d709                	beqz	a4,974a <__adddf3+0x2f4>
    9842:	4901                	li	s2,0
    9844:	7ff00413          	li	s0,2047
    9848:	000807b7          	lui	a5,0x80
    984c:	4701                	li	a4,0
    984e:	bba9                	j	95a8 <__adddf3+0x152>
    9850:	85c2                	mv	a1,a6
    9852:	89be                	mv	s3,a5
    9854:	8936                	mv	s2,a3
    9856:	0035d793          	srli	a5,a1,0x3
    985a:	843a                	mv	s0,a4
    985c:	bf5d                	j	9812 <__adddf3+0x3bc>
    985e:	ff8009b7          	lui	s3,0xff800
    9862:	19fd                	addi	s3,s3,-1 # ff7fffff <__freertos_irq_stack_top+0xdf7fafff>
    9864:	8c19                	sub	s0,s0,a4
    9866:	0137f9b3          	and	s3,a5,s3
    986a:	b9cd                	j	955c <__adddf3+0x106>
    986c:	00140693          	addi	a3,s0,1
    9870:	7fe6f713          	andi	a4,a3,2046
    9874:	e36d                	bnez	a4,9956 <__adddf3+0x500>
    9876:	00b9e733          	or	a4,s3,a1
    987a:	1e041163          	bnez	s0,9a5c <__adddf3+0x606>
    987e:	24070a63          	beqz	a4,9ad2 <__adddf3+0x67c>
    9882:	0107e733          	or	a4,a5,a6
    9886:	24070d63          	beqz	a4,9ae0 <__adddf3+0x68a>
    988a:	982e                	add	a6,a6,a1
    988c:	97ce                	add	a5,a5,s3
    988e:	00b835b3          	sltu	a1,a6,a1
    9892:	00b789b3          	add	s3,a5,a1
    9896:	00800737          	lui	a4,0x800
    989a:	00e9f733          	and	a4,s3,a4
    989e:	84c2                	mv	s1,a6
    98a0:	c719                	beqz	a4,98ae <__adddf3+0x458>
    98a2:	ff8007b7          	lui	a5,0xff800
    98a6:	17fd                	addi	a5,a5,-1 # ff7fffff <__freertos_irq_stack_top+0xdf7fafff>
    98a8:	00f9f9b3          	and	s3,s3,a5
    98ac:	4405                	li	s0,1
    98ae:	85a6                	mv	a1,s1
    98b0:	8722                	mv	a4,s0
    98b2:	b755                	j	9856 <__adddf3+0x400>
    98b4:	410584b3          	sub	s1,a1,a6
    98b8:	0095b733          	sltu	a4,a1,s1
    98bc:	40f98633          	sub	a2,s3,a5
    98c0:	8e19                	sub	a2,a2,a4
    98c2:	00800737          	lui	a4,0x800
    98c6:	8f71                	and	a4,a4,a2
    98c8:	ef45                	bnez	a4,9980 <__adddf3+0x52a>
    98ca:	00c4e733          	or	a4,s1,a2
    98ce:	89b2                	mv	s3,a2
    98d0:	c2071fe3          	bnez	a4,950e <__adddf3+0xb8>
    98d4:	4901                	li	s2,0
    98d6:	4401                	li	s0,0
    98d8:	4781                	li	a5,0
    98da:	b1f9                	j	95a8 <__adddf3+0x152>
    98dc:	7ff00513          	li	a0,2047
    98e0:	12a88c63          	beq	a7,a0,9a18 <__adddf3+0x5c2>
    98e4:	03800613          	li	a2,56
    98e8:	4485                	li	s1,1
    98ea:	d2e648e3          	blt	a2,a4,961a <__adddf3+0x1c4>
    98ee:	00800637          	lui	a2,0x800
    98f2:	00c9e9b3          	or	s3,s3,a2
    98f6:	b9fd                	j	95f4 <__adddf3+0x19e>
    98f8:	fe070693          	addi	a3,a4,-32 # 7fffe0 <ch32v20x_wwdg.c.13394d49+0x7e2277>
    98fc:	02000613          	li	a2,32
    9900:	00d7d6b3          	srl	a3,a5,a3
    9904:	00c70a63          	beq	a4,a2,9918 <__adddf3+0x4c2>
    9908:	04000613          	li	a2,64
    990c:	40e60733          	sub	a4,a2,a4
    9910:	00e797b3          	sll	a5,a5,a4
    9914:	00f86833          	or	a6,a6,a5
    9918:	010034b3          	snez	s1,a6
    991c:	8cd5                	or	s1,s1,a3
    991e:	bec9                	j	94f0 <__adddf3+0x9a>
    9920:	00b9e6b3          	or	a3,s3,a1
    9924:	1a068263          	beqz	a3,9ac8 <__adddf3+0x672>
    9928:	fff70513          	addi	a0,a4,-1
    992c:	cd3d                	beqz	a0,99aa <__adddf3+0x554>
    992e:	7ff00693          	li	a3,2047
    9932:	0ed70b63          	beq	a4,a3,9a28 <__adddf3+0x5d2>
    9936:	03800713          	li	a4,56
    993a:	4685                	li	a3,1
    993c:	e6a747e3          	blt	a4,a0,97aa <__adddf3+0x354>
    9940:	872a                	mv	a4,a0
    9942:	b589                	j	9784 <__adddf3+0x32e>
    9944:	ff8006b7          	lui	a3,0xff800
    9948:	16fd                	addi	a3,a3,-1 # ff7fffff <__freertos_irq_stack_top+0xdf7fafff>
    994a:	8ff5                	and	a5,a5,a3
    994c:	8c19                	sub	s0,s0,a4
    994e:	01d79713          	slli	a4,a5,0x1d
    9952:	838d                	srli	a5,a5,0x3
    9954:	bdc1                	j	9824 <__adddf3+0x3ce>
    9956:	7ff00713          	li	a4,2047
    995a:	dee688e3          	beq	a3,a4,974a <__adddf3+0x2f4>
    995e:	01058733          	add	a4,a1,a6
    9962:	97ce                	add	a5,a5,s3
    9964:	00b735b3          	sltu	a1,a4,a1
    9968:	97ae                	add	a5,a5,a1
    996a:	8305                	srli	a4,a4,0x1
    996c:	01f79493          	slli	s1,a5,0x1f
    9970:	8cd9                	or	s1,s1,a4
    9972:	8b1d                	andi	a4,a4,7
    9974:	0017d993          	srli	s3,a5,0x1
    9978:	8436                	mv	s0,a3
    997a:	be0714e3          	bnez	a4,9562 <__adddf3+0x10c>
    997e:	bf05                	j	98ae <__adddf3+0x458>
    9980:	40b805b3          	sub	a1,a6,a1
    9984:	413787b3          	sub	a5,a5,s3
    9988:	00b83833          	sltu	a6,a6,a1
    998c:	84ae                	mv	s1,a1
    998e:	410789b3          	sub	s3,a5,a6
    9992:	8936                	mv	s2,a3
    9994:	bead                	j	950e <__adddf3+0xb8>
    9996:	12089c63          	bnez	a7,9ace <__adddf3+0x678>
    999a:	18071563          	bnez	a4,9b24 <__adddf3+0x6ce>
    999e:	4901                	li	s2,0
    99a0:	7ff00413          	li	s0,2047
    99a4:	000807b7          	lui	a5,0x80
    99a8:	b101                	j	95a8 <__adddf3+0x152>
    99aa:	982e                	add	a6,a6,a1
    99ac:	97ce                	add	a5,a5,s3
    99ae:	00b835b3          	sltu	a1,a6,a1
    99b2:	00b789b3          	add	s3,a5,a1
    99b6:	008007b7          	lui	a5,0x800
    99ba:	00f9f7b3          	and	a5,s3,a5
    99be:	84c2                	mv	s1,a6
    99c0:	4405                	li	s0,1
    99c2:	d80789e3          	beqz	a5,9754 <__adddf3+0x2fe>
    99c6:	4409                	li	s0,2
    99c8:	b9d9                	j	969e <__adddf3+0x248>
    99ca:	41058833          	sub	a6,a1,a6
    99ce:	40f987b3          	sub	a5,s3,a5
    99d2:	0105b5b3          	sltu	a1,a1,a6
    99d6:	84c2                	mv	s1,a6
    99d8:	40b789b3          	sub	s3,a5,a1
    99dc:	4405                	li	s0,1
    99de:	be39                	j	94fc <__adddf3+0xa6>
    99e0:	050e                	slli	a0,a0,0x3
    99e2:	810d                	srli	a0,a0,0x3
    99e4:	01d99713          	slli	a4,s3,0x1d
    99e8:	8f49                	or	a4,a4,a0
    99ea:	0039d793          	srli	a5,s3,0x3
    99ee:	bd81                	j	983e <__adddf3+0x3e8>
    99f0:	fe070613          	addi	a2,a4,-32
    99f4:	02000693          	li	a3,32
    99f8:	00c7d633          	srl	a2,a5,a2
    99fc:	00d70a63          	beq	a4,a3,9a10 <__adddf3+0x5ba>
    9a00:	04000693          	li	a3,64
    9a04:	40e68733          	sub	a4,a3,a4
    9a08:	00e797b3          	sll	a5,a5,a4
    9a0c:	00f86833          	or	a6,a6,a5
    9a10:	010036b3          	snez	a3,a6
    9a14:	8ed1                	or	a3,a3,a2
    9a16:	b1a5                	j	967e <__adddf3+0x228>
    9a18:	060e                	slli	a2,a2,0x3
    9a1a:	01d79713          	slli	a4,a5,0x1d
    9a1e:	820d                	srli	a2,a2,0x3
    9a20:	8f51                	or	a4,a4,a2
    9a22:	838d                	srli	a5,a5,0x3
    9a24:	8936                	mv	s2,a3
    9a26:	bd21                	j	983e <__adddf3+0x3e8>
    9a28:	060e                	slli	a2,a2,0x3
    9a2a:	01d79713          	slli	a4,a5,0x1d
    9a2e:	820d                	srli	a2,a2,0x3
    9a30:	8f51                	or	a4,a4,a2
    9a32:	838d                	srli	a5,a5,0x3
    9a34:	b529                	j	983e <__adddf3+0x3e8>
    9a36:	fe070613          	addi	a2,a4,-32
    9a3a:	02000513          	li	a0,32
    9a3e:	00c9d633          	srl	a2,s3,a2
    9a42:	00a70963          	beq	a4,a0,9a54 <__adddf3+0x5fe>
    9a46:	04000513          	li	a0,64
    9a4a:	40e50733          	sub	a4,a0,a4
    9a4e:	00e99733          	sll	a4,s3,a4
    9a52:	8dd9                	or	a1,a1,a4
    9a54:	00b034b3          	snez	s1,a1
    9a58:	8cd1                	or	s1,s1,a2
    9a5a:	b6c1                	j	961a <__adddf3+0x1c4>
    9a5c:	d771                	beqz	a4,9a28 <__adddf3+0x5d2>
    9a5e:	0107e833          	or	a6,a5,a6
    9a62:	de0810e3          	bnez	a6,9842 <__adddf3+0x3ec>
    9a66:	050e                	slli	a0,a0,0x3
    9a68:	01d99793          	slli	a5,s3,0x1d
    9a6c:	810d                	srli	a0,a0,0x3
    9a6e:	00f56733          	or	a4,a0,a5
    9a72:	0039d793          	srli	a5,s3,0x3
    9a76:	b3e1                	j	983e <__adddf3+0x3e8>
    9a78:	40b805b3          	sub	a1,a6,a1
    9a7c:	413787b3          	sub	a5,a5,s3
    9a80:	00b83833          	sltu	a6,a6,a1
    9a84:	84ae                	mv	s1,a1
    9a86:	410789b3          	sub	s3,a5,a6
    9a8a:	8936                	mv	s2,a3
    9a8c:	4405                	li	s0,1
    9a8e:	b4bd                	j	94fc <__adddf3+0xa6>
    9a90:	e40702e3          	beqz	a4,98d4 <__adddf3+0x47e>
    9a94:	060e                	slli	a2,a2,0x3
    9a96:	01d79713          	slli	a4,a5,0x1d
    9a9a:	820d                	srli	a2,a2,0x3
    9a9c:	8f51                	or	a4,a4,a2
    9a9e:	838d                	srli	a5,a5,0x3
    9aa0:	8936                	mv	s2,a3
    9aa2:	b349                	j	9824 <__adddf3+0x3ce>
    9aa4:	00351793          	slli	a5,a0,0x3
    9aa8:	838d                	srli	a5,a5,0x3
    9aaa:	01d99713          	slli	a4,s3,0x1d
    9aae:	8f5d                	or	a4,a4,a5
    9ab0:	0039d793          	srli	a5,s3,0x3
    9ab4:	b369                	j	983e <__adddf3+0x3e8>
    9ab6:	00351793          	slli	a5,a0,0x3
    9aba:	838d                	srli	a5,a5,0x3
    9abc:	01d99713          	slli	a4,s3,0x1d
    9ac0:	8f5d                	or	a4,a4,a5
    9ac2:	0039d793          	srli	a5,s3,0x3
    9ac6:	bbb9                	j	9824 <__adddf3+0x3ce>
    9ac8:	85c2                	mv	a1,a6
    9aca:	89be                	mv	s3,a5
    9acc:	b369                	j	9856 <__adddf3+0x400>
    9ace:	df41                	beqz	a4,9a66 <__adddf3+0x610>
    9ad0:	bb8d                	j	9842 <__adddf3+0x3ec>
    9ad2:	060e                	slli	a2,a2,0x3
    9ad4:	01d79713          	slli	a4,a5,0x1d
    9ad8:	820d                	srli	a2,a2,0x3
    9ada:	8f51                	or	a4,a4,a2
    9adc:	838d                	srli	a5,a5,0x3
    9ade:	b399                	j	9824 <__adddf3+0x3ce>
    9ae0:	050e                	slli	a0,a0,0x3
    9ae2:	01d99793          	slli	a5,s3,0x1d
    9ae6:	810d                	srli	a0,a0,0x3
    9ae8:	00f56733          	or	a4,a0,a5
    9aec:	0039d793          	srli	a5,s3,0x3
    9af0:	bb15                	j	9824 <__adddf3+0x3ce>
    9af2:	fe070613          	addi	a2,a4,-32
    9af6:	02000693          	li	a3,32
    9afa:	00c9d633          	srl	a2,s3,a2
    9afe:	00d70963          	beq	a4,a3,9b10 <__adddf3+0x6ba>
    9b02:	04000693          	li	a3,64
    9b06:	40e68733          	sub	a4,a3,a4
    9b0a:	00e99733          	sll	a4,s3,a4
    9b0e:	8dd9                	or	a1,a1,a4
    9b10:	00b036b3          	snez	a3,a1
    9b14:	8ed1                	or	a3,a3,a2
    9b16:	b951                	j	97aa <__adddf3+0x354>
    9b18:	00c4e733          	or	a4,s1,a2
    9b1c:	89b2                	mv	s3,a2
    9b1e:	d80718e3          	bnez	a4,98ae <__adddf3+0x458>
    9b22:	bb4d                	j	98d4 <__adddf3+0x47e>
    9b24:	060e                	slli	a2,a2,0x3
    9b26:	01d79713          	slli	a4,a5,0x1d
    9b2a:	820d                	srli	a2,a2,0x3
    9b2c:	8f51                	or	a4,a4,a2
    9b2e:	838d                	srli	a5,a5,0x3
    9b30:	8936                	mv	s2,a3
    9b32:	b331                	j	983e <__adddf3+0x3e8>
    9b34:	02000693          	li	a3,32
    9b38:	8e99                	sub	a3,a3,a4
    9b3a:	4601                	li	a2,0
    9b3c:	b439                	j	954a <__adddf3+0xf4>

00009b3e <__divdf3>:
    9b3e:	7179                	addi	sp,sp,-48
    9b40:	0145d793          	srli	a5,a1,0x14
    9b44:	d422                	sw	s0,40(sp)
    9b46:	d226                	sw	s1,36(sp)
    9b48:	d04a                	sw	s2,32(sp)
    9b4a:	ca56                	sw	s5,20(sp)
    9b4c:	c65e                	sw	s7,12(sp)
    9b4e:	00c59493          	slli	s1,a1,0xc
    9b52:	d606                	sw	ra,44(sp)
    9b54:	ce4e                	sw	s3,28(sp)
    9b56:	cc52                	sw	s4,24(sp)
    9b58:	c85a                	sw	s6,16(sp)
    9b5a:	c462                	sw	s8,8(sp)
    9b5c:	7ff7f793          	andi	a5,a5,2047
    9b60:	842a                	mv	s0,a0
    9b62:	8bb2                	mv	s7,a2
    9b64:	8936                	mv	s2,a3
    9b66:	80b1                	srli	s1,s1,0xc
    9b68:	01f5da93          	srli	s5,a1,0x1f
    9b6c:	10078c63          	beqz	a5,9c84 <__divdf3+0x146>
    9b70:	7ff00713          	li	a4,2047
    9b74:	14e78763          	beq	a5,a4,9cc2 <__divdf3+0x184>
    9b78:	048e                	slli	s1,s1,0x3
    9b7a:	01d55b13          	srli	s6,a0,0x1d
    9b7e:	009b6b33          	or	s6,s6,s1
    9b82:	00800737          	lui	a4,0x800
    9b86:	00eb6b33          	or	s6,s6,a4
    9b8a:	00351a13          	slli	s4,a0,0x3
    9b8e:	c0178993          	addi	s3,a5,-1023 # 7ffc01 <ch32v20x_wwdg.c.13394d49+0x7e1e98>
    9b92:	4481                	li	s1,0
    9b94:	4c01                	li	s8,0
    9b96:	01495793          	srli	a5,s2,0x14
    9b9a:	00c91413          	slli	s0,s2,0xc
    9b9e:	7ff7f793          	andi	a5,a5,2047
    9ba2:	8031                	srli	s0,s0,0xc
    9ba4:	01f95913          	srli	s2,s2,0x1f
    9ba8:	c3d5                	beqz	a5,9c4c <__divdf3+0x10e>
    9baa:	7ff00713          	li	a4,2047
    9bae:	08e78463          	beq	a5,a4,9c36 <__divdf3+0xf8>
    9bb2:	040e                	slli	s0,s0,0x3
    9bb4:	01dbd713          	srli	a4,s7,0x1d
    9bb8:	8f41                	or	a4,a4,s0
    9bba:	c0178793          	addi	a5,a5,-1023
    9bbe:	00800437          	lui	s0,0x800
    9bc2:	8c59                	or	s0,s0,a4
    9bc4:	003b9893          	slli	a7,s7,0x3
    9bc8:	40f989b3          	sub	s3,s3,a5
    9bcc:	4601                	li	a2,0
    9bce:	473d                	li	a4,15
    9bd0:	012ac6b3          	xor	a3,s5,s2
    9bd4:	18976863          	bltu	a4,s1,9d64 <__divdf3+0x226>
    9bd8:	00002717          	auipc	a4,0x2
    9bdc:	28c70713          	addi	a4,a4,652 # be64 <g_crc16_tbl+0x200>
    9be0:	048a                	slli	s1,s1,0x2
    9be2:	94ba                	add	s1,s1,a4
    9be4:	409c                	lw	a5,0(s1)
    9be6:	97ba                	add	a5,a5,a4
    9be8:	8782                	jr	a5
    9bea:	8f1d                	sub	a4,a4,a5
    9bec:	03800613          	li	a2,56
    9bf0:	40e65c63          	bge	a2,a4,a008 <__divdf3+0x4ca>
    9bf4:	4781                	li	a5,0
    9bf6:	4601                	li	a2,0
    9bf8:	4701                	li	a4,0
    9bfa:	50b2                	lw	ra,44(sp)
    9bfc:	5422                	lw	s0,40(sp)
    9bfe:	07d2                	slli	a5,a5,0x14
    9c00:	8fd1                	or	a5,a5,a2
    9c02:	06fe                	slli	a3,a3,0x1f
    9c04:	8fd5                	or	a5,a5,a3
    9c06:	5492                	lw	s1,36(sp)
    9c08:	5902                	lw	s2,32(sp)
    9c0a:	49f2                	lw	s3,28(sp)
    9c0c:	4a62                	lw	s4,24(sp)
    9c0e:	4ad2                	lw	s5,20(sp)
    9c10:	4b42                	lw	s6,16(sp)
    9c12:	4bb2                	lw	s7,12(sp)
    9c14:	4c22                	lw	s8,8(sp)
    9c16:	853a                	mv	a0,a4
    9c18:	85be                	mv	a1,a5
    9c1a:	6145                	addi	sp,sp,48
    9c1c:	8082                	ret
    9c1e:	7ff00793          	li	a5,2047
    9c22:	4601                	li	a2,0
    9c24:	4701                	li	a4,0
    9c26:	bfd1                	j	9bfa <__divdf3+0xbc>
    9c28:	4681                	li	a3,0
    9c2a:	7ff00793          	li	a5,2047
    9c2e:	00080637          	lui	a2,0x80
    9c32:	4701                	li	a4,0
    9c34:	b7d9                	j	9bfa <__divdf3+0xbc>
    9c36:	017468b3          	or	a7,s0,s7
    9c3a:	80198993          	addi	s3,s3,-2047
    9c3e:	10089963          	bnez	a7,9d50 <__divdf3+0x212>
    9c42:	0024e493          	ori	s1,s1,2
    9c46:	4401                	li	s0,0
    9c48:	4609                	li	a2,2
    9c4a:	b751                	j	9bce <__divdf3+0x90>
    9c4c:	017468b3          	or	a7,s0,s7
    9c50:	0e088b63          	beqz	a7,9d46 <__divdf3+0x208>
    9c54:	36040663          	beqz	s0,9fc0 <__divdf3+0x482>
    9c58:	8522                	mv	a0,s0
    9c5a:	053010ef          	jal	ra,b4ac <__clzsi2>
    9c5e:	87aa                	mv	a5,a0
    9c60:	ff550693          	addi	a3,a0,-11
    9c64:	4775                	li	a4,29
    9c66:	ff878893          	addi	a7,a5,-8
    9c6a:	8f15                	sub	a4,a4,a3
    9c6c:	01141433          	sll	s0,s0,a7
    9c70:	00ebd733          	srl	a4,s7,a4
    9c74:	8c59                	or	s0,s0,a4
    9c76:	011b98b3          	sll	a7,s7,a7
    9c7a:	97ce                	add	a5,a5,s3
    9c7c:	3f378993          	addi	s3,a5,1011
    9c80:	4601                	li	a2,0
    9c82:	b7b1                	j	9bce <__divdf3+0x90>
    9c84:	00a4eb33          	or	s6,s1,a0
    9c88:	0c0b0963          	beqz	s6,9d5a <__divdf3+0x21c>
    9c8c:	30048b63          	beqz	s1,9fa2 <__divdf3+0x464>
    9c90:	8526                	mv	a0,s1
    9c92:	01b010ef          	jal	ra,b4ac <__clzsi2>
    9c96:	872a                	mv	a4,a0
    9c98:	ff550693          	addi	a3,a0,-11
    9c9c:	47f5                	li	a5,29
    9c9e:	ff870a13          	addi	s4,a4,-8
    9ca2:	8f95                	sub	a5,a5,a3
    9ca4:	014494b3          	sll	s1,s1,s4
    9ca8:	00f457b3          	srl	a5,s0,a5
    9cac:	0097eb33          	or	s6,a5,s1
    9cb0:	01441a33          	sll	s4,s0,s4
    9cb4:	c0d00793          	li	a5,-1011
    9cb8:	40e789b3          	sub	s3,a5,a4
    9cbc:	4481                	li	s1,0
    9cbe:	4c01                	li	s8,0
    9cc0:	bdd9                	j	9b96 <__divdf3+0x58>
    9cc2:	00a4eb33          	or	s6,s1,a0
    9cc6:	060b1963          	bnez	s6,9d38 <__divdf3+0x1fa>
    9cca:	4a01                	li	s4,0
    9ccc:	44a1                	li	s1,8
    9cce:	7ff00993          	li	s3,2047
    9cd2:	4c09                	li	s8,2
    9cd4:	b5c9                	j	9b96 <__divdf3+0x58>
    9cd6:	8c32                	mv	s8,a2
    9cd8:	4789                	li	a5,2
    9cda:	3efc0263          	beq	s8,a5,a0be <__divdf3+0x580>
    9cde:	478d                	li	a5,3
    9ce0:	f4fc04e3          	beq	s8,a5,9c28 <__divdf3+0xea>
    9ce4:	4785                	li	a5,1
    9ce6:	86ca                	mv	a3,s2
    9ce8:	f0fc06e3          	beq	s8,a5,9bf4 <__divdf3+0xb6>
    9cec:	3ff98793          	addi	a5,s3,1023
    9cf0:	22f05063          	blez	a5,9f10 <__divdf3+0x3d2>
    9cf4:	0078f713          	andi	a4,a7,7
    9cf8:	3a071963          	bnez	a4,a0aa <__divdf3+0x56c>
    9cfc:	01000737          	lui	a4,0x1000
    9d00:	8f61                	and	a4,a4,s0
    9d02:	c719                	beqz	a4,9d10 <__divdf3+0x1d2>
    9d04:	ff0007b7          	lui	a5,0xff000
    9d08:	17fd                	addi	a5,a5,-1 # feffffff <__freertos_irq_stack_top+0xdeffafff>
    9d0a:	8c7d                	and	s0,s0,a5
    9d0c:	40098793          	addi	a5,s3,1024
    9d10:	7fe00713          	li	a4,2046
    9d14:	f0f745e3          	blt	a4,a5,9c1e <__divdf3+0xe0>
    9d18:	0038d893          	srli	a7,a7,0x3
    9d1c:	01d41713          	slli	a4,s0,0x1d
    9d20:	00941613          	slli	a2,s0,0x9
    9d24:	01176733          	or	a4,a4,a7
    9d28:	8231                	srli	a2,a2,0xc
    9d2a:	7ff7f793          	andi	a5,a5,2047
    9d2e:	b5f1                	j	9bfa <__divdf3+0xbc>
    9d30:	8956                	mv	s2,s5
    9d32:	845a                	mv	s0,s6
    9d34:	88d2                	mv	a7,s4
    9d36:	b74d                	j	9cd8 <__divdf3+0x19a>
    9d38:	8b26                	mv	s6,s1
    9d3a:	8a2a                	mv	s4,a0
    9d3c:	44b1                	li	s1,12
    9d3e:	7ff00993          	li	s3,2047
    9d42:	4c0d                	li	s8,3
    9d44:	bd89                	j	9b96 <__divdf3+0x58>
    9d46:	0014e493          	ori	s1,s1,1
    9d4a:	4401                	li	s0,0
    9d4c:	4605                	li	a2,1
    9d4e:	b541                	j	9bce <__divdf3+0x90>
    9d50:	0034e493          	ori	s1,s1,3
    9d54:	88de                	mv	a7,s7
    9d56:	460d                	li	a2,3
    9d58:	bd9d                	j	9bce <__divdf3+0x90>
    9d5a:	4a01                	li	s4,0
    9d5c:	4491                	li	s1,4
    9d5e:	4981                	li	s3,0
    9d60:	4c05                	li	s8,1
    9d62:	bd15                	j	9b96 <__divdf3+0x58>
    9d64:	23646563          	bltu	s0,s6,9f8e <__divdf3+0x450>
    9d68:	228b0163          	beq	s6,s0,9f8a <__divdf3+0x44c>
    9d6c:	8352                	mv	t1,s4
    9d6e:	19fd                	addi	s3,s3,-1
    9d70:	87da                	mv	a5,s6
    9d72:	4a01                	li	s4,0
    9d74:	00841713          	slli	a4,s0,0x8
    9d78:	01075513          	srli	a0,a4,0x10
    9d7c:	02a7d433          	divu	s0,a5,a0
    9d80:	0188d613          	srli	a2,a7,0x18
    9d84:	8e59                	or	a2,a2,a4
    9d86:	01061813          	slli	a6,a2,0x10
    9d8a:	01085813          	srli	a6,a6,0x10
    9d8e:	00889593          	slli	a1,a7,0x8
    9d92:	01035713          	srli	a4,t1,0x10
    9d96:	02a7f7b3          	remu	a5,a5,a0
    9d9a:	028808b3          	mul	a7,a6,s0
    9d9e:	07c2                	slli	a5,a5,0x10
    9da0:	8fd9                	or	a5,a5,a4
    9da2:	0117f863          	bgeu	a5,a7,9db2 <__divdf3+0x274>
    9da6:	97b2                	add	a5,a5,a2
    9da8:	fff40713          	addi	a4,s0,-1 # 7fffff <ch32v20x_wwdg.c.13394d49+0x7e2296>
    9dac:	24c7f963          	bgeu	a5,a2,9ffe <__divdf3+0x4c0>
    9db0:	843a                	mv	s0,a4
    9db2:	411787b3          	sub	a5,a5,a7
    9db6:	02a7d8b3          	divu	a7,a5,a0
    9dba:	01031713          	slli	a4,t1,0x10
    9dbe:	8341                	srli	a4,a4,0x10
    9dc0:	02a7f7b3          	remu	a5,a5,a0
    9dc4:	03180fb3          	mul	t6,a6,a7
    9dc8:	07c2                	slli	a5,a5,0x10
    9dca:	8f5d                	or	a4,a4,a5
    9dcc:	01f77863          	bgeu	a4,t6,9ddc <__divdf3+0x29e>
    9dd0:	9732                	add	a4,a4,a2
    9dd2:	fff88793          	addi	a5,a7,-1
    9dd6:	20c77f63          	bgeu	a4,a2,9ff4 <__divdf3+0x4b6>
    9dda:	88be                	mv	a7,a5
    9ddc:	0442                	slli	s0,s0,0x10
    9dde:	62c1                	lui	t0,0x10
    9de0:	01146433          	or	s0,s0,a7
    9de4:	fff28313          	addi	t1,t0,-1 # ffff <MC_PULL_calibration.cpp.947435e8+0x716>
    9de8:	006478b3          	and	a7,s0,t1
    9dec:	01045e93          	srli	t4,s0,0x10
    9df0:	0105de13          	srli	t3,a1,0x10
    9df4:	0065f333          	and	t1,a1,t1
    9df8:	03130f33          	mul	t5,t1,a7
    9dfc:	41f70733          	sub	a4,a4,t6
    9e00:	031e08b3          	mul	a7,t3,a7
    9e04:	010f5793          	srli	a5,t5,0x10
    9e08:	026e8fb3          	mul	t6,t4,t1
    9e0c:	98fe                	add	a7,a7,t6
    9e0e:	97c6                	add	a5,a5,a7
    9e10:	03ce8eb3          	mul	t4,t4,t3
    9e14:	01f7f363          	bgeu	a5,t6,9e1a <__divdf3+0x2dc>
    9e18:	9e96                	add	t4,t4,t0
    9e1a:	6fc1                	lui	t6,0x10
    9e1c:	1ffd                	addi	t6,t6,-1 # ffff <MC_PULL_calibration.cpp.947435e8+0x716>
    9e1e:	0107d893          	srli	a7,a5,0x10
    9e22:	01f7f7b3          	and	a5,a5,t6
    9e26:	07c2                	slli	a5,a5,0x10
    9e28:	01ff7f33          	and	t5,t5,t6
    9e2c:	98f6                	add	a7,a7,t4
    9e2e:	97fa                	add	a5,a5,t5
    9e30:	13176b63          	bltu	a4,a7,9f66 <__divdf3+0x428>
    9e34:	13170763          	beq	a4,a7,9f62 <__divdf3+0x424>
    9e38:	40fa07b3          	sub	a5,s4,a5
    9e3c:	41170733          	sub	a4,a4,a7
    9e40:	00fa3a33          	sltu	s4,s4,a5
    9e44:	41470733          	sub	a4,a4,s4
    9e48:	24e60363          	beq	a2,a4,a08e <__divdf3+0x550>
    9e4c:	02a758b3          	divu	a7,a4,a0
    9e50:	0107de93          	srli	t4,a5,0x10
    9e54:	02a77733          	remu	a4,a4,a0
    9e58:	03180f33          	mul	t5,a6,a7
    9e5c:	0742                	slli	a4,a4,0x10
    9e5e:	00eee733          	or	a4,t4,a4
    9e62:	01e77b63          	bgeu	a4,t5,9e78 <__divdf3+0x33a>
    9e66:	9732                	add	a4,a4,a2
    9e68:	fff88e93          	addi	t4,a7,-1
    9e6c:	24c76763          	bltu	a4,a2,a0ba <__divdf3+0x57c>
    9e70:	25e77563          	bgeu	a4,t5,a0ba <__divdf3+0x57c>
    9e74:	18f9                	addi	a7,a7,-2
    9e76:	9732                	add	a4,a4,a2
    9e78:	41e70733          	sub	a4,a4,t5
    9e7c:	02a75eb3          	divu	t4,a4,a0
    9e80:	07c2                	slli	a5,a5,0x10
    9e82:	83c1                	srli	a5,a5,0x10
    9e84:	02a77733          	remu	a4,a4,a0
    9e88:	03d80833          	mul	a6,a6,t4
    9e8c:	0742                	slli	a4,a4,0x10
    9e8e:	8fd9                	or	a5,a5,a4
    9e90:	0107fb63          	bgeu	a5,a6,9ea6 <__divdf3+0x368>
    9e94:	97b2                	add	a5,a5,a2
    9e96:	fffe8713          	addi	a4,t4,-1
    9e9a:	20c7ee63          	bltu	a5,a2,a0b6 <__divdf3+0x578>
    9e9e:	2107fc63          	bgeu	a5,a6,a0b6 <__divdf3+0x578>
    9ea2:	1ef9                	addi	t4,t4,-2
    9ea4:	97b2                	add	a5,a5,a2
    9ea6:	08c2                	slli	a7,a7,0x10
    9ea8:	01d8e8b3          	or	a7,a7,t4
    9eac:	01089513          	slli	a0,a7,0x10
    9eb0:	0108df13          	srli	t5,a7,0x10
    9eb4:	8141                	srli	a0,a0,0x10
    9eb6:	02650eb3          	mul	t4,a0,t1
    9eba:	410787b3          	sub	a5,a5,a6
    9ebe:	02ae0533          	mul	a0,t3,a0
    9ec2:	010ed713          	srli	a4,t4,0x10
    9ec6:	026f0333          	mul	t1,t5,t1
    9eca:	951a                	add	a0,a0,t1
    9ecc:	972a                	add	a4,a4,a0
    9ece:	03ee0e33          	mul	t3,t3,t5
    9ed2:	00677463          	bgeu	a4,t1,9eda <__divdf3+0x39c>
    9ed6:	6541                	lui	a0,0x10
    9ed8:	9e2a                	add	t3,t3,a0
    9eda:	6841                	lui	a6,0x10
    9edc:	187d                	addi	a6,a6,-1 # ffff <MC_PULL_calibration.cpp.947435e8+0x716>
    9ede:	01075513          	srli	a0,a4,0x10
    9ee2:	01077733          	and	a4,a4,a6
    9ee6:	0742                	slli	a4,a4,0x10
    9ee8:	010efeb3          	and	t4,t4,a6
    9eec:	9572                	add	a0,a0,t3
    9eee:	9776                	add	a4,a4,t4
    9ef0:	0ea7f763          	bgeu	a5,a0,9fde <__divdf3+0x4a0>
    9ef4:	97b2                	add	a5,a5,a2
    9ef6:	fff88313          	addi	t1,a7,-1
    9efa:	883e                	mv	a6,a5
    9efc:	16c7e763          	bltu	a5,a2,a06a <__divdf3+0x52c>
    9f00:	1ca7e563          	bltu	a5,a0,a0ca <__divdf3+0x58c>
    9f04:	1ca78e63          	beq	a5,a0,a0e0 <__divdf3+0x5a2>
    9f08:	889a                	mv	a7,t1
    9f0a:	0018e893          	ori	a7,a7,1
    9f0e:	bbf9                	j	9cec <__divdf3+0x1ae>
    9f10:	4705                	li	a4,1
    9f12:	cc079ce3          	bnez	a5,9bea <__divdf3+0xac>
    9f16:	41e98793          	addi	a5,s3,1054
    9f1a:	00f89633          	sll	a2,a7,a5
    9f1e:	00c03633          	snez	a2,a2
    9f22:	00f417b3          	sll	a5,s0,a5
    9f26:	8fd1                	or	a5,a5,a2
    9f28:	00e8d8b3          	srl	a7,a7,a4
    9f2c:	00f8e8b3          	or	a7,a7,a5
    9f30:	0078f793          	andi	a5,a7,7
    9f34:	00e45433          	srl	s0,s0,a4
    9f38:	cf81                	beqz	a5,9f50 <__divdf3+0x412>
    9f3a:	00f8f793          	andi	a5,a7,15
    9f3e:	4711                	li	a4,4
    9f40:	00e78863          	beq	a5,a4,9f50 <__divdf3+0x412>
    9f44:	00488793          	addi	a5,a7,4
    9f48:	0117b8b3          	sltu	a7,a5,a7
    9f4c:	9446                	add	s0,s0,a7
    9f4e:	88be                	mv	a7,a5
    9f50:	008005b7          	lui	a1,0x800
    9f54:	8de1                	and	a1,a1,s0
    9f56:	4785                	li	a5,1
    9f58:	4601                	li	a2,0
    9f5a:	4701                	li	a4,0
    9f5c:	c8059fe3          	bnez	a1,9bfa <__divdf3+0xbc>
    9f60:	a8d5                	j	a054 <__divdf3+0x516>
    9f62:	ecfa7be3          	bgeu	s4,a5,9e38 <__divdf3+0x2fa>
    9f66:	00ba0eb3          	add	t4,s4,a1
    9f6a:	014ebf33          	sltu	t5,t4,s4
    9f6e:	00cf0fb3          	add	t6,t5,a2
    9f72:	977e                	add	a4,a4,t6
    9f74:	8a76                	mv	s4,t4
    9f76:	fff40f93          	addi	t6,s0,-1
    9f7a:	06e67763          	bgeu	a2,a4,9fe8 <__divdf3+0x4aa>
    9f7e:	11176063          	bltu	a4,a7,a07e <__divdf3+0x540>
    9f82:	0ee88c63          	beq	a7,a4,a07a <__divdf3+0x53c>
    9f86:	847e                	mv	s0,t6
    9f88:	bd45                	j	9e38 <__divdf3+0x2fa>
    9f8a:	df1a61e3          	bltu	s4,a7,9d6c <__divdf3+0x22e>
    9f8e:	001a5713          	srli	a4,s4,0x1
    9f92:	01fb1313          	slli	t1,s6,0x1f
    9f96:	001b5793          	srli	a5,s6,0x1
    9f9a:	00e36333          	or	t1,t1,a4
    9f9e:	0a7e                	slli	s4,s4,0x1f
    9fa0:	bbd1                	j	9d74 <__divdf3+0x236>
    9fa2:	50a010ef          	jal	ra,b4ac <__clzsi2>
    9fa6:	01550693          	addi	a3,a0,21 # 10015 <MC_PULL_calibration.cpp.947435e8+0x72c>
    9faa:	47f1                	li	a5,28
    9fac:	02050713          	addi	a4,a0,32
    9fb0:	ced7d6e3          	bge	a5,a3,9c9c <__divdf3+0x15e>
    9fb4:	ff850793          	addi	a5,a0,-8
    9fb8:	00f41b33          	sll	s6,s0,a5
    9fbc:	4a01                	li	s4,0
    9fbe:	b9dd                	j	9cb4 <__divdf3+0x176>
    9fc0:	855e                	mv	a0,s7
    9fc2:	4ea010ef          	jal	ra,b4ac <__clzsi2>
    9fc6:	01550693          	addi	a3,a0,21
    9fca:	4771                	li	a4,28
    9fcc:	02050793          	addi	a5,a0,32
    9fd0:	c8d75ae3          	bge	a4,a3,9c64 <__divdf3+0x126>
    9fd4:	1561                	addi	a0,a0,-8
    9fd6:	4881                	li	a7,0
    9fd8:	00ab9433          	sll	s0,s7,a0
    9fdc:	b979                	j	9c7a <__divdf3+0x13c>
    9fde:	f2a796e3          	bne	a5,a0,9f0a <__divdf3+0x3cc>
    9fe2:	d00705e3          	beqz	a4,9cec <__divdf3+0x1ae>
    9fe6:	b739                	j	9ef4 <__divdf3+0x3b6>
    9fe8:	f8e61fe3          	bne	a2,a4,9f86 <__divdf3+0x448>
    9fec:	f80f09e3          	beqz	t5,9f7e <__divdf3+0x440>
    9ff0:	847e                	mv	s0,t6
    9ff2:	b599                	j	9e38 <__divdf3+0x2fa>
    9ff4:	dff773e3          	bgeu	a4,t6,9dda <__divdf3+0x29c>
    9ff8:	18f9                	addi	a7,a7,-2
    9ffa:	9732                	add	a4,a4,a2
    9ffc:	b3c5                	j	9ddc <__divdf3+0x29e>
    9ffe:	db17f9e3          	bgeu	a5,a7,9db0 <__divdf3+0x272>
    a002:	1479                	addi	s0,s0,-2
    a004:	97b2                	add	a5,a5,a2
    a006:	b375                	j	9db2 <__divdf3+0x274>
    a008:	467d                	li	a2,31
    a00a:	f0e656e3          	bge	a2,a4,9f16 <__divdf3+0x3d8>
    a00e:	5605                	li	a2,-31
    a010:	8e1d                	sub	a2,a2,a5
    a012:	02000793          	li	a5,32
    a016:	00c45633          	srl	a2,s0,a2
    a01a:	00f70863          	beq	a4,a5,a02a <__divdf3+0x4ec>
    a01e:	43e98793          	addi	a5,s3,1086
    a022:	00f417b3          	sll	a5,s0,a5
    a026:	00f8e8b3          	or	a7,a7,a5
    a02a:	011038b3          	snez	a7,a7
    a02e:	00c8e8b3          	or	a7,a7,a2
    a032:	0078f713          	andi	a4,a7,7
    a036:	4601                	li	a2,0
    a038:	c31d                	beqz	a4,a05e <__divdf3+0x520>
    a03a:	00f8f793          	andi	a5,a7,15
    a03e:	4711                	li	a4,4
    a040:	4401                	li	s0,0
    a042:	00e78963          	beq	a5,a4,a054 <__divdf3+0x516>
    a046:	00488793          	addi	a5,a7,4
    a04a:	0117b8b3          	sltu	a7,a5,a7
    a04e:	01103433          	snez	s0,a7
    a052:	88be                	mv	a7,a5
    a054:	00941613          	slli	a2,s0,0x9
    a058:	01d41713          	slli	a4,s0,0x1d
    a05c:	8231                	srli	a2,a2,0xc
    a05e:	0038d893          	srli	a7,a7,0x3
    a062:	00e8e733          	or	a4,a7,a4
    a066:	4781                	li	a5,0
    a068:	be49                	j	9bfa <__divdf3+0xbc>
    a06a:	889a                	mv	a7,t1
    a06c:	e8a81fe3          	bne	a6,a0,9f0a <__divdf3+0x3cc>
    a070:	c6b70ee3          	beq	a4,a1,9cec <__divdf3+0x1ae>
    a074:	0018e893          	ori	a7,a7,1
    a078:	b995                	j	9cec <__divdf3+0x1ae>
    a07a:	f0fef6e3          	bgeu	t4,a5,9f86 <__divdf3+0x448>
    a07e:	9eae                	add	t4,t4,a1
    a080:	00bebf33          	sltu	t5,t4,a1
    a084:	9f32                	add	t5,t5,a2
    a086:	1479                	addi	s0,s0,-2
    a088:	8a76                	mv	s4,t4
    a08a:	977a                	add	a4,a4,t5
    a08c:	b375                	j	9e38 <__divdf3+0x2fa>
    a08e:	c0200713          	li	a4,-1022
    a092:	3ff98793          	addi	a5,s3,1023
    a096:	58fd                	li	a7,-1
    a098:	e6e9cce3          	blt	s3,a4,9f10 <__divdf3+0x3d2>
    a09c:	00488713          	addi	a4,a7,4
    a0a0:	011738b3          	sltu	a7,a4,a7
    a0a4:	9446                	add	s0,s0,a7
    a0a6:	88ba                	mv	a7,a4
    a0a8:	b991                	j	9cfc <__divdf3+0x1be>
    a0aa:	00f8f713          	andi	a4,a7,15
    a0ae:	4611                	li	a2,4
    a0b0:	c4c706e3          	beq	a4,a2,9cfc <__divdf3+0x1be>
    a0b4:	b7e5                	j	a09c <__divdf3+0x55e>
    a0b6:	8eba                	mv	t4,a4
    a0b8:	b3fd                	j	9ea6 <__divdf3+0x368>
    a0ba:	88f6                	mv	a7,t4
    a0bc:	bb75                	j	9e78 <__divdf3+0x33a>
    a0be:	86ca                	mv	a3,s2
    a0c0:	7ff00793          	li	a5,2047
    a0c4:	4601                	li	a2,0
    a0c6:	4701                	li	a4,0
    a0c8:	be0d                	j	9bfa <__divdf3+0xbc>
    a0ca:	00159313          	slli	t1,a1,0x1
    a0ce:	00b33833          	sltu	a6,t1,a1
    a0d2:	9832                	add	a6,a6,a2
    a0d4:	983e                	add	a6,a6,a5
    a0d6:	18f9                	addi	a7,a7,-2
    a0d8:	859a                	mv	a1,t1
    a0da:	f8a80be3          	beq	a6,a0,a070 <__divdf3+0x532>
    a0de:	b535                	j	9f0a <__divdf3+0x3cc>
    a0e0:	fee5e5e3          	bltu	a1,a4,a0ca <__divdf3+0x58c>
    a0e4:	889a                	mv	a7,t1
    a0e6:	f8b717e3          	bne	a4,a1,a074 <__divdf3+0x536>
    a0ea:	b109                	j	9cec <__divdf3+0x1ae>

0000a0ec <__addsf3>:
    a0ec:	00800737          	lui	a4,0x800
    a0f0:	1141                	addi	sp,sp,-16
    a0f2:	177d                	addi	a4,a4,-1 # 7fffff <ch32v20x_wwdg.c.13394d49+0x7e2296>
    a0f4:	01755693          	srli	a3,a0,0x17
    a0f8:	0175d613          	srli	a2,a1,0x17
    a0fc:	00a777b3          	and	a5,a4,a0
    a100:	c226                	sw	s1,4(sp)
    a102:	8f6d                	and	a4,a4,a1
    a104:	c04a                	sw	s2,0(sp)
    a106:	0ff67613          	zext.b	a2,a2
    a10a:	0ff6f913          	zext.b	s2,a3
    a10e:	c606                	sw	ra,12(sp)
    a110:	c422                	sw	s0,8(sp)
    a112:	01f55493          	srli	s1,a0,0x1f
    a116:	81fd                	srli	a1,a1,0x1f
    a118:	078e                	slli	a5,a5,0x3
    a11a:	070e                	slli	a4,a4,0x3
    a11c:	40c906b3          	sub	a3,s2,a2
    a120:	04b48163          	beq	s1,a1,a162 <__addsf3+0x76>
    a124:	00d05f63          	blez	a3,a142 <__addsf3+0x56>
    a128:	ee31                	bnez	a2,a184 <__addsf3+0x98>
    a12a:	12070163          	beqz	a4,a24c <__addsf3+0x160>
    a12e:	fff68613          	addi	a2,a3,-1
    a132:	2a060e63          	beqz	a2,a3ee <__addsf3+0x302>
    a136:	0ff00593          	li	a1,255
    a13a:	16b68b63          	beq	a3,a1,a2b0 <__addsf3+0x1c4>
    a13e:	86b2                	mv	a3,a2
    a140:	a889                	j	a192 <__addsf3+0xa6>
    a142:	c2f1                	beqz	a3,a206 <__addsf3+0x11a>
    a144:	412606b3          	sub	a3,a2,s2
    a148:	1c091c63          	bnez	s2,a320 <__addsf3+0x234>
    a14c:	cff5                	beqz	a5,a248 <__addsf3+0x15c>
    a14e:	fff68513          	addi	a0,a3,-1
    a152:	2c050963          	beqz	a0,a424 <__addsf3+0x338>
    a156:	0ff00813          	li	a6,255
    a15a:	15068963          	beq	a3,a6,a2ac <__addsf3+0x1c0>
    a15e:	86aa                	mv	a3,a0
    a160:	a2f9                	j	a32e <__addsf3+0x242>
    a162:	8826                	mv	a6,s1
    a164:	14d05863          	blez	a3,a2b4 <__addsf3+0x1c8>
    a168:	c669                	beqz	a2,a232 <__addsf3+0x146>
    a16a:	0ff00613          	li	a2,255
    a16e:	14c90163          	beq	s2,a2,a2b0 <__addsf3+0x1c4>
    a172:	04000637          	lui	a2,0x4000
    a176:	8f51                	or	a4,a4,a2
    a178:	466d                	li	a2,27
    a17a:	1ed65963          	bge	a2,a3,a36c <__addsf3+0x280>
    a17e:	0785                	addi	a5,a5,1
    a180:	86ca                	mv	a3,s2
    a182:	a089                	j	a1c4 <__addsf3+0xd8>
    a184:	0ff00613          	li	a2,255
    a188:	12c90463          	beq	s2,a2,a2b0 <__addsf3+0x1c4>
    a18c:	04000637          	lui	a2,0x4000
    a190:	8f51                	or	a4,a4,a2
    a192:	45ed                	li	a1,27
    a194:	4605                	li	a2,1
    a196:	00d5cd63          	blt	a1,a3,a1b0 <__addsf3+0xc4>
    a19a:	02000613          	li	a2,32
    a19e:	8e15                	sub	a2,a2,a3
    a1a0:	00c71633          	sll	a2,a4,a2
    a1a4:	00d756b3          	srl	a3,a4,a3
    a1a8:	00c03733          	snez	a4,a2
    a1ac:	00e6e633          	or	a2,a3,a4
    a1b0:	8f91                	sub	a5,a5,a2
    a1b2:	04000737          	lui	a4,0x4000
    a1b6:	00e7f6b3          	and	a3,a5,a4
    a1ba:	eacd                	bnez	a3,a26c <__addsf3+0x180>
    a1bc:	0077f713          	andi	a4,a5,7
    a1c0:	86ca                	mv	a3,s2
    a1c2:	c749                	beqz	a4,a24c <__addsf3+0x160>
    a1c4:	00f7f713          	andi	a4,a5,15
    a1c8:	4611                	li	a2,4
    a1ca:	00c70363          	beq	a4,a2,a1d0 <__addsf3+0xe4>
    a1ce:	0791                	addi	a5,a5,4
    a1d0:	04000737          	lui	a4,0x4000
    a1d4:	8f7d                	and	a4,a4,a5
    a1d6:	cb3d                	beqz	a4,a24c <__addsf3+0x160>
    a1d8:	00168513          	addi	a0,a3,1
    a1dc:	0ff00713          	li	a4,255
    a1e0:	8826                	mv	a6,s1
    a1e2:	08e50163          	beq	a0,a4,a264 <__addsf3+0x178>
    a1e6:	00679713          	slli	a4,a5,0x6
    a1ea:	0ff57513          	zext.b	a0,a0
    a1ee:	8325                	srli	a4,a4,0x9
    a1f0:	40b2                	lw	ra,12(sp)
    a1f2:	4422                	lw	s0,8(sp)
    a1f4:	055e                	slli	a0,a0,0x17
    a1f6:	8d59                	or	a0,a0,a4
    a1f8:	01f81793          	slli	a5,a6,0x1f
    a1fc:	4492                	lw	s1,4(sp)
    a1fe:	4902                	lw	s2,0(sp)
    a200:	8d5d                	or	a0,a0,a5
    a202:	0141                	addi	sp,sp,16
    a204:	8082                	ret
    a206:	00190613          	addi	a2,s2,1
    a20a:	0fe67613          	andi	a2,a2,254
    a20e:	14061463          	bnez	a2,a356 <__addsf3+0x26a>
    a212:	08091a63          	bnez	s2,a2a6 <__addsf3+0x1ba>
    a216:	20078363          	beqz	a5,a41c <__addsf3+0x330>
    a21a:	cb75                	beqz	a4,a30e <__addsf3+0x222>
    a21c:	40e78533          	sub	a0,a5,a4
    a220:	04000637          	lui	a2,0x4000
    a224:	8e69                	and	a2,a2,a0
    a226:	22060363          	beqz	a2,a44c <__addsf3+0x360>
    a22a:	40f707b3          	sub	a5,a4,a5
    a22e:	84ae                	mv	s1,a1
    a230:	a0bd                	j	a29e <__addsf3+0x1b2>
    a232:	cf09                	beqz	a4,a24c <__addsf3+0x160>
    a234:	fff68613          	addi	a2,a3,-1
    a238:	1a060363          	beqz	a2,a3de <__addsf3+0x2f2>
    a23c:	0ff00593          	li	a1,255
    a240:	06b68863          	beq	a3,a1,a2b0 <__addsf3+0x1c4>
    a244:	86b2                	mv	a3,a2
    a246:	bf0d                	j	a178 <__addsf3+0x8c>
    a248:	84ae                	mv	s1,a1
    a24a:	87ba                	mv	a5,a4
    a24c:	0ff00713          	li	a4,255
    a250:	838d                	srli	a5,a5,0x3
    a252:	0ce69063          	bne	a3,a4,a312 <__addsf3+0x226>
    a256:	cfc1                	beqz	a5,a2ee <__addsf3+0x202>
    a258:	4801                	li	a6,0
    a25a:	0ff00513          	li	a0,255
    a25e:	00400737          	lui	a4,0x400
    a262:	b779                	j	a1f0 <__addsf3+0x104>
    a264:	0ff00513          	li	a0,255
    a268:	4701                	li	a4,0
    a26a:	b759                	j	a1f0 <__addsf3+0x104>
    a26c:	177d                	addi	a4,a4,-1 # 3fffff <ch32v20x_wwdg.c.13394d49+0x3e2296>
    a26e:	00e7f433          	and	s0,a5,a4
    a272:	8522                	mv	a0,s0
    a274:	238010ef          	jal	ra,b4ac <__clzsi2>
    a278:	156d                	addi	a0,a0,-5
    a27a:	00a41433          	sll	s0,s0,a0
    a27e:	07254163          	blt	a0,s2,a2e0 <__addsf3+0x1f4>
    a282:	412506b3          	sub	a3,a0,s2
    a286:	0685                	addi	a3,a3,1
    a288:	02000793          	li	a5,32
    a28c:	8f95                	sub	a5,a5,a3
    a28e:	00f417b3          	sll	a5,s0,a5
    a292:	00f037b3          	snez	a5,a5
    a296:	00d45433          	srl	s0,s0,a3
    a29a:	8fc1                	or	a5,a5,s0
    a29c:	4681                	li	a3,0
    a29e:	0077f713          	andi	a4,a5,7
    a2a2:	f30d                	bnez	a4,a1c4 <__addsf3+0xd8>
    a2a4:	b735                	j	a1d0 <__addsf3+0xe4>
    a2a6:	14079963          	bnez	a5,a3f8 <__addsf3+0x30c>
    a2aa:	d75d                	beqz	a4,a258 <__addsf3+0x16c>
    a2ac:	84ae                	mv	s1,a1
    a2ae:	87ba                	mv	a5,a4
    a2b0:	838d                	srli	a5,a5,0x3
    a2b2:	b755                	j	a256 <__addsf3+0x16a>
    a2b4:	c2b1                	beqz	a3,a2f8 <__addsf3+0x20c>
    a2b6:	412606b3          	sub	a3,a2,s2
    a2ba:	0e091963          	bnez	s2,a3ac <__addsf3+0x2c0>
    a2be:	d7d1                	beqz	a5,a24a <__addsf3+0x15e>
    a2c0:	fff68593          	addi	a1,a3,-1
    a2c4:	10058d63          	beqz	a1,a3de <__addsf3+0x2f2>
    a2c8:	0ff00513          	li	a0,255
    a2cc:	fea681e3          	beq	a3,a0,a2ae <__addsf3+0x1c2>
    a2d0:	86ae                	mv	a3,a1
    a2d2:	45ed                	li	a1,27
    a2d4:	12d5d663          	bge	a1,a3,a400 <__addsf3+0x314>
    a2d8:	00170793          	addi	a5,a4,1
    a2dc:	86b2                	mv	a3,a2
    a2de:	b5dd                	j	a1c4 <__addsf3+0xd8>
    a2e0:	fc0007b7          	lui	a5,0xfc000
    a2e4:	17fd                	addi	a5,a5,-1 # fbffffff <__freertos_irq_stack_top+0xdbffafff>
    a2e6:	40a906b3          	sub	a3,s2,a0
    a2ea:	8fe1                	and	a5,a5,s0
    a2ec:	bf4d                	j	a29e <__addsf3+0x1b2>
    a2ee:	8826                	mv	a6,s1
    a2f0:	0ff00513          	li	a0,255
    a2f4:	4701                	li	a4,0
    a2f6:	bded                	j	a1f0 <__addsf3+0x104>
    a2f8:	00190693          	addi	a3,s2,1
    a2fc:	0fe6f613          	andi	a2,a3,254
    a300:	ee55                	bnez	a2,a3bc <__addsf3+0x2d0>
    a302:	0e091963          	bnez	s2,a3f4 <__addsf3+0x308>
    a306:	12078463          	beqz	a5,a42e <__addsf3+0x342>
    a30a:	12071463          	bnez	a4,a432 <__addsf3+0x346>
    a30e:	838d                	srli	a5,a5,0x3
    a310:	4681                	li	a3,0
    a312:	07a6                	slli	a5,a5,0x9
    a314:	0097d713          	srli	a4,a5,0x9
    a318:	0ff6f513          	zext.b	a0,a3
    a31c:	8826                	mv	a6,s1
    a31e:	bdc9                	j	a1f0 <__addsf3+0x104>
    a320:	0ff00513          	li	a0,255
    a324:	f8a604e3          	beq	a2,a0,a2ac <__addsf3+0x1c0>
    a328:	04000537          	lui	a0,0x4000
    a32c:	8fc9                	or	a5,a5,a0
    a32e:	486d                	li	a6,27
    a330:	4505                	li	a0,1
    a332:	00d84d63          	blt	a6,a3,a34c <__addsf3+0x260>
    a336:	02000513          	li	a0,32
    a33a:	8d15                	sub	a0,a0,a3
    a33c:	00a79533          	sll	a0,a5,a0
    a340:	00d7d6b3          	srl	a3,a5,a3
    a344:	00a037b3          	snez	a5,a0
    a348:	00f6e533          	or	a0,a3,a5
    a34c:	40a707b3          	sub	a5,a4,a0
    a350:	8932                	mv	s2,a2
    a352:	84ae                	mv	s1,a1
    a354:	bdb9                	j	a1b2 <__addsf3+0xc6>
    a356:	40e78433          	sub	s0,a5,a4
    a35a:	040006b7          	lui	a3,0x4000
    a35e:	8ee1                	and	a3,a3,s0
    a360:	eabd                	bnez	a3,a3d6 <__addsf3+0x2ea>
    a362:	f801                	bnez	s0,a272 <__addsf3+0x186>
    a364:	4801                	li	a6,0
    a366:	4501                	li	a0,0
    a368:	4701                	li	a4,0
    a36a:	b559                	j	a1f0 <__addsf3+0x104>
    a36c:	02000613          	li	a2,32
    a370:	8e15                	sub	a2,a2,a3
    a372:	00c71633          	sll	a2,a4,a2
    a376:	00d75733          	srl	a4,a4,a3
    a37a:	00c036b3          	snez	a3,a2
    a37e:	8f55                	or	a4,a4,a3
    a380:	97ba                	add	a5,a5,a4
    a382:	04000737          	lui	a4,0x4000
    a386:	8f7d                	and	a4,a4,a5
    a388:	e2070ae3          	beqz	a4,a1bc <__addsf3+0xd0>
    a38c:	00190693          	addi	a3,s2,1
    a390:	0ff00513          	li	a0,255
    a394:	4701                	li	a4,0
    a396:	e4a68de3          	beq	a3,a0,a1f0 <__addsf3+0x104>
    a39a:	7e000637          	lui	a2,0x7e000
    a39e:	0017d713          	srli	a4,a5,0x1
    a3a2:	167d                	addi	a2,a2,-1 # 7dffffff <__freertos_irq_stack_top+0x5dffafff>
    a3a4:	8b85                	andi	a5,a5,1
    a3a6:	8f71                	and	a4,a4,a2
    a3a8:	8fd9                	or	a5,a5,a4
    a3aa:	bdd5                	j	a29e <__addsf3+0x1b2>
    a3ac:	0ff00593          	li	a1,255
    a3b0:	eeb60fe3          	beq	a2,a1,a2ae <__addsf3+0x1c2>
    a3b4:	040005b7          	lui	a1,0x4000
    a3b8:	8fcd                	or	a5,a5,a1
    a3ba:	bf21                	j	a2d2 <__addsf3+0x1e6>
    a3bc:	0ff00613          	li	a2,255
    a3c0:	eac682e3          	beq	a3,a2,a264 <__addsf3+0x178>
    a3c4:	973e                	add	a4,a4,a5
    a3c6:	00175793          	srli	a5,a4,0x1
    a3ca:	0077f613          	andi	a2,a5,7
    a3ce:	de061be3          	bnez	a2,a1c4 <__addsf3+0xd8>
    a3d2:	838d                	srli	a5,a5,0x3
    a3d4:	bf3d                	j	a312 <__addsf3+0x226>
    a3d6:	40f70433          	sub	s0,a4,a5
    a3da:	84ae                	mv	s1,a1
    a3dc:	bd59                	j	a272 <__addsf3+0x186>
    a3de:	97ba                	add	a5,a5,a4
    a3e0:	04000737          	lui	a4,0x4000
    a3e4:	8f7d                	and	a4,a4,a5
    a3e6:	4689                	li	a3,2
    a3e8:	4905                	li	s2,1
    a3ea:	fb45                	bnez	a4,a39a <__addsf3+0x2ae>
    a3ec:	bbc1                	j	a1bc <__addsf3+0xd0>
    a3ee:	8f99                	sub	a5,a5,a4
    a3f0:	4905                	li	s2,1
    a3f2:	b3c1                	j	a1b2 <__addsf3+0xc6>
    a3f4:	ea078de3          	beqz	a5,a2ae <__addsf3+0x1c2>
    a3f8:	e60710e3          	bnez	a4,a258 <__addsf3+0x16c>
    a3fc:	838d                	srli	a5,a5,0x3
    a3fe:	bda1                	j	a256 <__addsf3+0x16a>
    a400:	02000593          	li	a1,32
    a404:	8d95                	sub	a1,a1,a3
    a406:	00b795b3          	sll	a1,a5,a1
    a40a:	00d7d6b3          	srl	a3,a5,a3
    a40e:	00b037b3          	snez	a5,a1
    a412:	8edd                	or	a3,a3,a5
    a414:	00e687b3          	add	a5,a3,a4
    a418:	8932                	mv	s2,a2
    a41a:	b7a5                	j	a382 <__addsf3+0x296>
    a41c:	d721                	beqz	a4,a364 <__addsf3+0x278>
    a41e:	84ae                	mv	s1,a1
    a420:	87ba                	mv	a5,a4
    a422:	b5f5                	j	a30e <__addsf3+0x222>
    a424:	40f707b3          	sub	a5,a4,a5
    a428:	84ae                	mv	s1,a1
    a42a:	4905                	li	s2,1
    a42c:	b359                	j	a1b2 <__addsf3+0xc6>
    a42e:	87ba                	mv	a5,a4
    a430:	bdf9                	j	a30e <__addsf3+0x222>
    a432:	97ba                	add	a5,a5,a4
    a434:	04000637          	lui	a2,0x4000
    a438:	8e7d                	and	a2,a2,a5
    a43a:	4681                	li	a3,0
    a43c:	da59                	beqz	a2,a3d2 <__addsf3+0x2e6>
    a43e:	fc000737          	lui	a4,0xfc000
    a442:	177d                	addi	a4,a4,-1 # fbffffff <__freertos_irq_stack_top+0xdbffafff>
    a444:	8ff9                	and	a5,a5,a4
    a446:	4685                	li	a3,1
    a448:	838d                	srli	a5,a5,0x3
    a44a:	b5e1                	j	a312 <__addsf3+0x226>
    a44c:	87aa                	mv	a5,a0
    a44e:	d919                	beqz	a0,a364 <__addsf3+0x278>
    a450:	838d                	srli	a5,a5,0x3
    a452:	b5c1                	j	a312 <__addsf3+0x226>

0000a454 <__divsf3>:
    a454:	7179                	addi	sp,sp,-48
    a456:	01755793          	srli	a5,a0,0x17
    a45a:	d04a                	sw	s2,32(sp)
    a45c:	ce4e                	sw	s3,28(sp)
    a45e:	d606                	sw	ra,44(sp)
    a460:	00951993          	slli	s3,a0,0x9
    a464:	d422                	sw	s0,40(sp)
    a466:	d226                	sw	s1,36(sp)
    a468:	cc52                	sw	s4,24(sp)
    a46a:	ca56                	sw	s5,20(sp)
    a46c:	c85a                	sw	s6,16(sp)
    a46e:	0ff7f793          	zext.b	a5,a5
    a472:	0099d993          	srli	s3,s3,0x9
    a476:	01f55913          	srli	s2,a0,0x1f
    a47a:	cff1                	beqz	a5,a556 <__divsf3+0x102>
    a47c:	0ff00713          	li	a4,255
    a480:	0ee78163          	beq	a5,a4,a562 <__divsf3+0x10e>
    a484:	098e                	slli	s3,s3,0x3
    a486:	04000737          	lui	a4,0x4000
    a48a:	00e9e9b3          	or	s3,s3,a4
    a48e:	f8178a93          	addi	s5,a5,-127
    a492:	4401                	li	s0,0
    a494:	4b01                	li	s6,0
    a496:	0175d793          	srli	a5,a1,0x17
    a49a:	00959a13          	slli	s4,a1,0x9
    a49e:	0ff7f793          	zext.b	a5,a5
    a4a2:	009a5a13          	srli	s4,s4,0x9
    a4a6:	01f5d493          	srli	s1,a1,0x1f
    a4aa:	c7c1                	beqz	a5,a532 <__divsf3+0xde>
    a4ac:	0ff00713          	li	a4,255
    a4b0:	0ce78063          	beq	a5,a4,a570 <__divsf3+0x11c>
    a4b4:	0a0e                	slli	s4,s4,0x3
    a4b6:	04000737          	lui	a4,0x4000
    a4ba:	00ea6a33          	or	s4,s4,a4
    a4be:	f8178793          	addi	a5,a5,-127
    a4c2:	4601                	li	a2,0
    a4c4:	46bd                	li	a3,15
    a4c6:	00994733          	xor	a4,s2,s1
    a4ca:	40fa8ab3          	sub	s5,s5,a5
    a4ce:	1a86eb63          	bltu	a3,s0,a684 <__divsf3+0x230>
    a4d2:	00002697          	auipc	a3,0x2
    a4d6:	9d268693          	addi	a3,a3,-1582 # bea4 <g_crc16_tbl+0x240>
    a4da:	040a                	slli	s0,s0,0x2
    a4dc:	9436                	add	s0,s0,a3
    a4de:	401c                	lw	a5,0(s0)
    a4e0:	97b6                	add	a5,a5,a3
    a4e2:	8782                	jr	a5
    a4e4:	0ff00793          	li	a5,255
    a4e8:	4681                	li	a3,0
    a4ea:	50b2                	lw	ra,44(sp)
    a4ec:	5422                	lw	s0,40(sp)
    a4ee:	01779513          	slli	a0,a5,0x17
    a4f2:	8d55                	or	a0,a0,a3
    a4f4:	077e                	slli	a4,a4,0x1f
    a4f6:	5492                	lw	s1,36(sp)
    a4f8:	5902                	lw	s2,32(sp)
    a4fa:	49f2                	lw	s3,28(sp)
    a4fc:	4a62                	lw	s4,24(sp)
    a4fe:	4ad2                	lw	s5,20(sp)
    a500:	4b42                	lw	s6,16(sp)
    a502:	8d59                	or	a0,a0,a4
    a504:	6145                	addi	sp,sp,48
    a506:	8082                	ret
    a508:	478d                	li	a5,3
    a50a:	00fb0e63          	beq	s6,a5,a526 <__divsf3+0xd2>
    a50e:	4785                	li	a5,1
    a510:	0efb1563          	bne	s6,a5,a5fa <__divsf3+0x1a6>
    a514:	872a                	mv	a4,a0
    a516:	4781                	li	a5,0
    a518:	4681                	li	a3,0
    a51a:	bfc1                	j	a4ea <__divsf3+0x96>
    a51c:	478d                	li	a5,3
    a51e:	8526                	mv	a0,s1
    a520:	89d2                	mv	s3,s4
    a522:	0cf61c63          	bne	a2,a5,a5fa <__divsf3+0x1a6>
    a526:	4701                	li	a4,0
    a528:	0ff00793          	li	a5,255
    a52c:	004006b7          	lui	a3,0x400
    a530:	bf6d                	j	a4ea <__divsf3+0x96>
    a532:	080a1d63          	bnez	s4,a5cc <__divsf3+0x178>
    a536:	00146413          	ori	s0,s0,1
    a53a:	47b5                	li	a5,13
    a53c:	00994733          	xor	a4,s2,s1
    a540:	fa87e2e3          	bltu	a5,s0,a4e4 <__divsf3+0x90>
    a544:	00002697          	auipc	a3,0x2
    a548:	9a068693          	addi	a3,a3,-1632 # bee4 <g_crc16_tbl+0x280>
    a54c:	040a                	slli	s0,s0,0x2
    a54e:	9436                	add	s0,s0,a3
    a550:	401c                	lw	a5,0(s0)
    a552:	97b6                	add	a5,a5,a3
    a554:	8782                	jr	a5
    a556:	04099b63          	bnez	s3,a5ac <__divsf3+0x158>
    a55a:	4411                	li	s0,4
    a55c:	4a81                	li	s5,0
    a55e:	4b05                	li	s6,1
    a560:	bf1d                	j	a496 <__divsf3+0x42>
    a562:	04099063          	bnez	s3,a5a2 <__divsf3+0x14e>
    a566:	4421                	li	s0,8
    a568:	0ff00a93          	li	s5,255
    a56c:	4b09                	li	s6,2
    a56e:	b725                	j	a496 <__divsf3+0x42>
    a570:	020a1363          	bnez	s4,a596 <__divsf3+0x142>
    a574:	00246413          	ori	s0,s0,2
    a578:	1475                	addi	s0,s0,-3
    a57a:	46ad                	li	a3,11
    a57c:	00994733          	xor	a4,s2,s1
    a580:	f886ebe3          	bltu	a3,s0,a516 <__divsf3+0xc2>
    a584:	00002617          	auipc	a2,0x2
    a588:	99860613          	addi	a2,a2,-1640 # bf1c <g_crc16_tbl+0x2b8>
    a58c:	040a                	slli	s0,s0,0x2
    a58e:	9432                	add	s0,s0,a2
    a590:	4014                	lw	a3,0(s0)
    a592:	96b2                	add	a3,a3,a2
    a594:	8682                	jr	a3
    a596:	00346413          	ori	s0,s0,3
    a59a:	0ff00793          	li	a5,255
    a59e:	460d                	li	a2,3
    a5a0:	b715                	j	a4c4 <__divsf3+0x70>
    a5a2:	4431                	li	s0,12
    a5a4:	0ff00a93          	li	s5,255
    a5a8:	4b0d                	li	s6,3
    a5aa:	b5f5                	j	a496 <__divsf3+0x42>
    a5ac:	854e                	mv	a0,s3
    a5ae:	c62e                	sw	a1,12(sp)
    a5b0:	6fd000ef          	jal	ra,b4ac <__clzsi2>
    a5b4:	ffb50793          	addi	a5,a0,-5 # 3fffffb <ch32v20x_wwdg.c.13394d49+0x3fe2292>
    a5b8:	00f999b3          	sll	s3,s3,a5
    a5bc:	f8a00793          	li	a5,-118
    a5c0:	45b2                	lw	a1,12(sp)
    a5c2:	40a78ab3          	sub	s5,a5,a0
    a5c6:	4401                	li	s0,0
    a5c8:	4b01                	li	s6,0
    a5ca:	b5f1                	j	a496 <__divsf3+0x42>
    a5cc:	8552                	mv	a0,s4
    a5ce:	6df000ef          	jal	ra,b4ac <__clzsi2>
    a5d2:	ffb50793          	addi	a5,a0,-5
    a5d6:	00fa1a33          	sll	s4,s4,a5
    a5da:	f8a00793          	li	a5,-118
    a5de:	8f89                	sub	a5,a5,a0
    a5e0:	4601                	li	a2,0
    a5e2:	b5cd                	j	a4c4 <__divsf3+0x70>
    a5e4:	f01a8a93          	addi	s5,s5,-255
    a5e8:	4789                	li	a5,2
    a5ea:	854a                	mv	a0,s2
    a5ec:	f0fb1ee3          	bne	s6,a5,a508 <__divsf3+0xb4>
    a5f0:	872a                	mv	a4,a0
    a5f2:	0ff00793          	li	a5,255
    a5f6:	4681                	li	a3,0
    a5f8:	bdcd                	j	a4ea <__divsf3+0x96>
    a5fa:	872a                	mv	a4,a0
    a5fc:	07fa8793          	addi	a5,s5,127
    a600:	04f05163          	blez	a5,a642 <__divsf3+0x1ee>
    a604:	0079f693          	andi	a3,s3,7
    a608:	c699                	beqz	a3,a616 <__divsf3+0x1c2>
    a60a:	00f9f693          	andi	a3,s3,15
    a60e:	4611                	li	a2,4
    a610:	00c68363          	beq	a3,a2,a616 <__divsf3+0x1c2>
    a614:	0991                	addi	s3,s3,4
    a616:	080006b7          	lui	a3,0x8000
    a61a:	00d9f6b3          	and	a3,s3,a3
    a61e:	ca81                	beqz	a3,a62e <__divsf3+0x1da>
    a620:	f80007b7          	lui	a5,0xf8000
    a624:	17fd                	addi	a5,a5,-1 # f7ffffff <__freertos_irq_stack_top+0xd7ffafff>
    a626:	00f9f9b3          	and	s3,s3,a5
    a62a:	080a8793          	addi	a5,s5,128
    a62e:	0fe00693          	li	a3,254
    a632:	eaf6c9e3          	blt	a3,a5,a4e4 <__divsf3+0x90>
    a636:	00699693          	slli	a3,s3,0x6
    a63a:	82a5                	srli	a3,a3,0x9
    a63c:	0ff7f793          	zext.b	a5,a5
    a640:	b56d                	j	a4ea <__divsf3+0x96>
    a642:	4605                	li	a2,1
    a644:	c799                	beqz	a5,a652 <__divsf3+0x1fe>
    a646:	8e1d                	sub	a2,a2,a5
    a648:	45ed                	li	a1,27
    a64a:	4781                	li	a5,0
    a64c:	4681                	li	a3,0
    a64e:	e8c5cee3          	blt	a1,a2,a4ea <__divsf3+0x96>
    a652:	09ea8693          	addi	a3,s5,158
    a656:	00d996b3          	sll	a3,s3,a3
    a65a:	00d036b3          	snez	a3,a3
    a65e:	00c9d7b3          	srl	a5,s3,a2
    a662:	8fd5                	or	a5,a5,a3
    a664:	0077f693          	andi	a3,a5,7
    a668:	c699                	beqz	a3,a676 <__divsf3+0x222>
    a66a:	00f7f693          	andi	a3,a5,15
    a66e:	4611                	li	a2,4
    a670:	00c68363          	beq	a3,a2,a676 <__divsf3+0x222>
    a674:	0791                	addi	a5,a5,4
    a676:	040006b7          	lui	a3,0x4000
    a67a:	8efd                	and	a3,a3,a5
    a67c:	cad5                	beqz	a3,a730 <__divsf3+0x2dc>
    a67e:	4785                	li	a5,1
    a680:	4681                	li	a3,0
    a682:	b5a5                	j	a4ea <__divsf3+0x96>
    a684:	66c1                	lui	a3,0x10
    a686:	005a1813          	slli	a6,s4,0x5
    a68a:	16fd                	addi	a3,a3,-1 # ffff <MC_PULL_calibration.cpp.947435e8+0x716>
    a68c:	01085593          	srli	a1,a6,0x10
    a690:	00d876b3          	and	a3,a6,a3
    a694:	0749f863          	bgeu	s3,s4,a704 <__divsf3+0x2b0>
    a698:	02b9d633          	divu	a2,s3,a1
    a69c:	87ce                	mv	a5,s3
    a69e:	1afd                	addi	s5,s5,-1
    a6a0:	4981                	li	s3,0
    a6a2:	02d60533          	mul	a0,a2,a3
    a6a6:	02b7f7b3          	remu	a5,a5,a1
    a6aa:	07c2                	slli	a5,a5,0x10
    a6ac:	0137e7b3          	or	a5,a5,s3
    a6b0:	00a7f863          	bgeu	a5,a0,a6c0 <__divsf3+0x26c>
    a6b4:	97c2                	add	a5,a5,a6
    a6b6:	fff60893          	addi	a7,a2,-1
    a6ba:	0707f663          	bgeu	a5,a6,a726 <__divsf3+0x2d2>
    a6be:	8646                	mv	a2,a7
    a6c0:	8f89                	sub	a5,a5,a0
    a6c2:	02b7d533          	divu	a0,a5,a1
    a6c6:	02b7f7b3          	remu	a5,a5,a1
    a6ca:	02d506b3          	mul	a3,a0,a3
    a6ce:	07c2                	slli	a5,a5,0x10
    a6d0:	02d7f263          	bgeu	a5,a3,a6f4 <__divsf3+0x2a0>
    a6d4:	010785b3          	add	a1,a5,a6
    a6d8:	00f5b8b3          	sltu	a7,a1,a5
    a6dc:	fff50313          	addi	t1,a0,-1
    a6e0:	87ae                	mv	a5,a1
    a6e2:	00089863          	bnez	a7,a6f2 <__divsf3+0x29e>
    a6e6:	00d5f663          	bgeu	a1,a3,a6f2 <__divsf3+0x29e>
    a6ea:	1579                	addi	a0,a0,-2
    a6ec:	010587b3          	add	a5,a1,a6
    a6f0:	a011                	j	a6f4 <__divsf3+0x2a0>
    a6f2:	851a                	mv	a0,t1
    a6f4:	0642                	slli	a2,a2,0x10
    a6f6:	8f95                	sub	a5,a5,a3
    a6f8:	8e49                	or	a2,a2,a0
    a6fa:	00f037b3          	snez	a5,a5
    a6fe:	00f669b3          	or	s3,a2,a5
    a702:	bded                	j	a5fc <__divsf3+0x1a8>
    a704:	0019d793          	srli	a5,s3,0x1
    a708:	02b7d633          	divu	a2,a5,a1
    a70c:	09fe                	slli	s3,s3,0x1f
    a70e:	0109d993          	srli	s3,s3,0x10
    a712:	02d60533          	mul	a0,a2,a3
    a716:	bf41                	j	a6a6 <__divsf3+0x252>
    a718:	8526                	mv	a0,s1
    a71a:	872a                	mv	a4,a0
    a71c:	bbed                	j	a516 <__divsf3+0xc2>
    a71e:	4701                	li	a4,0
    a720:	004006b7          	lui	a3,0x400
    a724:	b3d9                	j	a4ea <__divsf3+0x96>
    a726:	f8a7fce3          	bgeu	a5,a0,a6be <__divsf3+0x26a>
    a72a:	1679                	addi	a2,a2,-2
    a72c:	97c2                	add	a5,a5,a6
    a72e:	bf49                	j	a6c0 <__divsf3+0x26c>
    a730:	079a                	slli	a5,a5,0x6
    a732:	0097d693          	srli	a3,a5,0x9
    a736:	4781                	li	a5,0
    a738:	bb4d                	j	a4ea <__divsf3+0x96>
    a73a:	8526                	mv	a0,s1
    a73c:	bd55                	j	a5f0 <__divsf3+0x19c>

0000a73e <__eqsf2>:
    a73e:	01755693          	srli	a3,a0,0x17
    a742:	00800737          	lui	a4,0x800
    a746:	177d                	addi	a4,a4,-1 # 7fffff <ch32v20x_wwdg.c.13394d49+0x7e2296>
    a748:	0175d613          	srli	a2,a1,0x17
    a74c:	0ff6f693          	zext.b	a3,a3
    a750:	0ff00813          	li	a6,255
    a754:	00a778b3          	and	a7,a4,a0
    a758:	01f55793          	srli	a5,a0,0x1f
    a75c:	8f6d                	and	a4,a4,a1
    a75e:	0ff67613          	zext.b	a2,a2
    a762:	81fd                	srli	a1,a1,0x1f
    a764:	4505                	li	a0,1
    a766:	03068263          	beq	a3,a6,a78a <__eqsf2+0x4c>
    a76a:	01060763          	beq	a2,a6,a778 <__eqsf2+0x3a>
    a76e:	00c69463          	bne	a3,a2,a776 <__eqsf2+0x38>
    a772:	00e88463          	beq	a7,a4,a77a <__eqsf2+0x3c>
    a776:	8082                	ret
    a778:	8082                	ret
    a77a:	4501                	li	a0,0
    a77c:	feb78de3          	beq	a5,a1,a776 <__eqsf2+0x38>
    a780:	4505                	li	a0,1
    a782:	faf5                	bnez	a3,a776 <__eqsf2+0x38>
    a784:	01103533          	snez	a0,a7
    a788:	8082                	ret
    a78a:	fed616e3          	bne	a2,a3,a776 <__eqsf2+0x38>
    a78e:	00e8e8b3          	or	a7,a7,a4
    a792:	fe0892e3          	bnez	a7,a776 <__eqsf2+0x38>
    a796:	00b7c533          	xor	a0,a5,a1
    a79a:	8082                	ret

0000a79c <__gesf2>:
    a79c:	01755613          	srli	a2,a0,0x17
    a7a0:	00800737          	lui	a4,0x800
    a7a4:	177d                	addi	a4,a4,-1 # 7fffff <ch32v20x_wwdg.c.13394d49+0x7e2296>
    a7a6:	0175d693          	srli	a3,a1,0x17
    a7aa:	0ff67613          	zext.b	a2,a2
    a7ae:	0ff00813          	li	a6,255
    a7b2:	00a778b3          	and	a7,a4,a0
    a7b6:	01f55793          	srli	a5,a0,0x1f
    a7ba:	8f6d                	and	a4,a4,a1
    a7bc:	0ff6f513          	zext.b	a0,a3
    a7c0:	81fd                	srli	a1,a1,0x1f
    a7c2:	03060563          	beq	a2,a6,a7ec <__gesf2+0x50>
    a7c6:	01050a63          	beq	a0,a6,a7da <__gesf2+0x3e>
    a7ca:	ea05                	bnez	a2,a7fa <__gesf2+0x5e>
    a7cc:	e909                	bnez	a0,a7de <__gesf2+0x42>
    a7ce:	c339                	beqz	a4,a814 <__gesf2+0x78>
    a7d0:	04089e63          	bnez	a7,a82c <__gesf2+0x90>
    a7d4:	c9a1                	beqz	a1,a824 <__gesf2+0x88>
    a7d6:	852e                	mv	a0,a1
    a7d8:	8082                	ret
    a7da:	e739                	bnez	a4,a828 <__gesf2+0x8c>
    a7dc:	e219                	bnez	a2,a7e2 <__gesf2+0x46>
    a7de:	fe088be3          	beqz	a7,a7d4 <__gesf2+0x38>
    a7e2:	00b79963          	bne	a5,a1,a7f4 <__gesf2+0x58>
    a7e6:	cf9d                	beqz	a5,a824 <__gesf2+0x88>
    a7e8:	853e                	mv	a0,a5
    a7ea:	8082                	ret
    a7ec:	02089e63          	bnez	a7,a828 <__gesf2+0x8c>
    a7f0:	02c50563          	beq	a0,a2,a81a <__gesf2+0x7e>
    a7f4:	4505                	li	a0,1
    a7f6:	e79d                	bnez	a5,a824 <__gesf2+0x88>
    a7f8:	8082                	ret
    a7fa:	dd6d                	beqz	a0,a7f4 <__gesf2+0x58>
    a7fc:	feb79ce3          	bne	a5,a1,a7f4 <__gesf2+0x58>
    a800:	fec54ae3          	blt	a0,a2,a7f4 <__gesf2+0x58>
    a804:	fea641e3          	blt	a2,a0,a7e6 <__gesf2+0x4a>
    a808:	ff1766e3          	bltu	a4,a7,a7f4 <__gesf2+0x58>
    a80c:	4501                	li	a0,0
    a80e:	fce8ece3          	bltu	a7,a4,a7e6 <__gesf2+0x4a>
    a812:	8082                	ret
    a814:	fe0890e3          	bnez	a7,a7f4 <__gesf2+0x58>
    a818:	8082                	ret
    a81a:	e719                	bnez	a4,a828 <__gesf2+0x8c>
    a81c:	fcb79ce3          	bne	a5,a1,a7f4 <__gesf2+0x58>
    a820:	4501                	li	a0,0
    a822:	8082                	ret
    a824:	557d                	li	a0,-1
    a826:	8082                	ret
    a828:	5579                	li	a0,-2
    a82a:	8082                	ret
    a82c:	fcb78ee3          	beq	a5,a1,a808 <__gesf2+0x6c>
    a830:	b7d1                	j	a7f4 <__gesf2+0x58>

0000a832 <__lesf2>:
    a832:	01755613          	srli	a2,a0,0x17
    a836:	00800737          	lui	a4,0x800
    a83a:	177d                	addi	a4,a4,-1 # 7fffff <ch32v20x_wwdg.c.13394d49+0x7e2296>
    a83c:	0175d693          	srli	a3,a1,0x17
    a840:	0ff67613          	zext.b	a2,a2
    a844:	0ff00813          	li	a6,255
    a848:	00a778b3          	and	a7,a4,a0
    a84c:	01f55793          	srli	a5,a0,0x1f
    a850:	8f6d                	and	a4,a4,a1
    a852:	0ff6f513          	zext.b	a0,a3
    a856:	81fd                	srli	a1,a1,0x1f
    a858:	03060663          	beq	a2,a6,a884 <__lesf2+0x52>
    a85c:	01050a63          	beq	a0,a6,a870 <__lesf2+0x3e>
    a860:	ee05                	bnez	a2,a898 <__lesf2+0x66>
    a862:	e911                	bnez	a0,a876 <__lesf2+0x44>
    a864:	cb29                	beqz	a4,a8b6 <__lesf2+0x84>
    a866:	04089f63          	bnez	a7,a8c4 <__lesf2+0x92>
    a86a:	c9b9                	beqz	a1,a8c0 <__lesf2+0x8e>
    a86c:	852e                	mv	a0,a1
    a86e:	8082                	ret
    a870:	4509                	li	a0,2
    a872:	eb01                	bnez	a4,a882 <__lesf2+0x50>
    a874:	e219                	bnez	a2,a87a <__lesf2+0x48>
    a876:	fe088ae3          	beqz	a7,a86a <__lesf2+0x38>
    a87a:	02b78b63          	beq	a5,a1,a8b0 <__lesf2+0x7e>
    a87e:	4505                	li	a0,1
    a880:	e3a1                	bnez	a5,a8c0 <__lesf2+0x8e>
    a882:	8082                	ret
    a884:	02089c63          	bnez	a7,a8bc <__lesf2+0x8a>
    a888:	fec51be3          	bne	a0,a2,a87e <__lesf2+0x4c>
    a88c:	4509                	li	a0,2
    a88e:	fb75                	bnez	a4,a882 <__lesf2+0x50>
    a890:	feb797e3          	bne	a5,a1,a87e <__lesf2+0x4c>
    a894:	4501                	li	a0,0
    a896:	8082                	ret
    a898:	d17d                	beqz	a0,a87e <__lesf2+0x4c>
    a89a:	feb792e3          	bne	a5,a1,a87e <__lesf2+0x4c>
    a89e:	fec540e3          	blt	a0,a2,a87e <__lesf2+0x4c>
    a8a2:	00a64763          	blt	a2,a0,a8b0 <__lesf2+0x7e>
    a8a6:	fd176ce3          	bltu	a4,a7,a87e <__lesf2+0x4c>
    a8aa:	4501                	li	a0,0
    a8ac:	fce8fbe3          	bgeu	a7,a4,a882 <__lesf2+0x50>
    a8b0:	cb81                	beqz	a5,a8c0 <__lesf2+0x8e>
    a8b2:	853e                	mv	a0,a5
    a8b4:	8082                	ret
    a8b6:	fc0894e3          	bnez	a7,a87e <__lesf2+0x4c>
    a8ba:	8082                	ret
    a8bc:	4509                	li	a0,2
    a8be:	8082                	ret
    a8c0:	557d                	li	a0,-1
    a8c2:	8082                	ret
    a8c4:	feb781e3          	beq	a5,a1,a8a6 <__lesf2+0x74>
    a8c8:	bf5d                	j	a87e <__lesf2+0x4c>

0000a8ca <__mulsf3>:
    a8ca:	7179                	addi	sp,sp,-48
    a8cc:	01755793          	srli	a5,a0,0x17
    a8d0:	cc52                	sw	s4,24(sp)
    a8d2:	ca56                	sw	s5,20(sp)
    a8d4:	00951713          	slli	a4,a0,0x9
    a8d8:	d606                	sw	ra,44(sp)
    a8da:	d422                	sw	s0,40(sp)
    a8dc:	d226                	sw	s1,36(sp)
    a8de:	d04a                	sw	s2,32(sp)
    a8e0:	ce4e                	sw	s3,28(sp)
    a8e2:	c85a                	sw	s6,16(sp)
    a8e4:	0ff7f793          	zext.b	a5,a5
    a8e8:	00975a93          	srli	s5,a4,0x9
    a8ec:	01f55a13          	srli	s4,a0,0x1f
    a8f0:	10078b63          	beqz	a5,aa06 <__mulsf3+0x13c>
    a8f4:	0ff00713          	li	a4,255
    a8f8:	10e78d63          	beq	a5,a4,aa12 <__mulsf3+0x148>
    a8fc:	003a9713          	slli	a4,s5,0x3
    a900:	040006b7          	lui	a3,0x4000
    a904:	00d76ab3          	or	s5,a4,a3
    a908:	f8178493          	addi	s1,a5,-127
    a90c:	4901                	li	s2,0
    a90e:	4b01                	li	s6,0
    a910:	0175d793          	srli	a5,a1,0x17
    a914:	00959413          	slli	s0,a1,0x9
    a918:	0ff7f793          	zext.b	a5,a5
    a91c:	8025                	srli	s0,s0,0x9
    a91e:	01f5d993          	srli	s3,a1,0x1f
    a922:	c7f9                	beqz	a5,a9f0 <__mulsf3+0x126>
    a924:	0ff00713          	li	a4,255
    a928:	06e78263          	beq	a5,a4,a98c <__mulsf3+0xc2>
    a92c:	f8178793          	addi	a5,a5,-127
    a930:	00978533          	add	a0,a5,s1
    a934:	040e                	slli	s0,s0,0x3
    a936:	04000737          	lui	a4,0x4000
    a93a:	47a9                	li	a5,10
    a93c:	8c59                	or	s0,s0,a4
    a93e:	4681                	li	a3,0
    a940:	00150493          	addi	s1,a0,1
    a944:	0f27cf63          	blt	a5,s2,aa42 <__mulsf3+0x178>
    a948:	013a45b3          	xor	a1,s4,s3
    a94c:	4709                	li	a4,2
    a94e:	882e                	mv	a6,a1
    a950:	05274c63          	blt	a4,s2,a9a8 <__mulsf3+0xde>
    a954:	197d                	addi	s2,s2,-1
    a956:	4605                	li	a2,1
    a958:	13266e63          	bltu	a2,s2,aa94 <__mulsf3+0x1ca>
    a95c:	0ce68263          	beq	a3,a4,aa20 <__mulsf3+0x156>
    a960:	4785                	li	a5,1
    a962:	85c2                	mv	a1,a6
    a964:	06f69463          	bne	a3,a5,a9cc <__mulsf3+0x102>
    a968:	4781                	li	a5,0
    a96a:	4701                	li	a4,0
    a96c:	50b2                	lw	ra,44(sp)
    a96e:	5422                	lw	s0,40(sp)
    a970:	01779513          	slli	a0,a5,0x17
    a974:	8d59                	or	a0,a0,a4
    a976:	01f59793          	slli	a5,a1,0x1f
    a97a:	5492                	lw	s1,36(sp)
    a97c:	5902                	lw	s2,32(sp)
    a97e:	49f2                	lw	s3,28(sp)
    a980:	4a62                	lw	s4,24(sp)
    a982:	4ad2                	lw	s5,20(sp)
    a984:	4b42                	lw	s6,16(sp)
    a986:	8d5d                	or	a0,a0,a5
    a988:	6145                	addi	sp,sp,48
    a98a:	8082                	ret
    a98c:	0ff48513          	addi	a0,s1,255
    a990:	cc49                	beqz	s0,aa2a <__mulsf3+0x160>
    a992:	013a45b3          	xor	a1,s4,s3
    a996:	00396913          	ori	s2,s2,3
    a99a:	4729                	li	a4,10
    a99c:	882e                	mv	a6,a1
    a99e:	10048493          	addi	s1,s1,256
    a9a2:	1f274963          	blt	a4,s2,ab94 <__mulsf3+0x2ca>
    a9a6:	468d                	li	a3,3
    a9a8:	4705                	li	a4,1
    a9aa:	01271733          	sll	a4,a4,s2
    a9ae:	53077613          	andi	a2,a4,1328
    a9b2:	ce19                	beqz	a2,a9d0 <__mulsf3+0x106>
    a9b4:	4789                	li	a5,2
    a9b6:	06fb0563          	beq	s6,a5,aa20 <__mulsf3+0x156>
    a9ba:	478d                	li	a5,3
    a9bc:	02fb0463          	beq	s6,a5,a9e4 <__mulsf3+0x11a>
    a9c0:	86da                	mv	a3,s6
    a9c2:	4785                	li	a5,1
    a9c4:	8456                	mv	s0,s5
    a9c6:	85c2                	mv	a1,a6
    a9c8:	faf680e3          	beq	a3,a5,a968 <__mulsf3+0x9e>
    a9cc:	8526                	mv	a0,s1
    a9ce:	aa05                	j	aafe <__mulsf3+0x234>
    a9d0:	24077793          	andi	a5,a4,576
    a9d4:	eb81                	bnez	a5,a9e4 <__mulsf3+0x11a>
    a9d6:	08877713          	andi	a4,a4,136
    a9da:	cf4d                	beqz	a4,aa94 <__mulsf3+0x1ca>
    a9dc:	884e                	mv	a6,s3
    a9de:	8aa2                	mv	s5,s0
    a9e0:	8b36                	mv	s6,a3
    a9e2:	bfc9                	j	a9b4 <__mulsf3+0xea>
    a9e4:	4581                	li	a1,0
    a9e6:	0ff00793          	li	a5,255
    a9ea:	00400737          	lui	a4,0x400
    a9ee:	bfbd                	j	a96c <__mulsf3+0xa2>
    a9f0:	e041                	bnez	s0,aa70 <__mulsf3+0x1a6>
    a9f2:	8526                	mv	a0,s1
    a9f4:	00196913          	ori	s2,s2,1
    a9f8:	47a9                	li	a5,10
    a9fa:	4685                	li	a3,1
    a9fc:	00150493          	addi	s1,a0,1
    aa00:	f527d4e3          	bge	a5,s2,a948 <__mulsf3+0x7e>
    aa04:	a83d                	j	aa42 <__mulsf3+0x178>
    aa06:	040a9563          	bnez	s5,aa50 <__mulsf3+0x186>
    aa0a:	4911                	li	s2,4
    aa0c:	4481                	li	s1,0
    aa0e:	4b05                	li	s6,1
    aa10:	b701                	j	a910 <__mulsf3+0x46>
    aa12:	020a9a63          	bnez	s5,aa46 <__mulsf3+0x17c>
    aa16:	4921                	li	s2,8
    aa18:	0ff00493          	li	s1,255
    aa1c:	4b09                	li	s6,2
    aa1e:	bdcd                	j	a910 <__mulsf3+0x46>
    aa20:	85c2                	mv	a1,a6
    aa22:	0ff00793          	li	a5,255
    aa26:	4701                	li	a4,0
    aa28:	b791                	j	a96c <__mulsf3+0xa2>
    aa2a:	00296913          	ori	s2,s2,2
    aa2e:	47a9                	li	a5,10
    aa30:	10048493          	addi	s1,s1,256
    aa34:	4739                	li	a4,14
    aa36:	4689                	li	a3,2
    aa38:	f127d8e3          	bge	a5,s2,a948 <__mulsf3+0x7e>
    aa3c:	47ad                	li	a5,11
    aa3e:	f8f70fe3          	beq	a4,a5,a9dc <__mulsf3+0x112>
    aa42:	8852                	mv	a6,s4
    aa44:	bf85                	j	a9b4 <__mulsf3+0xea>
    aa46:	4931                	li	s2,12
    aa48:	0ff00493          	li	s1,255
    aa4c:	4b0d                	li	s6,3
    aa4e:	b5c9                	j	a910 <__mulsf3+0x46>
    aa50:	8556                	mv	a0,s5
    aa52:	c62e                	sw	a1,12(sp)
    aa54:	259000ef          	jal	ra,b4ac <__clzsi2>
    aa58:	ffb50793          	addi	a5,a0,-5
    aa5c:	00fa9ab3          	sll	s5,s5,a5
    aa60:	f8a00793          	li	a5,-118
    aa64:	45b2                	lw	a1,12(sp)
    aa66:	40a784b3          	sub	s1,a5,a0
    aa6a:	4901                	li	s2,0
    aa6c:	4b01                	li	s6,0
    aa6e:	b54d                	j	a910 <__mulsf3+0x46>
    aa70:	8522                	mv	a0,s0
    aa72:	23b000ef          	jal	ra,b4ac <__clzsi2>
    aa76:	40a487b3          	sub	a5,s1,a0
    aa7a:	ffb50713          	addi	a4,a0,-5
    aa7e:	f8a78513          	addi	a0,a5,-118
    aa82:	47a9                	li	a5,10
    aa84:	00e41433          	sll	s0,s0,a4
    aa88:	4681                	li	a3,0
    aa8a:	00150493          	addi	s1,a0,1
    aa8e:	eb27dde3          	bge	a5,s2,a948 <__mulsf3+0x7e>
    aa92:	bf45                	j	aa42 <__mulsf3+0x178>
    aa94:	68c1                	lui	a7,0x10
    aa96:	fff88793          	addi	a5,a7,-1 # ffff <MC_PULL_calibration.cpp.947435e8+0x716>
    aa9a:	010ad613          	srli	a2,s5,0x10
    aa9e:	01045813          	srli	a6,s0,0x10
    aaa2:	00fafab3          	and	s5,s5,a5
    aaa6:	8fe1                	and	a5,a5,s0
    aaa8:	035786b3          	mul	a3,a5,s5
    aaac:	02f607b3          	mul	a5,a2,a5
    aab0:	0106d713          	srli	a4,a3,0x10
    aab4:	03580ab3          	mul	s5,a6,s5
    aab8:	9abe                	add	s5,s5,a5
    aaba:	9756                	add	a4,a4,s5
    aabc:	03060633          	mul	a2,a2,a6
    aac0:	00f77363          	bgeu	a4,a5,aac6 <__mulsf3+0x1fc>
    aac4:	9646                	add	a2,a2,a7
    aac6:	6841                	lui	a6,0x10
    aac8:	187d                	addi	a6,a6,-1 # ffff <MC_PULL_calibration.cpp.947435e8+0x716>
    aaca:	010777b3          	and	a5,a4,a6
    aace:	0106f6b3          	and	a3,a3,a6
    aad2:	07c2                	slli	a5,a5,0x10
    aad4:	97b6                	add	a5,a5,a3
    aad6:	00679693          	slli	a3,a5,0x6
    aada:	01075413          	srli	s0,a4,0x10
    aade:	83e9                	srli	a5,a5,0x1a
    aae0:	00d03733          	snez	a4,a3
    aae4:	9432                	add	s0,s0,a2
    aae6:	8fd9                	or	a5,a5,a4
    aae8:	041a                	slli	s0,s0,0x6
    aaea:	8c5d                	or	s0,s0,a5
    aaec:	080007b7          	lui	a5,0x8000
    aaf0:	8fe1                	and	a5,a5,s0
    aaf2:	c791                	beqz	a5,aafe <__mulsf3+0x234>
    aaf4:	00145793          	srli	a5,s0,0x1
    aaf8:	8805                	andi	s0,s0,1
    aafa:	8c5d                	or	s0,s0,a5
    aafc:	8526                	mv	a0,s1
    aafe:	07f50793          	addi	a5,a0,127
    ab02:	02f05f63          	blez	a5,ab40 <__mulsf3+0x276>
    ab06:	00747713          	andi	a4,s0,7
    ab0a:	c719                	beqz	a4,ab18 <__mulsf3+0x24e>
    ab0c:	00f47713          	andi	a4,s0,15
    ab10:	4691                	li	a3,4
    ab12:	00d70363          	beq	a4,a3,ab18 <__mulsf3+0x24e>
    ab16:	0411                	addi	s0,s0,4
    ab18:	08000737          	lui	a4,0x8000
    ab1c:	8f61                	and	a4,a4,s0
    ab1e:	c719                	beqz	a4,ab2c <__mulsf3+0x262>
    ab20:	f80007b7          	lui	a5,0xf8000
    ab24:	17fd                	addi	a5,a5,-1 # f7ffffff <__freertos_irq_stack_top+0xd7ffafff>
    ab26:	8c7d                	and	s0,s0,a5
    ab28:	08050793          	addi	a5,a0,128
    ab2c:	0fe00713          	li	a4,254
    ab30:	04f74963          	blt	a4,a5,ab82 <__mulsf3+0x2b8>
    ab34:	00641713          	slli	a4,s0,0x6
    ab38:	8325                	srli	a4,a4,0x9
    ab3a:	0ff7f793          	zext.b	a5,a5
    ab3e:	b53d                	j	a96c <__mulsf3+0xa2>
    ab40:	4685                	li	a3,1
    ab42:	c799                	beqz	a5,ab50 <__mulsf3+0x286>
    ab44:	8e9d                	sub	a3,a3,a5
    ab46:	466d                	li	a2,27
    ab48:	4781                	li	a5,0
    ab4a:	4701                	li	a4,0
    ab4c:	e2d640e3          	blt	a2,a3,a96c <__mulsf3+0xa2>
    ab50:	09e50713          	addi	a4,a0,158
    ab54:	00e41733          	sll	a4,s0,a4
    ab58:	00e03733          	snez	a4,a4
    ab5c:	00d457b3          	srl	a5,s0,a3
    ab60:	8fd9                	or	a5,a5,a4
    ab62:	0077f713          	andi	a4,a5,7
    ab66:	c719                	beqz	a4,ab74 <__mulsf3+0x2aa>
    ab68:	00f7f713          	andi	a4,a5,15
    ab6c:	4691                	li	a3,4
    ab6e:	00d70363          	beq	a4,a3,ab74 <__mulsf3+0x2aa>
    ab72:	0791                	addi	a5,a5,4
    ab74:	04000737          	lui	a4,0x4000
    ab78:	8f7d                	and	a4,a4,a5
    ab7a:	cb01                	beqz	a4,ab8a <__mulsf3+0x2c0>
    ab7c:	4785                	li	a5,1
    ab7e:	4701                	li	a4,0
    ab80:	b3f5                	j	a96c <__mulsf3+0xa2>
    ab82:	0ff00793          	li	a5,255
    ab86:	4701                	li	a4,0
    ab88:	b3d5                	j	a96c <__mulsf3+0xa2>
    ab8a:	079a                	slli	a5,a5,0x6
    ab8c:	0097d713          	srli	a4,a5,0x9
    ab90:	4781                	li	a5,0
    ab92:	bbe9                	j	a96c <__mulsf3+0xa2>
    ab94:	46bd                	li	a3,15
    ab96:	4581                	li	a1,0
    ab98:	00400737          	lui	a4,0x400
    ab9c:	dcd908e3          	beq	s2,a3,a96c <__mulsf3+0xa2>
    aba0:	472d                	li	a4,11
    aba2:	468d                	li	a3,3
    aba4:	bd61                	j	aa3c <__mulsf3+0x172>

0000aba6 <__subsf3>:
    aba6:	008007b7          	lui	a5,0x800
    abaa:	1141                	addi	sp,sp,-16
    abac:	17fd                	addi	a5,a5,-1 # 7fffff <ch32v20x_wwdg.c.13394d49+0x7e2296>
    abae:	0175d613          	srli	a2,a1,0x17
    abb2:	00a7f733          	and	a4,a5,a0
    abb6:	01755693          	srli	a3,a0,0x17
    abba:	8fed                	and	a5,a5,a1
    abbc:	c226                	sw	s1,4(sp)
    abbe:	c04a                	sw	s2,0(sp)
    abc0:	01f55493          	srli	s1,a0,0x1f
    abc4:	c606                	sw	ra,12(sp)
    abc6:	c422                	sw	s0,8(sp)
    abc8:	0ff67613          	zext.b	a2,a2
    abcc:	0ff00513          	li	a0,255
    abd0:	0ff6f913          	zext.b	s2,a3
    abd4:	8826                	mv	a6,s1
    abd6:	070e                	slli	a4,a4,0x3
    abd8:	81fd                	srli	a1,a1,0x1f
    abda:	00379693          	slli	a3,a5,0x3
    abde:	04a60363          	beq	a2,a0,ac24 <__subsf3+0x7e>
    abe2:	0015c593          	xori	a1,a1,1
    abe6:	40c907b3          	sub	a5,s2,a2
    abea:	00b48f63          	beq	s1,a1,ac08 <__subsf3+0x62>
    abee:	30f05a63          	blez	a5,af02 <__subsf3+0x35c>
    abf2:	e235                	bnez	a2,ac56 <__subsf3+0xb0>
    abf4:	14068f63          	beqz	a3,ad52 <__subsf3+0x1ac>
    abf8:	fff78613          	addi	a2,a5,-1
    abfc:	2a060263          	beqz	a2,aea0 <__subsf3+0x2fa>
    ac00:	02a78f63          	beq	a5,a0,ac3e <__subsf3+0x98>
    ac04:	87b2                	mv	a5,a2
    ac06:	a8a9                	j	ac60 <__subsf3+0xba>
    ac08:	30f05963          	blez	a5,af1a <__subsf3+0x374>
    ac0c:	ca7d                	beqz	a2,ad02 <__subsf3+0x15c>
    ac0e:	02a90863          	beq	s2,a0,ac3e <__subsf3+0x98>
    ac12:	04000637          	lui	a2,0x4000
    ac16:	8ed1                	or	a3,a3,a2
    ac18:	466d                	li	a2,27
    ac1a:	14f65263          	bge	a2,a5,ad5e <__subsf3+0x1b8>
    ac1e:	0705                	addi	a4,a4,1 # 400001 <ch32v20x_wwdg.c.13394d49+0x3e2298>
    ac20:	87ca                	mv	a5,s2
    ac22:	a88d                	j	ac94 <__subsf3+0xee>
    ac24:	f0190793          	addi	a5,s2,-255
    ac28:	e6d5                	bnez	a3,acd4 <__subsf3+0x12e>
    ac2a:	0015c593          	xori	a1,a1,1
    ac2e:	0eb48363          	beq	s1,a1,ad14 <__subsf3+0x16e>
    ac32:	18078d63          	beqz	a5,adcc <__subsf3+0x226>
    ac36:	10090963          	beqz	s2,ad48 <__subsf3+0x1a2>
    ac3a:	84ae                	mv	s1,a1
    ac3c:	8736                	mv	a4,a3
    ac3e:	830d                	srli	a4,a4,0x3
    ac40:	0014f813          	andi	a6,s1,1
    ac44:	0ff00513          	li	a0,255
    ac48:	cb3d                	beqz	a4,acbe <__subsf3+0x118>
    ac4a:	4801                	li	a6,0
    ac4c:	0ff00513          	li	a0,255
    ac50:	00400737          	lui	a4,0x400
    ac54:	a0ad                	j	acbe <__subsf3+0x118>
    ac56:	fea904e3          	beq	s2,a0,ac3e <__subsf3+0x98>
    ac5a:	04000637          	lui	a2,0x4000
    ac5e:	8ed1                	or	a3,a3,a2
    ac60:	45ed                	li	a1,27
    ac62:	4605                	li	a2,1
    ac64:	00f5cd63          	blt	a1,a5,ac7e <__subsf3+0xd8>
    ac68:	02000613          	li	a2,32
    ac6c:	8e1d                	sub	a2,a2,a5
    ac6e:	00c69633          	sll	a2,a3,a2
    ac72:	00f6d6b3          	srl	a3,a3,a5
    ac76:	00c037b3          	snez	a5,a2
    ac7a:	00f6e633          	or	a2,a3,a5
    ac7e:	8f11                	sub	a4,a4,a2
    ac80:	040007b7          	lui	a5,0x4000
    ac84:	00f776b3          	and	a3,a4,a5
    ac88:	10069463          	bnez	a3,ad90 <__subsf3+0x1ea>
    ac8c:	00777693          	andi	a3,a4,7
    ac90:	87ca                	mv	a5,s2
    ac92:	c2e1                	beqz	a3,ad52 <__subsf3+0x1ac>
    ac94:	00f77693          	andi	a3,a4,15
    ac98:	4611                	li	a2,4
    ac9a:	00c68363          	beq	a3,a2,aca0 <__subsf3+0xfa>
    ac9e:	0711                	addi	a4,a4,4 # 400004 <ch32v20x_wwdg.c.13394d49+0x3e229b>
    aca0:	040006b7          	lui	a3,0x4000
    aca4:	8ef9                	and	a3,a3,a4
    aca6:	c6d5                	beqz	a3,ad52 <__subsf3+0x1ac>
    aca8:	0785                	addi	a5,a5,1 # 4000001 <ch32v20x_wwdg.c.13394d49+0x3fe2298>
    acaa:	0ff00693          	li	a3,255
    acae:	0014f813          	andi	a6,s1,1
    acb2:	0cd78b63          	beq	a5,a3,ad88 <__subsf3+0x1e2>
    acb6:	071a                	slli	a4,a4,0x6
    acb8:	0ff7f513          	zext.b	a0,a5
    acbc:	8325                	srli	a4,a4,0x9
    acbe:	40b2                	lw	ra,12(sp)
    acc0:	4422                	lw	s0,8(sp)
    acc2:	055e                	slli	a0,a0,0x17
    acc4:	8d59                	or	a0,a0,a4
    acc6:	01f81793          	slli	a5,a6,0x1f
    acca:	4492                	lw	s1,4(sp)
    accc:	4902                	lw	s2,0(sp)
    acce:	8d5d                	or	a0,a0,a5
    acd0:	0141                	addi	sp,sp,16
    acd2:	8082                	ret
    acd4:	f4b49fe3          	bne	s1,a1,ac32 <__subsf3+0x8c>
    acd8:	c3b9                	beqz	a5,ad1e <__subsf3+0x178>
    acda:	1c091163          	bnez	s2,ae9c <__subsf3+0x2f6>
    acde:	0ff00793          	li	a5,255
    ace2:	c73d                	beqz	a4,ad50 <__subsf3+0x1aa>
    ace4:	fff78593          	addi	a1,a5,-1
    ace8:	12058963          	beqz	a1,ae1a <__subsf3+0x274>
    acec:	0ff00513          	li	a0,255
    acf0:	1aa78663          	beq	a5,a0,ae9c <__subsf3+0x2f6>
    acf4:	47ed                	li	a5,27
    acf6:	1ab7db63          	bge	a5,a1,aeac <__subsf3+0x306>
    acfa:	00168713          	addi	a4,a3,1 # 4000001 <ch32v20x_wwdg.c.13394d49+0x3fe2298>
    acfe:	87b2                	mv	a5,a2
    ad00:	bf51                	j	ac94 <__subsf3+0xee>
    ad02:	caa1                	beqz	a3,ad52 <__subsf3+0x1ac>
    ad04:	fff78613          	addi	a2,a5,-1
    ad08:	10060963          	beqz	a2,ae1a <__subsf3+0x274>
    ad0c:	f2a789e3          	beq	a5,a0,ac3e <__subsf3+0x98>
    ad10:	87b2                	mv	a5,a2
    ad12:	b719                	j	ac18 <__subsf3+0x72>
    ad14:	c789                	beqz	a5,ad1e <__subsf3+0x178>
    ad16:	fc0904e3          	beqz	s2,acde <__subsf3+0x138>
    ad1a:	4701                	li	a4,0
    ad1c:	b70d                	j	ac3e <__subsf3+0x98>
    ad1e:	00190793          	addi	a5,s2,1
    ad22:	0fe7f613          	andi	a2,a5,254
    ad26:	14061563          	bnez	a2,ae70 <__subsf3+0x2ca>
    ad2a:	16091863          	bnez	s2,ae9a <__subsf3+0x2f4>
    ad2e:	1a070663          	beqz	a4,aeda <__subsf3+0x334>
    ad32:	1a069663          	bnez	a3,aede <__subsf3+0x338>
    ad36:	830d                	srli	a4,a4,0x3
    ad38:	4781                	li	a5,0
    ad3a:	0726                	slli	a4,a4,0x9
    ad3c:	8325                	srli	a4,a4,0x9
    ad3e:	0ff7f513          	zext.b	a0,a5
    ad42:	0014f813          	andi	a6,s1,1
    ad46:	bfa5                	j	acbe <__subsf3+0x118>
    ad48:	0ff00793          	li	a5,255
    ad4c:	eb65                	bnez	a4,ae3c <__subsf3+0x296>
    ad4e:	84ae                	mv	s1,a1
    ad50:	8736                	mv	a4,a3
    ad52:	0ff00693          	li	a3,255
    ad56:	830d                	srli	a4,a4,0x3
    ad58:	eed784e3          	beq	a5,a3,ac40 <__subsf3+0x9a>
    ad5c:	bff9                	j	ad3a <__subsf3+0x194>
    ad5e:	02000613          	li	a2,32
    ad62:	8e1d                	sub	a2,a2,a5
    ad64:	00c69633          	sll	a2,a3,a2
    ad68:	00c03633          	snez	a2,a2
    ad6c:	00f6d6b3          	srl	a3,a3,a5
    ad70:	8ed1                	or	a3,a3,a2
    ad72:	9736                	add	a4,a4,a3
    ad74:	040007b7          	lui	a5,0x4000
    ad78:	8ff9                	and	a5,a5,a4
    ad7a:	db89                	beqz	a5,ac8c <__subsf3+0xe6>
    ad7c:	00190793          	addi	a5,s2,1
    ad80:	0ff00693          	li	a3,255
    ad84:	0ad79363          	bne	a5,a3,ae2a <__subsf3+0x284>
    ad88:	0ff00513          	li	a0,255
    ad8c:	4701                	li	a4,0
    ad8e:	bf05                	j	acbe <__subsf3+0x118>
    ad90:	17fd                	addi	a5,a5,-1 # 3ffffff <ch32v20x_wwdg.c.13394d49+0x3fe2296>
    ad92:	00f77433          	and	s0,a4,a5
    ad96:	8522                	mv	a0,s0
    ad98:	2f11                	jal	b4ac <__clzsi2>
    ad9a:	ffb50793          	addi	a5,a0,-5
    ad9e:	00f41433          	sll	s0,s0,a5
    ada2:	0527ca63          	blt	a5,s2,adf6 <__subsf3+0x250>
    ada6:	412787b3          	sub	a5,a5,s2
    adaa:	0785                	addi	a5,a5,1
    adac:	02000713          	li	a4,32
    adb0:	8f1d                	sub	a4,a4,a5
    adb2:	00e41733          	sll	a4,s0,a4
    adb6:	00e03733          	snez	a4,a4
    adba:	00f45433          	srl	s0,s0,a5
    adbe:	8f41                	or	a4,a4,s0
    adc0:	4781                	li	a5,0
    adc2:	00777693          	andi	a3,a4,7
    adc6:	ec0697e3          	bnez	a3,ac94 <__subsf3+0xee>
    adca:	bdd9                	j	aca0 <__subsf3+0xfa>
    adcc:	00190793          	addi	a5,s2,1
    add0:	0fe7f793          	andi	a5,a5,254
    add4:	eb85                	bnez	a5,ae04 <__subsf3+0x25e>
    add6:	0a091a63          	bnez	s2,ae8a <__subsf3+0x2e4>
    adda:	cf65                	beqz	a4,aed2 <__subsf3+0x32c>
    addc:	dea9                	beqz	a3,ad36 <__subsf3+0x190>
    adde:	40d707b3          	sub	a5,a4,a3
    ade2:	04000637          	lui	a2,0x4000
    ade6:	8e7d                	and	a2,a2,a5
    ade8:	10060863          	beqz	a2,aef8 <__subsf3+0x352>
    adec:	40e68733          	sub	a4,a3,a4
    adf0:	4781                	li	a5,0
    adf2:	84ae                	mv	s1,a1
    adf4:	b7f9                	j	adc2 <__subsf3+0x21c>
    adf6:	fc000737          	lui	a4,0xfc000
    adfa:	177d                	addi	a4,a4,-1 # fbffffff <__freertos_irq_stack_top+0xdbffafff>
    adfc:	40f907b3          	sub	a5,s2,a5
    ae00:	8f61                	and	a4,a4,s0
    ae02:	b7c1                	j	adc2 <__subsf3+0x21c>
    ae04:	40d70433          	sub	s0,a4,a3
    ae08:	040007b7          	lui	a5,0x4000
    ae0c:	8fe1                	and	a5,a5,s0
    ae0e:	e3d1                	bnez	a5,ae92 <__subsf3+0x2ec>
    ae10:	f059                	bnez	s0,ad96 <__subsf3+0x1f0>
    ae12:	4801                	li	a6,0
    ae14:	4501                	li	a0,0
    ae16:	4701                	li	a4,0
    ae18:	b55d                	j	acbe <__subsf3+0x118>
    ae1a:	9736                	add	a4,a4,a3
    ae1c:	040006b7          	lui	a3,0x4000
    ae20:	8ef9                	and	a3,a3,a4
    ae22:	4789                	li	a5,2
    ae24:	4905                	li	s2,1
    ae26:	e60683e3          	beqz	a3,ac8c <__subsf3+0xe6>
    ae2a:	7e000637          	lui	a2,0x7e000
    ae2e:	00175693          	srli	a3,a4,0x1
    ae32:	167d                	addi	a2,a2,-1 # 7dffffff <__freertos_irq_stack_top+0x5dffafff>
    ae34:	8b05                	andi	a4,a4,1
    ae36:	8ef1                	and	a3,a3,a2
    ae38:	8f55                	or	a4,a4,a3
    ae3a:	b761                	j	adc2 <__subsf3+0x21c>
    ae3c:	fff78513          	addi	a0,a5,-1 # 3ffffff <ch32v20x_wwdg.c.13394d49+0x3fe2296>
    ae40:	c541                	beqz	a0,aec8 <__subsf3+0x322>
    ae42:	0ff00813          	li	a6,255
    ae46:	84ae                	mv	s1,a1
    ae48:	05078a63          	beq	a5,a6,ae9c <__subsf3+0x2f6>
    ae4c:	45ed                	li	a1,27
    ae4e:	4785                	li	a5,1
    ae50:	00a5cc63          	blt	a1,a0,ae68 <__subsf3+0x2c2>
    ae54:	02000793          	li	a5,32
    ae58:	8f89                	sub	a5,a5,a0
    ae5a:	00f717b3          	sll	a5,a4,a5
    ae5e:	00a75533          	srl	a0,a4,a0
    ae62:	00f037b3          	snez	a5,a5
    ae66:	8fc9                	or	a5,a5,a0
    ae68:	40f68733          	sub	a4,a3,a5
    ae6c:	8932                	mv	s2,a2
    ae6e:	bd09                	j	ac80 <__subsf3+0xda>
    ae70:	0ff00613          	li	a2,255
    ae74:	f0c78ae3          	beq	a5,a2,ad88 <__subsf3+0x1e2>
    ae78:	96ba                	add	a3,a3,a4
    ae7a:	0016d713          	srli	a4,a3,0x1
    ae7e:	00777613          	andi	a2,a4,7
    ae82:	e00619e3          	bnez	a2,ac94 <__subsf3+0xee>
    ae86:	830d                	srli	a4,a4,0x3
    ae88:	bd4d                	j	ad3a <__subsf3+0x194>
    ae8a:	ef11                	bnez	a4,aea6 <__subsf3+0x300>
    ae8c:	da068fe3          	beqz	a3,ac4a <__subsf3+0xa4>
    ae90:	b36d                	j	ac3a <__subsf3+0x94>
    ae92:	40e68433          	sub	s0,a3,a4
    ae96:	84ae                	mv	s1,a1
    ae98:	bdfd                	j	ad96 <__subsf3+0x1f0>
    ae9a:	e711                	bnez	a4,aea6 <__subsf3+0x300>
    ae9c:	8736                	mv	a4,a3
    ae9e:	b345                	j	ac3e <__subsf3+0x98>
    aea0:	8f15                	sub	a4,a4,a3
    aea2:	4905                	li	s2,1
    aea4:	bbf1                	j	ac80 <__subsf3+0xda>
    aea6:	d8068ce3          	beqz	a3,ac3e <__subsf3+0x98>
    aeaa:	b345                	j	ac4a <__subsf3+0xa4>
    aeac:	02000793          	li	a5,32
    aeb0:	8f8d                	sub	a5,a5,a1
    aeb2:	00f717b3          	sll	a5,a4,a5
    aeb6:	00b755b3          	srl	a1,a4,a1
    aeba:	00f037b3          	snez	a5,a5
    aebe:	8ddd                	or	a1,a1,a5
    aec0:	00d58733          	add	a4,a1,a3
    aec4:	8932                	mv	s2,a2
    aec6:	b57d                	j	ad74 <__subsf3+0x1ce>
    aec8:	40e68733          	sub	a4,a3,a4
    aecc:	84ae                	mv	s1,a1
    aece:	4905                	li	s2,1
    aed0:	bb45                	j	ac80 <__subsf3+0xda>
    aed2:	d2a1                	beqz	a3,ae12 <__subsf3+0x26c>
    aed4:	84ae                	mv	s1,a1
    aed6:	8736                	mv	a4,a3
    aed8:	bdb9                	j	ad36 <__subsf3+0x190>
    aeda:	8736                	mv	a4,a3
    aedc:	bda9                	j	ad36 <__subsf3+0x190>
    aede:	9736                	add	a4,a4,a3
    aee0:	04000637          	lui	a2,0x4000
    aee4:	8e79                	and	a2,a2,a4
    aee6:	4781                	li	a5,0
    aee8:	de59                	beqz	a2,ae86 <__subsf3+0x2e0>
    aeea:	fc0007b7          	lui	a5,0xfc000
    aeee:	17fd                	addi	a5,a5,-1 # fbffffff <__freertos_irq_stack_top+0xdbffafff>
    aef0:	8f7d                	and	a4,a4,a5
    aef2:	830d                	srli	a4,a4,0x3
    aef4:	4785                	li	a5,1
    aef6:	b591                	j	ad3a <__subsf3+0x194>
    aef8:	df89                	beqz	a5,ae12 <__subsf3+0x26c>
    aefa:	873e                	mv	a4,a5
    aefc:	830d                	srli	a4,a4,0x3
    aefe:	4781                	li	a5,0
    af00:	bd2d                	j	ad3a <__subsf3+0x194>
    af02:	ec0785e3          	beqz	a5,adcc <__subsf3+0x226>
    af06:	41260533          	sub	a0,a2,s2
    af0a:	87aa                	mv	a5,a0
    af0c:	e40900e3          	beqz	s2,ad4c <__subsf3+0x1a6>
    af10:	040007b7          	lui	a5,0x4000
    af14:	8f5d                	or	a4,a4,a5
    af16:	84ae                	mv	s1,a1
    af18:	bf15                	j	ae4c <__subsf3+0x2a6>
    af1a:	e00782e3          	beqz	a5,ad1e <__subsf3+0x178>
    af1e:	412605b3          	sub	a1,a2,s2
    af22:	00091463          	bnez	s2,af2a <__subsf3+0x384>
    af26:	87ae                	mv	a5,a1
    af28:	bb6d                	j	ace2 <__subsf3+0x13c>
    af2a:	040007b7          	lui	a5,0x4000
    af2e:	8f5d                	or	a4,a4,a5
    af30:	b3d1                	j	acf4 <__subsf3+0x14e>

0000af32 <__fixsfsi>:
    af32:	00800637          	lui	a2,0x800
    af36:	01755713          	srli	a4,a0,0x17
    af3a:	fff60793          	addi	a5,a2,-1 # 7fffff <ch32v20x_wwdg.c.13394d49+0x7e2296>
    af3e:	0ff77713          	zext.b	a4,a4
    af42:	07e00593          	li	a1,126
    af46:	00a7f6b3          	and	a3,a5,a0
    af4a:	01f55793          	srli	a5,a0,0x1f
    af4e:	00e5db63          	bge	a1,a4,af64 <__fixsfsi+0x32>
    af52:	09d00593          	li	a1,157
    af56:	00e5d963          	bge	a1,a4,af68 <__fixsfsi+0x36>
    af5a:	80000537          	lui	a0,0x80000
    af5e:	157d                	addi	a0,a0,-1 # 7fffffff <__freertos_irq_stack_top+0x5fffafff>
    af60:	953e                	add	a0,a0,a5
    af62:	8082                	ret
    af64:	4501                	li	a0,0
    af66:	8082                	ret
    af68:	09500593          	li	a1,149
    af6c:	8ed1                	or	a3,a3,a2
    af6e:	00e5cd63          	blt	a1,a4,af88 <__fixsfsi+0x56>
    af72:	09600613          	li	a2,150
    af76:	40e60733          	sub	a4,a2,a4
    af7a:	00e6d6b3          	srl	a3,a3,a4
    af7e:	40d00533          	neg	a0,a3
    af82:	f3f5                	bnez	a5,af66 <__fixsfsi+0x34>
    af84:	8536                	mv	a0,a3
    af86:	8082                	ret
    af88:	f6a70713          	addi	a4,a4,-150
    af8c:	00e696b3          	sll	a3,a3,a4
    af90:	b7fd                	j	af7e <__fixsfsi+0x4c>

0000af92 <__fixunssfsi>:
    af92:	01755713          	srli	a4,a0,0x17
    af96:	00800637          	lui	a2,0x800
    af9a:	fff60793          	addi	a5,a2,-1 # 7fffff <ch32v20x_wwdg.c.13394d49+0x7e2296>
    af9e:	0ff77713          	zext.b	a4,a4
    afa2:	07e00593          	li	a1,126
    afa6:	00a7f6b3          	and	a3,a5,a0
    afaa:	01f55793          	srli	a5,a0,0x1f
    afae:	4501                	li	a0,0
    afb0:	00e5d363          	bge	a1,a4,afb6 <__fixunssfsi+0x24>
    afb4:	c391                	beqz	a5,afb8 <__fixunssfsi+0x26>
    afb6:	8082                	ret
    afb8:	09e00793          	li	a5,158
    afbc:	557d                	li	a0,-1
    afbe:	fee7cce3          	blt	a5,a4,afb6 <__fixunssfsi+0x24>
    afc2:	09500593          	li	a1,149
    afc6:	00c6e7b3          	or	a5,a3,a2
    afca:	00e5d763          	bge	a1,a4,afd8 <__fixunssfsi+0x46>
    afce:	f6a70713          	addi	a4,a4,-150
    afd2:	00e79533          	sll	a0,a5,a4
    afd6:	8082                	ret
    afd8:	09600513          	li	a0,150
    afdc:	8d19                	sub	a0,a0,a4
    afde:	00a7d533          	srl	a0,a5,a0
    afe2:	8082                	ret

0000afe4 <__floatsisf>:
    afe4:	1141                	addi	sp,sp,-16
    afe6:	c606                	sw	ra,12(sp)
    afe8:	c422                	sw	s0,8(sp)
    afea:	c226                	sw	s1,4(sp)
    afec:	cd15                	beqz	a0,b028 <__floatsisf+0x44>
    afee:	41f55713          	srai	a4,a0,0x1f
    aff2:	00a74433          	xor	s0,a4,a0
    aff6:	8c19                	sub	s0,s0,a4
    aff8:	87aa                	mv	a5,a0
    affa:	8522                	mv	a0,s0
    affc:	01f7d493          	srli	s1,a5,0x1f
    b000:	2175                	jal	b4ac <__clzsi2>
    b002:	09e00713          	li	a4,158
    b006:	40a707b3          	sub	a5,a4,a0
    b00a:	09600713          	li	a4,150
    b00e:	02f74a63          	blt	a4,a5,b042 <__floatsisf+0x5e>
    b012:	4721                	li	a4,8
    b014:	08e50863          	beq	a0,a4,b0a4 <__floatsisf+0xc0>
    b018:	1561                	addi	a0,a0,-8
    b01a:	00a41733          	sll	a4,s0,a0
    b01e:	0726                	slli	a4,a4,0x9
    b020:	8325                	srli	a4,a4,0x9
    b022:	0ff7f513          	zext.b	a0,a5
    b026:	a021                	j	b02e <__floatsisf+0x4a>
    b028:	4481                	li	s1,0
    b02a:	4501                	li	a0,0
    b02c:	4701                	li	a4,0
    b02e:	40b2                	lw	ra,12(sp)
    b030:	4422                	lw	s0,8(sp)
    b032:	055e                	slli	a0,a0,0x17
    b034:	01f49793          	slli	a5,s1,0x1f
    b038:	8d59                	or	a0,a0,a4
    b03a:	4492                	lw	s1,4(sp)
    b03c:	8d5d                	or	a0,a0,a5
    b03e:	0141                	addi	sp,sp,16
    b040:	8082                	ret
    b042:	09900713          	li	a4,153
    b046:	04f74363          	blt	a4,a5,b08c <__floatsisf+0xa8>
    b04a:	4715                	li	a4,5
    b04c:	ffb50693          	addi	a3,a0,-5
    b050:	00e50463          	beq	a0,a4,b058 <__floatsisf+0x74>
    b054:	00d41433          	sll	s0,s0,a3
    b058:	fc0006b7          	lui	a3,0xfc000
    b05c:	16fd                	addi	a3,a3,-1 # fbffffff <__freertos_irq_stack_top+0xdbffafff>
    b05e:	00747613          	andi	a2,s0,7
    b062:	00d47733          	and	a4,s0,a3
    b066:	ce11                	beqz	a2,b082 <__floatsisf+0x9e>
    b068:	883d                	andi	s0,s0,15
    b06a:	4611                	li	a2,4
    b06c:	00c40b63          	beq	s0,a2,b082 <__floatsisf+0x9e>
    b070:	0711                	addi	a4,a4,4
    b072:	04000637          	lui	a2,0x4000
    b076:	8e79                	and	a2,a2,a4
    b078:	c609                	beqz	a2,b082 <__floatsisf+0x9e>
    b07a:	09f00793          	li	a5,159
    b07e:	8f75                	and	a4,a4,a3
    b080:	8f89                	sub	a5,a5,a0
    b082:	071a                	slli	a4,a4,0x6
    b084:	8325                	srli	a4,a4,0x9
    b086:	0ff7f513          	zext.b	a0,a5
    b08a:	b755                	j	b02e <__floatsisf+0x4a>
    b08c:	01b50713          	addi	a4,a0,27
    b090:	4695                	li	a3,5
    b092:	00e41733          	sll	a4,s0,a4
    b096:	8e89                	sub	a3,a3,a0
    b098:	00d45433          	srl	s0,s0,a3
    b09c:	00e03733          	snez	a4,a4
    b0a0:	8c59                	or	s0,s0,a4
    b0a2:	bf5d                	j	b058 <__floatsisf+0x74>
    b0a4:	0426                	slli	s0,s0,0x9
    b0a6:	00945713          	srli	a4,s0,0x9
    b0aa:	09600513          	li	a0,150
    b0ae:	b741                	j	b02e <__floatsisf+0x4a>

0000b0b0 <__floatunsisf>:
    b0b0:	cd0d                	beqz	a0,b0ea <__floatunsisf+0x3a>
    b0b2:	1141                	addi	sp,sp,-16
    b0b4:	c422                	sw	s0,8(sp)
    b0b6:	c606                	sw	ra,12(sp)
    b0b8:	842a                	mv	s0,a0
    b0ba:	2ecd                	jal	b4ac <__clzsi2>
    b0bc:	09e00793          	li	a5,158
    b0c0:	8f89                	sub	a5,a5,a0
    b0c2:	09600713          	li	a4,150
    b0c6:	02f74763          	blt	a4,a5,b0f4 <__floatunsisf+0x44>
    b0ca:	4721                	li	a4,8
    b0cc:	08e50a63          	beq	a0,a4,b160 <__floatunsisf+0xb0>
    b0d0:	1561                	addi	a0,a0,-8
    b0d2:	00a41733          	sll	a4,s0,a0
    b0d6:	0726                	slli	a4,a4,0x9
    b0d8:	8325                	srli	a4,a4,0x9
    b0da:	0ff7f513          	zext.b	a0,a5
    b0de:	40b2                	lw	ra,12(sp)
    b0e0:	4422                	lw	s0,8(sp)
    b0e2:	055e                	slli	a0,a0,0x17
    b0e4:	8d59                	or	a0,a0,a4
    b0e6:	0141                	addi	sp,sp,16
    b0e8:	8082                	ret
    b0ea:	4501                	li	a0,0
    b0ec:	4701                	li	a4,0
    b0ee:	055e                	slli	a0,a0,0x17
    b0f0:	8d59                	or	a0,a0,a4
    b0f2:	8082                	ret
    b0f4:	09900713          	li	a4,153
    b0f8:	04f74863          	blt	a4,a5,b148 <__floatunsisf+0x98>
    b0fc:	4715                	li	a4,5
    b0fe:	ffb50693          	addi	a3,a0,-5
    b102:	00e50463          	beq	a0,a4,b10a <__floatunsisf+0x5a>
    b106:	00d41433          	sll	s0,s0,a3
    b10a:	fc0006b7          	lui	a3,0xfc000
    b10e:	16fd                	addi	a3,a3,-1 # fbffffff <__freertos_irq_stack_top+0xdbffafff>
    b110:	00747613          	andi	a2,s0,7
    b114:	00d47733          	and	a4,s0,a3
    b118:	ce11                	beqz	a2,b134 <__floatunsisf+0x84>
    b11a:	883d                	andi	s0,s0,15
    b11c:	4611                	li	a2,4
    b11e:	00c40b63          	beq	s0,a2,b134 <__floatunsisf+0x84>
    b122:	0711                	addi	a4,a4,4
    b124:	04000637          	lui	a2,0x4000
    b128:	8e79                	and	a2,a2,a4
    b12a:	c609                	beqz	a2,b134 <__floatunsisf+0x84>
    b12c:	09f00793          	li	a5,159
    b130:	8f75                	and	a4,a4,a3
    b132:	8f89                	sub	a5,a5,a0
    b134:	40b2                	lw	ra,12(sp)
    b136:	4422                	lw	s0,8(sp)
    b138:	071a                	slli	a4,a4,0x6
    b13a:	0ff7f513          	zext.b	a0,a5
    b13e:	8325                	srli	a4,a4,0x9
    b140:	055e                	slli	a0,a0,0x17
    b142:	8d59                	or	a0,a0,a4
    b144:	0141                	addi	sp,sp,16
    b146:	8082                	ret
    b148:	01b50713          	addi	a4,a0,27
    b14c:	4695                	li	a3,5
    b14e:	00e41733          	sll	a4,s0,a4
    b152:	8e89                	sub	a3,a3,a0
    b154:	00e03733          	snez	a4,a4
    b158:	00d45433          	srl	s0,s0,a3
    b15c:	8c59                	or	s0,s0,a4
    b15e:	b775                	j	b10a <__floatunsisf+0x5a>
    b160:	0426                	slli	s0,s0,0x9
    b162:	00945713          	srli	a4,s0,0x9
    b166:	09600513          	li	a0,150
    b16a:	bf95                	j	b0de <__floatunsisf+0x2e>

0000b16c <__floatundisf>:
    b16c:	1141                	addi	sp,sp,-16
    b16e:	c606                	sw	ra,12(sp)
    b170:	c422                	sw	s0,8(sp)
    b172:	c226                	sw	s1,4(sp)
    b174:	00b567b3          	or	a5,a0,a1
    b178:	c3d1                	beqz	a5,b1fc <__floatundisf+0x90>
    b17a:	842a                	mv	s0,a0
    b17c:	84ae                	mv	s1,a1
    b17e:	c9c1                	beqz	a1,b20e <__floatundisf+0xa2>
    b180:	852e                	mv	a0,a1
    b182:	262d                	jal	b4ac <__clzsi2>
    b184:	86aa                	mv	a3,a0
    b186:	0be00513          	li	a0,190
    b18a:	40d50733          	sub	a4,a0,a3
    b18e:	ffb68613          	addi	a2,a3,-5
    b192:	01b68793          	addi	a5,a3,27
    b196:	0a064e63          	bltz	a2,b252 <__floatundisf+0xe6>
    b19a:	00c41633          	sll	a2,s0,a2
    b19e:	4781                	li	a5,0
    b1a0:	02500593          	li	a1,37
    b1a4:	8d95                	sub	a1,a1,a3
    b1a6:	8fd1                	or	a5,a5,a2
    b1a8:	fe058613          	addi	a2,a1,-32 # 3ffffe0 <ch32v20x_wwdg.c.13394d49+0x3fe2277>
    b1ac:	00f037b3          	snez	a5,a5
    b1b0:	0a064d63          	bltz	a2,b26a <__floatundisf+0xfe>
    b1b4:	00c4d4b3          	srl	s1,s1,a2
    b1b8:	8fc5                	or	a5,a5,s1
    b1ba:	fc000637          	lui	a2,0xfc000
    b1be:	167d                	addi	a2,a2,-1 # fbffffff <__freertos_irq_stack_top+0xdbffafff>
    b1c0:	0077f593          	andi	a1,a5,7
    b1c4:	00c7f433          	and	s0,a5,a2
    b1c8:	cd99                	beqz	a1,b1e6 <__floatundisf+0x7a>
    b1ca:	8bbd                	andi	a5,a5,15
    b1cc:	4591                	li	a1,4
    b1ce:	00b78c63          	beq	a5,a1,b1e6 <__floatundisf+0x7a>
    b1d2:	0411                	addi	s0,s0,4
    b1d4:	040007b7          	lui	a5,0x4000
    b1d8:	8fe1                	and	a5,a5,s0
    b1da:	c791                	beqz	a5,b1e6 <__floatundisf+0x7a>
    b1dc:	0bf00513          	li	a0,191
    b1e0:	8c71                	and	s0,s0,a2
    b1e2:	40d50733          	sub	a4,a0,a3
    b1e6:	041a                	slli	s0,s0,0x6
    b1e8:	0ff77513          	zext.b	a0,a4
    b1ec:	8025                	srli	s0,s0,0x9
    b1ee:	055e                	slli	a0,a0,0x17
    b1f0:	40b2                	lw	ra,12(sp)
    b1f2:	8d41                	or	a0,a0,s0
    b1f4:	4422                	lw	s0,8(sp)
    b1f6:	4492                	lw	s1,4(sp)
    b1f8:	0141                	addi	sp,sp,16
    b1fa:	8082                	ret
    b1fc:	4501                	li	a0,0
    b1fe:	4401                	li	s0,0
    b200:	055e                	slli	a0,a0,0x17
    b202:	40b2                	lw	ra,12(sp)
    b204:	8d41                	or	a0,a0,s0
    b206:	4422                	lw	s0,8(sp)
    b208:	4492                	lw	s1,4(sp)
    b20a:	0141                	addi	sp,sp,16
    b20c:	8082                	ret
    b20e:	2c79                	jal	b4ac <__clzsi2>
    b210:	02050693          	addi	a3,a0,32
    b214:	0be00713          	li	a4,190
    b218:	8f15                	sub	a4,a4,a3
    b21a:	09600613          	li	a2,150
    b21e:	87a2                	mv	a5,s0
    b220:	04e64e63          	blt	a2,a4,b27c <__floatundisf+0x110>
    b224:	02800793          	li	a5,40
    b228:	02f68063          	beq	a3,a5,b248 <__floatundisf+0xdc>
    b22c:	1561                	addi	a0,a0,-8
    b22e:	00a41433          	sll	s0,s0,a0
    b232:	0426                	slli	s0,s0,0x9
    b234:	0ff77513          	zext.b	a0,a4
    b238:	8025                	srli	s0,s0,0x9
    b23a:	055e                	slli	a0,a0,0x17
    b23c:	40b2                	lw	ra,12(sp)
    b23e:	8d41                	or	a0,a0,s0
    b240:	4422                	lw	s0,8(sp)
    b242:	4492                	lw	s1,4(sp)
    b244:	0141                	addi	sp,sp,16
    b246:	8082                	ret
    b248:	0426                	slli	s0,s0,0x9
    b24a:	8025                	srli	s0,s0,0x9
    b24c:	09600513          	li	a0,150
    b250:	bf45                	j	b200 <__floatundisf+0x94>
    b252:	467d                	li	a2,31
    b254:	8e1d                	sub	a2,a2,a5
    b256:	00145593          	srli	a1,s0,0x1
    b25a:	00c5d5b3          	srl	a1,a1,a2
    b25e:	00f49633          	sll	a2,s1,a5
    b262:	8e4d                	or	a2,a2,a1
    b264:	00f417b3          	sll	a5,s0,a5
    b268:	bf25                	j	b1a0 <__floatundisf+0x34>
    b26a:	467d                	li	a2,31
    b26c:	0486                	slli	s1,s1,0x1
    b26e:	8e0d                	sub	a2,a2,a1
    b270:	00c49633          	sll	a2,s1,a2
    b274:	00b454b3          	srl	s1,s0,a1
    b278:	8cd1                	or	s1,s1,a2
    b27a:	bf3d                	j	b1b8 <__floatundisf+0x4c>
    b27c:	09900613          	li	a2,153
    b280:	f0e647e3          	blt	a2,a4,b18e <__floatundisf+0x22>
    b284:	02500613          	li	a2,37
    b288:	156d                	addi	a0,a0,-5
    b28a:	00c68563          	beq	a3,a2,b294 <__floatundisf+0x128>
    b28e:	00a417b3          	sll	a5,s0,a0
    b292:	b725                	j	b1ba <__floatundisf+0x4e>
    b294:	09900713          	li	a4,153
    b298:	b70d                	j	b1ba <__floatundisf+0x4e>

0000b29a <__extendsfdf2>:
    b29a:	01755793          	srli	a5,a0,0x17
    b29e:	0ff7f793          	zext.b	a5,a5
    b2a2:	1141                	addi	sp,sp,-16
    b2a4:	00178713          	addi	a4,a5,1 # 4000001 <ch32v20x_wwdg.c.13394d49+0x3fe2298>
    b2a8:	c422                	sw	s0,8(sp)
    b2aa:	c226                	sw	s1,4(sp)
    b2ac:	c606                	sw	ra,12(sp)
    b2ae:	00951493          	slli	s1,a0,0x9
    b2b2:	0fe77713          	andi	a4,a4,254
    b2b6:	80a5                	srli	s1,s1,0x9
    b2b8:	01f55413          	srli	s0,a0,0x1f
    b2bc:	c315                	beqz	a4,b2e0 <__extendsfdf2+0x46>
    b2be:	0034d713          	srli	a4,s1,0x3
    b2c2:	38078793          	addi	a5,a5,896
    b2c6:	04f6                	slli	s1,s1,0x1d
    b2c8:	01f41513          	slli	a0,s0,0x1f
    b2cc:	40b2                	lw	ra,12(sp)
    b2ce:	4422                	lw	s0,8(sp)
    b2d0:	07d2                	slli	a5,a5,0x14
    b2d2:	8fd9                	or	a5,a5,a4
    b2d4:	8fc9                	or	a5,a5,a0
    b2d6:	85be                	mv	a1,a5
    b2d8:	8526                	mv	a0,s1
    b2da:	4492                	lw	s1,4(sp)
    b2dc:	0141                	addi	sp,sp,16
    b2de:	8082                	ret
    b2e0:	e79d                	bnez	a5,b30e <__extendsfdf2+0x74>
    b2e2:	c0b1                	beqz	s1,b326 <__extendsfdf2+0x8c>
    b2e4:	8526                	mv	a0,s1
    b2e6:	22d9                	jal	b4ac <__clzsi2>
    b2e8:	47a9                	li	a5,10
    b2ea:	04a7c563          	blt	a5,a0,b334 <__extendsfdf2+0x9a>
    b2ee:	472d                	li	a4,11
    b2f0:	8f09                	sub	a4,a4,a0
    b2f2:	01550793          	addi	a5,a0,21
    b2f6:	00e4d733          	srl	a4,s1,a4
    b2fa:	00f494b3          	sll	s1,s1,a5
    b2fe:	38900793          	li	a5,905
    b302:	0732                	slli	a4,a4,0xc
    b304:	8f89                	sub	a5,a5,a0
    b306:	8331                	srli	a4,a4,0xc
    b308:	7ff7f793          	andi	a5,a5,2047
    b30c:	bf75                	j	b2c8 <__extendsfdf2+0x2e>
    b30e:	cc99                	beqz	s1,b32c <__extendsfdf2+0x92>
    b310:	0034d713          	srli	a4,s1,0x3
    b314:	000807b7          	lui	a5,0x80
    b318:	8f5d                	or	a4,a4,a5
    b31a:	0732                	slli	a4,a4,0xc
    b31c:	04f6                	slli	s1,s1,0x1d
    b31e:	8331                	srli	a4,a4,0xc
    b320:	7ff00793          	li	a5,2047
    b324:	b755                	j	b2c8 <__extendsfdf2+0x2e>
    b326:	4781                	li	a5,0
    b328:	4701                	li	a4,0
    b32a:	bf79                	j	b2c8 <__extendsfdf2+0x2e>
    b32c:	7ff00793          	li	a5,2047
    b330:	4701                	li	a4,0
    b332:	bf59                	j	b2c8 <__extendsfdf2+0x2e>
    b334:	ff550713          	addi	a4,a0,-11
    b338:	00e49733          	sll	a4,s1,a4
    b33c:	4481                	li	s1,0
    b33e:	b7c1                	j	b2fe <__extendsfdf2+0x64>

0000b340 <__truncdfsf2>:
    b340:	0145d793          	srli	a5,a1,0x14
    b344:	7ff7f793          	andi	a5,a5,2047
    b348:	00c59693          	slli	a3,a1,0xc
    b34c:	00178613          	addi	a2,a5,1 # 80001 <ch32v20x_wwdg.c.13394d49+0x62298>
    b350:	82a5                	srli	a3,a3,0x9
    b352:	01d55713          	srli	a4,a0,0x1d
    b356:	7fe67613          	andi	a2,a2,2046
    b35a:	81fd                	srli	a1,a1,0x1f
    b35c:	8ed9                	or	a3,a3,a4
    b35e:	00351813          	slli	a6,a0,0x3
    b362:	c205                	beqz	a2,b382 <__truncdfsf2+0x42>
    b364:	c8078613          	addi	a2,a5,-896
    b368:	0fe00713          	li	a4,254
    b36c:	04c75463          	bge	a4,a2,b3b4 <__truncdfsf2+0x74>
    b370:	0ff00793          	li	a5,255
    b374:	4701                	li	a4,0
    b376:	07de                	slli	a5,a5,0x17
    b378:	00e7e533          	or	a0,a5,a4
    b37c:	05fe                	slli	a1,a1,0x1f
    b37e:	8d4d                	or	a0,a0,a1
    b380:	8082                	ret
    b382:	0106e733          	or	a4,a3,a6
    b386:	eb89                	bnez	a5,b398 <__truncdfsf2+0x58>
    b388:	4801                	li	a6,0
    b38a:	cb2d                	beqz	a4,b3fc <__truncdfsf2+0xbc>
    b38c:	0826                	slli	a6,a6,0x9
    b38e:	00985713          	srli	a4,a6,0x9
    b392:	0ff7f793          	zext.b	a5,a5
    b396:	b7c5                	j	b376 <__truncdfsf2+0x36>
    b398:	0ff00793          	li	a5,255
    b39c:	df69                	beqz	a4,b376 <__truncdfsf2+0x36>
    b39e:	0ff00793          	li	a5,255
    b3a2:	00400737          	lui	a4,0x400
    b3a6:	07de                	slli	a5,a5,0x17
    b3a8:	4581                	li	a1,0
    b3aa:	00e7e533          	or	a0,a5,a4
    b3ae:	05fe                	slli	a1,a1,0x1f
    b3b0:	8d4d                	or	a0,a0,a1
    b3b2:	8082                	ret
    b3b4:	04c05c63          	blez	a2,b40c <__truncdfsf2+0xcc>
    b3b8:	00651713          	slli	a4,a0,0x6
    b3bc:	00e03733          	snez	a4,a4
    b3c0:	068e                	slli	a3,a3,0x3
    b3c2:	01d85813          	srli	a6,a6,0x1d
    b3c6:	8f55                	or	a4,a4,a3
    b3c8:	01076733          	or	a4,a4,a6
    b3cc:	00777793          	andi	a5,a4,7
    b3d0:	cbe9                	beqz	a5,b4a2 <__truncdfsf2+0x162>
    b3d2:	00f77793          	andi	a5,a4,15
    b3d6:	4691                	li	a3,4
    b3d8:	0cd78563          	beq	a5,a3,b4a2 <__truncdfsf2+0x162>
    b3dc:	0711                	addi	a4,a4,4 # 400004 <ch32v20x_wwdg.c.13394d49+0x3e229b>
    b3de:	040007b7          	lui	a5,0x4000
    b3e2:	8ff9                	and	a5,a5,a4
    b3e4:	c7dd                	beqz	a5,b492 <__truncdfsf2+0x152>
    b3e6:	00160793          	addi	a5,a2,1
    b3ea:	0ff7f793          	zext.b	a5,a5
    b3ee:	4701                	li	a4,0
    b3f0:	07de                	slli	a5,a5,0x17
    b3f2:	00e7e533          	or	a0,a5,a4
    b3f6:	05fe                	slli	a1,a1,0x1f
    b3f8:	8d4d                	or	a0,a0,a1
    b3fa:	8082                	ret
    b3fc:	4781                	li	a5,0
    b3fe:	4701                	li	a4,0
    b400:	07de                	slli	a5,a5,0x17
    b402:	00e7e533          	or	a0,a5,a4
    b406:	05fe                	slli	a1,a1,0x1f
    b408:	8d4d                	or	a0,a0,a1
    b40a:	8082                	ret
    b40c:	5725                	li	a4,-23
    b40e:	fee647e3          	blt	a2,a4,b3fc <__truncdfsf2+0xbc>
    b412:	4579                	li	a0,30
    b414:	008008b7          	lui	a7,0x800
    b418:	8d11                	sub	a0,a0,a2
    b41a:	477d                	li	a4,31
    b41c:	0116e6b3          	or	a3,a3,a7
    b420:	04a75063          	bge	a4,a0,b460 <__truncdfsf2+0x120>
    b424:	5779                	li	a4,-2
    b426:	8f11                	sub	a4,a4,a2
    b428:	02000613          	li	a2,32
    b42c:	00e6d733          	srl	a4,a3,a4
    b430:	00c50863          	beq	a0,a2,b440 <__truncdfsf2+0x100>
    b434:	ca278793          	addi	a5,a5,-862 # 3fffca2 <ch32v20x_wwdg.c.13394d49+0x3fe1f39>
    b438:	00f696b3          	sll	a3,a3,a5
    b43c:	00d86833          	or	a6,a6,a3
    b440:	01003833          	snez	a6,a6
    b444:	00e86833          	or	a6,a6,a4
    b448:	00787793          	andi	a5,a6,7
    b44c:	c7b9                	beqz	a5,b49a <__truncdfsf2+0x15a>
    b44e:	00f87793          	andi	a5,a6,15
    b452:	4711                	li	a4,4
    b454:	02e79c63          	bne	a5,a4,b48c <__truncdfsf2+0x14c>
    b458:	00385813          	srli	a6,a6,0x3
    b45c:	4781                	li	a5,0
    b45e:	b73d                	j	b38c <__truncdfsf2+0x4c>
    b460:	c8278793          	addi	a5,a5,-894
    b464:	00f81733          	sll	a4,a6,a5
    b468:	00f696b3          	sll	a3,a3,a5
    b46c:	00e03733          	snez	a4,a4
    b470:	00a85833          	srl	a6,a6,a0
    b474:	8f55                	or	a4,a4,a3
    b476:	00e86733          	or	a4,a6,a4
    b47a:	00777793          	andi	a5,a4,7
    b47e:	4601                	li	a2,0
    b480:	fba9                	bnez	a5,b3d2 <__truncdfsf2+0x92>
    b482:	830d                	srli	a4,a4,0x3
    b484:	18fd                	addi	a7,a7,-1 # 7fffff <ch32v20x_wwdg.c.13394d49+0x7e2296>
    b486:	01177733          	and	a4,a4,a7
    b48a:	b5f5                	j	b376 <__truncdfsf2+0x36>
    b48c:	00480713          	addi	a4,a6,4
    b490:	4601                	li	a2,0
    b492:	00375813          	srli	a6,a4,0x3
    b496:	87b2                	mv	a5,a2
    b498:	bdd5                	j	b38c <__truncdfsf2+0x4c>
    b49a:	081a                	slli	a6,a6,0x6
    b49c:	00985713          	srli	a4,a6,0x9
    b4a0:	bdd9                	j	b376 <__truncdfsf2+0x36>
    b4a2:	071a                	slli	a4,a4,0x6
    b4a4:	8325                	srli	a4,a4,0x9
    b4a6:	0ff67793          	zext.b	a5,a2
    b4aa:	b5f1                	j	b376 <__truncdfsf2+0x36>

0000b4ac <__clzsi2>:
    b4ac:	67c1                	lui	a5,0x10
    b4ae:	02f57563          	bgeu	a0,a5,b4d8 <__clzsi2+0x2c>
    b4b2:	10053793          	sltiu	a5,a0,256
    b4b6:	0017c793          	xori	a5,a5,1
    b4ba:	078e                	slli	a5,a5,0x3
    b4bc:	02000713          	li	a4,32
    b4c0:	8f1d                	sub	a4,a4,a5
    b4c2:	00f55533          	srl	a0,a0,a5
    b4c6:	00001797          	auipc	a5,0x1
    b4ca:	a8678793          	addi	a5,a5,-1402 # bf4c <__clz_tab>
    b4ce:	97aa                	add	a5,a5,a0
    b4d0:	2388                	lbu	a0,0(a5)
    b4d2:	40a70533          	sub	a0,a4,a0
    b4d6:	8082                	ret
    b4d8:	010007b7          	lui	a5,0x1000
    b4dc:	00f57f63          	bgeu	a0,a5,b4fa <__clzsi2+0x4e>
    b4e0:	47c1                	li	a5,16
    b4e2:	00f55533          	srl	a0,a0,a5
    b4e6:	00001797          	auipc	a5,0x1
    b4ea:	a6678793          	addi	a5,a5,-1434 # bf4c <__clz_tab>
    b4ee:	97aa                	add	a5,a5,a0
    b4f0:	2388                	lbu	a0,0(a5)
    b4f2:	4741                	li	a4,16
    b4f4:	40a70533          	sub	a0,a4,a0
    b4f8:	8082                	ret
    b4fa:	47e1                	li	a5,24
    b4fc:	00f55533          	srl	a0,a0,a5
    b500:	00001797          	auipc	a5,0x1
    b504:	a4c78793          	addi	a5,a5,-1460 # bf4c <__clz_tab>
    b508:	97aa                	add	a5,a5,a0
    b50a:	2388                	lbu	a0,0(a5)
    b50c:	4721                	li	a4,8
    b50e:	40a70533          	sub	a0,a4,a0
    b512:	8082                	ret
    b514:	3fd33333          	.4byte	0x3fd33333
    b518:	3fd33333          	.4byte	0x3fd33333
    b51c:	3fd33333          	.4byte	0x3fd33333
    b520:	3fd33333          	.4byte	0x3fd33333
    b524:	30474647          	.4byte	0x30474647
    b528:	0030                	addi	a2,sp,8
    b52a:	0000                	unimp
    b52c:	ffff                	.2byte	0xffff
    b52e:	ffff                	.2byte	0xffff
    b530:	00dc                	addi	a5,sp,68
    b532:	00f0                	addi	a2,sp,76
    b534:	4550                	lw	a2,12(a0)
    b536:	4754                	lw	a3,12(a4)
	...
    b554:	0001                	nop
    b556:	1600                	addi	s0,sp,800
    b558:	0014                	.2byte	0x14
    b55a:	0000                	unimp
    b55c:	0000                	unimp
    b55e:	3f80                	lbu	s0,25(a5)
    b560:	0000                	unimp
    b562:	0000                	unimp
    b564:	30474647          	.4byte	0x30474647
    b568:	0030                	addi	a2,sp,8
    b56a:	0000                	unimp
    b56c:	ffff                	.2byte	0xffff
    b56e:	ffff                	.2byte	0xffff
    b570:	00dc                	addi	a5,sp,68
    b572:	00f0                	addi	a2,sp,76
    b574:	4550                	lw	a2,12(a0)
    b576:	4754                	lw	a3,12(a4)
	...
    b594:	0001                	nop
    b596:	1600                	addi	s0,sp,800
    b598:	0014                	.2byte	0x14
    b59a:	0000                	unimp
    b59c:	0000                	unimp
    b59e:	3f80                	lbu	s0,25(a5)
    b5a0:	0000                	unimp
    b5a2:	0000                	unimp
    b5a4:	30474647          	.4byte	0x30474647
    b5a8:	0030                	addi	a2,sp,8
    b5aa:	0000                	unimp
    b5ac:	ffff                	.2byte	0xffff
    b5ae:	ffff                	.2byte	0xffff
    b5b0:	00dc                	addi	a5,sp,68
    b5b2:	00f0                	addi	a2,sp,76
    b5b4:	4550                	lw	a2,12(a0)
    b5b6:	4754                	lw	a3,12(a4)
	...
    b5d4:	0001                	nop
    b5d6:	1600                	addi	s0,sp,800
    b5d8:	0014                	.2byte	0x14
    b5da:	0000                	unimp
    b5dc:	0000                	unimp
    b5de:	3f80                	lbu	s0,25(a5)
    b5e0:	0000                	unimp
    b5e2:	0000                	unimp
    b5e4:	30474647          	.4byte	0x30474647
    b5e8:	0030                	addi	a2,sp,8
    b5ea:	0000                	unimp
    b5ec:	ffff                	.2byte	0xffff
    b5ee:	ffff                	.2byte	0xffff
    b5f0:	00dc                	addi	a5,sp,68
    b5f2:	00f0                	addi	a2,sp,76
    b5f4:	4550                	lw	a2,12(a0)
    b5f6:	4754                	lw	a3,12(a4)
	...
    b614:	0001                	nop
    b616:	1600                	addi	s0,sp,800
    b618:	0014                	.2byte	0x14
    b61a:	0000                	unimp
    b61c:	0000                	unimp
    b61e:	3f80                	lbu	s0,25(a5)
    b620:	0000                	unimp
    b622:	0000                	unimp
    b624:	2e52                	lhu	a2,28(a2)
    b626:	0000                	unimp
    b628:	2ce2                	lhu	s0,30(s1)
    b62a:	0000                	unimp
    b62c:	2cb8                	lbu	a4,26(s1)
    b62e:	0000                	unimp
    b630:	2c76                	lhu	a3,30(s0)
    b632:	0000                	unimp
    b634:	2bd2                	lhu	a2,20(a5)
    b636:	0000                	unimp
    b638:	2d4a                	lhu	a0,28(a0)
    b63a:	0000                	unimp
    b63c:	4414                	lw	a3,8(s0)
    b63e:	0000                	unimp
    b640:	457a                	lw	a0,156(sp)
    b642:	0000                	unimp
    b644:	457a                	lw	a0,156(sp)
    b646:	0000                	unimp
    b648:	4406                	lw	s0,64(sp)
    b64a:	0000                	unimp
    b64c:	4160                	lw	s0,68(a0)
    b64e:	0000                	unimp
    b650:	3fe6                	lhu	s1,62(a5)
    b652:	0000                	unimp
    b654:	418e                	lw	gp,192(sp)
    b656:	0000                	unimp
    b658:	457a                	lw	a0,156(sp)
    b65a:	0000                	unimp
    b65c:	40c4                	lw	s1,4(s1)
    b65e:	0000                	unimp
    b660:	3b62                	lhu	s0,54(a4)
    b662:	0000                	unimp
    b664:	3bc2                	lhu	s0,52(a5)
    b666:	0000                	unimp
    b668:	3c5c                	lbu	a5,29(s0)
    b66a:	0000                	unimp
    b66c:	3cc6                	lhu	s1,60(s1)
    b66e:	0000                	unimp
    b670:	3db0                	lbu	a2,27(a1)
    b672:	0000                	unimp
    b674:	3e8a                	lhu	a0,56(a3)
    b676:	0000                	unimp
    b678:	3ece                	lhu	a1,60(a3)
    b67a:	0000                	unimp
    b67c:	819e                	mv	gp,t2
    b67e:	0000                	unimp
    b680:	8192                	mv	gp,tp
    b682:	0000                	unimp
    b684:	8006                	c.mv	zero,ra
    b686:	0000                	unimp
    b688:	8a0a                	mv	s4,sp
    b68a:	0000                	unimp
    b68c:	8172                	mv	sp,t3
	...

0000b690 <_ZL15AS5600_SDA_PORT>:
    b690:	1400 4001 1000 4001 1000 4001 1000 4001     ...@...@...@...@

0000b6a0 <_ZL15AS5600_SCL_PORT>:
    b6a0:	0c00 4001 0c00 4001 0c00 4001 0c00 4001     ...@...@...@...@

0000b6b0 <_ZZL28bambubus_build_static_serialvE3hex>:
    b6b0:	3130 3332 3534 3736 3938 4241 4443 4645     0123456789ABCDEF
    b6c0:	0000 0000                                   ....

0000b6c4 <_ZL27before_on_use_sniff_7f_rows>:
    b6c4:	403d fff8 0036 0000 fff7 fff6 0000 ffd9     =@..6...........
    b6d4:	fa57 f3f4 f0f7 b4b5 3fe7 fec9 e981 f6ce     W........?......
    b6e4:	fff4 fff3 0000 ffd9 fa57 f3f4 f0f7 b4b5     ........W.......
    b6f4:	4006 f8d8 eabc e856 fff4 fff3 0000 062a     .@....V.......*.
    b704:	fa57 f3f4 edf7 b4b5 3d8e f798 eb6c e4b5     W........=..l...
    b714:	fff5 fff4 0000 fb0b fa57 f3f4 ecf7 b4b5     ........W.......
    b724:	1bc9 0168 00de 041b fff5 fff4 0000 fee7     ..h.............
    b734:	fa57 f3f4 ecf6 b4b5 1b8d 024a 01de 0659     W.........J...Y.
    b744:	fff4 fff3 0000 ff1a fa57 f3f4 ecf6 b4b5     ........W.......
    b754:	1b71 0368 0266 07be fff4 fff3 0000 ff36     q.h.f.........6.
    b764:	fa57 f3f4 ecf6 b4b5 1b99 0487 022b 0961     W...........+.a.
    b774:	fff4 fff3 0000 00ae fa57 f3f4 ecf7 b4b5     ........W.......
    b784:	1c11 07f7 0253 0c14 fff4 fff2 0000 0098     ....S...........
    b794:	fa57 f3f4 ecf7 b4b5 1e4f 056a 0157 0839     W.......O.j.W.9.
    b7a4:	fff4 fff3 0000 00ae fa57 f3f4 ecf7 b4b5     ........W.......
    b7b4:	1db5 06a0 06a3 08e0 fff4 fff3 0000 0233     ..............3.
    b7c4:	fa57 f3f4 edf6 b4b5 1d86 054c 067e 0769     W.........L.~.i.
    b7d4:	fff4 fff3 0000 0186 fa57 f3f4 edf6 b4b5     ........W.......
    b7e4:	1d42 04f8 0400 07de fff4 fff3 0000 013d     B.............=.
    b7f4:	fa57 f3f4 edf6 b4b5 1b83 0a32 012d 0f73     W.........2.-.s.
    b804:	fff4 fff2 0000 00a3 fb57 f3f4 edf6 b4b5     ........W.......
    b814:	1c70 058a 01fe 0847 fff4 fff3 0000 00d3     p.....G.........
    b824:	fb57 f3f4 eef6 b4b5 1be9 0980 0141 0da6     W...........A...
    b834:	fff3 fff2 0000 009e fb57 f3f4 eef7 b4b5     ........W.......
    b844:	1c04 0a51 0552 0eee fff4 fff2 0000 0233     ..Q.R.........3.
    b854:	fb57 f3f4 eff7 b4b5 1d9a 05b7 03dc 0874     W.............t.
    b864:	fff3 fff2 0000 00d3 fb57 f3f4 eff7 b4b5     ........W.......
    b874:	1d3d 0583 0286 084e fff4 fff3 0000 00b5     =.....N.........
    b884:	fb57 f3f4 f0f6 b4b5 1b9e 09aa 0139 0f0b     W...........9...
    b894:	fff3 fff2 0000 0097 fb57 f3f4 f0f7 b4b5     ........W.......
    b8a4:	1c75 09c6 05ce 0d64 fff3 fff2 0000 fec3     u.....d.........
    b8b4:	fb57 f3f4 f0f6 b4b5 1d12 0642 0252 08f1     W.........B.R...
    b8c4:	fff4 fff3 0000 016a fb57 f3f4 f0f7 b4b5     ......j.W.......
    b8d4:	1c4c 09ff 054d 0f52 fff4 fff2 0000 009f     L...M.R.........
    b8e4:	fb57 f3f4 f0f7 b4b5 1e28 05c0 0682 07e3     W.......(.......
    b8f4:	fff4 fff3 0000 009f fb57 f3f4 f0f6 b4b5     ........W.......
    b904:	1d59 057c 026a 0831 fff3 fff2 0000 0152     Y.|.j.1.......R.
    b914:	fb57 f3f4 f0f7 b4b5 1cd9 0852 048e 0a8c     W.........R.....
    b924:	fff3 fff2 0000 01fb fb57 f3f4 f0f6 b4b5     ........W.......
    b934:	1cd7 070c 0324 0992 fff4 fff3 0000 012a     ....$.........*.
    b944:	fb57 f3f4 f0f7 b4b5 1b86 0cc8 0140 11c3     W...........@...
    b954:	fff3 fff2 0000 009e fa57 f3f4 f0f7 b4b5     ........W.......
    b964:	1c48 0e01 0506 10e5 fff4 fff3 0000 008a     H...............
    b974:	fa57 f3f4 f0f6 b4b5 1d86 0b06 05e2 0cf8     W...............
    b984:	fff3 fff2 0000 01fb fa57 f3f4 eff6 b4b5     ........W.......
    b994:	1e07 0a1b 04f4 0c69 fff4 fff2 0000 016a     ......i.......j.
    b9a4:	fa57 f3f4 eff7 b4b5 1e28 0a08 02fd 0c84     W.......(.......
    b9b4:	fff3 fff2 0000 0119 fa57 f3f4 eff6 b4b5     ........W.......
    b9c4:	1d08 08b3 026d 0add fff3 fff2 0000 00ae     ....m...........
    b9d4:	fa57 f3f4 eff7 b4b5 1ce6 0ac4 038d 0c87     W...............
    b9e4:	fff4 fff2 0000 0119 fa57 f3f4 eef7 b4b5     ........W.......
    b9f4:	1c64 0a42 031c 152a fff4 fff3 0000 00e6     d.B...*.........
    ba04:	fa57 f3f4 eef7 b4b5 1ce0 0ae0 03ff 0d24     W.............$.
    ba14:	fff4 fff3 0000 013d fa57 f3f4 edf6 b4b5     ......=.W.......
    ba24:	1cee 0aad 02c2 0cdb fff3 fff2 0000 00fd     ................
    ba34:	fa57 f3f4 edf7 b4b5 1d00 0a5d 0210 0cc5     W.........].....
    ba44:	fff4 fff2 0000 00d3 fa57 f3f4 edf7 b4b5     ........W.......
    ba54:	1cf7 09d4 01de 0d2a fff3 fff2 0000 00bb     ......*.........
    ba64:	fa57 f3f4 edf7 b4b5 1bcd 0c34 0203 1135     W.........4...5.
    ba74:	fff3 fff2 0000 008d fa57 f3f4 edf6 b4b5     ........W.......
    ba84:	1b9d 0efd 0208 14eb fff4 fff3 0000 00cd     ................
    ba94:	fa57 f3f4 edf7 b4b5 1e0e 0ab0 0509 0cd5     W...............
    baa4:	fff3 fff2 0000 01cd fa57 f3f4 edf6 b4b5     ........W.......
    bab4:	1af0 0e87 013d 13e9 fff3 fff2 0000 008c     ....=...........
    bac4:	fa57 f3f4 edf7 b4b5 1e26 0b3d 018b 0cf1     W.......&.=.....
    bad4:	fff3 fff2 0000 009e fb57 f3f4 edf7 b4b5     ........W.......
    bae4:	1e42 0afd 0145 0cca fff4 fff3 0000 008c     B...E...........
    baf4:	fb57 f3f4 edf7 b4b5                         W.......

0000bafc <_ZL45_bambubus_ams_motion_package_struct_init_data>:
    bafc:	c03d 002c 0003 0000 0000 0000 0000 ff00     =.,.............
    bb0c:	36ff 0000 f800 f7ff 00ff 2700 0000 f4fb     .6.........'....
    bb1c:	f6f2 b7b5 b1b4 0000 0000 0000               ............

0000bb28 <_ZL49_bambubus_ams_stu_motion_package_struct_init_data>:
    bb28:	c03d 003c 0004 0000 0000 0000 0000 0000     =.<.............
	...
    bb40:	0000 ff00 36ff 0000 f900 f8ff 00ff 2700     .....6.........'
    bb50:	0000 f4fb f6f2 b7b5 b1b4 0000 0000 ffff     ................
    bb60:	ffff 0000                                   ....

0000bb64 <g_crc8_tbl>:
    bb64:	3900 4b72 dde4 af96 c8f1 ba83 2c15 5e67     .9rK.........,g^
    bb74:	e2db 90a9 063f 744d 132a 6158 f7ce 85bc     ....?.Mt*.Xa....
    bb84:	b68f c4fd 526b 2019 477e 350c a39a d1e8     ....kR. ~G.5....
    bb94:	6d54 1f26 89b0 fbc2 9ca5 eed7 7841 0a33     Tm&.........Ax3.
    bba4:	1e27 6c55 fac3 88b1 efd6 9da4 0b32 7940     '.Ul........2.@y
    bbb4:	c5fc b78e 2118 536a 340d 467f d0e9 a29b     .....!jS.4.F....
    bbc4:	91a8 e3da 754c 073e 6059 122b 84bd f6cf     ....Lu>.Y`+.....
    bbd4:	4a73 3801 ae97 dce5 bb82 c9f0 5f66 2d14     sJ.8........f_.-
    bbe4:	774e 053c 93aa e1d8 86bf f4cd 625b 1029     Nw<.........[b).
    bbf4:	ac95 dee7 4871 3a03 5d64 2f16 b980 cbf2     ....qH.:d]./....
    bc04:	f8c1 8ab3 1c25 6e57 0930 7b42 edd4 9fa6     ....%.Wn0.B{....
    bc14:	231a 5168 c7fe b58c d2eb a099 360f 447d     .#hQ.........6}D
    bc24:	5069 221b b48d c6ff a198 d3ea 457c 370e     iP."........|E.7
    bc34:	8bb2 f9c0 6f56 1d24 7a43 0831 9ea7 ecd5     ....Vo$.Cz1.....
    bc44:	dfe6 ad94 3b02 4970 2e17 5c65 caf3 b881     .....;pI..e\....
    bc54:	043d 764f e0d9 92ab f5cc 87be 1128 635a     =.Ov........(.Zc

0000bc64 <g_crc16_tbl>:
    bc64:	0000 1021 2042 3063 4084 50a5 60c6 70e7     ..!.B c0.@.P.`.p
    bc74:	8108 9129 a14a b16b c18c d1ad e1ce f1ef     ..).J.k.........
    bc84:	1231 0210 3273 2252 52b5 4294 72f7 62d6     1...s2R".R.B.r.b
    bc94:	9339 8318 b37b a35a d3bd c39c f3ff e3de     9...{.Z.........
    bca4:	2462 3443 0420 1401 64e6 74c7 44a4 5485     b$C4 ....d.t.D.T
    bcb4:	a56a b54b 8528 9509 e5ee f5cf c5ac d58d     j.K.(...........
    bcc4:	3653 2672 1611 0630 76d7 66f6 5695 46b4     S6r&..0..v.f.V.F
    bcd4:	b75b a77a 9719 8738 f7df e7fe d79d c7bc     [.z...8.........
    bce4:	48c4 58e5 6886 78a7 0840 1861 2802 3823     .H.X.h.x@.a..(#8
    bcf4:	c9cc d9ed e98e f9af 8948 9969 a90a b92b     ........H.i...+.
    bd04:	5af5 4ad4 7ab7 6a96 1a71 0a50 3a33 2a12     .Z.J.z.jq.P.3:.*
    bd14:	dbfd cbdc fbbf eb9e 9b79 8b58 bb3b ab1a     ........y.X.;...
    bd24:	6ca6 7c87 4ce4 5cc5 2c22 3c03 0c60 1c41     .l.|.L.\",.<`.A.
    bd34:	edae fd8f cdec ddcd ad2a bd0b 8d68 9d49     ........*...h.I.
    bd44:	7e97 6eb6 5ed5 4ef4 3e13 2e32 1e51 0e70     .~.n.^.N.>2.Q.p.
    bd54:	ff9f efbe dfdd cffc bf1b af3a 9f59 8f78     ..........:.Y.x.
    bd64:	9188 81a9 b1ca a1eb d10c c12d f14e e16f     ..........-.N.o.
    bd74:	1080 00a1 30c2 20e3 5004 4025 7046 6067     .....0. .P%@Fpg`
    bd84:	83b9 9398 a3fb b3da c33d d31c e37f f35e     ........=.....^.
    bd94:	02b1 1290 22f3 32d2 4235 5214 6277 7256     .....".25B.RwbVr
    bda4:	b5ea a5cb 95a8 8589 f56e e54f d52c c50d     ........n.O.,...
    bdb4:	34e2 24c3 14a0 0481 7466 6447 5424 4405     .4.$....ftGd$T.D
    bdc4:	a7db b7fa 8799 97b8 e75f f77e c71d d73c     ........_.~...<.
    bdd4:	26d3 36f2 0691 16b0 6657 7676 4615 5634     .&.6....Wfvv.F4V
    bde4:	d94c c96d f90e e92f 99c8 89e9 b98a a9ab     L.m.../.........
    bdf4:	5844 4865 7806 6827 18c0 08e1 3882 28a3     DXeH.x'h.....8.(
    be04:	cb7d db5c eb3f fb1e 8bf9 9bd8 abbb bb9a     }.\.?...........
    be14:	4a75 5a54 6a37 7a16 0af1 1ad0 2ab3 3a92     uJTZ7j.z.....*.:
    be24:	fd2e ed0f dd6c cd4d bdaa ad8b 9de8 8dc9     ....l.M.........
    be34:	7c26 6c07 5c64 4c45 3ca2 2c83 1ce0 0cc1     &|.ld\EL.<.,....
    be44:	ef1f ff3e cf5d df7c af9b bfba 8fd9 9ff8     ..>.].|.........
    be54:	6e17 7e36 4e55 5e74 2e93 3eb2 0ed1 1ef0     .n6~UNt^...>....
    be64:	df00 ffff ddba ffff dd90 ffff de72 ffff     ............r...
    be74:	dd90 ffff ddc4 ffff dd90 ffff de72 ffff     ............r...
    be84:	ddba ffff ddba ffff ddc4 ffff de72 ffff     ............r...
    be94:	decc ffff decc ffff decc ffff ddc4 ffff     ................
    bea4:	e7e0 ffff e640 ffff e672 ffff e678 ffff     ....@...r...x...
    beb4:	e672 ffff e682 ffff e672 ffff e678 ffff     r.......r...x...
    bec4:	e640 ffff e640 ffff e682 ffff e678 ffff     @...@.......x...
    bed4:	e744 ffff e744 ffff e744 ffff e682 ffff     D...D...D.......
    bee4:	e600 ffff e600 ffff e632 ffff e834 ffff     ........2...4...
    bef4:	e632 ffff e642 ffff e632 ffff e834 ffff     2...B...2...4...
    bf04:	e600 ffff e600 ffff e642 ffff e834 ffff     ........B...4...
    bf14:	e704 ffff e704 ffff e81e ffff e5fa ffff     ................
    bf24:	e802 ffff e5fa ffff e81e ffff e5c8 ffff     ................
    bf34:	e5c8 ffff e802 ffff e81e ffff e6c8 ffff     ................
    bf44:	e6c8 ffff e6c8 ffff                         ........

0000bf4c <__clz_tab>:
    bf4c:	0100 0202 0303 0303 0404 0404 0404 0404     ................
    bf5c:	0505 0505 0505 0505 0505 0505 0505 0505     ................
    bf6c:	0606 0606 0606 0606 0606 0606 0606 0606     ................
    bf7c:	0606 0606 0606 0606 0606 0606 0606 0606     ................
    bf8c:	0707 0707 0707 0707 0707 0707 0707 0707     ................
    bf9c:	0707 0707 0707 0707 0707 0707 0707 0707     ................
    bfac:	0707 0707 0707 0707 0707 0707 0707 0707     ................
    bfbc:	0707 0707 0707 0707 0707 0707 0707 0707     ................
    bfcc:	0808 0808 0808 0808 0808 0808 0808 0808     ................
    bfdc:	0808 0808 0808 0808 0808 0808 0808 0808     ................
    bfec:	0808 0808 0808 0808 0808 0808 0808 0808     ................
    bffc:	0808 0808 0808 0808 0808 0808 0808 0808     ................
    c00c:	0808 0808 0808 0808 0808 0808 0808 0808     ................
    c01c:	0808 0808 0808 0808 0808 0808 0808 0808     ................
    c02c:	0808 0808 0808 0808 0808 0808 0808 0808     ................
    c03c:	0808 0808 0808 0808 0808 0808 0808 0808     ................
