
/home/runner/work/BMCU-C-PJARCZAK/BMCU-C-PJARCZAK/.pio/build/dm_ams_b_010/firmware.elf:     file format elf32-littleriscv


Disassembly of section .init:

00000000 <_sinit>:
   0:	7690806f          	j	8f68 <handle_reset>

Disassembly of section .vector:

00000004 <_vector_base>:
	...
   c:	00008f66          	.word	0x00008f66
  10:	00008f66          	.word	0x00008f66
  14:	00000000          	.word	0x00000000
  18:	00008f66          	.word	0x00008f66
	...
  24:	00008f66          	.word	0x00008f66
  28:	00008f66          	.word	0x00008f66
	...
  34:	00008f66          	.word	0x00008f66
  38:	00000000          	.word	0x00000000
  3c:	00008f66          	.word	0x00008f66
  40:	00000000          	.word	0x00000000
  44:	00008f66          	.word	0x00008f66
  48:	00008f66          	.word	0x00008f66
  4c:	00008f66          	.word	0x00008f66
  50:	00008f66          	.word	0x00008f66
  54:	00008f66          	.word	0x00008f66
  58:	00008f66          	.word	0x00008f66
  5c:	00008f66          	.word	0x00008f66
  60:	00008f66          	.word	0x00008f66
  64:	00008f66          	.word	0x00008f66
  68:	00008f66          	.word	0x00008f66
  6c:	00008f66          	.word	0x00008f66
  70:	00008f66          	.word	0x00008f66
  74:	00008f66          	.word	0x00008f66
  78:	00008f66          	.word	0x00008f66
  7c:	00008f66          	.word	0x00008f66
  80:	00008f66          	.word	0x00008f66
  84:	00008f66          	.word	0x00008f66
  88:	00008f66          	.word	0x00008f66
  8c:	00008f66          	.word	0x00008f66
  90:	00008f66          	.word	0x00008f66
  94:	00008f66          	.word	0x00008f66
  98:	00008f66          	.word	0x00008f66
  9c:	00008f66          	.word	0x00008f66
  a0:	00008f66          	.word	0x00008f66
  a4:	00008f66          	.word	0x00008f66
  a8:	00008f66          	.word	0x00008f66
  ac:	00008f66          	.word	0x00008f66
  b0:	00008f66          	.word	0x00008f66
  b4:	00008f66          	.word	0x00008f66
  b8:	00008f66          	.word	0x00008f66
  bc:	00008f66          	.word	0x00008f66
  c0:	00008f66          	.word	0x00008f66
  c4:	00008f66          	.word	0x00008f66
  c8:	00008f66          	.word	0x00008f66
  cc:	00008f66          	.word	0x00008f66
  d0:	00008f66          	.word	0x00008f66
  d4:	00008f66          	.word	0x00008f66
  d8:	0000634c          	.word	0x0000634c
  dc:	00008f66          	.word	0x00008f66
  e0:	00008f66          	.word	0x00008f66
  e4:	00008f66          	.word	0x00008f66
  e8:	00008f66          	.word	0x00008f66
  ec:	00008f66          	.word	0x00008f66
  f0:	00008f66          	.word	0x00008f66
  f4:	00008f66          	.word	0x00008f66
  f8:	00008f66          	.word	0x00008f66
  fc:	00008f66          	.word	0x00008f66

Disassembly of section .text:

00000100 <memcpy>:
     100:	832a                	mv	t1,a0
     102:	ca09                	beqz	a2,114 <memcpy+0x14>
     104:	00058383          	lb	t2,0(a1)
     108:	00730023          	sb	t2,0(t1)
     10c:	167d                	addi	a2,a2,-1
     10e:	0305                	addi	t1,t1,1
     110:	0585                	addi	a1,a1,1
     112:	fa6d                	bnez	a2,104 <memcpy+0x4>
     114:	8082                	ret

00000116 <memset>:
     116:	832a                	mv	t1,a0
     118:	c611                	beqz	a2,124 <memset+0xe>
     11a:	00b30023          	sb	a1,0(t1)
     11e:	167d                	addi	a2,a2,-1
     120:	0305                	addi	t1,t1,1
     122:	fe65                	bnez	a2,11a <memset+0x4>
     124:	8082                	ret

00000126 <__riscv_save_12>:
     126:	7139                	addi	sp,sp,-64
     128:	4301                	li	t1,0
     12a:	c66e                	sw	s11,12(sp)
     12c:	a019                	j	132 <__riscv_save_10+0x4>

0000012e <__riscv_save_10>:
     12e:	7139                	addi	sp,sp,-64
     130:	5341                	li	t1,-16
     132:	c86a                	sw	s10,16(sp)
     134:	ca66                	sw	s9,20(sp)
     136:	cc62                	sw	s8,24(sp)
     138:	ce5e                	sw	s7,28(sp)
     13a:	a019                	j	140 <__riscv_save_4+0x4>

0000013c <__riscv_save_4>:
     13c:	7139                	addi	sp,sp,-64
     13e:	5301                	li	t1,-32
     140:	d05a                	sw	s6,32(sp)
     142:	d256                	sw	s5,36(sp)
     144:	d452                	sw	s4,40(sp)
     146:	d64e                	sw	s3,44(sp)
     148:	d84a                	sw	s2,48(sp)
     14a:	da26                	sw	s1,52(sp)
     14c:	dc22                	sw	s0,56(sp)
     14e:	de06                	sw	ra,60(sp)
     150:	40610133          	sub	sp,sp,t1
     154:	8282                	jr	t0

00000156 <__riscv_save_0>:
     156:	1141                	addi	sp,sp,-16
     158:	c04a                	sw	s2,0(sp)
     15a:	c226                	sw	s1,4(sp)
     15c:	c422                	sw	s0,8(sp)
     15e:	c606                	sw	ra,12(sp)
     160:	8282                	jr	t0

00000162 <__riscv_restore_12>:
     162:	4db2                	lw	s11,12(sp)
     164:	0141                	addi	sp,sp,16

00000166 <__riscv_restore_10>:
     166:	4d02                	lw	s10,0(sp)
     168:	4c92                	lw	s9,4(sp)
     16a:	4c22                	lw	s8,8(sp)
     16c:	4bb2                	lw	s7,12(sp)
     16e:	0141                	addi	sp,sp,16

00000170 <__riscv_restore_4>:
     170:	4b02                	lw	s6,0(sp)
     172:	4a92                	lw	s5,4(sp)
     174:	4a22                	lw	s4,8(sp)
     176:	49b2                	lw	s3,12(sp)
     178:	0141                	addi	sp,sp,16

0000017a <__riscv_restore_0>:
     17a:	4902                	lw	s2,0(sp)
     17c:	4492                	lw	s1,4(sp)
     17e:	4422                	lw	s0,8(sp)
     180:	40b2                	lw	ra,12(sp)
     182:	0141                	addi	sp,sp,16
     184:	8082                	ret

00000186 <_ZL12filter_resetv>:
     186:	fd1ff2ef          	jal	t0,156 <__riscv_save_0>
     18a:	8481a703          	lw	a4,-1976(gp) # 200001d8 <_ZL7g_scale+0x18>
     18e:	aa018423          	sb	zero,-1368(gp) # 20000438 <_ZL10g_ring_idx>
     192:	20003537          	lui	a0,0x20003
     196:	aa0183a3          	sb	zero,-1369(gp) # 20000437 <_ZL15g_blocks_filled>
     19a:	02000613          	li	a2,32
     19e:	4581                	li	a1,0
     1a0:	c3050513          	addi	a0,a0,-976 # 20002c30 <_ZL9g_acc_sum>
     1a4:	82e1a823          	sw	a4,-2000(gp) # 200001c0 <_ZL7g_scale>
     1a8:	37bd                	jal	116 <memset>
     1aa:	20003537          	lui	a0,0x20003
     1ae:	08000613          	li	a2,128
     1b2:	4581                	li	a1,0
     1b4:	bb050513          	addi	a0,a0,-1104 # 20002bb0 <_ZL10g_ring_sum>
     1b8:	3fb9                	jal	116 <memset>
     1ba:	20003537          	lui	a0,0x20003
     1be:	04000613          	li	a2,64
     1c2:	4581                	li	a1,0
     1c4:	b7050513          	addi	a0,a0,-1168 # 20002b70 <_ZL3g_v>
     1c8:	37b9                	jal	116 <memset>
     1ca:	aa018323          	sb	zero,-1370(gp) # 20000436 <_ZL6g_v_rd>
     1ce:	aa0182a3          	sb	zero,-1371(gp) # 20000435 <_ZL11g_acc_dirty>
     1d2:	b765                	j	17a <__riscv_restore_0>

000001d4 <_ZL26process_half_update_filterPKm>:
     1d4:	67c1                	lui	a5,0x10
     1d6:	40050693          	addi	a3,a0,1024
     1da:	4801                	li	a6,0
     1dc:	4881                	li	a7,0
     1de:	4301                	li	t1,0
     1e0:	4e01                	li	t3,0
     1e2:	4e81                	li	t4,0
     1e4:	4f01                	li	t5,0
     1e6:	4f81                	li	t6,0
     1e8:	4281                	li	t0,0
     1ea:	17fd                	addi	a5,a5,-1 # ffff <MC_PULL_calibration.cpp.947435e8+0x735>
     1ec:	4118                	lw	a4,0(a0)
     1ee:	00f77633          	and	a2,a4,a5
     1f2:	8341                	srli	a4,a4,0x10
     1f4:	9732                	add	a4,a4,a2
     1f6:	92ba                	add	t0,t0,a4
     1f8:	4158                	lw	a4,4(a0)
     1fa:	00f77633          	and	a2,a4,a5
     1fe:	8341                	srli	a4,a4,0x10
     200:	9732                	add	a4,a4,a2
     202:	9fba                	add	t6,t6,a4
     204:	4518                	lw	a4,8(a0)
     206:	00f77633          	and	a2,a4,a5
     20a:	8341                	srli	a4,a4,0x10
     20c:	9732                	add	a4,a4,a2
     20e:	9f3a                	add	t5,t5,a4
     210:	4558                	lw	a4,12(a0)
     212:	00f77633          	and	a2,a4,a5
     216:	8341                	srli	a4,a4,0x10
     218:	9732                	add	a4,a4,a2
     21a:	9eba                	add	t4,t4,a4
     21c:	4918                	lw	a4,16(a0)
     21e:	00f77633          	and	a2,a4,a5
     222:	8341                	srli	a4,a4,0x10
     224:	9732                	add	a4,a4,a2
     226:	9e3a                	add	t3,t3,a4
     228:	4958                	lw	a4,20(a0)
     22a:	01075613          	srli	a2,a4,0x10
     22e:	8f7d                	and	a4,a4,a5
     230:	9732                	add	a4,a4,a2
     232:	933a                	add	t1,t1,a4
     234:	4d18                	lw	a4,24(a0)
     236:	01075613          	srli	a2,a4,0x10
     23a:	8f7d                	and	a4,a4,a5
     23c:	9732                	add	a4,a4,a2
     23e:	98ba                	add	a7,a7,a4
     240:	4d58                	lw	a4,28(a0)
     242:	02050513          	addi	a0,a0,32
     246:	01075613          	srli	a2,a4,0x10
     24a:	8f7d                	and	a4,a4,a5
     24c:	9732                	add	a4,a4,a2
     24e:	983a                	add	a6,a6,a4
     250:	f8d51ee3          	bne	a0,a3,1ec <_ZL26process_half_update_filterPKm+0x18>
     254:	aa81c683          	lbu	a3,-1368(gp) # 20000438 <_ZL10g_ring_idx>
     258:	200037b7          	lui	a5,0x20003
     25c:	bb078793          	addi	a5,a5,-1104 # 20002bb0 <_ZL10g_ring_sum>
     260:	00569713          	slli	a4,a3,0x5
     264:	97ba                	add	a5,a5,a4
     266:	20003737          	lui	a4,0x20003
     26a:	c3070713          	addi	a4,a4,-976 # 20002c30 <_ZL9g_acc_sum>
     26e:	4388                	lw	a0,0(a5)
     270:	4310                	lw	a2,0(a4)
     272:	0057a023          	sw	t0,0(a5)
     276:	8e09                	sub	a2,a2,a0
     278:	9616                	add	a2,a2,t0
     27a:	43c8                	lw	a0,4(a5)
     27c:	c310                	sw	a2,0(a4)
     27e:	4350                	lw	a2,4(a4)
     280:	01f7a223          	sw	t6,4(a5)
     284:	8e09                	sub	a2,a2,a0
     286:	967e                	add	a2,a2,t6
     288:	4788                	lw	a0,8(a5)
     28a:	c350                	sw	a2,4(a4)
     28c:	4710                	lw	a2,8(a4)
     28e:	01e7a423          	sw	t5,8(a5)
     292:	8e09                	sub	a2,a2,a0
     294:	967a                	add	a2,a2,t5
     296:	47c8                	lw	a0,12(a5)
     298:	c710                	sw	a2,8(a4)
     29a:	4750                	lw	a2,12(a4)
     29c:	01d7a623          	sw	t4,12(a5)
     2a0:	8e09                	sub	a2,a2,a0
     2a2:	9676                	add	a2,a2,t4
     2a4:	4b88                	lw	a0,16(a5)
     2a6:	c750                	sw	a2,12(a4)
     2a8:	4b10                	lw	a2,16(a4)
     2aa:	01c7a823          	sw	t3,16(a5)
     2ae:	8e09                	sub	a2,a2,a0
     2b0:	9672                	add	a2,a2,t3
     2b2:	4bc8                	lw	a0,20(a5)
     2b4:	cb10                	sw	a2,16(a4)
     2b6:	4b50                	lw	a2,20(a4)
     2b8:	0067aa23          	sw	t1,20(a5)
     2bc:	8e09                	sub	a2,a2,a0
     2be:	961a                	add	a2,a2,t1
     2c0:	4f88                	lw	a0,24(a5)
     2c2:	cb50                	sw	a2,20(a4)
     2c4:	4f10                	lw	a2,24(a4)
     2c6:	0117ac23          	sw	a7,24(a5)
     2ca:	8e09                	sub	a2,a2,a0
     2cc:	9646                	add	a2,a2,a7
     2ce:	cf10                	sw	a2,24(a4)
     2d0:	4fd0                	lw	a2,28(a5)
     2d2:	0107ae23          	sw	a6,28(a5)
     2d6:	4f5c                	lw	a5,28(a4)
     2d8:	8f91                	sub	a5,a5,a2
     2da:	97c2                	add	a5,a5,a6
     2dc:	cf5c                	sw	a5,28(a4)
     2de:	00168793          	addi	a5,a3,1
     2e2:	0ff7f793          	zext.b	a5,a5
     2e6:	470d                	li	a4,3
     2e8:	00f77363          	bgeu	a4,a5,2ee <_ZL26process_half_update_filterPKm+0x11a>
     2ec:	4781                	li	a5,0
     2ee:	aaf18423          	sb	a5,-1368(gp) # 20000438 <_ZL10g_ring_idx>
     2f2:	aa71c783          	lbu	a5,-1369(gp) # 20000437 <_ZL15g_blocks_filled>
     2f6:	468d                	li	a3,3
     2f8:	00f6ee63          	bltu	a3,a5,314 <_ZL26process_half_update_filterPKm+0x140>
     2fc:	0785                	addi	a5,a5,1
     2fe:	0ff7f793          	zext.b	a5,a5
     302:	aaf183a3          	sb	a5,-1369(gp) # 20000437 <_ZL15g_blocks_filled>
     306:	4605                	li	a2,1
     308:	00c79a63          	bne	a5,a2,31c <_ZL26process_half_update_filterPKm+0x148>
     30c:	8481a783          	lw	a5,-1976(gp) # 200001d8 <_ZL7g_scale+0x18>
     310:	82f1a823          	sw	a5,-2000(gp) # 200001c0 <_ZL7g_scale>
     314:	4705                	li	a4,1
     316:	aae182a3          	sb	a4,-1371(gp) # 20000435 <_ZL11g_acc_dirty>
     31a:	8082                	ret
     31c:	4609                	li	a2,2
     31e:	00c79563          	bne	a5,a2,328 <_ZL26process_half_update_filterPKm+0x154>
     322:	84c1a783          	lw	a5,-1972(gp) # 200001dc <_ZL7g_scale+0x1c>
     326:	b7ed                	j	310 <_ZL26process_half_update_filterPKm+0x13c>
     328:	00d79563          	bne	a5,a3,332 <_ZL26process_half_update_filterPKm+0x15e>
     32c:	8501a783          	lw	a5,-1968(gp) # 200001e0 <_ZL7g_scale+0x20>
     330:	b7c5                	j	310 <_ZL26process_half_update_filterPKm+0x13c>
     332:	8541a783          	lw	a5,-1964(gp) # 200001e4 <_ZL7g_scale+0x24>
     336:	bfe9                	j	310 <_ZL26process_half_update_filterPKm+0x13c>

00000338 <_Z12ADC_DMA_pollv>:
     338:	e1fff2ef          	jal	t0,156 <__riscv_save_0>
     33c:	4491                	li	s1,4
     33e:	40020437          	lui	s0,0x40020
     342:	401c                	lw	a5,0(s0)
     344:	0087f713          	andi	a4,a5,8
     348:	cb09                	beqz	a4,35a <_Z12ADC_DMA_pollv+0x22>
     34a:	47b9                	li	a5,14
     34c:	c05c                	sw	a5,4(s0)
     34e:	0ff0000f          	fence
     352:	3d15                	jal	186 <_ZL12filter_resetv>
     354:	14fd                	addi	s1,s1,-1
     356:	f4f5                	bnez	s1,342 <_Z12ADC_DMA_pollv+0xa>
     358:	b50d                	j	17a <__riscv_restore_0>
     35a:	0047f713          	andi	a4,a5,4
     35e:	cb19                	beqz	a4,374 <_Z12ADC_DMA_pollv+0x3c>
     360:	4791                	li	a5,4
     362:	c05c                	sw	a5,4(s0)
     364:	0ff0000f          	fence
     368:	20002537          	lui	a0,0x20002
     36c:	37050513          	addi	a0,a0,880 # 20002370 <_ZL9g_dma_buf>
     370:	3595                	jal	1d4 <_ZL26process_half_update_filterPKm>
     372:	b7cd                	j	354 <_Z12ADC_DMA_pollv+0x1c>
     374:	8b89                	andi	a5,a5,2
     376:	d3ed                	beqz	a5,358 <_Z12ADC_DMA_pollv+0x20>
     378:	4789                	li	a5,2
     37a:	c05c                	sw	a5,4(s0)
     37c:	0ff0000f          	fence
     380:	20002537          	lui	a0,0x20002
     384:	77050513          	addi	a0,a0,1904 # 20002770 <_ZL9g_dma_buf+0x400>
     388:	b7e5                	j	370 <_Z12ADC_DMA_pollv+0x38>

0000038a <_Z17ADC_DMA_get_valuev>:
     38a:	db3ff2ef          	jal	t0,13c <__riscv_save_4>
     38e:	376d                	jal	338 <_Z12ADC_DMA_pollv>
     390:	aa51c783          	lbu	a5,-1371(gp) # 20000435 <_ZL11g_acc_dirty>
     394:	200039b7          	lui	s3,0x20003
     398:	b7098993          	addi	s3,s3,-1168 # 20002b70 <_ZL3g_v>
     39c:	cbd1                	beqz	a5,430 <_Z17ADC_DMA_get_valuev+0xa6>
     39e:	200034b7          	lui	s1,0x20003
     3a2:	c3048493          	addi	s1,s1,-976 # 20002c30 <_ZL9g_acc_sum>
     3a6:	aa61ca03          	lbu	s4,-1370(gp) # 20000436 <_ZL6g_v_rd>
     3aa:	4088                	lw	a0,0(s1)
     3ac:	8301a903          	lw	s2,-2000(gp) # 200001c0 <_ZL7g_scale>
     3b0:	001a4a13          	xori	s4,s4,1
     3b4:	5290a0ef          	jal	ra,b0dc <__floatunsisf>
     3b8:	85ca                	mv	a1,s2
     3ba:	005a1413          	slli	s0,s4,0x5
     3be:	5380a0ef          	jal	ra,a8f6 <__mulsf3>
     3c2:	944e                	add	s0,s0,s3
     3c4:	c008                	sw	a0,0(s0)
     3c6:	40c8                	lw	a0,4(s1)
     3c8:	5150a0ef          	jal	ra,b0dc <__floatunsisf>
     3cc:	85ca                	mv	a1,s2
     3ce:	5280a0ef          	jal	ra,a8f6 <__mulsf3>
     3d2:	c048                	sw	a0,4(s0)
     3d4:	4488                	lw	a0,8(s1)
     3d6:	5070a0ef          	jal	ra,b0dc <__floatunsisf>
     3da:	85ca                	mv	a1,s2
     3dc:	51a0a0ef          	jal	ra,a8f6 <__mulsf3>
     3e0:	c408                	sw	a0,8(s0)
     3e2:	44c8                	lw	a0,12(s1)
     3e4:	4f90a0ef          	jal	ra,b0dc <__floatunsisf>
     3e8:	85ca                	mv	a1,s2
     3ea:	50c0a0ef          	jal	ra,a8f6 <__mulsf3>
     3ee:	c448                	sw	a0,12(s0)
     3f0:	4888                	lw	a0,16(s1)
     3f2:	4eb0a0ef          	jal	ra,b0dc <__floatunsisf>
     3f6:	85ca                	mv	a1,s2
     3f8:	4fe0a0ef          	jal	ra,a8f6 <__mulsf3>
     3fc:	c808                	sw	a0,16(s0)
     3fe:	48c8                	lw	a0,20(s1)
     400:	4dd0a0ef          	jal	ra,b0dc <__floatunsisf>
     404:	85ca                	mv	a1,s2
     406:	4f00a0ef          	jal	ra,a8f6 <__mulsf3>
     40a:	c848                	sw	a0,20(s0)
     40c:	4c88                	lw	a0,24(s1)
     40e:	4cf0a0ef          	jal	ra,b0dc <__floatunsisf>
     412:	85ca                	mv	a1,s2
     414:	4e20a0ef          	jal	ra,a8f6 <__mulsf3>
     418:	cc08                	sw	a0,24(s0)
     41a:	4cc8                	lw	a0,28(s1)
     41c:	4c10a0ef          	jal	ra,b0dc <__floatunsisf>
     420:	85ca                	mv	a1,s2
     422:	4d40a0ef          	jal	ra,a8f6 <__mulsf3>
     426:	cc48                	sw	a0,28(s0)
     428:	ab418323          	sb	s4,-1370(gp) # 20000436 <_ZL6g_v_rd>
     42c:	aa0182a3          	sb	zero,-1371(gp) # 20000435 <_ZL11g_acc_dirty>
     430:	aa61c503          	lbu	a0,-1370(gp) # 20000436 <_ZL6g_v_rd>
     434:	0516                	slli	a0,a0,0x5
     436:	954e                	add	a0,a0,s3
     438:	bb25                	j	170 <__riscv_restore_4>

0000043a <_Z20ADC_DMA_filter_resetv>:
     43a:	400207b7          	lui	a5,0x40020
     43e:	473d                	li	a4,15
     440:	c3d8                	sw	a4,4(a5)
     442:	0ff0000f          	fence
     446:	b381                	j	186 <_ZL12filter_resetv>

00000448 <_ZL14crc32_hw_wordsPKvm>:
     448:	400237b7          	lui	a5,0x40023
     44c:	4705                	li	a4,1
     44e:	c798                	sw	a4,8(a5)
     450:	8189                	srli	a1,a1,0x2
     452:	4781                	li	a5,0
     454:	400236b7          	lui	a3,0x40023
     458:	00279713          	slli	a4,a5,0x2
     45c:	972a                	add	a4,a4,a0
     45e:	4318                	lw	a4,0(a4)
     460:	0785                	addi	a5,a5,1 # 40023001 <__freertos_irq_stack_top+0x2001e001>
     462:	c298                	sw	a4,0(a3)
     464:	fef59ae3          	bne	a1,a5,458 <_ZL14crc32_hw_wordsPKvm+0x10>
     468:	4288                	lw	a0,0(a3)
     46a:	8082                	ret

0000046c <_ZL15adc_pull_raw_chiPKf>:
     46c:	4785                	li	a5,1
     46e:	00f50863          	beq	a0,a5,47e <_ZL15adc_pull_raw_chiPKf+0x12>
     472:	4789                	li	a5,2
     474:	00f50763          	beq	a0,a5,482 <_ZL15adc_pull_raw_chiPKf+0x16>
     478:	e519                	bnez	a0,486 <_ZL15adc_pull_raw_chiPKf+0x1a>
     47a:	4d88                	lw	a0,24(a1)
     47c:	8082                	ret
     47e:	4988                	lw	a0,16(a1)
     480:	8082                	ret
     482:	4588                	lw	a0,8(a1)
     484:	8082                	ret
     486:	4188                	lw	a0,0(a1)
     488:	8082                	ret

0000048a <_ZL22dm_key_v_to_centi_ceilf>:
     48a:	ccdff2ef          	jal	t0,156 <__riscv_save_0>
     48e:	1141                	addi	sp,sp,-16
     490:	00000593          	li	a1,0
     494:	842a                	mv	s0,a0
     496:	3c80a0ef          	jal	ra,a85e <__lesf2>
     49a:	04a05663          	blez	a0,4e6 <_ZL22dm_key_v_to_centi_ceilf+0x5c>
     49e:	8581a583          	lw	a1,-1960(gp) # 200001e8 <_ZL7g_scale+0x28>
     4a2:	8522                	mv	a0,s0
     4a4:	4520a0ef          	jal	ra,a8f6 <__mulsf3>
     4a8:	85c1a583          	lw	a1,-1956(gp) # 200001ec <_ZL7g_scale+0x2c>
     4ac:	7260a0ef          	jal	ra,abd2 <__subsf3>
     4b0:	c62a                	sw	a0,12(sp)
     4b2:	2ad0a0ef          	jal	ra,af5e <__fixsfsi>
     4b6:	842a                	mv	s0,a0
     4b8:	3590a0ef          	jal	ra,b010 <__floatsisf>
     4bc:	45b2                	lw	a1,12(sp)
     4be:	3a00a0ef          	jal	ra,a85e <__lesf2>
     4c2:	00055363          	bgez	a0,4c8 <_ZL22dm_key_v_to_centi_ceilf+0x3e>
     4c6:	0405                	addi	s0,s0,1 # 40020001 <__freertos_irq_stack_top+0x2001b001>
     4c8:	0ff00793          	li	a5,255
     4cc:	8522                	mv	a0,s0
     4ce:	0087d863          	bge	a5,s0,4de <_ZL22dm_key_v_to_centi_ceilf+0x54>
     4d2:	0ff00513          	li	a0,255
     4d6:	0ff57513          	zext.b	a0,a0
     4da:	0141                	addi	sp,sp,16
     4dc:	b979                	j	17a <__riscv_restore_0>
     4de:	fe045ce3          	bgez	s0,4d6 <_ZL22dm_key_v_to_centi_ceilf+0x4c>
     4e2:	4501                	li	a0,0
     4e4:	bfcd                	j	4d6 <_ZL22dm_key_v_to_centi_ceilf+0x4c>
     4e6:	4501                	li	a0,0
     4e8:	bfcd                	j	4da <_ZL22dm_key_v_to_centi_ceilf+0x50>

000004ea <_ZL19pull_v_to_percent_fhf>:
     4ea:	c53ff2ef          	jal	t0,13c <__riscv_save_4>
     4ee:	200007b7          	lui	a5,0x20000
     4f2:	050a                	slli	a0,a0,0x2
     4f4:	18078793          	addi	a5,a5,384 # 20000180 <MC_PULL_V_MIN>
     4f8:	97aa                	add	a5,a5,a0
     4fa:	4380                	lw	s0,0(a5)
     4fc:	200007b7          	lui	a5,0x20000
     500:	17078793          	addi	a5,a5,368 # 20000170 <MC_PULL_V_MAX>
     504:	97aa                	add	a5,a5,a0
     506:	0007a903          	lw	s2,0(a5)
     50a:	8601a983          	lw	s3,-1952(gp) # 200001f0 <_ZL7g_scale+0x30>
     50e:	84ae                	mv	s1,a1
     510:	8522                	mv	a0,s0
     512:	85ce                	mv	a1,s3
     514:	2b40a0ef          	jal	ra,a7c8 <__gesf2>
     518:	00a05363          	blez	a0,51e <_ZL19pull_v_to_percent_fhf+0x34>
     51c:	844e                	mv	s0,s3
     51e:	8641a983          	lw	s3,-1948(gp) # 200001f4 <_ZL7g_scale+0x34>
     522:	854a                	mv	a0,s2
     524:	85ce                	mv	a1,s3
     526:	3380a0ef          	jal	ra,a85e <__lesf2>
     52a:	00055363          	bgez	a0,530 <_ZL19pull_v_to_percent_fhf+0x46>
     52e:	894e                	mv	s2,s3
     530:	8781a583          	lw	a1,-1928(gp) # 20000208 <_ZL7g_scale+0x48>
     534:	8522                	mv	a0,s0
     536:	3e3090ef          	jal	ra,a118 <__addsf3>
     53a:	85ca                	mv	a1,s2
     53c:	28c0a0ef          	jal	ra,a7c8 <__gesf2>
     540:	00054663          	bltz	a0,54c <_ZL19pull_v_to_percent_fhf+0x62>
     544:	8681a903          	lw	s2,-1944(gp) # 200001f8 <_ZL7g_scale+0x38>
     548:	86c1a403          	lw	s0,-1940(gp) # 200001fc <_ZL7g_scale+0x3c>
     54c:	87c1aa03          	lw	s4,-1924(gp) # 2000020c <_ZL7g_scale+0x4c>
     550:	8526                	mv	a0,s1
     552:	85d2                	mv	a1,s4
     554:	30a0a0ef          	jal	ra,a85e <__lesf2>
     558:	04a04b63          	bgtz	a0,5ae <_ZL19pull_v_to_percent_fhf+0xc4>
     55c:	85a2                	mv	a1,s0
     55e:	8552                	mv	a0,s4
     560:	6720a0ef          	jal	ra,abd2 <__subsf3>
     564:	8701aa03          	lw	s4,-1936(gp) # 20000200 <_ZL7g_scale+0x40>
     568:	892a                	mv	s2,a0
     56a:	85d2                	mv	a1,s4
     56c:	2f20a0ef          	jal	ra,a85e <__lesf2>
     570:	00055363          	bgez	a0,576 <_ZL19pull_v_to_percent_fhf+0x8c>
     574:	8952                	mv	s2,s4
     576:	85a2                	mv	a1,s0
     578:	8526                	mv	a0,s1
     57a:	6580a0ef          	jal	ra,abd2 <__subsf3>
     57e:	8801a583          	lw	a1,-1920(gp) # 20000210 <_ZL7g_scale+0x50>
     582:	3740a0ef          	jal	ra,a8f6 <__mulsf3>
     586:	85ca                	mv	a1,s2
     588:	6f9090ef          	jal	ra,a480 <__divsf3>
     58c:	00000593          	li	a1,0
     590:	842a                	mv	s0,a0
     592:	2cc0a0ef          	jal	ra,a85e <__lesf2>
     596:	04054a63          	bltz	a0,5ea <_ZL19pull_v_to_percent_fhf+0x100>
     59a:	8741a483          	lw	s1,-1932(gp) # 20000204 <_ZL7g_scale+0x44>
     59e:	8522                	mv	a0,s0
     5a0:	85a6                	mv	a1,s1
     5a2:	2260a0ef          	jal	ra,a7c8 <__gesf2>
     5a6:	04a05463          	blez	a0,5ee <_ZL19pull_v_to_percent_fhf+0x104>
     5aa:	8426                	mv	s0,s1
     5ac:	a089                	j	5ee <_ZL19pull_v_to_percent_fhf+0x104>
     5ae:	85d2                	mv	a1,s4
     5b0:	854a                	mv	a0,s2
     5b2:	6200a0ef          	jal	ra,abd2 <__subsf3>
     5b6:	8701a903          	lw	s2,-1936(gp) # 20000200 <_ZL7g_scale+0x40>
     5ba:	842a                	mv	s0,a0
     5bc:	85ca                	mv	a1,s2
     5be:	2a00a0ef          	jal	ra,a85e <__lesf2>
     5c2:	00055363          	bgez	a0,5c8 <_ZL19pull_v_to_percent_fhf+0xde>
     5c6:	844a                	mv	s0,s2
     5c8:	87c1a583          	lw	a1,-1924(gp) # 2000020c <_ZL7g_scale+0x4c>
     5cc:	8526                	mv	a0,s1
     5ce:	6040a0ef          	jal	ra,abd2 <__subsf3>
     5d2:	8801a583          	lw	a1,-1920(gp) # 20000210 <_ZL7g_scale+0x50>
     5d6:	3200a0ef          	jal	ra,a8f6 <__mulsf3>
     5da:	85a2                	mv	a1,s0
     5dc:	6a5090ef          	jal	ra,a480 <__divsf3>
     5e0:	8801a583          	lw	a1,-1920(gp) # 20000210 <_ZL7g_scale+0x50>
     5e4:	335090ef          	jal	ra,a118 <__addsf3>
     5e8:	b755                	j	58c <_ZL19pull_v_to_percent_fhf+0xa2>
     5ea:	00000413          	li	s0,0
     5ee:	8581a583          	lw	a1,-1960(gp) # 200001e8 <_ZL7g_scale+0x28>
     5f2:	8522                	mv	a0,s0
     5f4:	3020a0ef          	jal	ra,a8f6 <__mulsf3>
     5f8:	bea5                	j	170 <__riscv_restore_4>

000005fa <_ZL19MC_PULL_ONLINE_readm>:
     5fa:	b2dff2ef          	jal	t0,126 <__riscv_save_12>
     5fe:	7179                	addi	sp,sp,-48
     600:	20002ab7          	lui	s5,0x20002
     604:	8b2a                	mv	s6,a0
     606:	3351                	jal	38a <_Z17ADC_DMA_get_valuev>
     608:	220a8793          	addi	a5,s5,544 # 20002220 <MC_PULL_V_OFFSET>
     60c:	47cc                	lw	a1,12(a5)
     60e:	842a                	mv	s0,a0
     610:	4108                	lw	a0,0(a0)
     612:	220a8a93          	addi	s5,s5,544
     616:	303090ef          	jal	ra,a118 <__addsf3>
     61a:	82418793          	addi	a5,gp,-2012 # 200001b4 <MC_PULL_POLARITY>
     61e:	00378783          	lb	a5,3(a5)
     622:	85aa                	mv	a1,a0
     624:	82418b93          	addi	s7,gp,-2012 # 200001b4 <MC_PULL_POLARITY>
     628:	0007d763          	bgez	a5,636 <_ZL19MC_PULL_ONLINE_readm+0x3c>
     62c:	8841a503          	lw	a0,-1916(gp) # 20000214 <_ZL7g_scale+0x54>
     630:	5a20a0ef          	jal	ra,abd2 <__subsf3>
     634:	85aa                	mv	a1,a0
     636:	200004b7          	lui	s1,0x20000
     63a:	15048793          	addi	a5,s1,336 # 20000150 <_ZL15MC_PULL_stu_raw>
     63e:	c7cc                	sw	a1,12(a5)
     640:	4408                	lw	a0,8(s0)
     642:	008aa583          	lw	a1,8(s5)
     646:	00442903          	lw	s2,4(s0)
     64a:	15048493          	addi	s1,s1,336
     64e:	2cb090ef          	jal	ra,a118 <__addsf3>
     652:	002b8783          	lb	a5,2(s7)
     656:	85aa                	mv	a1,a0
     658:	0007d763          	bgez	a5,666 <_ZL19MC_PULL_ONLINE_readm+0x6c>
     65c:	8841a503          	lw	a0,-1916(gp) # 20000214 <_ZL7g_scale+0x54>
     660:	5720a0ef          	jal	ra,abd2 <__subsf3>
     664:	85aa                	mv	a1,a0
     666:	c48c                	sw	a1,8(s1)
     668:	4808                	lw	a0,16(s0)
     66a:	004aa583          	lw	a1,4(s5)
     66e:	00c42a03          	lw	s4,12(s0)
     672:	2a7090ef          	jal	ra,a118 <__addsf3>
     676:	001b8783          	lb	a5,1(s7)
     67a:	85aa                	mv	a1,a0
     67c:	0007d763          	bgez	a5,68a <_ZL19MC_PULL_ONLINE_readm+0x90>
     680:	8841a503          	lw	a0,-1916(gp) # 20000214 <_ZL7g_scale+0x54>
     684:	54e0a0ef          	jal	ra,abd2 <__subsf3>
     688:	85aa                	mv	a1,a0
     68a:	c0cc                	sw	a1,4(s1)
     68c:	4c08                	lw	a0,24(s0)
     68e:	000aa583          	lw	a1,0(s5)
     692:	01442b83          	lw	s7,20(s0)
     696:	283090ef          	jal	ra,a118 <__addsf3>
     69a:	82418783          	lb	a5,-2012(gp) # 200001b4 <MC_PULL_POLARITY>
     69e:	85aa                	mv	a1,a0
     6a0:	0007d763          	bgez	a5,6ae <_ZL19MC_PULL_ONLINE_readm+0xb4>
     6a4:	8841a503          	lw	a0,-1916(gp) # 20000214 <_ZL7g_scale+0x54>
     6a8:	52a0a0ef          	jal	ra,abd2 <__subsf3>
     6ac:	85aa                	mv	a1,a0
     6ae:	4c5c                	lw	a5,28(s0)
     6b0:	c08c                	sw	a1,0(s1)
     6b2:	d25e                	sw	s7,36(sp)
     6b4:	d03e                	sw	a5,32(sp)
     6b6:	82c1a783          	lw	a5,-2004(gp) # 200001bc <time_hw_tpms>
     6ba:	d452                	sw	s4,40(sp)
     6bc:	d64a                	sw	s2,44(sp)
     6be:	e391                	bnez	a5,6c2 <_ZL19MC_PULL_ONLINE_readm+0xc8>
     6c0:	4785                	li	a5,1
     6c2:	06400713          	li	a4,100
     6c6:	02e78733          	mul	a4,a5,a4
     6ca:	20002a37          	lui	s4,0x20002
     6ce:	20002ab7          	lui	s5,0x20002
     6d2:	a8c18413          	addi	s0,gp,-1396 # 2000041c <_ZZL19MC_PULL_ONLINE_readmE8gst_step>
     6d6:	a8818913          	addi	s2,gp,-1400 # 20000418 <_ZZL19MC_PULL_ONLINE_readmE10gst_active>
     6da:	210a0a13          	addi	s4,s4,528 # 20002210 <_ZZL19MC_PULL_ONLINE_readmE12gst_t0_ticks>
     6de:	c43a                	sw	a4,8(sp)
     6e0:	7d000713          	li	a4,2000
     6e4:	02e78733          	mul	a4,a5,a4
     6e8:	200a8a93          	addi	s5,s5,512 # 20002200 <_ZZL19MC_PULL_ONLINE_readmE16gst_act_t0_ticks>
     6ec:	4981                	li	s3,0
     6ee:	a9018b93          	addi	s7,gp,-1392 # 20000420 <filament_channel_inserted>
     6f2:	a8418c93          	addi	s9,gp,-1404 # 20000414 <_ZL17MC_ONLINE_key_stu>
     6f6:	c63a                	sw	a4,12(sp)
     6f8:	6705                	lui	a4,0x1
     6fa:	57c70713          	addi	a4,a4,1404 # 157c <_Z10set_motionhhhh.part.0+0x2da>
     6fe:	02e787b3          	mul	a5,a5,a4
     702:	c83e                	sw	a5,16(sp)
     704:	a8018793          	addi	a5,gp,-1408 # 20000410 <_ZL13dm_fail_latch>
     708:	ca3e                	sw	a5,20(sp)
     70a:	8641a783          	lw	a5,-1948(gp) # 200001f4 <_ZL7g_scale+0x34>
     70e:	c23e                	sw	a5,4(sp)
     710:	200007b7          	lui	a5,0x20000
     714:	16078793          	addi	a5,a5,352 # 20000160 <MC_DM_KEY_NONE_THRESH>
     718:	cc3e                	sw	a5,24(sp)
     71a:	8981a783          	lw	a5,-1896(gp) # 20000228 <_ZL7g_scale+0x68>
     71e:	ce3e                	sw	a5,28(sp)
     720:	017987b3          	add	a5,s3,s7
     724:	239c                	lbu	a5,0(a5)
     726:	e7f9                	bnez	a5,7f4 <_ZL19MC_PULL_ONLINE_readm+0x1fa>
     728:	00040023          	sb	zero,0(s0)
     72c:	00090023          	sb	zero,0(s2)
     730:	000a2023          	sw	zero,0(s4)
     734:	000aa023          	sw	zero,0(s5)
     738:	01998733          	add	a4,s3,s9
     73c:	a31c                	sb	a5,0(a4)
     73e:	0985                	addi	s3,s3,1
     740:	4791                	li	a5,4
     742:	0405                	addi	s0,s0,1
     744:	0905                	addi	s2,s2,1
     746:	0a11                	addi	s4,s4,4
     748:	0a91                	addi	s5,s5,4
     74a:	fcf99be3          	bne	s3,a5,720 <_ZL19MC_PULL_ONLINE_readm+0x126>
     74e:	82018993          	addi	s3,gp,-2016 # 200001b0 <MC_PULL_pct>
     752:	82018c13          	addi	s8,gp,-2016 # 200001b0 <MC_PULL_pct>
     756:	8801a783          	lw	a5,-1920(gp) # 20000210 <_ZL7g_scale+0x50>
     75a:	20000937          	lui	s2,0x20000
     75e:	c23e                	sw	a5,4(sp)
     760:	89c1ad83          	lw	s11,-1892(gp) # 2000022c <_ZL7g_scale+0x6c>
     764:	14090913          	addi	s2,s2,320 # 20000140 <_ZL13MC_PULL_pct_f>
     768:	4401                	li	s0,0
     76a:	06400b13          	li	s6,100
     76e:	03200a93          	li	s5,50
     772:	a7c18a13          	addi	s4,gp,-1412 # 2000040c <_ZL11MC_PULL_stu>
     776:	4d11                	li	s10,4
     778:	008b87b3          	add	a5,s7,s0
     77c:	239c                	lbu	a5,0(a5)
     77e:	18079263          	bnez	a5,902 <__stack_size+0x102>
     782:	008c87b3          	add	a5,s9,s0
     786:	00078023          	sb	zero,0(a5)
     78a:	01b92023          	sw	s11,0(s2)
     78e:	01598023          	sb	s5,0(s3)
     792:	4701                	li	a4,0
     794:	014407b3          	add	a5,s0,s4
     798:	a398                	sb	a4,0(a5)
     79a:	0405                	addi	s0,s0,1
     79c:	0985                	addi	s3,s3,1
     79e:	0491                	addi	s1,s1,4
     7a0:	0911                	addi	s2,s2,4
     7a2:	fda41be3          	bne	s0,s10,778 <_ZL19MC_PULL_ONLINE_readm+0x17e>
     7a6:	200027b7          	lui	a5,0x20002
     7aa:	db078713          	addi	a4,a5,-592 # 20001db0 <ams>
     7ae:	21874683          	lbu	a3,536(a4)
     7b2:	460d                	li	a2,3
     7b4:	18d66863          	bltu	a2,a3,944 <__stack_size+0x144>
     7b8:	9bb6                	add	s7,s7,a3
     7ba:	000bc783          	lbu	a5,0(s7)
     7be:	18078363          	beqz	a5,944 <__stack_size+0x144>
     7c2:	00dc07b3          	add	a5,s8,a3
     7c6:	2394                	lbu	a3,0(a5)
     7c8:	03200613          	li	a2,50
     7cc:	4781                	li	a5,0
     7ce:	00d67463          	bgeu	a2,a3,7d6 <_ZL19MC_PULL_ONLINE_readm+0x1dc>
     7d2:	fce68793          	addi	a5,a3,-50 # 40022fce <__freertos_irq_stack_top+0x2001dfce>
     7d6:	66c1                	lui	a3,0x10
     7d8:	16fd                	addi	a3,a3,-1 # ffff <MC_PULL_calibration.cpp.947435e8+0x735>
     7da:	02d787b3          	mul	a5,a5,a3
     7de:	03200693          	li	a3,50
     7e2:	02d7d7b3          	divu	a5,a5,a3
     7e6:	07c2                	slli	a5,a5,0x10
     7e8:	83c1                	srli	a5,a5,0x10
     7ea:	22f71123          	sh	a5,546(a4)
     7ee:	6145                	addi	sp,sp,48
     7f0:	973ff06f          	j	162 <__riscv_restore_12>
     7f4:	47d2                	lw	a5,20(sp)
     7f6:	00299c13          	slli	s8,s3,0x2
     7fa:	97ce                	add	a5,a5,s3
     7fc:	239c                	lbu	a5,0(a5)
     7fe:	cfa1                	beqz	a5,856 <__stack_size+0x56>
     800:	00040023          	sb	zero,0(s0)
     804:	00090023          	sb	zero,0(s2)
     808:	018487b3          	add	a5,s1,s8
     80c:	438c                	lw	a1,0(a5)
     80e:	0ff9f513          	zext.b	a0,s3
     812:	39e1                	jal	4ea <_ZL19pull_v_to_percent_fhf>
     814:	201c                	lbu	a5,0(s0)
     816:	8d2a                	mv	s10,a0
     818:	e7ad                	bnez	a5,882 <__stack_size+0x82>
     81a:	8881a583          	lw	a1,-1912(gp) # 20000218 <_ZL7g_scale+0x58>
     81e:	0400a0ef          	jal	ra,a85e <__lesf2>
     822:	00055663          	bgez	a0,82e <__stack_size+0x2e>
     826:	4785                	li	a5,1
     828:	a01c                	sb	a5,0(s0)
     82a:	016a2023          	sw	s6,0(s4)
     82e:	020c0793          	addi	a5,s8,32
     832:	978a                	add	a5,a5,sp
     834:	0007ad03          	lw	s10,0(a5)
     838:	47e2                	lw	a5,24(sp)
     83a:	856a                	mv	a0,s10
     83c:	9c3e                	add	s8,s8,a5
     83e:	000c2583          	lw	a1,0(s8)
     842:	01c0a0ef          	jal	ra,a85e <__lesf2>
     846:	08055f63          	bgez	a0,8e4 <__stack_size+0xe4>
     84a:	00094783          	lbu	a5,0(s2)
     84e:	0786                	slli	a5,a5,0x1
     850:	0ff7f793          	zext.b	a5,a5
     854:	b5d5                	j	738 <_ZL19MC_PULL_ONLINE_readm+0x13e>
     856:	00094783          	lbu	a5,0(s2)
     85a:	d7dd                	beqz	a5,808 <__stack_size+0x8>
     85c:	020c0793          	addi	a5,s8,32
     860:	978a                	add	a5,a5,sp
     862:	4592                	lw	a1,4(sp)
     864:	4388                	lw	a0,0(a5)
     866:	763090ef          	jal	ra,a7c8 <__gesf2>
     86a:	00a04963          	bgtz	a0,87c <__stack_size+0x7c>
     86e:	000aa783          	lw	a5,0(s5)
     872:	4742                	lw	a4,16(sp)
     874:	40fb07b3          	sub	a5,s6,a5
     878:	faf77be3          	bgeu	a4,a5,82e <__stack_size+0x2e>
     87c:	00090023          	sb	zero,0(s2)
     880:	b77d                	j	82e <__stack_size+0x2e>
     882:	4d85                	li	s11,1
     884:	03b79563          	bne	a5,s11,8ae <__stack_size+0xae>
     888:	88c1a583          	lw	a1,-1908(gp) # 2000021c <_ZL7g_scale+0x5c>
     88c:	73d090ef          	jal	ra,a7c8 <__gesf2>
     890:	00a05563          	blez	a0,89a <__stack_size+0x9a>
     894:	00040023          	sb	zero,0(s0)
     898:	bf59                	j	82e <__stack_size+0x2e>
     89a:	000a2783          	lw	a5,0(s4)
     89e:	4722                	lw	a4,8(sp)
     8a0:	40fb07b3          	sub	a5,s6,a5
     8a4:	f8e7e5e3          	bltu	a5,a4,82e <__stack_size+0x2e>
     8a8:	4789                	li	a5,2
     8aa:	a01c                	sb	a5,0(s0)
     8ac:	b749                	j	82e <__stack_size+0x2e>
     8ae:	000a2783          	lw	a5,0(s4)
     8b2:	4732                	lw	a4,12(sp)
     8b4:	40fb07b3          	sub	a5,s6,a5
     8b8:	fcf76ee3          	bltu	a4,a5,894 <__stack_size+0x94>
     8bc:	8901a583          	lw	a1,-1904(gp) # 20000220 <_ZL7g_scale+0x60>
     8c0:	709090ef          	jal	ra,a7c8 <__gesf2>
     8c4:	f60545e3          	bltz	a0,82e <__stack_size+0x2e>
     8c8:	8941a583          	lw	a1,-1900(gp) # 20000224 <_ZL7g_scale+0x64>
     8cc:	856a                	mv	a0,s10
     8ce:	791090ef          	jal	ra,a85e <__lesf2>
     8d2:	f4a04ee3          	bgtz	a0,82e <__stack_size+0x2e>
     8d6:	01b90023          	sb	s11,0(s2)
     8da:	016aa023          	sw	s6,0(s5)
     8de:	00040023          	sb	zero,0(s0)
     8e2:	bfad                	j	85c <__stack_size+0x5c>
     8e4:	4592                	lw	a1,4(sp)
     8e6:	856a                	mv	a0,s10
     8e8:	6e1090ef          	jal	ra,a7c8 <__gesf2>
     8ec:	4785                	li	a5,1
     8ee:	e4a045e3          	bgtz	a0,738 <_ZL19MC_PULL_ONLINE_readm+0x13e>
     8f2:	45f2                	lw	a1,28(sp)
     8f4:	856a                	mv	a0,s10
     8f6:	6d3090ef          	jal	ra,a7c8 <__gesf2>
     8fa:	00152793          	slti	a5,a0,1
     8fe:	0789                	addi	a5,a5,2
     900:	bd25                	j	738 <_ZL19MC_PULL_ONLINE_readm+0x13e>
     902:	408c                	lw	a1,0(s1)
     904:	0ff47513          	zext.b	a0,s0
     908:	36cd                	jal	4ea <_ZL19pull_v_to_percent_fhf>
     90a:	4592                	lw	a1,4(sp)
     90c:	00a92023          	sw	a0,0(s2)
     910:	009090ef          	jal	ra,a118 <__addsf3>
     914:	64a0a0ef          	jal	ra,af5e <__fixsfsi>
     918:	00054863          	bltz	a0,928 <__stack_size+0x128>
     91c:	00ab5a63          	bge	s6,a0,930 <__stack_size+0x130>
     920:	01698023          	sb	s6,0(s3)
     924:	4705                	li	a4,1
     926:	b5bd                	j	794 <_ZL19MC_PULL_ONLINE_readm+0x19a>
     928:	00098023          	sb	zero,0(s3)
     92c:	577d                	li	a4,-1
     92e:	b59d                	j	794 <_ZL19MC_PULL_ONLINE_readm+0x19a>
     930:	00a98023          	sb	a0,0(s3)
     934:	04600793          	li	a5,70
     938:	fea7c6e3          	blt	a5,a0,924 <__stack_size+0x124>
     93c:	47f5                	li	a5,29
     93e:	e4a7cae3          	blt	a5,a0,792 <_ZL19MC_PULL_ONLINE_readm+0x198>
     942:	b7ed                	j	92c <__stack_size+0x12c>
     944:	67c1                	lui	a5,0x10
     946:	17fd                	addi	a5,a5,-1 # ffff <MC_PULL_calibration.cpp.947435e8+0x735>
     948:	b54d                	j	7ea <_ZL19MC_PULL_ONLINE_readm+0x1f0>

0000094a <_ZL23Motion_control_defaultsv>:
     94a:	200027b7          	lui	a5,0x20002
     94e:	40614737          	lui	a4,0x40614
     952:	d9878793          	addi	a5,a5,-616 # 20001d98 <Motion_control_data_save>
     956:	06170713          	addi	a4,a4,97 # 40614061 <__freertos_irq_stack_top+0x2060f061>
     95a:	cb98                	sw	a4,16(a5)
     95c:	3c3c4737          	lui	a4,0x3c3c4
     960:	c3c70713          	addi	a4,a4,-964 # 3c3c3c3c <__freertos_irq_stack_top+0x1c3bec3c>
     964:	0007a023          	sw	zero,0(a5)
     968:	0007a223          	sw	zero,4(a5)
     96c:	0007a423          	sw	zero,8(a5)
     970:	0007a623          	sw	zero,12(a5)
     974:	cbd8                	sw	a4,20(a5)
     976:	8082                	ret

00000978 <_ZL26Motion_control_apply_savedv>:
     978:	fc4ff2ef          	jal	t0,13c <__riscv_save_4>
     97c:	20002437          	lui	s0,0x20002
     980:	8a01a983          	lw	s3,-1888(gp) # 20000230 <_ZL7g_scale+0x70>
     984:	d9840413          	addi	s0,s0,-616 # 20001d98 <Motion_control_data_save>
     988:	200004b7          	lui	s1,0x20000
     98c:	16048493          	addi	s1,s1,352 # 20000160 <MC_DM_KEY_NONE_THRESH>
     990:	00440913          	addi	s2,s0,4
     994:	03b00a13          	li	s4,59
     998:	03c00a93          	li	s5,60
     99c:	285c                	lbu	a5,20(s0)
     99e:	00fa6463          	bltu	s4,a5,9a6 <_ZL26Motion_control_apply_savedv+0x2e>
     9a2:	01540a23          	sb	s5,20(s0)
     9a6:	2848                	lbu	a0,20(s0)
     9a8:	0405                	addi	s0,s0,1
     9aa:	0491                	addi	s1,s1,4
     9ac:	7300a0ef          	jal	ra,b0dc <__floatunsisf>
     9b0:	85ce                	mv	a1,s3
     9b2:	745090ef          	jal	ra,a8f6 <__mulsf3>
     9b6:	fea4ae23          	sw	a0,-4(s1)
     9ba:	ff2411e3          	bne	s0,s2,99c <_ZL26Motion_control_apply_savedv+0x24>
     9be:	fb2ff06f          	j	170 <__riscv_restore_4>

000009c2 <_ZN9MOTOR_PID8caculateEff>:
     9c2:	f7aff2ef          	jal	t0,13c <__riscv_save_4>
     9c6:	892e                	mv	s2,a1
     9c8:	414c                	lw	a1,4(a0)
     9ca:	842a                	mv	s0,a0
     9cc:	854a                	mv	a0,s2
     9ce:	89b2                	mv	s3,a2
     9d0:	727090ef          	jal	ra,a8f6 <__mulsf3>
     9d4:	85ce                	mv	a1,s3
     9d6:	721090ef          	jal	ra,a8f6 <__mulsf3>
     9da:	444c                	lw	a1,12(s0)
     9dc:	73c090ef          	jal	ra,a118 <__addsf3>
     9e0:	01c42a83          	lw	s5,28(s0)
     9e4:	84aa                	mv	s1,a0
     9e6:	85d6                	mv	a1,s5
     9e8:	5e1090ef          	jal	ra,a7c8 <__gesf2>
     9ec:	00a05363          	blez	a0,9f2 <_ZN9MOTOR_PID8caculateEff+0x30>
     9f0:	84d6                	mv	s1,s5
     9f2:	80000a37          	lui	s4,0x80000
     9f6:	015a4a33          	xor	s4,s4,s5
     9fa:	85a6                	mv	a1,s1
     9fc:	8552                	mv	a0,s4
     9fe:	5cb090ef          	jal	ra,a7c8 <__gesf2>
     a02:	00a05363          	blez	a0,a08 <_ZN9MOTOR_PID8caculateEff+0x46>
     a06:	84d2                	mv	s1,s4
     a08:	400c                	lw	a1,0(s0)
     a0a:	c444                	sw	s1,12(s0)
     a0c:	854a                	mv	a0,s2
     a0e:	6e9090ef          	jal	ra,a8f6 <__mulsf3>
     a12:	85a6                	mv	a1,s1
     a14:	704090ef          	jal	ra,a118 <__addsf3>
     a18:	84aa                	mv	s1,a0
     a1a:	00000593          	li	a1,0
     a1e:	854e                	mv	a0,s3
     a20:	54b090ef          	jal	ra,a76a <__eqsf2>
     a24:	c105                	beqz	a0,a44 <_ZN9MOTOR_PID8caculateEff+0x82>
     a26:	480c                	lw	a1,16(s0)
     a28:	854a                	mv	a0,s2
     a2a:	1a80a0ef          	jal	ra,abd2 <__subsf3>
     a2e:	440c                	lw	a1,8(s0)
     a30:	6c7090ef          	jal	ra,a8f6 <__mulsf3>
     a34:	85ce                	mv	a1,s3
     a36:	24b090ef          	jal	ra,a480 <__divsf3>
     a3a:	85aa                	mv	a1,a0
     a3c:	8526                	mv	a0,s1
     a3e:	6da090ef          	jal	ra,a118 <__addsf3>
     a42:	84aa                	mv	s1,a0
     a44:	01442983          	lw	s3,20(s0)
     a48:	85a6                	mv	a1,s1
     a4a:	854e                	mv	a0,s3
     a4c:	613090ef          	jal	ra,a85e <__lesf2>
     a50:	00054363          	bltz	a0,a56 <_ZN9MOTOR_PID8caculateEff+0x94>
     a54:	89a6                	mv	s3,s1
     a56:	4c04                	lw	s1,24(s0)
     a58:	85ce                	mv	a1,s3
     a5a:	8526                	mv	a0,s1
     a5c:	56d090ef          	jal	ra,a7c8 <__gesf2>
     a60:	00a04363          	bgtz	a0,a66 <_ZN9MOTOR_PID8caculateEff+0xa4>
     a64:	84ce                	mv	s1,s3
     a66:	01242823          	sw	s2,16(s0)
     a6a:	8526                	mv	a0,s1
     a6c:	f04ff06f          	j	170 <__riscv_restore_4>

00000a70 <_ZN14_MOTOR_CONTROLC1Ei>:
     a70:	478d                	li	a5,3
     a72:	4681                	li	a3,0
     a74:	c11c                	sw	a5,0(a0)
     a76:	4785                	li	a5,1
     a78:	a51c                	sb	a5,8(a0)
     a7a:	c914                	sw	a3,16(a0)
     a7c:	d514                	sw	a3,40(a0)
     a7e:	d914                	sw	a3,48(a0)
     a80:	c134                	sw	a3,64(a0)
     a82:	8a41a783          	lw	a5,-1884(gp) # 20000234 <_ZL7g_scale+0x74>
     a86:	8b01a683          	lw	a3,-1872(gp) # 20000240 <_ZL7g_scale+0x80>
     a8a:	4701                	li	a4,0
     a8c:	c958                	sw	a4,20(a0)
     a8e:	cd1c                	sw	a5,24(a0)
     a90:	d11c                	sw	a5,32(a0)
     a92:	d558                	sw	a4,44(a0)
     a94:	d958                	sw	a4,52(a0)
     a96:	c178                	sw	a4,68(a0)
     a98:	c574                	sw	a3,76(a0)
     a9a:	8a81a783          	lw	a5,-1880(gp) # 20000238 <_ZL7g_scale+0x78>
     a9e:	8ac1a703          	lw	a4,-1876(gp) # 2000023c <_ZL7g_scale+0x7c>
     aa2:	8b41a683          	lw	a3,-1868(gp) # 20000244 <_ZL7g_scale+0x84>
     aa6:	00000613          	li	a2,0
     aaa:	d13c                	sw	a5,96(a0)
     aac:	d53c                	sw	a5,104(a0)
     aae:	c14c                	sw	a1,4(a0)
     ab0:	00050e23          	sb	zero,28(a0)
     ab4:	dd10                	sw	a2,56(a0)
     ab6:	02050e23          	sb	zero,60(a0)
     aba:	04050423          	sb	zero,72(a0)
     abe:	cd30                	sw	a2,88(a0)
     ac0:	cd70                	sw	a2,92(a0)
     ac2:	d178                	sw	a4,100(a0)
     ac4:	c934                	sw	a3,80(a0)
     ac6:	c970                	sw	a2,84(a0)
     ac8:	dd30                	sw	a2,120(a0)
     aca:	dd70                	sw	a2,124(a0)
     acc:	08f52023          	sw	a5,128(a0)
     ad0:	08f52423          	sw	a5,136(a0)
     ad4:	8b81a783          	lw	a5,-1864(gp) # 20000248 <_ZL7g_scale+0x88>
     ad8:	08e52223          	sw	a4,132(a0)
     adc:	d930                	sw	a2,112(a0)
     ade:	d57c                	sw	a5,108(a0)
     ae0:	8bc1a783          	lw	a5,-1860(gp) # 2000024c <_ZL7g_scale+0x8c>
     ae4:	d970                	sw	a2,116(a0)
     ae6:	08c52823          	sw	a2,144(a0)
     aea:	08f52623          	sw	a5,140(a0)
     aee:	08050a23          	sb	zero,148(a0)
     af2:	8082                	ret

00000af4 <_ZN14_MOTOR_CONTROL10set_motionE20filament_motion_enumyy>:
     af4:	e3aff2ef          	jal	t0,12e <__riscv_save_10>
     af8:	8a3e                	mv	s4,a5
     afa:	478d                	li	a5,3
     afc:	00052903          	lw	s2,0(a0)
     b00:	842a                	mv	s0,a0
     b02:	84ae                	mv	s1,a1
     b04:	89ba                	mv	s3,a4
     b06:	06f59163          	bne	a1,a5,b68 <_ZN14_MOTOR_CONTROL10set_motionE20filament_motion_enumyy+0x74>
     b0a:	4781                	li	a5,0
     b0c:	4801                	li	a6,0
     b0e:	c91c                	sw	a5,16(a0)
     b10:	01052a23          	sw	a6,20(a0)
     b14:	38b90963          	beq	s2,a1,ea6 <_ZN14_MOTOR_CONTROL10set_motionE20filament_motion_enumyy+0x3b2>
     b18:	4154                	lw	a3,4(a0)
     b1a:	a7818793          	addi	a5,gp,-1416 # 20000408 <_ZL18g_on_use_low_latch>
     b1e:	97b6                	add	a5,a5,a3
     b20:	239c                	lbu	a5,0(a5)
     b22:	c00c                	sw	a1,0(s0)
     b24:	e3dd                	bnez	a5,bca <_ZN14_MOTOR_CONTROL10set_motionE20filament_motion_enumyy+0xd6>
     b26:	00050423          	sb	zero,8(a0)
     b2a:	4709                	li	a4,2
     b2c:	405c                	lw	a5,4(s0)
     b2e:	12e49663          	bne	s1,a4,c5a <_ZN14_MOTOR_CONTROL10set_motionE20filament_motion_enumyy+0x166>
     b32:	05342023          	sw	s3,64(s0)
     b36:	05442223          	sw	s4,68(s0)
     b3a:	18090063          	beqz	s2,cba <_ZN14_MOTOR_CONTROL10set_motionE20filament_motion_enumyy+0x1c6>
     b3e:	200027b7          	lui	a5,0x20002
     b42:	d6878793          	addi	a5,a5,-664 # 20001d68 <_ZL21g_last_on_use_exit_ms>
     b46:	0e990b63          	beq	s2,s1,c3c <_ZN14_MOTOR_CONTROL10set_motionE20filament_motion_enumyy+0x148>
     b4a:	4719                	li	a4,6
     b4c:	2ce90163          	beq	s2,a4,e0e <_ZN14_MOTOR_CONTROL10set_motionE20filament_motion_enumyy+0x31a>
     b50:	4058                	lw	a4,4(s0)
     b52:	200027b7          	lui	a5,0x20002
     b56:	d6878793          	addi	a5,a5,-664 # 20001d68 <_ZL21g_last_on_use_exit_ms>
     b5a:	070e                	slli	a4,a4,0x3
     b5c:	97ba                	add	a5,a5,a4
     b5e:	4681                	li	a3,0
     b60:	4701                	li	a4,0
     b62:	c394                	sw	a3,0(a5)
     b64:	c3d8                	sw	a4,4(a5)
     b66:	ac35                	j	da2 <_ZN14_MOTOR_CONTROL10set_motionE20filament_motion_enumyy+0x2ae>
     b68:	963a                	add	a2,a2,a4
     b6a:	00e637b3          	sltu	a5,a2,a4
     b6e:	96d2                	add	a3,a3,s4
     b70:	97b6                	add	a5,a5,a3
     b72:	c910                	sw	a2,16(a0)
     b74:	c95c                	sw	a5,20(a0)
     b76:	33258863          	beq	a1,s2,ea6 <_ZN14_MOTOR_CONTROL10set_motionE20filament_motion_enumyy+0x3b2>
     b7a:	c00c                	sw	a1,0(s0)
     b7c:	4799                	li	a5,6
     b7e:	4154                	lw	a3,4(a0)
     b80:	04f59063          	bne	a1,a5,bc0 <_ZN14_MOTOR_CONTROL10set_motionE20filament_motion_enumyy+0xcc>
     b84:	00050423          	sb	zero,8(a0)
     b88:	16090463          	beqz	s2,cf0 <_ZN14_MOTOR_CONTROL10set_motionE20filament_motion_enumyy+0x1fc>
     b8c:	4789                	li	a5,2
     b8e:	22f91663          	bne	s2,a5,dba <_ZN14_MOTOR_CONTROL10set_motionE20filament_motion_enumyy+0x2c6>
     b92:	4781                	li	a5,0
     b94:	c13c                	sw	a5,64(a0)
     b96:	200027b7          	lui	a5,0x20002
     b9a:	068e                	slli	a3,a3,0x3
     b9c:	d6878793          	addi	a5,a5,-664 # 20001d68 <_ZL21g_last_on_use_exit_ms>
     ba0:	97b6                	add	a5,a5,a3
     ba2:	4398                	lw	a4,0(a5)
     ba4:	43d4                	lw	a3,4(a5)
     ba6:	4801                	li	a6,0
     ba8:	05052223          	sw	a6,68(a0)
     bac:	8f55                	or	a4,a4,a3
     bae:	e709                	bnez	a4,bb8 <_ZN14_MOTOR_CONTROL10set_motionE20filament_motion_enumyy+0xc4>
     bb0:	4605                	li	a2,1
     bb2:	4681                	li	a3,0
     bb4:	c390                	sw	a2,0(a5)
     bb6:	c3d4                	sw	a3,4(a5)
     bb8:	4789                	li	a5,2
     bba:	f8f48be3          	beq	s1,a5,b50 <_ZN14_MOTOR_CONTROL10set_motionE20filament_motion_enumyy+0x5c>
     bbe:	a2d5                	j	da2 <_ZN14_MOTOR_CONTROL10set_motionE20filament_motion_enumyy+0x2ae>
     bc0:	a7818793          	addi	a5,gp,-1416 # 20000408 <_ZL18g_on_use_low_latch>
     bc4:	97b6                	add	a5,a5,a3
     bc6:	239c                	lbu	a5,0(a5)
     bc8:	c785                	beqz	a5,bf0 <_ZN14_MOTOR_CONTROL10set_motionE20filament_motion_enumyy+0xfc>
     bca:	a7418793          	addi	a5,gp,-1420 # 20000404 <_ZL18g_on_use_jam_latch>
     bce:	97b6                	add	a5,a5,a3
     bd0:	239c                	lbu	a5,0(a5)
     bd2:	ef99                	bnez	a5,bf0 <_ZN14_MOTOR_CONTROL10set_motionE20filament_motion_enumyy+0xfc>
     bd4:	a7818793          	addi	a5,gp,-1416 # 20000408 <_ZL18g_on_use_low_latch>
     bd8:	97b6                	add	a5,a5,a3
     bda:	00078023          	sb	zero,0(a5)
     bde:	200027b7          	lui	a5,0x20002
     be2:	00269713          	slli	a4,a3,0x2
     be6:	d8878793          	addi	a5,a5,-632 # 20001d88 <_ZL18g_on_use_hi_pwm_us>
     bea:	97ba                	add	a5,a5,a4
     bec:	0007a023          	sw	zero,0(a5)
     bf0:	00040423          	sb	zero,8(s0)
     bf4:	f89d                	bnez	s1,b2a <_ZN14_MOTOR_CONTROL10set_motionE20filament_motion_enumyy+0x36>
     bf6:	200027b7          	lui	a5,0x20002
     bfa:	00669713          	slli	a4,a3,0x6
     bfe:	db078793          	addi	a5,a5,-592 # 20001db0 <ams>
     c02:	02040e23          	sb	zero,60(s0)
     c06:	97ba                	add	a5,a5,a4
     c08:	1507a783          	lw	a5,336(a5)
     c0c:	20002637          	lui	a2,0x20002
     c10:	03342823          	sw	s3,48(s0)
     c14:	dc1c                	sw	a5,56(s0)
     c16:	03442a23          	sw	s4,52(s0)
     c1a:	04040423          	sb	zero,72(s0)
     c1e:	d6860613          	addi	a2,a2,-664 # 20001d68 <_ZL21g_last_on_use_exit_ms>
     c22:	00369793          	slli	a5,a3,0x3
     c26:	1e090b63          	beqz	s2,e1c <_ZN14_MOTOR_CONTROL10set_motionE20filament_motion_enumyy+0x328>
     c2a:	4709                	li	a4,2
     c2c:	3ce91063          	bne	s2,a4,fec <_ZN14_MOTOR_CONTROL10set_motionE20filament_motion_enumyy+0x4f8>
     c30:	4781                	li	a5,0
     c32:	4801                	li	a6,0
     c34:	c03c                	sw	a5,64(s0)
     c36:	05042223          	sw	a6,68(s0)
     c3a:	a82d                	j	c74 <_ZN14_MOTOR_CONTROL10set_motionE20filament_motion_enumyy+0x180>
     c3c:	068e                	slli	a3,a3,0x3
     c3e:	96be                	add	a3,a3,a5
     c40:	4801                	li	a6,0
     c42:	4781                	li	a5,0
     c44:	c29c                	sw	a5,0(a3)
     c46:	0106a223          	sw	a6,4(a3)
     c4a:	00000793          	li	a5,0
     c4e:	cc3c                	sw	a5,88(s0)
     c50:	cc7c                	sw	a5,92(s0)
     c52:	dc3c                	sw	a5,120(s0)
     c54:	dc7c                	sw	a5,124(s0)
     c56:	4909                	li	s2,2
     c58:	ae15                	j	f8c <_ZN14_MOTOR_CONTROL10set_motionE20filament_motion_enumyy+0x498>
     c5a:	0e090063          	beqz	s2,d3a <_ZN14_MOTOR_CONTROL10set_motionE20filament_motion_enumyy+0x246>
     c5e:	14e91b63          	bne	s2,a4,db4 <_ZN14_MOTOR_CONTROL10set_motionE20filament_motion_enumyy+0x2c0>
     c62:	4781                	li	a5,0
     c64:	4801                	li	a6,0
     c66:	c03c                	sw	a5,64(s0)
     c68:	05042223          	sw	a6,68(s0)
     c6c:	4799                	li	a5,6
     c6e:	10f48c63          	beq	s1,a5,d86 <_ZN14_MOTOR_CONTROL10set_motionE20filament_motion_enumyy+0x292>
     c72:	fce1                	bnez	s1,c4a <_ZN14_MOTOR_CONTROL10set_motionE20filament_motion_enumyy+0x156>
     c74:	200027b7          	lui	a5,0x20002
     c78:	d6878793          	addi	a5,a5,-664 # 20001d68 <_ZL21g_last_on_use_exit_ms>
     c7c:	068e                	slli	a3,a3,0x3
     c7e:	96be                	add	a3,a3,a5
     c80:	4781                	li	a5,0
     c82:	4801                	li	a6,0
     c84:	c29c                	sw	a5,0(a3)
     c86:	00000793          	li	a5,0
     c8a:	0106a223          	sw	a6,4(a3)
     c8e:	08040a23          	sb	zero,148(s0)
     c92:	cc3c                	sw	a5,88(s0)
     c94:	cc7c                	sw	a5,92(s0)
     c96:	dc3c                	sw	a5,120(s0)
     c98:	dc7c                	sw	a5,124(s0)
     c9a:	4909                	li	s2,2
     c9c:	8a41a783          	lw	a5,-1884(gp) # 20000234 <_ZL7g_scale+0x74>
     ca0:	00040e23          	sb	zero,28(s0)
     ca4:	4719                	li	a4,6
     ca6:	cc1c                	sw	a5,24(s0)
     ca8:	1ee91563          	bne	s2,a4,e92 <_ZN14_MOTOR_CONTROL10set_motionE20filament_motion_enumyy+0x39e>
     cac:	d01c                	sw	a5,32(s0)
     cae:	4801                	li	a6,0
     cb0:	4781                	li	a5,0
     cb2:	d41c                	sw	a5,40(s0)
     cb4:	03042623          	sw	a6,44(s0)
     cb8:	aae9                	j	e92 <_ZN14_MOTOR_CONTROL10set_motionE20filament_motion_enumyy+0x39e>
     cba:	4701                	li	a4,0
     cbc:	4681                	li	a3,0
     cbe:	d858                	sw	a4,52(s0)
     cc0:	00000713          	li	a4,0
     cc4:	d814                	sw	a3,48(s0)
     cc6:	04040423          	sb	zero,72(s0)
     cca:	02040e23          	sb	zero,60(s0)
     cce:	dc18                	sw	a4,56(s0)
     cd0:	4709                	li	a4,2
     cd2:	08e48463          	beq	s1,a4,d5a <_ZN14_MOTOR_CONTROL10set_motionE20filament_motion_enumyy+0x266>
     cd6:	00000713          	li	a4,0
     cda:	08040a23          	sb	zero,148(s0)
     cde:	cc38                	sw	a4,88(s0)
     ce0:	cc78                	sw	a4,92(s0)
     ce2:	dc38                	sw	a4,120(s0)
     ce4:	dc78                	sw	a4,124(s0)
     ce6:	16049963          	bnez	s1,e58 <_ZN14_MOTOR_CONTROL10set_motionE20filament_motion_enumyy+0x364>
     cea:	8a41a783          	lw	a5,-1884(gp) # 20000234 <_ZL7g_scale+0x74>
     cee:	a2d9                	j	eb4 <_ZN14_MOTOR_CONTROL10set_motionE20filament_motion_enumyy+0x3c0>
     cf0:	4781                	li	a5,0
     cf2:	4801                	li	a6,0
     cf4:	d91c                	sw	a5,48(a0)
     cf6:	00000793          	li	a5,0
     cfa:	03052a23          	sw	a6,52(a0)
     cfe:	04050423          	sb	zero,72(a0)
     d02:	02050e23          	sb	zero,60(a0)
     d06:	dd1c                	sw	a5,56(a0)
     d08:	200027b7          	lui	a5,0x20002
     d0c:	068e                	slli	a3,a3,0x3
     d0e:	d6878793          	addi	a5,a5,-664 # 20001d68 <_ZL21g_last_on_use_exit_ms>
     d12:	97b6                	add	a5,a5,a3
     d14:	4398                	lw	a4,0(a5)
     d16:	43d4                	lw	a3,4(a5)
     d18:	8f55                	or	a4,a4,a3
     d1a:	e709                	bnez	a4,d24 <_ZN14_MOTOR_CONTROL10set_motionE20filament_motion_enumyy+0x230>
     d1c:	4605                	li	a2,1
     d1e:	4681                	li	a3,0
     d20:	c390                	sw	a2,0(a5)
     d22:	c3d4                	sw	a3,4(a5)
     d24:	00000793          	li	a5,0
     d28:	08040a23          	sb	zero,148(s0)
     d2c:	cc3c                	sw	a5,88(s0)
     d2e:	cc7c                	sw	a5,92(s0)
     d30:	dc3c                	sw	a5,120(s0)
     d32:	dc7c                	sw	a5,124(s0)
     d34:	4b05                	li	s6,1
     d36:	4901                	li	s2,0
     d38:	aa49                	j	eca <_ZN14_MOTOR_CONTROL10set_motionE20filament_motion_enumyy+0x3d6>
     d3a:	4701                	li	a4,0
     d3c:	4681                	li	a3,0
     d3e:	d858                	sw	a4,52(s0)
     d40:	00000713          	li	a4,0
     d44:	d814                	sw	a3,48(s0)
     d46:	dc18                	sw	a4,56(s0)
     d48:	04040423          	sb	zero,72(s0)
     d4c:	02040e23          	sb	zero,60(s0)
     d50:	4719                	li	a4,6
     d52:	86be                	mv	a3,a5
     d54:	fae48ae3          	beq	s1,a4,d08 <_ZN14_MOTOR_CONTROL10set_motionE20filament_motion_enumyy+0x214>
     d58:	bfa5                	j	cd0 <_ZN14_MOTOR_CONTROL10set_motionE20filament_motion_enumyy+0x1dc>
     d5a:	20002737          	lui	a4,0x20002
     d5e:	d6870713          	addi	a4,a4,-664 # 20001d68 <_ZL21g_last_on_use_exit_ms>
     d62:	078e                	slli	a5,a5,0x3
     d64:	97ba                	add	a5,a5,a4
     d66:	4681                	li	a3,0
     d68:	4701                	li	a4,0
     d6a:	c394                	sw	a3,0(a5)
     d6c:	c3d8                	sw	a4,4(a5)
     d6e:	00000793          	li	a5,0
     d72:	08040a23          	sb	zero,148(s0)
     d76:	cc3c                	sw	a5,88(s0)
     d78:	cc7c                	sw	a5,92(s0)
     d7a:	dc3c                	sw	a5,120(s0)
     d7c:	dc7c                	sw	a5,124(s0)
     d7e:	4789                	li	a5,2
     d80:	f6f485e3          	beq	s1,a5,cea <_ZN14_MOTOR_CONTROL10set_motionE20filament_motion_enumyy+0x1f6>
     d84:	a239                	j	e92 <_ZN14_MOTOR_CONTROL10set_motionE20filament_motion_enumyy+0x39e>
     d86:	200027b7          	lui	a5,0x20002
     d8a:	d6878793          	addi	a5,a5,-664 # 20001d68 <_ZL21g_last_on_use_exit_ms>
     d8e:	068e                	slli	a3,a3,0x3
     d90:	96be                	add	a3,a3,a5
     d92:	429c                	lw	a5,0(a3)
     d94:	42d8                	lw	a4,4(a3)
     d96:	8fd9                	or	a5,a5,a4
     d98:	e789                	bnez	a5,da2 <_ZN14_MOTOR_CONTROL10set_motionE20filament_motion_enumyy+0x2ae>
     d9a:	4705                	li	a4,1
     d9c:	4781                	li	a5,0
     d9e:	c298                	sw	a4,0(a3)
     da0:	c2dc                	sw	a5,4(a3)
     da2:	00000793          	li	a5,0
     da6:	cc3c                	sw	a5,88(s0)
     da8:	cc7c                	sw	a5,92(s0)
     daa:	dc3c                	sw	a5,120(s0)
     dac:	dc7c                	sw	a5,124(s0)
     dae:	1c049f63          	bnez	s1,f8c <_ZN14_MOTOR_CONTROL10set_motionE20filament_motion_enumyy+0x498>
     db2:	b5ed                	j	c9c <_ZN14_MOTOR_CONTROL10set_motionE20filament_motion_enumyy+0x1a8>
     db4:	4799                	li	a5,6
     db6:	1af49763          	bne	s1,a5,f64 <_ZN14_MOTOR_CONTROL10set_motionE20filament_motion_enumyy+0x470>
     dba:	4054                	lw	a3,4(s0)
     dbc:	200027b7          	lui	a5,0x20002
     dc0:	d6878713          	addi	a4,a5,-664 # 20001d68 <_ZL21g_last_on_use_exit_ms>
     dc4:	068e                	slli	a3,a3,0x3
     dc6:	9736                	add	a4,a4,a3
     dc8:	4310                	lw	a2,0(a4)
     dca:	434c                	lw	a1,4(a4)
     dcc:	d6878793          	addi	a5,a5,-664
     dd0:	8e4d                	or	a2,a2,a1
     dd2:	ca0d                	beqz	a2,e04 <_ZN14_MOTOR_CONTROL10set_motionE20filament_motion_enumyy+0x310>
     dd4:	4719                	li	a4,6
     dd6:	dee911e3          	bne	s2,a4,bb8 <_ZN14_MOTOR_CONTROL10set_motionE20filament_motion_enumyy+0xc4>
     dda:	4709                	li	a4,2
     ddc:	4919                	li	s2,6
     dde:	fce492e3          	bne	s1,a4,da2 <_ZN14_MOTOR_CONTROL10set_motionE20filament_motion_enumyy+0x2ae>
     de2:	97b6                	add	a5,a5,a3
     de4:	4701                	li	a4,0
     de6:	4681                	li	a3,0
     de8:	c394                	sw	a3,0(a5)
     dea:	c3d8                	sw	a4,4(a5)
     dec:	00000793          	li	a5,0
     df0:	cc3c                	sw	a5,88(s0)
     df2:	cc7c                	sw	a5,92(s0)
     df4:	dc3c                	sw	a5,120(s0)
     df6:	dc7c                	sw	a5,124(s0)
     df8:	8a41a783          	lw	a5,-1884(gp) # 20000234 <_ZL7g_scale+0x74>
     dfc:	d414                	sw	a3,40(s0)
     dfe:	d458                	sw	a4,44(s0)
     e00:	d01c                	sw	a5,32(s0)
     e02:	b5e5                	j	cea <_ZN14_MOTOR_CONTROL10set_motionE20filament_motion_enumyy+0x1f6>
     e04:	4505                	li	a0,1
     e06:	4581                	li	a1,0
     e08:	c308                	sw	a0,0(a4)
     e0a:	c34c                	sw	a1,4(a4)
     e0c:	b7e1                	j	dd4 <_ZN14_MOTOR_CONTROL10set_motionE20filament_motion_enumyy+0x2e0>
     e0e:	068e                	slli	a3,a3,0x3
     e10:	96be                	add	a3,a3,a5
     e12:	0136a023          	sw	s3,0(a3)
     e16:	0146a223          	sw	s4,4(a3)
     e1a:	bb1d                	j	b50 <_ZN14_MOTOR_CONTROL10set_motionE20filament_motion_enumyy+0x5c>
     e1c:	963e                	add	a2,a2,a5
     e1e:	4781                	li	a5,0
     e20:	4801                	li	a6,0
     e22:	c21c                	sw	a5,0(a2)
     e24:	00000793          	li	a5,0
     e28:	01062223          	sw	a6,4(a2)
     e2c:	08040a23          	sb	zero,148(s0)
     e30:	cc3c                	sw	a5,88(s0)
     e32:	cc7c                	sw	a5,92(s0)
     e34:	dc3c                	sw	a5,120(s0)
     e36:	dc7c                	sw	a5,124(s0)
     e38:	bd4d                	j	cea <_ZN14_MOTOR_CONTROL10set_motionE20filament_motion_enumyy+0x1f6>
     e3a:	963e                	add	a2,a2,a5
     e3c:	4781                	li	a5,0
     e3e:	4801                	li	a6,0
     e40:	c21c                	sw	a5,0(a2)
     e42:	00000793          	li	a5,0
     e46:	01062223          	sw	a6,4(a2)
     e4a:	08040a23          	sb	zero,148(s0)
     e4e:	cc3c                	sw	a5,88(s0)
     e50:	cc7c                	sw	a5,92(s0)
     e52:	dc3c                	sw	a5,120(s0)
     e54:	dc7c                	sw	a5,124(s0)
     e56:	b599                	j	c9c <_ZN14_MOTOR_CONTROL10set_motionE20filament_motion_enumyy+0x1a8>
     e58:	14f1                	addi	s1,s1,-4
     e5a:	4705                	li	a4,1
     e5c:	02976b63          	bltu	a4,s1,e92 <_ZN14_MOTOR_CONTROL10set_motionE20filament_motion_enumyy+0x39e>
     e60:	20000737          	lui	a4,0x20000
     e64:	078a                	slli	a5,a5,0x2
     e66:	14070713          	addi	a4,a4,320 # 20000140 <_ZL13MC_PULL_pct_f>
     e6a:	97ba                	add	a5,a5,a4
     e6c:	4384                	lw	s1,0(a5)
     e6e:	00000593          	li	a1,0
     e72:	8526                	mv	a0,s1
     e74:	1eb090ef          	jal	ra,a85e <__lesf2>
     e78:	02054c63          	bltz	a0,eb0 <_ZN14_MOTOR_CONTROL10set_motionE20filament_motion_enumyy+0x3bc>
     e7c:	8581a903          	lw	s2,-1960(gp) # 200001e8 <_ZL7g_scale+0x28>
     e80:	8526                	mv	a0,s1
     e82:	85ca                	mv	a1,s2
     e84:	145090ef          	jal	ra,a7c8 <__gesf2>
     e88:	02a04163          	bgtz	a0,eaa <_ZN14_MOTOR_CONTROL10set_motionE20filament_motion_enumyy+0x3b6>
     e8c:	cc04                	sw	s1,24(s0)
     e8e:	00040e23          	sb	zero,28(s0)
     e92:	4058                	lw	a4,4(s0)
     e94:	200027b7          	lui	a5,0x20002
     e98:	d5478793          	addi	a5,a5,-684 # 20001d54 <_ZN14_MOTOR_CONTROL6x_prevE>
     e9c:	070a                	slli	a4,a4,0x2
     e9e:	97ba                	add	a5,a5,a4
     ea0:	00000713          	li	a4,0
     ea4:	c398                	sw	a4,0(a5)
     ea6:	ac0ff06f          	j	166 <__riscv_restore_10>
     eaa:	01242c23          	sw	s2,24(s0)
     eae:	b7c5                	j	e8e <_ZN14_MOTOR_CONTROL10set_motionE20filament_motion_enumyy+0x39a>
     eb0:	00000793          	li	a5,0
     eb4:	cc1c                	sw	a5,24(s0)
     eb6:	bfe1                	j	e8e <_ZN14_MOTOR_CONTROL10set_motionE20filament_motion_enumyy+0x39a>
     eb8:	00000993          	li	s3,0
     ebc:	a229                	j	fc6 <_ZN14_MOTOR_CONTROL10set_motionE20filament_motion_enumyy+0x4d2>
     ebe:	89d2                	mv	s3,s4
     ec0:	a219                	j	fc6 <_ZN14_MOTOR_CONTROL10set_motionE20filament_motion_enumyy+0x4d2>
     ec2:	4799                	li	a5,6
     ec4:	08f49463          	bne	s1,a5,f4c <_ZN14_MOTOR_CONTROL10set_motionE20filament_motion_enumyy+0x458>
     ec8:	4b01                	li	s6,0
     eca:	00442a83          	lw	s5,4(s0)
     ece:	200007b7          	lui	a5,0x20000
     ed2:	14078793          	addi	a5,a5,320 # 20000140 <_ZL13MC_PULL_pct_f>
     ed6:	0a8a                	slli	s5,s5,0x2
     ed8:	97d6                	add	a5,a5,s5
     eda:	4384                	lw	s1,0(a5)
     edc:	00040e23          	sb	zero,28(s0)
     ee0:	00000593          	li	a1,0
     ee4:	8526                	mv	a0,s1
     ee6:	179090ef          	jal	ra,a85e <__lesf2>
     eea:	04054c63          	bltz	a0,f42 <_ZN14_MOTOR_CONTROL10set_motionE20filament_motion_enumyy+0x44e>
     eee:	8581ab83          	lw	s7,-1960(gp) # 200001e8 <_ZL7g_scale+0x28>
     ef2:	8526                	mv	a0,s1
     ef4:	85de                	mv	a1,s7
     ef6:	0d3090ef          	jal	ra,a7c8 <__gesf2>
     efa:	04a04763          	bgtz	a0,f48 <_ZN14_MOTOR_CONTROL10set_motionE20filament_motion_enumyy+0x454>
     efe:	1971                	addi	s2,s2,-4
     f00:	4705                	li	a4,1
     f02:	87a6                	mv	a5,s1
     f04:	01277663          	bgeu	a4,s2,f10 <_ZN14_MOTOR_CONTROL10set_motionE20filament_motion_enumyy+0x41c>
     f08:	8a41a783          	lw	a5,-1884(gp) # 20000234 <_ZL7g_scale+0x74>
     f0c:	4981                	li	s3,0
     f0e:	4a01                	li	s4,0
     f10:	cc04                	sw	s1,24(s0)
     f12:	d01c                	sw	a5,32(s0)
     f14:	03342423          	sw	s3,40(s0)
     f18:	03442623          	sw	s4,44(s0)
     f1c:	f60b0be3          	beqz	s6,e92 <_ZN14_MOTOR_CONTROL10set_motionE20filament_motion_enumyy+0x39e>
     f20:	20002437          	lui	s0,0x20002
     f24:	d5440413          	addi	s0,s0,-684 # 20001d54 <_ZN14_MOTOR_CONTROL6x_prevE>
     f28:	9456                	add	s0,s0,s5
     f2a:	00042903          	lw	s2,0(s0)
     f2e:	8c01a483          	lw	s1,-1856(gp) # 20000250 <_ZL7g_scale+0x90>
     f32:	854a                	mv	a0,s2
     f34:	85a6                	mv	a1,s1
     f36:	093090ef          	jal	ra,a7c8 <__gesf2>
     f3a:	00a05c63          	blez	a0,f52 <_ZN14_MOTOR_CONTROL10set_motionE20filament_motion_enumyy+0x45e>
     f3e:	c004                	sw	s1,0(s0)
     f40:	b79d                	j	ea6 <_ZN14_MOTOR_CONTROL10set_motionE20filament_motion_enumyy+0x3b2>
     f42:	00000493          	li	s1,0
     f46:	bf65                	j	efe <_ZN14_MOTOR_CONTROL10set_motionE20filament_motion_enumyy+0x40a>
     f48:	84de                	mv	s1,s7
     f4a:	bf55                	j	efe <_ZN14_MOTOR_CONTROL10set_motionE20filament_motion_enumyy+0x40a>
     f4c:	08f90463          	beq	s2,a5,fd4 <_ZN14_MOTOR_CONTROL10set_motionE20filament_motion_enumyy+0x4e0>
     f50:	b53d                	j	d7e <_ZN14_MOTOR_CONTROL10set_motionE20filament_motion_enumyy+0x28a>
     f52:	8c41a483          	lw	s1,-1852(gp) # 20000254 <_ZL7g_scale+0x94>
     f56:	854a                	mv	a0,s2
     f58:	85a6                	mv	a1,s1
     f5a:	105090ef          	jal	ra,a85e <__lesf2>
     f5e:	fe0540e3          	bltz	a0,f3e <_ZN14_MOTOR_CONTROL10set_motionE20filament_motion_enumyy+0x44a>
     f62:	b791                	j	ea6 <_ZN14_MOTOR_CONTROL10set_motionE20filament_motion_enumyy+0x3b2>
     f64:	e2f91fe3          	bne	s2,a5,da2 <_ZN14_MOTOR_CONTROL10set_motionE20filament_motion_enumyy+0x2ae>
     f68:	200027b7          	lui	a5,0x20002
     f6c:	00369713          	slli	a4,a3,0x3
     f70:	d6878793          	addi	a5,a5,-664 # 20001d68 <_ZL21g_last_on_use_exit_ms>
     f74:	97ba                	add	a5,a5,a4
     f76:	0137a023          	sw	s3,0(a5)
     f7a:	0147a223          	sw	s4,4(a5)
     f7e:	ccbd                	beqz	s1,ffc <_ZN14_MOTOR_CONTROL10set_motionE20filament_motion_enumyy+0x508>
     f80:	00000793          	li	a5,0
     f84:	cc3c                	sw	a5,88(s0)
     f86:	cc7c                	sw	a5,92(s0)
     f88:	dc3c                	sw	a5,120(s0)
     f8a:	dc7c                	sw	a5,124(s0)
     f8c:	ffc48793          	addi	a5,s1,-4
     f90:	4705                	li	a4,1
     f92:	f2f768e3          	bltu	a4,a5,ec2 <_ZN14_MOTOR_CONTROL10set_motionE20filament_motion_enumyy+0x3ce>
     f96:	4058                	lw	a4,4(s0)
     f98:	200007b7          	lui	a5,0x20000
     f9c:	14078793          	addi	a5,a5,320 # 20000140 <_ZL13MC_PULL_pct_f>
     fa0:	070a                	slli	a4,a4,0x2
     fa2:	97ba                	add	a5,a5,a4
     fa4:	0007a983          	lw	s3,0(a5)
     fa8:	00000593          	li	a1,0
     fac:	854e                	mv	a0,s3
     fae:	0b1090ef          	jal	ra,a85e <__lesf2>
     fb2:	f00543e3          	bltz	a0,eb8 <_ZN14_MOTOR_CONTROL10set_motionE20filament_motion_enumyy+0x3c4>
     fb6:	8581aa03          	lw	s4,-1960(gp) # 200001e8 <_ZL7g_scale+0x28>
     fba:	854e                	mv	a0,s3
     fbc:	85d2                	mv	a1,s4
     fbe:	00b090ef          	jal	ra,a7c8 <__gesf2>
     fc2:	eea04ee3          	bgtz	a0,ebe <_ZN14_MOTOR_CONTROL10set_motionE20filament_motion_enumyy+0x3ca>
     fc6:	01342c23          	sw	s3,24(s0)
     fca:	00040e23          	sb	zero,28(s0)
     fce:	4799                	li	a5,6
     fd0:	ecf911e3          	bne	s2,a5,e92 <_ZN14_MOTOR_CONTROL10set_motionE20filament_motion_enumyy+0x39e>
     fd4:	8a41a783          	lw	a5,-1884(gp) # 20000234 <_ZL7g_scale+0x74>
     fd8:	4801                	li	a6,0
     fda:	00040e23          	sb	zero,28(s0)
     fde:	cc1c                	sw	a5,24(s0)
     fe0:	d01c                	sw	a5,32(s0)
     fe2:	4781                	li	a5,0
     fe4:	d41c                	sw	a5,40(s0)
     fe6:	03042623          	sw	a6,44(s0)
     fea:	bb51                	j	d7e <_ZN14_MOTOR_CONTROL10set_motionE20filament_motion_enumyy+0x28a>
     fec:	4719                	li	a4,6
     fee:	e4e916e3          	bne	s2,a4,e3a <_ZN14_MOTOR_CONTROL10set_motionE20filament_motion_enumyy+0x346>
     ff2:	963e                	add	a2,a2,a5
     ff4:	01362023          	sw	s3,0(a2)
     ff8:	01462223          	sw	s4,4(a2)
     ffc:	200027b7          	lui	a5,0x20002
    1000:	d6878793          	addi	a5,a5,-664 # 20001d68 <_ZL21g_last_on_use_exit_ms>
    1004:	068e                	slli	a3,a3,0x3
    1006:	96be                	add	a3,a3,a5
    1008:	4781                	li	a5,0
    100a:	4801                	li	a6,0
    100c:	c29c                	sw	a5,0(a3)
    100e:	00000793          	li	a5,0
    1012:	0106a223          	sw	a6,4(a3)
    1016:	08040a23          	sb	zero,148(s0)
    101a:	cc3c                	sw	a5,88(s0)
    101c:	cc7c                	sw	a5,92(s0)
    101e:	dc3c                	sw	a5,120(s0)
    1020:	dc7c                	sw	a5,124(s0)
    1022:	4919                	li	s2,6
    1024:	b9a5                	j	c9c <_ZN14_MOTOR_CONTROL10set_motionE20filament_motion_enumyy+0x1a8>

00001026 <_Z22Motion_control_set_PWMhi>:
    1026:	02b05463          	blez	a1,104e <_Z22Motion_control_set_PWMhi+0x28>
    102a:	01059693          	slli	a3,a1,0x10
    102e:	82c1                	srli	a3,a3,0x10
    1030:	4781                	li	a5,0
    1032:	4709                	li	a4,2
    1034:	04e50263          	beq	a0,a4,1078 <_Z22Motion_control_set_PWMhi+0x52>
    1038:	02a76863          	bltu	a4,a0,1068 <_Z22Motion_control_set_PWMhi+0x42>
    103c:	40001737          	lui	a4,0x40001
    1040:	80070713          	addi	a4,a4,-2048 # 40000800 <__freertos_irq_stack_top+0x1fffb800>
    1044:	e51d                	bnez	a0,1072 <_Z22Motion_control_set_PWMhi+0x4c>
    1046:	bf56                	sh	a3,60(a4)
    1048:	04f71023          	sh	a5,64(a4)
    104c:	8082                	ret
    104e:	c981                	beqz	a1,105e <_Z22Motion_control_set_PWMhi+0x38>
    1050:	40b005b3          	neg	a1,a1
    1054:	01059793          	slli	a5,a1,0x10
    1058:	83c1                	srli	a5,a5,0x10
    105a:	4681                	li	a3,0
    105c:	bfd9                	j	1032 <_Z22Motion_control_set_PWMhi+0xc>
    105e:	3e800793          	li	a5,1000
    1062:	3e800693          	li	a3,1000
    1066:	b7f1                	j	1032 <_Z22Motion_control_set_PWMhi+0xc>
    1068:	470d                	li	a4,3
    106a:	fee511e3          	bne	a0,a4,104c <_Z22Motion_control_set_PWMhi+0x26>
    106e:	40000737          	lui	a4,0x40000
    1072:	bb56                	sh	a3,52(a4)
    1074:	bf1e                	sh	a5,56(a4)
    1076:	8082                	ret
    1078:	40000737          	lui	a4,0x40000
    107c:	42d71a23          	sh	a3,1076(a4) # 40000434 <__freertos_irq_stack_top+0x1fffb434>
    1080:	42f71c23          	sh	a5,1080(a4)
    1084:	8082                	ret

00001086 <_Z18bus_uart1_dma_sendPht>:
    1086:	200007b7          	lui	a5,0x20000
    108a:	6605                	lui	a2,0x1
    108c:	4bc78793          	addi	a5,a5,1212 # 200004bc <bus_port_to_host>
    1090:	97b2                	add	a5,a5,a2
    1092:	4297c703          	lbu	a4,1065(a5)
    1096:	c331                	beqz	a4,10da <_Z18bus_uart1_dma_sendPht+0x54>
    1098:	420784a3          	sb	zero,1065(a5)
    109c:	400207b7          	lui	a5,0x40020
    10a0:	43f8                	lw	a4,68(a5)
    10a2:	66c1                	lui	a3,0x10
    10a4:	16f9                	addi	a3,a3,-2 # fffe <MC_PULL_calibration.cpp.947435e8+0x734>
    10a6:	8f75                	and	a4,a4,a3
    10a8:	c3f8                	sw	a4,68(a5)
    10aa:	cba8                	sw	a0,80(a5)
    10ac:	40011737          	lui	a4,0x40011
    10b0:	c7ac                	sw	a1,72(a5)
    10b2:	80070713          	addi	a4,a4,-2048 # 40010800 <__freertos_irq_stack_top+0x2000b800>
    10b6:	cb10                	sw	a2,16(a4)
    10b8:	40014737          	lui	a4,0x40014
    10bc:	fbf00613          	li	a2,-65
    10c0:	80c71023          	sh	a2,-2048(a4) # 40013800 <__freertos_irq_stack_top+0x2000e800>
    10c4:	80070693          	addi	a3,a4,-2048
    10c8:	81475703          	lhu	a4,-2028(a4)
    10cc:	08076713          	ori	a4,a4,128
    10d0:	aada                	sh	a4,20(a3)
    10d2:	43f8                	lw	a4,68(a5)
    10d4:	00176713          	ori	a4,a4,1
    10d8:	c3f8                	sw	a4,68(a5)
    10da:	8082                	ret

000010dc <_Z22get_filament_left_charPK4_ams>:
    10dc:	03450793          	addi	a5,a0,52
    10e0:	4701                	li	a4,0
    10e2:	4501                	li	a0,0
    10e4:	4605                	li	a2,1
    10e6:	4589                	li	a1,2
    10e8:	46a1                	li	a3,8
    10ea:	0007c803          	lbu	a6,0(a5) # 40020000 <__freertos_irq_stack_top+0x2001b000>
    10ee:	02080263          	beqz	a6,1112 <_Z22get_filament_left_charPK4_ams+0x36>
    10f2:	00e61833          	sll	a6,a2,a4
    10f6:	01056533          	or	a0,a0,a6
    10fa:	0017c803          	lbu	a6,1(a5)
    10fe:	0ff57513          	zext.b	a0,a0
    1102:	00080863          	beqz	a6,1112 <_Z22get_filament_left_charPK4_ams+0x36>
    1106:	00e59833          	sll	a6,a1,a4
    110a:	01056533          	or	a0,a0,a6
    110e:	0ff57513          	zext.b	a0,a0
    1112:	0709                	addi	a4,a4,2
    1114:	04078793          	addi	a5,a5,64
    1118:	fcd719e3          	bne	a4,a3,10ea <_Z22get_filament_left_charPK4_ams+0xe>
    111c:	8082                	ret

0000111e <bus_crc8>:
    111e:	66b1                	lui	a3,0xc
    1120:	862a                	mv	a2,a0
    1122:	4701                	li	a4,0
    1124:	06600513          	li	a0,102
    1128:	b9068693          	addi	a3,a3,-1136 # bb90 <g_crc8_tbl>
    112c:	00e607b3          	add	a5,a2,a4
    1130:	239c                	lbu	a5,0(a5)
    1132:	0705                	addi	a4,a4,1
    1134:	8fa9                	xor	a5,a5,a0
    1136:	97b6                	add	a5,a5,a3
    1138:	2388                	lbu	a0,0(a5)
    113a:	fee599e3          	bne	a1,a4,112c <bus_crc8+0xe>
    113e:	8082                	ret

00001140 <_Z22ahubus_package_add_crcPh>:
    1140:	c131                	beqz	a0,1184 <_Z22ahubus_package_add_crcPh+0x44>
    1142:	814ff2ef          	jal	t0,156 <__riscv_save_0>
    1146:	2124                	lbu	s1,2(a0)
    1148:	458d                	li	a1,3
    114a:	842a                	mv	s0,a0
    114c:	3fc9                	jal	111e <bus_crc8>
    114e:	400237b7          	lui	a5,0x40023
    1152:	b028                	sb	a0,3(s0)
    1154:	4705                	li	a4,1
    1156:	c798                	sw	a4,8(a5)
    1158:	00248913          	addi	s2,s1,2
    115c:	4781                	li	a5,0
    115e:	400236b7          	lui	a3,0x40023
    1162:	00279713          	slli	a4,a5,0x2
    1166:	9722                	add	a4,a4,s0
    1168:	4318                	lw	a4,0(a4)
    116a:	0785                	addi	a5,a5,1 # 40023001 <__freertos_irq_stack_top+0x2001e001>
    116c:	c298                	sw	a4,0(a3)
    116e:	ff27eae3          	bltu	a5,s2,1162 <_Z22ahubus_package_add_crcPh+0x22>
    1172:	429c                	lw	a5,0(a3)
    1174:	090a                	slli	s2,s2,0x2
    1176:	944a                	add	s0,s0,s2
    1178:	00348513          	addi	a0,s1,3
    117c:	c01c                	sw	a5,0(s0)
    117e:	050a                	slli	a0,a0,0x2
    1180:	ffbfe06f          	j	17a <__riscv_restore_0>
    1184:	4501                	li	a0,0
    1186:	8082                	ret

00001188 <_Z15package_add_crcPhi>:
    1188:	fcffe2ef          	jal	t0,156 <__riscv_save_0>
    118c:	00150783          	lb	a5,1(a0)
    1190:	842a                	mv	s0,a0
    1192:	84ae                	mv	s1,a1
    1194:	ffe58913          	addi	s2,a1,-2
    1198:	0407d563          	bgez	a5,11e2 <_Z15package_add_crcPhi+0x5a>
    119c:	458d                	li	a1,3
    119e:	3741                	jal	111e <bus_crc8>
    11a0:	b028                	sb	a0,3(s0)
    11a2:	67a5                	lui	a5,0x9
    11a4:	6631                	lui	a2,0xc
    11a6:	4681                	li	a3,0
    11a8:	13d78793          	addi	a5,a5,317 # 913d <__udivdi3+0x61>
    11ac:	c9060613          	addi	a2,a2,-880 # bc90 <g_crc16_tbl>
    11b0:	00d405b3          	add	a1,s0,a3
    11b4:	218c                	lbu	a1,0(a1)
    11b6:	0087d713          	srli	a4,a5,0x8
    11ba:	07a2                	slli	a5,a5,0x8
    11bc:	8f2d                	xor	a4,a4,a1
    11be:	0706                	slli	a4,a4,0x1
    11c0:	9732                	add	a4,a4,a2
    11c2:	231a                	lhu	a4,0(a4)
    11c4:	07c2                	slli	a5,a5,0x10
    11c6:	83c1                	srli	a5,a5,0x10
    11c8:	0685                	addi	a3,a3,1 # 40023001 <__freertos_irq_stack_top+0x2001e001>
    11ca:	8fb9                	xor	a5,a5,a4
    11cc:	ff26e2e3          	bltu	a3,s2,11b0 <_Z15package_add_crcPhi+0x28>
    11d0:	9922                	add	s2,s2,s0
    11d2:	00f90023          	sb	a5,0(s2)
    11d6:	9426                	add	s0,s0,s1
    11d8:	83a1                	srli	a5,a5,0x8
    11da:	fef40fa3          	sb	a5,-1(s0)
    11de:	f9dfe06f          	j	17a <__riscv_restore_0>
    11e2:	4599                	li	a1,6
    11e4:	3f2d                	jal	111e <bus_crc8>
    11e6:	a068                	sb	a0,6(s0)
    11e8:	bf6d                	j	11a2 <_Z15package_add_crcPhi+0x1a>

000011ea <delay.part.0>:
    11ea:	82c1a703          	lw	a4,-2004(gp) # 200001bc <time_hw_tpms>
    11ee:	02e507b3          	mul	a5,a0,a4
    11f2:	02e53533          	mulhu	a0,a0,a4
    11f6:	e119                	bnez	a0,11fc <delay.part.0+0x12>
    11f8:	e399                	bnez	a5,11fe <delay.part.0+0x14>
    11fa:	8082                	ret
    11fc:	57fd                	li	a5,-1
    11fe:	e000f737          	lui	a4,0xe000f
    1202:	4714                	lw	a3,8(a4)
    1204:	e000f637          	lui	a2,0xe000f
    1208:	4618                	lw	a4,8(a2)
    120a:	8f15                	sub	a4,a4,a3
    120c:	00f76363          	bltu	a4,a5,1212 <delay.part.0+0x28>
    1210:	8082                	ret
    1212:	0001                	nop
    1214:	bfd5                	j	1208 <delay.part.0+0x1e>

00001216 <delay>:
    1216:	c111                	beqz	a0,121a <delay+0x4>
    1218:	bfc9                	j	11ea <delay.part.0>
    121a:	8082                	ret

0000121c <_Z17ADC_DMA_wait_fullv>:
    121c:	f21fe2ef          	jal	t0,13c <__riscv_save_4>
    1220:	e000f7b7          	lui	a5,0xe000f
    1224:	0087a983          	lw	s3,8(a5) # e000f008 <__freertos_irq_stack_top+0xc000a008>
    1228:	82c1a403          	lw	s0,-2004(gp) # 200001bc <time_hw_tpms>
    122c:	c809                	beqz	s0,123e <_Z17ADC_DMA_wait_fullv+0x22>
    122e:	7d000793          	li	a5,2000
    1232:	02f43733          	mulhu	a4,s0,a5
    1236:	02f40433          	mul	s0,s0,a5
    123a:	c311                	beqz	a4,123e <_Z17ADC_DMA_wait_fullv+0x22>
    123c:	547d                	li	s0,-1
    123e:	448d                	li	s1,3
    1240:	e000fa37          	lui	s4,0xe000f
    1244:	aa71c783          	lbu	a5,-1369(gp) # 20000437 <_ZL15g_blocks_filled>
    1248:	00f4f463          	bgeu	s1,a5,1250 <_Z17ADC_DMA_wait_fullv+0x34>
    124c:	f25fe06f          	j	170 <__riscv_restore_4>
    1250:	8e8ff0ef          	jal	ra,338 <_Z12ADC_DMA_pollv>
    1254:	008a2783          	lw	a5,8(s4) # e000f008 <__freertos_irq_stack_top+0xc000a008>
    1258:	413787b3          	sub	a5,a5,s3
    125c:	fef468e3          	bltu	s0,a5,124c <_Z17ADC_DMA_wait_fullv+0x30>
    1260:	4505                	li	a0,1
    1262:	3761                	jal	11ea <delay.part.0>
    1264:	b7c5                	j	1244 <_Z17ADC_DMA_wait_fullv+0x28>

00001266 <_Z35ams_datas_set_need_to_save_filamenth>:
    1266:	478d                	li	a5,3
    1268:	00a7ea63          	bltu	a5,a0,127c <_Z35ams_datas_set_need_to_save_filamenth+0x16>
    126c:	4785                	li	a5,1
    126e:	00a79533          	sll	a0,a5,a0
    1272:	a1c1c783          	lbu	a5,-1508(gp) # 200003ac <_ZL11g_fil_dirty>
    1276:	8d5d                	or	a0,a0,a5
    1278:	a0a18e23          	sb	a0,-1508(gp) # 200003ac <_ZL11g_fil_dirty>
    127c:	8082                	ret

0000127e <_Z22ams_state_set_unloadedh>:
    127e:	8141c703          	lbu	a4,-2028(gp) # 200001a4 <_ZL11g_loaded_ch>
    1282:	0ff00693          	li	a3,255
    1286:	00d70d63          	beq	a4,a3,12a0 <_Z22ams_state_set_unloadedh+0x22>
    128a:	468d                	li	a3,3
    128c:	00a6e463          	bltu	a3,a0,1294 <_Z22ams_state_set_unloadedh+0x16>
    1290:	00a71863          	bne	a4,a0,12a0 <_Z22ams_state_set_unloadedh+0x22>
    1294:	577d                	li	a4,-1
    1296:	80e18a23          	sb	a4,-2028(gp) # 200001a4 <_ZL11g_loaded_ch>
    129a:	4705                	li	a4,1
    129c:	a2e18223          	sb	a4,-1500(gp) # 200003b4 <_ZL13g_state_dirty>
    12a0:	8082                	ret

000012a2 <_Z10set_motionhhhh.part.0>:
    12a2:	eb5fe2ef          	jal	t0,156 <__riscv_save_0>
    12a6:	468d                	li	a3,3
    12a8:	3ea6ec63          	bltu	a3,a0,16a0 <_Z10set_motionhhhh.part.0+0x3fe>
    12ac:	8141c703          	lbu	a4,-2028(gp) # 200001a4 <_ZL11g_loaded_ch>
    12b0:	08d59263          	bne	a1,a3,1334 <_Z10set_motionhhhh.part.0+0x92>
    12b4:	4681                	li	a3,0
    12b6:	ea69                	bnez	a2,1388 <_Z10set_motionhhhh.part.0+0xe6>
    12b8:	0ff00793          	li	a5,255
    12bc:	4685                	li	a3,1
    12be:	4cf71163          	bne	a4,a5,1780 <_Z10set_motionhhhh.part.0+0x4de>
    12c2:	20002837          	lui	a6,0x20002
    12c6:	db080813          	addi	a6,a6,-592 # 20001db0 <ams>
    12ca:	21884783          	lbu	a5,536(a6)
    12ce:	00f50763          	beq	a0,a5,12dc <_Z10set_motionhhhh.part.0+0x3a>
    12d2:	488d                	li	a7,3
    12d4:	30f8f063          	bgeu	a7,a5,15d4 <_Z10set_motionhhhh.part.0+0x332>
    12d8:	20a80c23          	sb	a0,536(a6)
    12dc:	00251693          	slli	a3,a0,0x2
    12e0:	b1c18793          	addi	a5,gp,-1252 # 200004ac <_ZL24time_sendout_onuse_ticks>
    12e4:	97b6                	add	a5,a5,a3
    12e6:	20002437          	lui	s0,0x20002
    12ea:	0007a023          	sw	zero,0(a5)
    12ee:	a2018323          	sb	zero,-1498(gp) # 200003b6 <_ZL12count_on_use>
    12f2:	00651493          	slli	s1,a0,0x6
    12f6:	db040793          	addi	a5,s0,-592 # 20001db0 <ams>
    12fa:	97a6                	add	a5,a5,s1
    12fc:	1497c683          	lbu	a3,329(a5)
    1300:	4785                	li	a5,1
    1302:	db040413          	addi	s0,s0,-592
    1306:	00f68963          	beq	a3,a5,1318 <_Z10set_motionhhhh.part.0+0x76>
    130a:	0ff00793          	li	a5,255
    130e:	00f70563          	beq	a4,a5,1318 <_Z10set_motionhhhh.part.0+0x76>
    1312:	0ff00513          	li	a0,255
    1316:	37a5                	jal	127e <_Z22ams_state_set_unloadedh>
    1318:	4785                	li	a5,1
    131a:	00940533          	add	a0,s0,s1
    131e:	14f504a3          	sb	a5,329(a0)
    1322:	4789                	li	a5,2
    1324:	22f400a3          	sb	a5,545(s0)
    1328:	6791                	lui	a5,0x4
    132a:	70078793          	addi	a5,a5,1792 # 4700 <_ZL16motor_motion_runiym+0x2226>
    132e:	22f41123          	sh	a5,546(s0)
    1332:	a051                	j	13b6 <_Z10set_motionhhhh.part.0+0x114>
    1334:	47a5                	li	a5,9
    1336:	06f59963          	bne	a1,a5,13a8 <_Z10set_motionhhhh.part.0+0x106>
    133a:	07f00793          	li	a5,127
    133e:	02f61d63          	bne	a2,a5,1378 <_Z10set_motionhhhh.part.0+0xd6>
    1342:	0ff00793          	li	a5,255
    1346:	44f71263          	bne	a4,a5,178a <_Z10set_motionhhhh.part.0+0x4e8>
    134a:	200026b7          	lui	a3,0x20002
    134e:	db068693          	addi	a3,a3,-592 # 20001db0 <ams>
    1352:	2186c783          	lbu	a5,536(a3)
    1356:	00f50763          	beq	a0,a5,1364 <_Z10set_motionhhhh.part.0+0xc2>
    135a:	480d                	li	a6,3
    135c:	1af87f63          	bgeu	a6,a5,151a <_Z10set_motionhhhh.part.0+0x278>
    1360:	20a68c23          	sb	a0,536(a3)
    1364:	00251693          	slli	a3,a0,0x2
    1368:	b1c18793          	addi	a5,gp,-1252 # 200004ac <_ZL24time_sendout_onuse_ticks>
    136c:	97b6                	add	a5,a5,a3
    136e:	0007a023          	sw	zero,0(a5)
    1372:	a2018323          	sb	zero,-1498(gp) # 200003b6 <_ZL12count_on_use>
    1376:	aae5                	j	156e <_Z10set_motionhhhh.part.0+0x2cc>
    1378:	0a500793          	li	a5,165
    137c:	fcf603e3          	beq	a2,a5,1342 <_Z10set_motionhhhh.part.0+0xa0>
    1380:	fc160693          	addi	a3,a2,-63 # e000efc1 <__freertos_irq_stack_top+0xc0009fc1>
    1384:	0016b693          	seqz	a3,a3
    1388:	0ff00793          	li	a5,255
    138c:	44f71263          	bne	a4,a5,17d0 <_Z10set_motionhhhh.part.0+0x52e>
    1390:	14069463          	bnez	a3,14d8 <_Z10set_motionhhhh.part.0+0x236>
    1394:	47a5                	li	a5,9
    1396:	02f59063          	bne	a1,a5,13b6 <_Z10set_motionhhhh.part.0+0x114>
    139a:	050a                	slli	a0,a0,0x2
    139c:	b1c18793          	addi	a5,gp,-1252 # 200004ac <_ZL24time_sendout_onuse_ticks>
    13a0:	97aa                	add	a5,a5,a0
    13a2:	0007a023          	sw	zero,0(a5)
    13a6:	a0b9                	j	13f4 <_Z10set_motionhhhh.part.0+0x152>
    13a8:	479d                	li	a5,7
    13aa:	00f58963          	beq	a1,a5,13bc <_Z10set_motionhhhh.part.0+0x11a>
    13ae:	0ff00793          	li	a5,255
    13b2:	fef711e3          	bne	a4,a5,1394 <_Z10set_motionhhhh.part.0+0xf2>
    13b6:	4505                	li	a0,1
    13b8:	dc3fe06f          	j	17a <__riscv_restore_0>
    13bc:	0ff00793          	li	a5,255
    13c0:	ee1d                	bnez	a2,13fe <_Z10set_motionhhhh.part.0+0x15c>
    13c2:	3ef71463          	bne	a4,a5,17aa <_Z10set_motionhhhh.part.0+0x508>
    13c6:	00251693          	slli	a3,a0,0x2
    13ca:	b1c18793          	addi	a5,gp,-1252 # 200004ac <_ZL24time_sendout_onuse_ticks>
    13ce:	97b6                	add	a5,a5,a3
    13d0:	0007a023          	sw	zero,0(a5)
    13d4:	fee511e3          	bne	a0,a4,13b6 <_Z10set_motionhhhh.part.0+0x114>
    13d8:	200027b7          	lui	a5,0x20002
    13dc:	db078793          	addi	a5,a5,-592 # 20001db0 <ams>
    13e0:	051a                	slli	a0,a0,0x6
    13e2:	953e                	add	a0,a0,a5
    13e4:	14954703          	lbu	a4,329(a0)
    13e8:	4689                	li	a3,2
    13ea:	20d70d63          	beq	a4,a3,1604 <_Z10set_motionhhhh.part.0+0x362>
    13ee:	4695                	li	a3,5
    13f0:	22d70663          	beq	a4,a3,161c <_Z10set_motionhhhh.part.0+0x37a>
    13f4:	200027b7          	lui	a5,0x20002
    13f8:	db078793          	addi	a5,a5,-592 # 20001db0 <ams>
    13fc:	a439                	j	160a <_Z10set_motionhhhh.part.0+0x368>
    13fe:	3cf71e63          	bne	a4,a5,17da <_Z10set_motionhhhh.part.0+0x538>
    1402:	07f00793          	li	a5,127
    1406:	faf618e3          	bne	a2,a5,13b6 <_Z10set_motionhhhh.part.0+0x114>
    140a:	200027b7          	lui	a5,0x20002
    140e:	fc87c783          	lbu	a5,-56(a5) # 20001fc8 <ams+0x218>
    1412:	00f50963          	beq	a0,a5,1424 <_Z10set_motionhhhh.part.0+0x182>
    1416:	468d                	li	a3,3
    1418:	1af6fa63          	bgeu	a3,a5,15cc <_Z10set_motionhhhh.part.0+0x32a>
    141c:	200027b7          	lui	a5,0x20002
    1420:	fca78423          	sb	a0,-56(a5) # 20001fc8 <ams+0x218>
    1424:	200027b7          	lui	a5,0x20002
    1428:	db078613          	addi	a2,a5,-592 # 20001db0 <ams>
    142c:	00651e13          	slli	t3,a0,0x6
    1430:	9672                	add	a2,a2,t3
    1432:	14964603          	lbu	a2,329(a2)
    1436:	4685                	li	a3,1
    1438:	db078793          	addi	a5,a5,-592
    143c:	02d61f63          	bne	a2,a3,147a <_Z10set_motionhhhh.part.0+0x1d8>
    1440:	82c1a603          	lw	a2,-2004(gp) # 200001bc <time_hw_tpms>
    1444:	da45                	beqz	a2,13f4 <_Z10set_motionhhhh.part.0+0x152>
    1446:	e000f6b7          	lui	a3,0xe000f
    144a:	468c                	lw	a1,8(a3)
    144c:	b1c18813          	addi	a6,gp,-1252 # 200004ac <_ZL24time_sendout_onuse_ticks>
    1450:	00251893          	slli	a7,a0,0x2
    1454:	9846                	add	a6,a6,a7
    1456:	00082e83          	lw	t4,0(a6)
    145a:	b1c18693          	addi	a3,gp,-1252 # 200004ac <_ZL24time_sendout_onuse_ticks>
    145e:	000e9463          	bnez	t4,1466 <_Z10set_motionhhhh.part.0+0x1c4>
    1462:	00b82023          	sw	a1,0(a6)
    1466:	6811                	lui	a6,0x4
    1468:	a9880813          	addi	a6,a6,-1384 # 3a98 <_ZL16motor_motion_runiym+0x15be>
    146c:	03060633          	mul	a2,a2,a6
    1470:	96c6                	add	a3,a3,a7
    1472:	4294                	lw	a3,0(a3)
    1474:	8d95                	sub	a1,a1,a3
    1476:	f6c5efe3          	bltu	a1,a2,13f4 <_Z10set_motionhhhh.part.0+0x152>
    147a:	00251613          	slli	a2,a0,0x2
    147e:	b1c18693          	addi	a3,gp,-1252 # 200004ac <_ZL24time_sendout_onuse_ticks>
    1482:	96b2                	add	a3,a3,a2
    1484:	0006a023          	sw	zero,0(a3) # e000f000 <__freertos_irq_stack_top+0xc000a000>
    1488:	4609                	li	a2,2
    148a:	01c786b3          	add	a3,a5,t3
    148e:	14c684a3          	sb	a2,329(a3)
    1492:	4691                	li	a3,4
    1494:	2227d603          	lhu	a2,546(a5)
    1498:	22d780a3          	sb	a3,545(a5)
    149c:	66bd                	lui	a3,0xf
    149e:	06f68693          	addi	a3,a3,111 # f06f <Flash_saves.cpp.f7fa723f+0x4c5>
    14a2:	00d60763          	beq	a2,a3,14b0 <_Z10set_motionhhhh.part.0+0x20e>
    14a6:	668d                	lui	a3,0x3
    14a8:	b0068693          	addi	a3,a3,-1280 # 2b00 <_ZL16motor_motion_runiym+0x626>
    14ac:	22d79123          	sh	a3,546(a5)
    14b0:	a251c603          	lbu	a2,-1499(gp) # 200003b5 <_ZL30last_before_on_use_motion_flag>
    14b4:	07f00693          	li	a3,127
    14b8:	0ed61a63          	bne	a2,a3,15ac <_Z10set_motionhhhh.part.0+0x30a>
    14bc:	a261c683          	lbu	a3,-1498(gp) # 200003b6 <_ZL12count_on_use>
    14c0:	4591                	li	a1,4
    14c2:	0ed5e563          	bltu	a1,a3,15ac <_Z10set_motionhhhh.part.0+0x30a>
    14c6:	0685                	addi	a3,a3,1
    14c8:	a2d18323          	sb	a3,-1498(gp) # 200003b6 <_ZL12count_on_use>
    14cc:	6689                	lui	a3,0x2
    14ce:	e3468693          	addi	a3,a3,-460 # 1e34 <_ZN14_MOTOR_CONTROL9hold_loadEffR9MOTOR_PIDRfRhS2_RbS2_S4_.constprop.0.isra.0+0xc>
    14d2:	22d79123          	sh	a3,546(a5)
    14d6:	a8d9                	j	15ac <_Z10set_motionhhhh.part.0+0x30a>
    14d8:	b1c18813          	addi	a6,gp,-1252 # 200004ac <_ZL24time_sendout_onuse_ticks>
    14dc:	00e50c63          	beq	a0,a4,14f4 <_Z10set_motionhhhh.part.0+0x252>
    14e0:	050a                	slli	a0,a0,0x2
    14e2:	982a                	add	a6,a6,a0
    14e4:	00082023          	sw	zero,0(a6)
    14e8:	b5f9                	j	13b6 <_Z10set_motionhhhh.part.0+0x114>
    14ea:	0cf6fb63          	bgeu	a3,a5,15c0 <_Z10set_motionhhhh.part.0+0x31e>
    14ee:	20a80c23          	sb	a0,536(a6)
    14f2:	a4f9                	j	17c0 <_Z10set_motionhhhh.part.0+0x51e>
    14f4:	200028b7          	lui	a7,0x20002
    14f8:	db088893          	addi	a7,a7,-592 # 20001db0 <ams>
    14fc:	2188c783          	lbu	a5,536(a7)
    1500:	00f50763          	beq	a0,a5,150e <_Z10set_motionhhhh.part.0+0x26c>
    1504:	4e0d                	li	t3,3
    1506:	0cfe7d63          	bgeu	t3,a5,15e0 <_Z10set_motionhhhh.part.0+0x33e>
    150a:	20a88c23          	sb	a0,536(a7)
    150e:	00251793          	slli	a5,a0,0x2
    1512:	983e                	add	a6,a6,a5
    1514:	00082023          	sw	zero,0(a6)
    1518:	a291                	j	165c <_Z10set_motionhhhh.part.0+0x3ba>
    151a:	4f01                	li	t5,0
    151c:	4e81                	li	t4,0
    151e:	4f85                	li	t6,1
    1520:	4281                	li	t0,0
    1522:	4e01                	li	t3,0
    1524:	4685                	li	a3,1
    1526:	200028b7          	lui	a7,0x20002
    152a:	db088893          	addi	a7,a7,-592 # 20001db0 <ams>
    152e:	00679813          	slli	a6,a5,0x6
    1532:	9846                	add	a6,a6,a7
    1534:	140804a3          	sb	zero,329(a6)
    1538:	9c600813          	li	a6,-1594
    153c:	23089123          	sh	a6,546(a7)
    1540:	b1c18813          	addi	a6,gp,-1252 # 200004ac <_ZL24time_sendout_onuse_ticks>
    1544:	078a                	slli	a5,a5,0x2
    1546:	97c2                	add	a5,a5,a6
    1548:	220880a3          	sb	zero,545(a7)
    154c:	0007a023          	sw	zero,0(a5)
    1550:	20a88c23          	sb	a0,536(a7)
    1554:	d80294e3          	bnez	t0,12dc <_Z10set_motionhhhh.part.0+0x3a>
    1558:	080f8f63          	beqz	t6,15f6 <_Z10set_motionhhhh.part.0+0x354>
    155c:	00251793          	slli	a5,a0,0x2
    1560:	983e                	add	a6,a6,a5
    1562:	00082023          	sw	zero,0(a6)
    1566:	a2018323          	sb	zero,-1498(gp) # 200003b6 <_ZL12count_on_use>
    156a:	e40686e3          	beqz	a3,13b6 <_Z10set_motionhhhh.part.0+0x114>
    156e:	a2c182a3          	sb	a2,-1499(gp) # 200003b5 <_ZL30last_before_on_use_motion_flag>
    1572:	200026b7          	lui	a3,0x20002
    1576:	07f00793          	li	a5,127
    157a:	db068693          	addi	a3,a3,-592 # 20001db0 <ams>
    157e:	00651593          	slli	a1,a0,0x6
    1582:	06f60663          	beq	a2,a5,15ee <_Z10set_motionhhhh.part.0+0x34c>
    1586:	00b687b3          	add	a5,a3,a1
    158a:	1497c603          	lbu	a2,329(a5)
    158e:	4785                	li	a5,1
    1590:	04f61b63          	bne	a2,a5,15e6 <_Z10set_motionhhhh.part.0+0x344>
    1594:	6791                	lui	a5,0x4
    1596:	70078793          	addi	a5,a5,1792 # 4700 <_ZL16motor_motion_runiym+0x2226>
    159a:	4615                	li	a2,5
    159c:	95b6                	add	a1,a1,a3
    159e:	14c584a3          	sb	a2,329(a1)
    15a2:	4611                	li	a2,4
    15a4:	22c680a3          	sb	a2,545(a3)
    15a8:	22f69123          	sh	a5,546(a3)
    15ac:	0ff00793          	li	a5,255
    15b0:	e0f713e3          	bne	a4,a5,13b6 <_Z10set_motionhhhh.part.0+0x114>
    15b4:	4705                	li	a4,1
    15b6:	80a18a23          	sb	a0,-2028(gp) # 200001a4 <_ZL11g_loaded_ch>
    15ba:	a2e18223          	sb	a4,-1500(gp) # 200003b4 <_ZL13g_state_dirty>
    15be:	bbe5                	j	13b6 <_Z10set_motionhhhh.part.0+0x114>
    15c0:	4e01                	li	t3,0
    15c2:	4685                	li	a3,1
    15c4:	4e81                	li	t4,0
    15c6:	4f81                	li	t6,0
    15c8:	4281                	li	t0,0
    15ca:	bfb1                	j	1526 <_Z10set_motionhhhh.part.0+0x284>
    15cc:	4f01                	li	t5,0
    15ce:	4e85                	li	t4,1
    15d0:	4f81                	li	t6,0
    15d2:	b7b9                	j	1520 <_Z10set_motionhhhh.part.0+0x27e>
    15d4:	4f01                	li	t5,0
    15d6:	4e81                	li	t4,0
    15d8:	4f81                	li	t6,0
    15da:	4285                	li	t0,1
    15dc:	4e01                	li	t3,0
    15de:	b7a1                	j	1526 <_Z10set_motionhhhh.part.0+0x284>
    15e0:	8e36                	mv	t3,a3
    15e2:	4f01                	li	t5,0
    15e4:	b7c5                	j	15c4 <_Z10set_motionhhhh.part.0+0x322>
    15e6:	678d                	lui	a5,0x3
    15e8:	b0078793          	addi	a5,a5,-1280 # 2b00 <_ZL16motor_motion_runiym+0x626>
    15ec:	b77d                	j	159a <_Z10set_motionhhhh.part.0+0x2f8>
    15ee:	6789                	lui	a5,0x2
    15f0:	e3478793          	addi	a5,a5,-460 # 1e34 <_ZN14_MOTOR_CONTROL9hold_loadEffR9MOTOR_PIDRfRhS2_RbS2_S4_.constprop.0.isra.0+0xc>
    15f4:	b75d                	j	159a <_Z10set_motionhhhh.part.0+0x2f8>
    15f6:	dc0f18e3          	bnez	t5,13c6 <_Z10set_motionhhhh.part.0+0x124>
    15fa:	040e8663          	beqz	t4,1646 <_Z10set_motionhhhh.part.0+0x3a4>
    15fe:	e20693e3          	bnez	a3,1424 <_Z10set_motionhhhh.part.0+0x182>
    1602:	bb55                	j	13b6 <_Z10set_motionhhhh.part.0+0x114>
    1604:	4719                	li	a4,6
    1606:	14e504a3          	sb	a4,329(a0)
    160a:	4711                	li	a4,4
    160c:	22e780a3          	sb	a4,545(a5)
    1610:	670d                	lui	a4,0x3
    1612:	b0070713          	addi	a4,a4,-1280 # 2b00 <_ZL16motor_motion_runiym+0x626>
    1616:	22e79123          	sh	a4,546(a5)
    161a:	bb71                	j	13b6 <_Z10set_motionhhhh.part.0+0x114>
    161c:	4719                	li	a4,6
    161e:	14e504a3          	sb	a4,329(a0)
    1622:	4711                	li	a4,4
    1624:	22e780a3          	sb	a4,545(a5)
    1628:	670d                	lui	a4,0x3
    162a:	b0070713          	addi	a4,a4,-1280 # 2b00 <_ZL16motor_motion_runiym+0x626>
    162e:	22e79123          	sh	a4,546(a5)
    1632:	a251c683          	lbu	a3,-1499(gp) # 200003b5 <_ZL30last_before_on_use_motion_flag>
    1636:	07f00713          	li	a4,127
    163a:	d6e69ee3          	bne	a3,a4,13b6 <_Z10set_motionhhhh.part.0+0x114>
    163e:	6709                	lui	a4,0x2
    1640:	e3470713          	addi	a4,a4,-460 # 1e34 <_ZN14_MOTOR_CONTROL9hold_loadEffR9MOTOR_PIDRfRhS2_RbS2_S4_.constprop.0.isra.0+0xc>
    1644:	bfc9                	j	1616 <_Z10set_motionhhhh.part.0+0x374>
    1646:	d40e07e3          	beqz	t3,1394 <_Z10set_motionhhhh.part.0+0xf2>
    164a:	00251693          	slli	a3,a0,0x2
    164e:	b1c18793          	addi	a5,gp,-1252 # 200004ac <_ZL24time_sendout_onuse_ticks>
    1652:	97b6                	add	a5,a5,a3
    1654:	0007a023          	sw	zero,0(a5)
    1658:	d4e51fe3          	bne	a0,a4,13b6 <_Z10set_motionhhhh.part.0+0x114>
    165c:	200027b7          	lui	a5,0x20002
    1660:	db078713          	addi	a4,a5,-592 # 20001db0 <ams>
    1664:	00651693          	slli	a3,a0,0x6
    1668:	9736                	add	a4,a4,a3
    166a:	14974703          	lbu	a4,329(a4)
    166e:	4609                	li	a2,2
    1670:	db078793          	addi	a5,a5,-592
    1674:	00c70863          	beq	a4,a2,1684 <_Z10set_motionhhhh.part.0+0x3e2>
    1678:	176d                	addi	a4,a4,-5
    167a:	0ff77713          	zext.b	a4,a4
    167e:	4605                	li	a2,1
    1680:	00e66663          	bltu	a2,a4,168c <_Z10set_motionhhhh.part.0+0x3ea>
    1684:	96be                	add	a3,a3,a5
    1686:	470d                	li	a4,3
    1688:	14e684a3          	sb	a4,329(a3)
    168c:	4711                	li	a4,4
    168e:	22e780a3          	sb	a4,545(a5)
    1692:	670d                	lui	a4,0x3
    1694:	b0070713          	addi	a4,a4,-1280 # 2b00 <_ZL16motor_motion_runiym+0x626>
    1698:	22e79123          	sh	a4,546(a5)
    169c:	36cd                	jal	127e <_Z22ams_state_set_unloadedh>
    169e:	bb21                	j	13b6 <_Z10set_motionhhhh.part.0+0x114>
    16a0:	0ff00793          	li	a5,255
    16a4:	d0f519e3          	bne	a0,a5,13b6 <_Z10set_motionhhhh.part.0+0x114>
    16a8:	20002737          	lui	a4,0x20002
    16ac:	db070793          	addi	a5,a4,-592 # 20001db0 <ams>
    16b0:	2187c503          	lbu	a0,536(a5)
    16b4:	db070813          	addi	a6,a4,-592
    16b8:	04d59b63          	bne	a1,a3,170e <_Z10set_motionhhhh.part.0+0x46c>
    16bc:	e625                	bnez	a2,1724 <_Z10set_motionhhhh.part.0+0x482>
    16be:	cea5ece3          	bltu	a1,a0,13b6 <_Z10set_motionhhhh.part.0+0x114>
    16c2:	00651693          	slli	a3,a0,0x6
    16c6:	00d807b3          	add	a5,a6,a3
    16ca:	1497c783          	lbu	a5,329(a5)
    16ce:	00251613          	slli	a2,a0,0x2
    16d2:	b1c18713          	addi	a4,gp,-1252 # 200004ac <_ZL24time_sendout_onuse_ticks>
    16d6:	9732                	add	a4,a4,a2
    16d8:	00072023          	sw	zero,0(a4)
    16dc:	ffe78713          	addi	a4,a5,-2
    16e0:	0ff77713          	zext.b	a4,a4
    16e4:	4605                	li	a2,1
    16e6:	00e67763          	bgeu	a2,a4,16f4 <_Z10set_motionhhhh.part.0+0x452>
    16ea:	17ed                	addi	a5,a5,-5
    16ec:	0ff7f793          	zext.b	a5,a5
    16f0:	00f66963          	bltu	a2,a5,1702 <_Z10set_motionhhhh.part.0+0x460>
    16f4:	4791                	li	a5,4
    16f6:	96c2                	add	a3,a3,a6
    16f8:	14f684a3          	sb	a5,329(a3)
    16fc:	4789                	li	a5,2
    16fe:	22f800a3          	sb	a5,545(a6)
    1702:	6791                	lui	a5,0x4
    1704:	70078793          	addi	a5,a5,1792 # 4700 <_ZL16motor_motion_runiym+0x2226>
    1708:	22f81123          	sh	a5,546(a6)
    170c:	bf41                	j	169c <_Z10set_motionhhhh.part.0+0x3fa>
    170e:	4705                	li	a4,1
    1710:	00e59a63          	bne	a1,a4,1724 <_Z10set_motionhhhh.part.0+0x482>
    1714:	caa6e1e3          	bltu	a3,a0,13b6 <_Z10set_motionhhhh.part.0+0x114>
    1718:	2217c703          	lbu	a4,545(a5)
    171c:	4791                	li	a5,4
    171e:	c8f70ce3          	beq	a4,a5,13b6 <_Z10set_motionhhhh.part.0+0x114>
    1722:	bfad                	j	169c <_Z10set_motionhhhh.part.0+0x3fa>
    1724:	478d                	li	a5,3
    1726:	00a7ef63          	bltu	a5,a0,1744 <_Z10set_motionhhhh.part.0+0x4a2>
    172a:	051a                	slli	a0,a0,0x6
    172c:	9542                	add	a0,a0,a6
    172e:	14954783          	lbu	a5,329(a0)
    1732:	4709                	li	a4,2
    1734:	c8e781e3          	beq	a5,a4,13b6 <_Z10set_motionhhhh.part.0+0x114>
    1738:	17ed                	addi	a5,a5,-5
    173a:	0ff7f793          	zext.b	a5,a5
    173e:	4705                	li	a4,1
    1740:	c6f77be3          	bgeu	a4,a5,13b6 <_Z10set_motionhhhh.part.0+0x114>
    1744:	b1c18793          	addi	a5,gp,-1252 # 200004ac <_ZL24time_sendout_onuse_ticks>
    1748:	0007a023          	sw	zero,0(a5)
    174c:	0007a223          	sw	zero,4(a5)
    1750:	0007a423          	sw	zero,8(a5)
    1754:	0007a623          	sw	zero,12(a5)
    1758:	9c600793          	li	a5,-1594
    175c:	22f81123          	sh	a5,546(a6)
    1760:	57fd                	li	a5,-1
    1762:	140804a3          	sb	zero,329(a6)
    1766:	180804a3          	sb	zero,393(a6)
    176a:	1c0804a3          	sb	zero,457(a6)
    176e:	200804a3          	sb	zero,521(a6)
    1772:	220800a3          	sb	zero,545(a6)
    1776:	20f80c23          	sb	a5,536(a6)
    177a:	0ff00513          	li	a0,255
    177e:	bf39                	j	169c <_Z10set_motionhhhh.part.0+0x3fa>
    1780:	40e506b3          	sub	a3,a0,a4
    1784:	0016b693          	seqz	a3,a3
    1788:	be2d                	j	12c2 <_Z10set_motionhhhh.part.0+0x20>
    178a:	bce500e3          	beq	a0,a4,134a <_Z10set_motionhhhh.part.0+0xa8>
    178e:	050a                	slli	a0,a0,0x2
    1790:	b1c18793          	addi	a5,gp,-1252 # 200004ac <_ZL24time_sendout_onuse_ticks>
    1794:	97aa                	add	a5,a5,a0
    1796:	0007a023          	sw	zero,0(a5)
    179a:	a2018323          	sb	zero,-1498(gp) # 200003b6 <_ZL12count_on_use>
    179e:	b921                	j	13b6 <_Z10set_motionhhhh.part.0+0x114>
    17a0:	07f00793          	li	a5,127
    17a4:	c6f603e3          	beq	a2,a5,140a <_Z10set_motionhhhh.part.0+0x168>
    17a8:	b6f5                	j	1394 <_Z10set_motionhhhh.part.0+0xf2>
    17aa:	c0e51ee3          	bne	a0,a4,13c6 <_Z10set_motionhhhh.part.0+0x124>
    17ae:	20002837          	lui	a6,0x20002
    17b2:	db080813          	addi	a6,a6,-592 # 20001db0 <ams>
    17b6:	21884783          	lbu	a5,536(a6)
    17ba:	4f05                	li	t5,1
    17bc:	d2a797e3          	bne	a5,a0,14ea <_Z10set_motionhhhh.part.0+0x248>
    17c0:	00251713          	slli	a4,a0,0x2
    17c4:	b1c18793          	addi	a5,gp,-1252 # 200004ac <_ZL24time_sendout_onuse_ticks>
    17c8:	97ba                	add	a5,a5,a4
    17ca:	0007a023          	sw	zero,0(a5)
    17ce:	b129                	j	13d8 <_Z10set_motionhhhh.part.0+0x136>
    17d0:	bce500e3          	beq	a0,a4,1390 <_Z10set_motionhhhh.part.0+0xee>
    17d4:	bc0680e3          	beqz	a3,1394 <_Z10set_motionhhhh.part.0+0xf2>
    17d8:	bd8d                	j	164a <_Z10set_motionhhhh.part.0+0x3a8>
    17da:	fce503e3          	beq	a0,a4,17a0 <_Z10set_motionhhhh.part.0+0x4fe>
    17de:	f8160613          	addi	a2,a2,-127
    17e2:	bc060ae3          	beqz	a2,13b6 <_Z10set_motionhhhh.part.0+0x114>
    17e6:	b67d                	j	1394 <_Z10set_motionhhhh.part.0+0xf2>

000017e8 <_ZN12WS2812_class6updataEv>:
    17e8:	02c54783          	lbu	a5,44(a0)
    17ec:	c7ad                	beqz	a5,1856 <_ZN12WS2812_class6updataEv+0x6e>
    17ee:	00052303          	lw	t1,0(a0)
    17f2:	00455e03          	lhu	t3,4(a0)
    17f6:	800026f3          	csrr	a3,0x800
    17fa:	08800793          	li	a5,136
    17fe:	8007b073          	csrc	0x800,a5
    1802:	e000f7b7          	lui	a5,0xe000f
    1806:	4790                	lw	a2,8(a5)
    1808:	0886f693          	andi	a3,a3,136
    180c:	4798                	lw	a4,8(a5)
    180e:	fee60fe3          	beq	a2,a4,180c <_ZN12WS2812_class6updataEv+0x24>
    1812:	479c                	lw	a5,8(a5)
    1814:	00850593          	addi	a1,a0,8
    1818:	4601                	li	a2,0
    181a:	00800f37          	lui	t5,0x800
    181e:	e000feb7          	lui	t4,0xe000f
    1822:	2178                	lbu	a4,6(a0)
    1824:	02e66a63          	bltu	a2,a4,1858 <_ZN12WS2812_class6updataEv+0x70>
    1828:	02050623          	sb	zero,44(a0)
    182c:	08800793          	li	a5,136
    1830:	8007b073          	csrc	0x800,a5
    1834:	8006a073          	csrs	0x800,a3
    1838:	411c                	lw	a5,0(a0)
    183a:	215a                	lhu	a4,4(a0)
    183c:	cbd8                	sw	a4,20(a5)
    183e:	9dc1a703          	lw	a4,-1572(gp) # 2000036c <_ZL18g_ws2812_rst_ticks>
    1842:	cb11                	beqz	a4,1856 <_ZN12WS2812_class6updataEv+0x6e>
    1844:	e000f7b7          	lui	a5,0xe000f
    1848:	4794                	lw	a3,8(a5)
    184a:	e000f637          	lui	a2,0xe000f
    184e:	461c                	lw	a5,8(a2)
    1850:	8f95                	sub	a5,a5,a3
    1852:	04e7e463          	bltu	a5,a4,189a <_ZN12WS2812_class6updataEv+0xb2>
    1856:	8082                	ret
    1858:	0005a803          	lw	a6,0(a1)
    185c:	21078f93          	addi	t6,a5,528 # e000f210 <__freertos_irq_stack_top+0xc000a210>
    1860:	01e878b3          	and	a7,a6,t5
    1864:	473d                	li	a4,15
    1866:	00089363          	bnez	a7,186c <_ZN12WS2812_class6updataEv+0x84>
    186a:	471d                	li	a4,7
    186c:	0806                	slli	a6,a6,0x1
    186e:	01c32823          	sw	t3,16(t1)
    1872:	973e                	add	a4,a4,a5
    1874:	008ea883          	lw	a7,8(t4) # e000f008 <__freertos_irq_stack_top+0xc000a008>
    1878:	40e888b3          	sub	a7,a7,a4
    187c:	fe08cce3          	bltz	a7,1874 <_ZN12WS2812_class6updataEv+0x8c>
    1880:	01c32a23          	sw	t3,20(t1)
    1884:	07d9                	addi	a5,a5,22
    1886:	008ea703          	lw	a4,8(t4)
    188a:	8f1d                	sub	a4,a4,a5
    188c:	fe074de3          	bltz	a4,1886 <_ZN12WS2812_class6updataEv+0x9e>
    1890:	fdf798e3          	bne	a5,t6,1860 <_ZN12WS2812_class6updataEv+0x78>
    1894:	0605                	addi	a2,a2,1 # e000f001 <__freertos_irq_stack_top+0xc000a001>
    1896:	0591                	addi	a1,a1,4
    1898:	b769                	j	1822 <_ZN12WS2812_class6updataEv+0x3a>
    189a:	0001                	nop
    189c:	bf4d                	j	184e <_ZN12WS2812_class6updataEv+0x66>

0000189e <_Z10RGB_updatev>:
    189e:	aec18793          	addi	a5,gp,-1300 # 2000047c <SYS_RGB>
    18a2:	02c7c783          	lbu	a5,44(a5)
    18a6:	e38d                	bnez	a5,18c8 <_Z10RGB_updatev+0x2a>
    18a8:	200027b7          	lui	a5,0x20002
    18ac:	23078793          	addi	a5,a5,560 # 20002230 <RGBOUT>
    18b0:	02c7c703          	lbu	a4,44(a5)
    18b4:	eb11                	bnez	a4,18c8 <_Z10RGB_updatev+0x2a>
    18b6:	05c7c703          	lbu	a4,92(a5)
    18ba:	e719                	bnez	a4,18c8 <_Z10RGB_updatev+0x2a>
    18bc:	08c7c703          	lbu	a4,140(a5)
    18c0:	e701                	bnez	a4,18c8 <_Z10RGB_updatev+0x2a>
    18c2:	0bc7c783          	lbu	a5,188(a5)
    18c6:	cfa1                	beqz	a5,191e <_Z10RGB_updatev+0x80>
    18c8:	e000f737          	lui	a4,0xe000f
    18cc:	4710                	lw	a2,8(a4)
    18ce:	a201a703          	lw	a4,-1504(gp) # 200003b0 <_ZZ10RGB_updatevE4last>
    18d2:	82c1a783          	lw	a5,-2004(gp) # 200001bc <time_hw_tpms>
    18d6:	c719                	beqz	a4,18e4 <_Z10RGB_updatev+0x46>
    18d8:	40e60733          	sub	a4,a2,a4
    18dc:	e391                	bnez	a5,18e0 <_Z10RGB_updatev+0x42>
    18de:	4785                	li	a5,1
    18e0:	02f76f63          	bltu	a4,a5,191e <_Z10RGB_updatev+0x80>
    18e4:	873fe2ef          	jal	t0,156 <__riscv_save_0>
    18e8:	aec18513          	addi	a0,gp,-1300 # 2000047c <SYS_RGB>
    18ec:	a2c1a023          	sw	a2,-1504(gp) # 200003b0 <_ZZ10RGB_updatevE4last>
    18f0:	3de5                	jal	17e8 <_ZN12WS2812_class6updataEv>
    18f2:	20002537          	lui	a0,0x20002
    18f6:	23050513          	addi	a0,a0,560 # 20002230 <RGBOUT>
    18fa:	35fd                	jal	17e8 <_ZN12WS2812_class6updataEv>
    18fc:	20002537          	lui	a0,0x20002
    1900:	26050513          	addi	a0,a0,608 # 20002260 <RGBOUT+0x30>
    1904:	35d5                	jal	17e8 <_ZN12WS2812_class6updataEv>
    1906:	20002537          	lui	a0,0x20002
    190a:	29050513          	addi	a0,a0,656 # 20002290 <RGBOUT+0x60>
    190e:	3de9                	jal	17e8 <_ZN12WS2812_class6updataEv>
    1910:	20002537          	lui	a0,0x20002
    1914:	2c050513          	addi	a0,a0,704 # 200022c0 <RGBOUT+0x90>
    1918:	3dc1                	jal	17e8 <_ZN12WS2812_class6updataEv>
    191a:	861fe06f          	j	17a <__riscv_restore_0>
    191e:	8082                	ret

00001920 <FLASH_Lock>:
    1920:	40022737          	lui	a4,0x40022
    1924:	4b1c                	lw	a5,16(a4)
    1926:	0807e793          	ori	a5,a5,128
    192a:	cb1c                	sw	a5,16(a4)
    192c:	8082                	ret

0000192e <FLASH_GetBank1Status>:
    192e:	400227b7          	lui	a5,0x40022
    1932:	47c8                	lw	a0,12(a5)
    1934:	8905                	andi	a0,a0,1
    1936:	e511                	bnez	a0,1942 <FLASH_GetBank1Status+0x14>
    1938:	47c8                	lw	a0,12(a5)
    193a:	8941                	andi	a0,a0,16
    193c:	00153513          	seqz	a0,a0
    1940:	050d                	addi	a0,a0,3
    1942:	8082                	ret

00001944 <FLASH_WaitForLastOperation>:
    1944:	813fe2ef          	jal	t0,156 <__riscv_save_0>
    1948:	842a                	mv	s0,a0
    194a:	4485                	li	s1,1
    194c:	37cd                	jal	192e <FLASH_GetBank1Status>
    194e:	00951863          	bne	a0,s1,195e <FLASH_WaitForLastOperation+0x1a>
    1952:	e019                	bnez	s0,1958 <FLASH_WaitForLastOperation+0x14>
    1954:	4515                	li	a0,5
    1956:	a029                	j	1960 <FLASH_WaitForLastOperation+0x1c>
    1958:	3fd9                	jal	192e <FLASH_GetBank1Status>
    195a:	147d                	addi	s0,s0,-1
    195c:	bfcd                	j	194e <FLASH_WaitForLastOperation+0xa>
    195e:	d87d                	beqz	s0,1954 <FLASH_WaitForLastOperation+0x10>
    1960:	81bfe06f          	j	17a <__riscv_restore_0>

00001964 <_ZL16flash_prog_wordsmPKmm>:
    1964:	00357793          	andi	a5,a0,3
    1968:	efe1                	bnez	a5,1a40 <_ZL16flash_prog_wordsmPKmm+0xdc>
    196a:	fbcfe2ef          	jal	t0,126 <__riscv_save_12>
    196e:	0005a903          	lw	s2,0(a1)
    1972:	060a                	slli	a2,a2,0x2
    1974:	45670bb7          	lui	s7,0x45670
    1978:	cdef9c37          	lui	s8,0xcdef9
    197c:	1141                	addi	sp,sp,-16
    197e:	842a                	mv	s0,a0
    1980:	00458a93          	addi	s5,a1,4
    1984:	00c589b3          	add	s3,a1,a2
    1988:	08800b13          	li	s6,136
    198c:	400224b7          	lui	s1,0x40022
    1990:	123b8b93          	addi	s7,s7,291 # 45670123 <__freertos_irq_stack_top+0x2566b123>
    1994:	9abc0c13          	addi	s8,s8,-1621 # cdef89ab <__freertos_irq_stack_top+0xadef39ab>
    1998:	03100d93          	li	s11,49
    199c:	4c91                	li	s9,4
    199e:	401c                	lw	a5,0(s0)
    19a0:	03279163          	bne	a5,s2,19c2 <_ZL16flash_prog_wordsmPKmm+0x5e>
    19a4:	01599663          	bne	s3,s5,19b0 <_ZL16flash_prog_wordsmPKmm+0x4c>
    19a8:	4505                	li	a0,1
    19aa:	0141                	addi	sp,sp,16
    19ac:	fb6fe06f          	j	162 <__riscv_restore_12>
    19b0:	0411                	addi	s0,s0,4
    19b2:	00347793          	andi	a5,s0,3
    19b6:	000aa903          	lw	s2,0(s5)
    19ba:	0a91                	addi	s5,s5,4
    19bc:	d3ed                	beqz	a5,199e <_ZL16flash_prog_wordsmPKmm+0x3a>
    19be:	4501                	li	a0,0
    19c0:	b7ed                	j	19aa <_ZL16flash_prog_wordsmPKmm+0x46>
    19c2:	80002a73          	csrr	s4,0x800
    19c6:	800b3073          	csrc	0x800,s6
    19ca:	0174a223          	sw	s7,4(s1) # 40022004 <__freertos_irq_stack_top+0x2001d004>
    19ce:	0184a223          	sw	s8,4(s1)
    19d2:	01b4a623          	sw	s11,12(s1)
    19d6:	6515                	lui	a0,0x5
    19d8:	088a7a13          	andi	s4,s4,136
    19dc:	c602                	sw	zero,12(sp)
    19de:	379d                	jal	1944 <FLASH_WaitForLastOperation>
    19e0:	01950863          	beq	a0,s9,19f0 <_ZL16flash_prog_wordsmPKmm+0x8c>
    19e4:	3f35                	jal	1920 <FLASH_Lock>
    19e6:	800b3073          	csrc	0x800,s6
    19ea:	800a2073          	csrs	0x800,s4
    19ee:	bfc1                	j	19be <_ZL16flash_prog_wordsmPKmm+0x5a>
    19f0:	489c                	lw	a5,16(s1)
    19f2:	6515                	lui	a0,0x5
    19f4:	0017e793          	ori	a5,a5,1
    19f8:	c89c                	sw	a5,16(s1)
    19fa:	01091793          	slli	a5,s2,0x10
    19fe:	83c1                	srli	a5,a5,0x10
    1a00:	a01e                	sh	a5,0(s0)
    1a02:	3789                	jal	1944 <FLASH_WaitForLastOperation>
    1a04:	03951a63          	bne	a0,s9,1a38 <_ZL16flash_prog_wordsmPKmm+0xd4>
    1a08:	00240793          	addi	a5,s0,2
    1a0c:	c63e                	sw	a5,12(sp)
    1a0e:	47b2                	lw	a5,12(sp)
    1a10:	01095713          	srli	a4,s2,0x10
    1a14:	6515                	lui	a0,0x5
    1a16:	a39a                	sh	a4,0(a5)
    1a18:	3735                	jal	1944 <FLASH_WaitForLastOperation>
    1a1a:	489c                	lw	a5,16(s1)
    1a1c:	8d2a                	mv	s10,a0
    1a1e:	9bf9                	andi	a5,a5,-2
    1a20:	c89c                	sw	a5,16(s1)
    1a22:	3dfd                	jal	1920 <FLASH_Lock>
    1a24:	800b3073          	csrc	0x800,s6
    1a28:	800a2073          	csrs	0x800,s4
    1a2c:	f99d19e3          	bne	s10,s9,19be <_ZL16flash_prog_wordsmPKmm+0x5a>
    1a30:	401c                	lw	a5,0(s0)
    1a32:	f92796e3          	bne	a5,s2,19be <_ZL16flash_prog_wordsmPKmm+0x5a>
    1a36:	b7bd                	j	19a4 <_ZL16flash_prog_wordsmPKmm+0x40>
    1a38:	489c                	lw	a5,16(s1)
    1a3a:	9bf9                	andi	a5,a5,-2
    1a3c:	c89c                	sw	a5,16(s1)
    1a3e:	b75d                	j	19e4 <_ZL16flash_prog_wordsmPKmm+0x80>
    1a40:	4501                	li	a0,0
    1a42:	8082                	ret

00001a44 <FLASH_ErasePage_Fast>:
    1a44:	400227b7          	lui	a5,0x40022
    1a48:	4b98                	lw	a4,16(a5)
    1a4a:	000206b7          	lui	a3,0x20
    1a4e:	8f55                	or	a4,a4,a3
    1a50:	cb98                	sw	a4,16(a5)
    1a52:	cbc8                	sw	a0,20(a5)
    1a54:	4b98                	lw	a4,16(a5)
    1a56:	04076713          	ori	a4,a4,64
    1a5a:	cb98                	sw	a4,16(a5)
    1a5c:	47d8                	lw	a4,12(a5)
    1a5e:	8b05                	andi	a4,a4,1
    1a60:	ff75                	bnez	a4,1a5c <FLASH_ErasePage_Fast+0x18>
    1a62:	4b98                	lw	a4,16(a5)
    1a64:	7681                	lui	a3,0xfffe0
    1a66:	16fd                	addi	a3,a3,-1 # fffdffff <__freertos_irq_stack_top+0xdffdafff>
    1a68:	8f75                	and	a4,a4,a3
    1a6a:	cb98                	sw	a4,16(a5)
    1a6c:	8082                	ret

00001a6e <_ZL14flash256_erasem.part.0>:
    1a6e:	ecefe2ef          	jal	t0,13c <__riscv_save_4>
    1a72:	842a                	mv	s0,a0
    1a74:	80002973          	csrr	s2,0x800
    1a78:	08800993          	li	s3,136
    1a7c:	8009b073          	csrc	0x800,s3
    1a80:	45670737          	lui	a4,0x45670
    1a84:	400224b7          	lui	s1,0x40022
    1a88:	12370713          	addi	a4,a4,291 # 45670123 <__freertos_irq_stack_top+0x2566b123>
    1a8c:	cdef97b7          	lui	a5,0xcdef9
    1a90:	c0d8                	sw	a4,4(s1)
    1a92:	9ab78793          	addi	a5,a5,-1621 # cdef89ab <__freertos_irq_stack_top+0xadef39ab>
    1a96:	c0dc                	sw	a5,4(s1)
    1a98:	d0d8                	sw	a4,36(s1)
    1a9a:	d0dc                	sw	a5,36(s1)
    1a9c:	03100793          	li	a5,49
    1aa0:	c4dc                	sw	a5,12(s1)
    1aa2:	374d                	jal	1a44 <FLASH_ErasePage_Fast>
    1aa4:	489c                	lw	a5,16(s1)
    1aa6:	6721                	lui	a4,0x8
    1aa8:	8fd9                	or	a5,a5,a4
    1aaa:	c89c                	sw	a5,16(s1)
    1aac:	3d95                	jal	1920 <FLASH_Lock>
    1aae:	8009b073          	csrc	0x800,s3
    1ab2:	08897913          	andi	s2,s2,136
    1ab6:	80092073          	csrs	0x800,s2
    1aba:	e339e7b7          	lui	a5,0xe339e
    1abe:	10040713          	addi	a4,s0,256
    1ac2:	33978793          	addi	a5,a5,825 # e339e339 <__freertos_irq_stack_top+0xc3399339>
    1ac6:	4014                	lw	a3,0(s0)
    1ac8:	00f69863          	bne	a3,a5,1ad8 <_ZL14flash256_erasem.part.0+0x6a>
    1acc:	0411                	addi	s0,s0,4
    1ace:	fee41ce3          	bne	s0,a4,1ac6 <_ZL14flash256_erasem.part.0+0x58>
    1ad2:	4505                	li	a0,1
    1ad4:	e9cfe06f          	j	170 <__riscv_restore_4>
    1ad8:	4501                	li	a0,0
    1ada:	bfed                	j	1ad4 <_ZL14flash256_erasem.part.0+0x66>

00001adc <GPIO_Init>:
    1adc:	459c                	lw	a5,8(a1)
    1ade:	0107f713          	andi	a4,a5,16
    1ae2:	00f7f813          	andi	a6,a5,15
    1ae6:	c701                	beqz	a4,1aee <GPIO_Init+0x12>
    1ae8:	41d8                	lw	a4,4(a1)
    1aea:	00e86833          	or	a6,a6,a4
    1aee:	40022737          	lui	a4,0x40022
    1af2:	5b14                	lw	a3,48(a4)
    1af4:	0f000737          	lui	a4,0xf000
    1af8:	8f75                	and	a4,a4,a3
    1afa:	eb45                	bnez	a4,1baa <GPIO_Init+0xce>
    1afc:	4685                	li	a3,1
    1afe:	9cd18c23          	sb	a3,-1576(gp) # 20000368 <MCU_Version>
    1b02:	40011737          	lui	a4,0x40011
    1b06:	00e51563          	bne	a0,a4,1b10 <GPIO_Init+0x34>
    1b0a:	219a                	lhu	a4,0(a1)
    1b0c:	8335                	srli	a4,a4,0xd
    1b0e:	a19a                	sh	a4,0(a1)
    1b10:	218e                	lhu	a1,0(a1)
    1b12:	0ff5f713          	zext.b	a4,a1
    1b16:	c331                	beqz	a4,1b5a <GPIO_Init+0x7e>
    1b18:	4118                	lw	a4,0(a0)
    1b1a:	4681                	li	a3,0
    1b1c:	4e05                	li	t3,1
    1b1e:	02800e93          	li	t4,40
    1b22:	4f3d                	li	t5,15
    1b24:	04800f93          	li	t6,72
    1b28:	4321                	li	t1,8
    1b2a:	00de1633          	sll	a2,t3,a3
    1b2e:	00c5f8b3          	and	a7,a1,a2
    1b32:	03161063          	bne	a2,a7,1b52 <GPIO_Init+0x76>
    1b36:	09d79263          	bne	a5,t4,1bba <GPIO_Init+0xde>
    1b3a:	c950                	sw	a2,20(a0)
    1b3c:	00269613          	slli	a2,a3,0x2
    1b40:	00cf18b3          	sll	a7,t5,a2
    1b44:	fff8c893          	not	a7,a7
    1b48:	00e8f733          	and	a4,a7,a4
    1b4c:	00c81633          	sll	a2,a6,a2
    1b50:	8f51                	or	a4,a4,a2
    1b52:	0685                	addi	a3,a3,1
    1b54:	fc669be3          	bne	a3,t1,1b2a <GPIO_Init+0x4e>
    1b58:	c118                	sw	a4,0(a0)
    1b5a:	0ff00713          	li	a4,255
    1b5e:	04b77563          	bgeu	a4,a1,1ba8 <GPIO_Init+0xcc>
    1b62:	4154                	lw	a3,4(a0)
    1b64:	4601                	li	a2,0
    1b66:	4e05                	li	t3,1
    1b68:	02800e93          	li	t4,40
    1b6c:	04800f13          	li	t5,72
    1b70:	4321                	li	t1,8
    1b72:	00860713          	addi	a4,a2,8
    1b76:	00ee1733          	sll	a4,t3,a4
    1b7a:	00e5f8b3          	and	a7,a1,a4
    1b7e:	03171163          	bne	a4,a7,1ba0 <GPIO_Init+0xc4>
    1b82:	05d79063          	bne	a5,t4,1bc2 <GPIO_Init+0xe6>
    1b86:	c958                	sw	a4,20(a0)
    1b88:	00261893          	slli	a7,a2,0x2
    1b8c:	473d                	li	a4,15
    1b8e:	01171733          	sll	a4,a4,a7
    1b92:	fff74713          	not	a4,a4
    1b96:	8ef9                	and	a3,a3,a4
    1b98:	011818b3          	sll	a7,a6,a7
    1b9c:	00d8e6b3          	or	a3,a7,a3
    1ba0:	0605                	addi	a2,a2,1
    1ba2:	fc6618e3          	bne	a2,t1,1b72 <GPIO_Init+0x96>
    1ba6:	c154                	sw	a3,4(a0)
    1ba8:	8082                	ret
    1baa:	40011737          	lui	a4,0x40011
    1bae:	f6e511e3          	bne	a0,a4,1b10 <GPIO_Init+0x34>
    1bb2:	9d81c703          	lbu	a4,-1576(gp) # 20000368 <MCU_Version>
    1bb6:	df29                	beqz	a4,1b10 <GPIO_Init+0x34>
    1bb8:	bf89                	j	1b0a <GPIO_Init+0x2e>
    1bba:	f9f791e3          	bne	a5,t6,1b3c <GPIO_Init+0x60>
    1bbe:	c910                	sw	a2,16(a0)
    1bc0:	bfb5                	j	1b3c <GPIO_Init+0x60>
    1bc2:	fde793e3          	bne	a5,t5,1b88 <GPIO_Init+0xac>
    1bc6:	c918                	sw	a4,16(a0)
    1bc8:	b7c1                	j	1b88 <GPIO_Init+0xac>

00001bca <_ZN20AS5600_soft_IIC_many8stop_iicEv.constprop.0>:
    1bca:	200027b7          	lui	a5,0x20002
    1bce:	cc878693          	addi	a3,a5,-824 # 20001cc8 <MC_AS5600>
    1bd2:	4a8c                	lw	a1,16(a3)
    1bd4:	07c6a883          	lw	a7,124(a3)
    1bd8:	08068713          	addi	a4,a3,128
    1bdc:	4308                	lw	a0,0(a4)
    1bde:	00872803          	lw	a6,8(a4) # 40011008 <__freertos_irq_stack_top+0x2000c008>
    1be2:	00472303          	lw	t1,4(a4)
    1be6:	cc878793          	addi	a5,a5,-824
    1bea:	4701                	li	a4,0
    1bec:	04b74663          	blt	a4,a1,1c38 <_ZN20AS5600_soft_IIC_many8stop_iicEv.constprop.0+0x6e>
    1bf0:	20000637          	lui	a2,0x20000
    1bf4:	19462683          	lw	a3,404(a2) # 20000194 <_ZL17g_iic_delay_ticks>
    1bf8:	e6ad                	bnez	a3,1c62 <_ZN20AS5600_soft_IIC_many8stop_iicEv.constprop.0+0x98>
    1bfa:	4b8c                	lw	a1,16(a5)
    1bfc:	0807a503          	lw	a0,128(a5)
    1c00:	0887a803          	lw	a6,136(a5)
    1c04:	4701                	li	a4,0
    1c06:	06b74963          	blt	a4,a1,1c78 <_ZN20AS5600_soft_IIC_many8stop_iicEv.constprop.0+0xae>
    1c0a:	19462683          	lw	a3,404(a2)
    1c0e:	e2d1                	bnez	a3,1c92 <_ZN20AS5600_soft_IIC_many8stop_iicEv.constprop.0+0xc8>
    1c10:	4b94                	lw	a3,16(a5)
    1c12:	5fec                	lw	a1,124(a5)
    1c14:	0847a503          	lw	a0,132(a5)
    1c18:	4781                	li	a5,0
    1c1a:	08d7c763          	blt	a5,a3,1ca8 <_ZN20AS5600_soft_IIC_many8stop_iicEv.constprop.0+0xde>
    1c1e:	19462703          	lw	a4,404(a2)
    1c22:	cb11                	beqz	a4,1c36 <_ZN20AS5600_soft_IIC_many8stop_iicEv.constprop.0+0x6c>
    1c24:	e000f7b7          	lui	a5,0xe000f
    1c28:	4794                	lw	a3,8(a5)
    1c2a:	e000f637          	lui	a2,0xe000f
    1c2e:	461c                	lw	a5,8(a2)
    1c30:	8f95                	sub	a5,a5,a3
    1c32:	08e7e863          	bltu	a5,a4,1cc2 <_ZN20AS5600_soft_IIC_many8stop_iicEv.constprop.0+0xf8>
    1c36:	8082                	ret
    1c38:	00271613          	slli	a2,a4,0x2
    1c3c:	00c506b3          	add	a3,a0,a2
    1c40:	0006ae03          	lw	t3,0(a3)
    1c44:	00171693          	slli	a3,a4,0x1
    1c48:	00d80eb3          	add	t4,a6,a3
    1c4c:	000ede83          	lhu	t4,0(t4)
    1c50:	9646                	add	a2,a2,a7
    1c52:	969a                	add	a3,a3,t1
    1c54:	4210                	lw	a2,0(a2)
    1c56:	2296                	lhu	a3,0(a3)
    1c58:	01de2a23          	sw	t4,20(t3)
    1c5c:	0705                	addi	a4,a4,1
    1c5e:	ca54                	sw	a3,20(a2)
    1c60:	b771                	j	1bec <_ZN20AS5600_soft_IIC_many8stop_iicEv.constprop.0+0x22>
    1c62:	e000f737          	lui	a4,0xe000f
    1c66:	470c                	lw	a1,8(a4)
    1c68:	e000f537          	lui	a0,0xe000f
    1c6c:	4518                	lw	a4,8(a0)
    1c6e:	8f0d                	sub	a4,a4,a1
    1c70:	f8d775e3          	bgeu	a4,a3,1bfa <_ZN20AS5600_soft_IIC_many8stop_iicEv.constprop.0+0x30>
    1c74:	0001                	nop
    1c76:	bfdd                	j	1c6c <_ZN20AS5600_soft_IIC_many8stop_iicEv.constprop.0+0xa2>
    1c78:	00271693          	slli	a3,a4,0x2
    1c7c:	96aa                	add	a3,a3,a0
    1c7e:	0006a883          	lw	a7,0(a3)
    1c82:	00171693          	slli	a3,a4,0x1
    1c86:	96c2                	add	a3,a3,a6
    1c88:	2296                	lhu	a3,0(a3)
    1c8a:	0705                	addi	a4,a4,1 # e000f001 <__freertos_irq_stack_top+0xc000a001>
    1c8c:	00d8a823          	sw	a3,16(a7)
    1c90:	bf9d                	j	1c06 <_ZN20AS5600_soft_IIC_many8stop_iicEv.constprop.0+0x3c>
    1c92:	e000f737          	lui	a4,0xe000f
    1c96:	470c                	lw	a1,8(a4)
    1c98:	e000f537          	lui	a0,0xe000f
    1c9c:	4518                	lw	a4,8(a0)
    1c9e:	8f0d                	sub	a4,a4,a1
    1ca0:	f6d778e3          	bgeu	a4,a3,1c10 <_ZN20AS5600_soft_IIC_many8stop_iicEv.constprop.0+0x46>
    1ca4:	0001                	nop
    1ca6:	bfdd                	j	1c9c <_ZN20AS5600_soft_IIC_many8stop_iicEv.constprop.0+0xd2>
    1ca8:	00279713          	slli	a4,a5,0x2
    1cac:	972e                	add	a4,a4,a1
    1cae:	00072803          	lw	a6,0(a4) # e000f000 <__freertos_irq_stack_top+0xc000a000>
    1cb2:	00179713          	slli	a4,a5,0x1
    1cb6:	972a                	add	a4,a4,a0
    1cb8:	231a                	lhu	a4,0(a4)
    1cba:	0785                	addi	a5,a5,1 # e000f001 <__freertos_irq_stack_top+0xc000a001>
    1cbc:	00e82823          	sw	a4,16(a6)
    1cc0:	bfa9                	j	1c1a <_ZN20AS5600_soft_IIC_many8stop_iicEv.constprop.0+0x50>
    1cc2:	0001                	nop
    1cc4:	b7ad                	j	1c2e <_ZN20AS5600_soft_IIC_many8stop_iicEv.constprop.0+0x64>

00001cc6 <_ZN20AS5600_soft_IIC_many5set_hEPKP12GPIO_TypeDefPKt.constprop.0>:
    1cc6:	200027b7          	lui	a5,0x20002
    1cca:	cc878793          	addi	a5,a5,-824 # 20001cc8 <MC_AS5600>
    1cce:	4b94                	lw	a3,16(a5)
    1cd0:	5fb0                	lw	a2,120(a5)
    1cd2:	4781                	li	a5,0
    1cd4:	00d7c363          	blt	a5,a3,1cda <_ZN20AS5600_soft_IIC_many5set_hEPKP12GPIO_TypeDefPKt.constprop.0+0x14>
    1cd8:	8082                	ret
    1cda:	00279713          	slli	a4,a5,0x2
    1cde:	00e60833          	add	a6,a2,a4
    1ce2:	00082803          	lw	a6,0(a6)
    1ce6:	00081b63          	bnez	a6,1cfc <_ZN20AS5600_soft_IIC_many5set_hEPKP12GPIO_TypeDefPKt.constprop.0+0x36>
    1cea:	972a                	add	a4,a4,a0
    1cec:	00072803          	lw	a6,0(a4)
    1cf0:	00179713          	slli	a4,a5,0x1
    1cf4:	972e                	add	a4,a4,a1
    1cf6:	231a                	lhu	a4,0(a4)
    1cf8:	00e82823          	sw	a4,16(a6)
    1cfc:	0785                	addi	a5,a5,1
    1cfe:	bfd9                	j	1cd4 <_ZN20AS5600_soft_IIC_many5set_hEPKP12GPIO_TypeDefPKt.constprop.0+0xe>

00001d00 <_ZN20AS5600_soft_IIC_many5set_lEPKP12GPIO_TypeDefPKt.constprop.0>:
    1d00:	200027b7          	lui	a5,0x20002
    1d04:	cc878793          	addi	a5,a5,-824 # 20001cc8 <MC_AS5600>
    1d08:	4b94                	lw	a3,16(a5)
    1d0a:	5fb0                	lw	a2,120(a5)
    1d0c:	4781                	li	a5,0
    1d0e:	00d7c363          	blt	a5,a3,1d14 <_ZN20AS5600_soft_IIC_many5set_lEPKP12GPIO_TypeDefPKt.constprop.0+0x14>
    1d12:	8082                	ret
    1d14:	00279713          	slli	a4,a5,0x2
    1d18:	00e60833          	add	a6,a2,a4
    1d1c:	00082803          	lw	a6,0(a6)
    1d20:	00081b63          	bnez	a6,1d36 <_ZN20AS5600_soft_IIC_many5set_lEPKP12GPIO_TypeDefPKt.constprop.0+0x36>
    1d24:	972a                	add	a4,a4,a0
    1d26:	00072803          	lw	a6,0(a4)
    1d2a:	00179713          	slli	a4,a5,0x1
    1d2e:	972e                	add	a4,a4,a1
    1d30:	231a                	lhu	a4,0(a4)
    1d32:	00e82a23          	sw	a4,20(a6)
    1d36:	0785                	addi	a5,a5,1
    1d38:	bfd9                	j	1d0e <_ZN20AS5600_soft_IIC_many5set_lEPKP12GPIO_TypeDefPKt.constprop.0+0xe>

00001d3a <_ZN20AS5600_soft_IIC_many11clear_datasEv.constprop.0>:
    1d3a:	20002737          	lui	a4,0x20002
    1d3e:	cc870793          	addi	a5,a4,-824 # 20001cc8 <MC_AS5600>
    1d42:	5fb0                	lw	a2,120(a5)
    1d44:	47cc                	lw	a1,12(a5)
    1d46:	cc870713          	addi	a4,a4,-824
    1d4a:	4781                	li	a5,0
    1d4c:	4b14                	lw	a3,16(a4)
    1d4e:	00d7c363          	blt	a5,a3,1d54 <_ZN20AS5600_soft_IIC_many11clear_datasEv.constprop.0+0x1a>
    1d52:	8082                	ret
    1d54:	00279693          	slli	a3,a5,0x2
    1d58:	96b2                	add	a3,a3,a2
    1d5a:	0006a023          	sw	zero,0(a3)
    1d5e:	00179693          	slli	a3,a5,0x1
    1d62:	96ae                	add	a3,a3,a1
    1d64:	00069023          	sh	zero,0(a3)
    1d68:	0785                	addi	a5,a5,1
    1d6a:	b7cd                	j	1d4c <_ZN20AS5600_soft_IIC_many11clear_datasEv.constprop.0+0x12>

00001d6c <_ZL20retract_mag_from_errff.part.0.constprop.0>:
    1d6c:	beafe2ef          	jal	t0,156 <__riscv_save_0>
    1d70:	8cc1a583          	lw	a1,-1844(gp) # 2000025c <_ZL7g_scale+0x9c>
    1d74:	842a                	mv	s0,a0
    1d76:	2e9080ef          	jal	ra,a85e <__lesf2>
    1d7a:	8cc1a583          	lw	a1,-1844(gp) # 2000025c <_ZL7g_scale+0x9c>
    1d7e:	06055363          	bgez	a0,1de4 <_ZL20retract_mag_from_errff.part.0.constprop.0+0x78>
    1d82:	8781a583          	lw	a1,-1928(gp) # 20000208 <_ZL7g_scale+0x48>
    1d86:	8522                	mv	a0,s0
    1d88:	64b080ef          	jal	ra,abd2 <__subsf3>
    1d8c:	8d01a583          	lw	a1,-1840(gp) # 20000260 <_ZL7g_scale+0xa0>
    1d90:	367080ef          	jal	ra,a8f6 <__mulsf3>
    1d94:	00000593          	li	a1,0
    1d98:	842a                	mv	s0,a0
    1d9a:	2c5080ef          	jal	ra,a85e <__lesf2>
    1d9e:	00054c63          	bltz	a0,1db6 <_ZL20retract_mag_from_errff.part.0.constprop.0+0x4a>
    1da2:	8741a483          	lw	s1,-1932(gp) # 20000204 <_ZL7g_scale+0x44>
    1da6:	8522                	mv	a0,s0
    1da8:	85a6                	mv	a1,s1
    1daa:	21f080ef          	jal	ra,a7c8 <__gesf2>
    1dae:	00a05663          	blez	a0,1dba <_ZL20retract_mag_from_errff.part.0.constprop.0+0x4e>
    1db2:	8426                	mv	s0,s1
    1db4:	a019                	j	1dba <_ZL20retract_mag_from_errff.part.0.constprop.0+0x4e>
    1db6:	00000413          	li	s0,0
    1dba:	8581a583          	lw	a1,-1960(gp) # 200001e8 <_ZL7g_scale+0x28>
    1dbe:	8522                	mv	a0,s0
    1dc0:	337080ef          	jal	ra,a8f6 <__mulsf3>
    1dc4:	8d41a583          	lw	a1,-1836(gp) # 20000264 <_ZL7g_scale+0xa4>
    1dc8:	350080ef          	jal	ra,a118 <__addsf3>
    1dcc:	8c81a483          	lw	s1,-1848(gp) # 20000258 <_ZL7g_scale+0x98>
    1dd0:	842a                	mv	s0,a0
    1dd2:	85a6                	mv	a1,s1
    1dd4:	1f5080ef          	jal	ra,a7c8 <__gesf2>
    1dd8:	00a05363          	blez	a0,1dde <_ZL20retract_mag_from_errff.part.0.constprop.0+0x72>
    1ddc:	8426                	mv	s0,s1
    1dde:	8522                	mv	a0,s0
    1de0:	b9afe06f          	j	17a <__riscv_restore_0>
    1de4:	8522                	mv	a0,s0
    1de6:	5ed080ef          	jal	ra,abd2 <__subsf3>
    1dea:	8d81a583          	lw	a1,-1832(gp) # 20000268 <_ZL7g_scale+0xa8>
    1dee:	692080ef          	jal	ra,a480 <__divsf3>
    1df2:	00000593          	li	a1,0
    1df6:	842a                	mv	s0,a0
    1df8:	267080ef          	jal	ra,a85e <__lesf2>
    1dfc:	00054c63          	bltz	a0,1e14 <_ZL20retract_mag_from_errff.part.0.constprop.0+0xa8>
    1e00:	8741a483          	lw	s1,-1932(gp) # 20000204 <_ZL7g_scale+0x44>
    1e04:	8522                	mv	a0,s0
    1e06:	85a6                	mv	a1,s1
    1e08:	1c1080ef          	jal	ra,a7c8 <__gesf2>
    1e0c:	00a05663          	blez	a0,1e18 <_ZL20retract_mag_from_errff.part.0.constprop.0+0xac>
    1e10:	8426                	mv	s0,s1
    1e12:	a019                	j	1e18 <_ZL20retract_mag_from_errff.part.0.constprop.0+0xac>
    1e14:	00000413          	li	s0,0
    1e18:	8dc1a583          	lw	a1,-1828(gp) # 2000026c <_ZL7g_scale+0xac>
    1e1c:	8522                	mv	a0,s0
    1e1e:	2d9080ef          	jal	ra,a8f6 <__mulsf3>
    1e22:	8e01a583          	lw	a1,-1824(gp) # 20000270 <_ZL7g_scale+0xb0>
    1e26:	b74d                	j	1dc8 <_ZL20retract_mag_from_errff.part.0.constprop.0+0x5c>

00001e28 <_ZN14_MOTOR_CONTROL9hold_loadEffR9MOTOR_PIDRfRhS2_RbS2_S4_.constprop.0.isra.0>:
    1e28:	b06fe2ef          	jal	t0,12e <__riscv_save_10>
    1e2c:	8e41ad03          	lw	s10,-1820(gp) # 20000274 <_ZL7g_scale+0xb4>
    1e30:	842a                	mv	s0,a0
    1e32:	8bae                	mv	s7,a1
    1e34:	8536                	mv	a0,a3
    1e36:	85ea                	mv	a1,s10
    1e38:	5c42                	lw	s8,48(sp)
    1e3a:	84b2                	mv	s1,a2
    1e3c:	8936                	mv	s2,a3
    1e3e:	8b3a                	mv	s6,a4
    1e40:	89be                	mv	s3,a5
    1e42:	8ac2                	mv	s5,a6
    1e44:	8a46                	mv	s4,a7
    1e46:	219080ef          	jal	ra,a85e <__lesf2>
    1e4a:	00055363          	bgez	a0,1e50 <_ZN14_MOTOR_CONTROL9hold_loadEffR9MOTOR_PIDRfRhS2_RbS2_S4_.constprop.0.isra.0+0x28>
    1e4e:	896a                	mv	s2,s10
    1e50:	85a2                	mv	a1,s0
    1e52:	854a                	mv	a0,s2
    1e54:	20b080ef          	jal	ra,a85e <__lesf2>
    1e58:	0a055c63          	bgez	a0,1f10 <_ZN14_MOTOR_CONTROL9hold_loadEffR9MOTOR_PIDRfRhS2_RbS2_S4_.constprop.0.isra.0+0xe8>
    1e5c:	000b4783          	lbu	a5,0(s6)
    1e60:	c7ad                	beqz	a5,1eca <_ZN14_MOTOR_CONTROL9hold_loadEffR9MOTOR_PIDRfRhS2_RbS2_S4_.constprop.0.isra.0+0xa2>
    1e62:	00000593          	li	a1,0
    1e66:	854a                	mv	a0,s2
    1e68:	2b0080ef          	jal	ra,a118 <__addsf3>
    1e6c:	85aa                	mv	a1,a0
    1e6e:	8522                	mv	a0,s0
    1e70:	1ef080ef          	jal	ra,a85e <__lesf2>
    1e74:	06a05a63          	blez	a0,1ee8 <_ZN14_MOTOR_CONTROL9hold_loadEffR9MOTOR_PIDRfRhS2_RbS2_S4_.constprop.0.isra.0+0xc0>
    1e78:	85ca                	mv	a1,s2
    1e7a:	8522                	mv	a0,s0
    1e7c:	557080ef          	jal	ra,abd2 <__subsf3>
    1e80:	4785                	li	a5,1
    1e82:	00fa8023          	sb	a5,0(s5)
    1e86:	8781a583          	lw	a1,-1928(gp) # 20000208 <_ZL7g_scale+0x48>
    1e8a:	00aa2023          	sw	a0,0(s4)
    1e8e:	000c0023          	sb	zero,0(s8)
    1e92:	842a                	mv	s0,a0
    1e94:	1cb080ef          	jal	ra,a85e <__lesf2>
    1e98:	00000593          	li	a1,0
    1e9c:	00a05563          	blez	a0,1ea6 <_ZN14_MOTOR_CONTROL9hold_loadEffR9MOTOR_PIDRfRhS2_RbS2_S4_.constprop.0.isra.0+0x7e>
    1ea0:	8522                	mv	a0,s0
    1ea2:	35e9                	jal	1d6c <_ZL20retract_mag_from_errff.part.0.constprop.0>
    1ea4:	85aa                	mv	a1,a0
    1ea6:	855e                	mv	a0,s7
    1ea8:	24f080ef          	jal	ra,a8f6 <__mulsf3>
    1eac:	85aa                	mv	a1,a0
    1eae:	842a                	mv	s0,a0
    1eb0:	855e                	mv	a0,s7
    1eb2:	245080ef          	jal	ra,a8f6 <__mulsf3>
    1eb6:	00000593          	li	a1,0
    1eba:	1a5080ef          	jal	ra,a85e <__lesf2>
    1ebe:	04054463          	bltz	a0,1f06 <_ZN14_MOTOR_CONTROL9hold_loadEffR9MOTOR_PIDRfRhS2_RbS2_S4_.constprop.0.isra.0+0xde>
    1ec2:	0089a023          	sw	s0,0(s3)
    1ec6:	aa0fe06f          	j	166 <__riscv_restore_10>
    1eca:	8e81a583          	lw	a1,-1816(gp) # 20000278 <_ZL7g_scale+0xb8>
    1ece:	854a                	mv	a0,s2
    1ed0:	248080ef          	jal	ra,a118 <__addsf3>
    1ed4:	85aa                	mv	a1,a0
    1ed6:	8522                	mv	a0,s0
    1ed8:	0f1080ef          	jal	ra,a7c8 <__gesf2>
    1edc:	00054663          	bltz	a0,1ee8 <_ZN14_MOTOR_CONTROL9hold_loadEffR9MOTOR_PIDRfRhS2_RbS2_S4_.constprop.0.isra.0+0xc0>
    1ee0:	4785                	li	a5,1
    1ee2:	00fb0023          	sb	a5,0(s6)
    1ee6:	bf49                	j	1e78 <_ZN14_MOTOR_CONTROL9hold_loadEffR9MOTOR_PIDRfRhS2_RbS2_S4_.constprop.0.isra.0+0x50>
    1ee8:	000b0023          	sb	zero,0(s6)
    1eec:	00000793          	li	a5,0
    1ef0:	00f9a023          	sw	a5,0(s3)
    1ef4:	c4dc                	sw	a5,12(s1)
    1ef6:	c89c                	sw	a5,16(s1)
    1ef8:	000a8023          	sb	zero,0(s5)
    1efc:	00fa2023          	sw	a5,0(s4)
    1f00:	000c0023          	sb	zero,0(s8)
    1f04:	b7c9                	j	1ec6 <_ZN14_MOTOR_CONTROL9hold_loadEffR9MOTOR_PIDRfRhS2_RbS2_S4_.constprop.0.isra.0+0x9e>
    1f06:	00000793          	li	a5,0
    1f0a:	00f9a023          	sw	a5,0(s3)
    1f0e:	bf65                	j	1ec6 <_ZN14_MOTOR_CONTROL9hold_loadEffR9MOTOR_PIDRfRhS2_RbS2_S4_.constprop.0.isra.0+0x9e>
    1f10:	8ec1a903          	lw	s2,-1812(gp) # 2000027c <_ZL7g_scale+0xbc>
    1f14:	000b0023          	sb	zero,0(s6)
    1f18:	8522                	mv	a0,s0
    1f1a:	85ca                	mv	a1,s2
    1f1c:	0ad080ef          	jal	ra,a7c8 <__gesf2>
    1f20:	fc0556e3          	bgez	a0,1eec <_ZN14_MOTOR_CONTROL9hold_loadEffR9MOTOR_PIDRfRhS2_RbS2_S4_.constprop.0.isra.0+0xc4>
    1f24:	8f01a583          	lw	a1,-1808(gp) # 20000280 <_ZL7g_scale+0xc0>
    1f28:	8522                	mv	a0,s0
    1f2a:	135080ef          	jal	ra,a85e <__lesf2>
    1f2e:	04a05863          	blez	a0,1f7e <_ZN14_MOTOR_CONTROL9hold_loadEffR9MOTOR_PIDRfRhS2_RbS2_S4_.constprop.0.isra.0+0x156>
    1f32:	85a2                	mv	a1,s0
    1f34:	854a                	mv	a0,s2
    1f36:	49d080ef          	jal	ra,abd2 <__subsf3>
    1f3a:	8f41a583          	lw	a1,-1804(gp) # 20000284 <_ZL7g_scale+0xc4>
    1f3e:	1b9080ef          	jal	ra,a8f6 <__mulsf3>
    1f42:	8f81a583          	lw	a1,-1800(gp) # 20000288 <_ZL7g_scale+0xc8>
    1f46:	1d2080ef          	jal	ra,a118 <__addsf3>
    1f4a:	85aa                	mv	a1,a0
    1f4c:	80000537          	lui	a0,0x80000
    1f50:	01754533          	xor	a0,a0,s7
    1f54:	1a3080ef          	jal	ra,a8f6 <__mulsf3>
    1f58:	00a9a023          	sw	a0,0(s3)
    1f5c:	00000793          	li	a5,0
    1f60:	8e41a503          	lw	a0,-1820(gp) # 20000274 <_ZL7g_scale+0xb4>
    1f64:	c4dc                	sw	a5,12(s1)
    1f66:	c89c                	sw	a5,16(s1)
    1f68:	4485                	li	s1,1
    1f6a:	009a8023          	sb	s1,0(s5)
    1f6e:	85a2                	mv	a1,s0
    1f70:	463080ef          	jal	ra,abd2 <__subsf3>
    1f74:	00aa2023          	sw	a0,0(s4)
    1f78:	009c0023          	sb	s1,0(s8)
    1f7c:	b7a9                	j	1ec6 <_ZN14_MOTOR_CONTROL9hold_loadEffR9MOTOR_PIDRfRhS2_RbS2_S4_.constprop.0.isra.0+0x9e>
    1f7e:	8a81a583          	lw	a1,-1880(gp) # 20000238 <_ZL7g_scale+0x78>
    1f82:	b7e9                	j	1f4c <_ZN14_MOTOR_CONTROL9hold_loadEffR9MOTOR_PIDRfRhS2_RbS2_S4_.constprop.0.isra.0+0x124>

00001f84 <_Z19ADC_DMA_gpio_analogv>:
    1f84:	9d2fe2ef          	jal	t0,156 <__riscv_save_0>
    1f88:	40021737          	lui	a4,0x40021
    1f8c:	4f1c                	lw	a5,24(a4)
    1f8e:	1141                	addi	sp,sp,-16
    1f90:	40011537          	lui	a0,0x40011
    1f94:	0047e793          	ori	a5,a5,4
    1f98:	cf1c                	sw	a5,24(a4)
    1f9a:	478d                	li	a5,3
    1f9c:	c43e                	sw	a5,8(sp)
    1f9e:	004c                	addi	a1,sp,4
    1fa0:	0ff00793          	li	a5,255
    1fa4:	80050513          	addi	a0,a0,-2048 # 40010800 <__freertos_irq_stack_top+0x2000b800>
    1fa8:	827c                	sh	a5,4(sp)
    1faa:	00011323          	sh	zero,6(sp)
    1fae:	00011623          	sh	zero,12(sp)
    1fb2:	00011723          	sh	zero,14(sp)
    1fb6:	b27ff0ef          	jal	ra,1adc <GPIO_Init>
    1fba:	0141                	addi	sp,sp,16
    1fbc:	9befe06f          	j	17a <__riscv_restore_0>

00001fc0 <_Z32MC_PULL_detect_channels_insertedv>:
    1fc0:	aa41c783          	lbu	a5,-1372(gp) # 20000434 <_ZL16g_adc_dma_inited>
    1fc4:	e781                	bnez	a5,1fcc <_Z32MC_PULL_detect_channels_insertedv+0xc>
    1fc6:	a801a823          	sw	zero,-1392(gp) # 20000420 <filament_channel_inserted>
    1fca:	8082                	ret
    1fcc:	962fe2ef          	jal	t0,12e <__riscv_save_10>
    1fd0:	1101                	addi	sp,sp,-32
    1fd2:	3f4d                	jal	1f84 <_Z19ADC_DMA_gpio_analogv>
    1fd4:	c66fe0ef          	jal	ra,43a <_Z20ADC_DMA_filter_resetv>
    1fd8:	a44ff0ef          	jal	ra,121c <_Z17ADC_DMA_wait_fullv>
    1fdc:	000207b7          	lui	a5,0x20
    1fe0:	40678793          	addi	a5,a5,1030 # 20406 <ch32v20x_wwdg.c.13394d49+0x26b1>
    1fe4:	c63e                	sw	a5,12(sp)
    1fe6:	00000793          	li	a5,0
    1fea:	c83e                	sw	a5,16(sp)
    1fec:	ca3e                	sw	a5,20(sp)
    1fee:	cc3e                	sw	a5,24(sp)
    1ff0:	ce3e                	sw	a5,28(sp)
    1ff2:	4441                	li	s0,16
    1ff4:	4a91                	li	s5,4
    1ff6:	b94fe0ef          	jal	ra,38a <_Z17ADC_DMA_get_valuev>
    1ffa:	0804                	addi	s1,sp,16
    1ffc:	8a2a                	mv	s4,a0
    1ffe:	89a6                	mv	s3,s1
    2000:	4901                	li	s2,0
    2002:	007c                	addi	a5,sp,12
    2004:	97ca                	add	a5,a5,s2
    2006:	239c                	lbu	a5,0(a5)
    2008:	0009a503          	lw	a0,0(s3)
    200c:	0905                	addi	s2,s2,1
    200e:	078a                	slli	a5,a5,0x2
    2010:	97d2                	add	a5,a5,s4
    2012:	438c                	lw	a1,0(a5)
    2014:	0991                	addi	s3,s3,4
    2016:	102080ef          	jal	ra,a118 <__addsf3>
    201a:	fea9ae23          	sw	a0,-4(s3)
    201e:	ff5912e3          	bne	s2,s5,2002 <_Z32MC_PULL_detect_channels_insertedv+0x42>
    2022:	4509                	li	a0,2
    2024:	147d                	addi	s0,s0,-1
    2026:	9c4ff0ef          	jal	ra,11ea <delay.part.0>
    202a:	f471                	bnez	s0,1ff6 <_Z32MC_PULL_detect_channels_insertedv+0x36>
    202c:	8fc1ab03          	lw	s6,-1796(gp) # 2000028c <_ZL7g_scale+0xcc>
    2030:	9001aa83          	lw	s5,-1792(gp) # 20000290 <_ZL7g_scale+0xd0>
    2034:	9041ab83          	lw	s7,-1788(gp) # 20000294 <_ZL7g_scale+0xd4>
    2038:	a9018913          	addi	s2,gp,-1392 # 20000420 <filament_channel_inserted>
    203c:	4a11                	li	s4,4
    203e:	4088                	lw	a0,0(s1)
    2040:	85da                	mv	a1,s6
    2042:	0b5080ef          	jal	ra,a8f6 <__mulsf3>
    2046:	85d6                	mv	a1,s5
    2048:	89aa                	mv	s3,a0
    204a:	77e080ef          	jal	ra,a7c8 <__gesf2>
    204e:	02a05163          	blez	a0,2070 <_Z32MC_PULL_detect_channels_insertedv+0xb0>
    2052:	85de                	mv	a1,s7
    2054:	854e                	mv	a0,s3
    2056:	009080ef          	jal	ra,a85e <__lesf2>
    205a:	817d                	srli	a0,a0,0x1f
    205c:	012407b3          	add	a5,s0,s2
    2060:	a388                	sb	a0,0(a5)
    2062:	0405                	addi	s0,s0,1
    2064:	0491                	addi	s1,s1,4 # 40022004 <__freertos_irq_stack_top+0x2001d004>
    2066:	fd441ce3          	bne	s0,s4,203e <_Z32MC_PULL_detect_channels_insertedv+0x7e>
    206a:	6105                	addi	sp,sp,32
    206c:	8fafe06f          	j	166 <__riscv_restore_10>
    2070:	4501                	li	a0,0
    2072:	b7ed                	j	205c <_Z32MC_PULL_detect_channels_insertedv+0x9c>

00002074 <_ZL13adc_calibrateP11ADC_TypeDef>:
    2074:	451c                	lw	a5,8(a0)
    2076:	fc000737          	lui	a4,0xfc000
    207a:	177d                	addi	a4,a4,-1 # fbffffff <__freertos_irq_stack_top+0xdbffafff>
    207c:	0017e793          	ori	a5,a5,1
    2080:	c51c                	sw	a5,8(a0)
    2082:	415c                	lw	a5,4(a0)
    2084:	8ff9                	and	a5,a5,a4
    2086:	c15c                	sw	a5,4(a0)
    2088:	451c                	lw	a5,8(a0)
    208a:	0087e793          	ori	a5,a5,8
    208e:	c51c                	sw	a5,8(a0)
    2090:	451c                	lw	a5,8(a0)
    2092:	8ba1                	andi	a5,a5,8
    2094:	fff5                	bnez	a5,2090 <_ZL13adc_calibrateP11ADC_TypeDef+0x1c>
    2096:	451c                	lw	a5,8(a0)
    2098:	0047e793          	ori	a5,a5,4
    209c:	c51c                	sw	a5,8(a0)
    209e:	451c                	lw	a5,8(a0)
    20a0:	8b91                	andi	a5,a5,4
    20a2:	fff5                	bnez	a5,209e <_ZL13adc_calibrateP11ADC_TypeDef+0x2a>
    20a4:	8082                	ret

000020a6 <_Z12ADC_DMA_initv.part.0>:
    20a6:	896fe2ef          	jal	t0,13c <__riscv_save_4>
    20aa:	400217b7          	lui	a5,0x40021
    20ae:	4f98                	lw	a4,24(a5)
    20b0:	76d1                	lui	a3,0xffff4
    20b2:	16fd                	addi	a3,a3,-1 # ffff3fff <__freertos_irq_stack_top+0xdffeefff>
    20b4:	00476713          	ori	a4,a4,4
    20b8:	cf98                	sw	a4,24(a5)
    20ba:	4bd8                	lw	a4,20(a5)
    20bc:	20002937          	lui	s2,0x20002
    20c0:	4401                	li	s0,0
    20c2:	00176713          	ori	a4,a4,1
    20c6:	cbd8                	sw	a4,20(a5)
    20c8:	4f98                	lw	a4,24(a5)
    20ca:	37090913          	addi	s2,s2,880 # 20002370 <_ZL9g_dma_buf>
    20ce:	20076713          	ori	a4,a4,512
    20d2:	cf98                	sw	a4,24(a5)
    20d4:	4f98                	lw	a4,24(a5)
    20d6:	40076713          	ori	a4,a4,1024
    20da:	cf98                	sw	a4,24(a5)
    20dc:	43d8                	lw	a4,4(a5)
    20de:	8f75                	and	a4,a4,a3
    20e0:	66b1                	lui	a3,0xc
    20e2:	8f55                	or	a4,a4,a3
    20e4:	c3d8                	sw	a4,4(a5)
    20e6:	3d79                	jal	1f84 <_Z19ADC_DMA_gpio_analogv>
    20e8:	56fd                	li	a3,-1
    20ea:	20000713          	li	a4,512
    20ee:	00241793          	slli	a5,s0,0x2
    20f2:	97ca                	add	a5,a5,s2
    20f4:	c394                	sw	a3,0(a5)
    20f6:	0405                	addi	s0,s0,1
    20f8:	fee41be3          	bne	s0,a4,20ee <_Z12ADC_DMA_initv.part.0+0x48>
    20fc:	88afe0ef          	jal	ra,186 <_ZL12filter_resetv>
    2100:	400207b7          	lui	a5,0x40020
    2104:	4790                	lw	a2,8(a5)
    2106:	6741                	lui	a4,0x10
    2108:	1779                	addi	a4,a4,-2 # fffe <MC_PULL_calibration.cpp.947435e8+0x734>
    210a:	8e79                	and	a2,a2,a4
    210c:	c790                	sw	a2,8(a5)
    210e:	0007a423          	sw	zero,8(a5) # 40020008 <__freertos_irq_stack_top+0x2001b008>
    2112:	0007a623          	sw	zero,12(a5)
    2116:	0007a823          	sw	zero,16(a5)
    211a:	0007aa23          	sw	zero,20(a5)
    211e:	43d0                	lw	a2,4(a5)
    2120:	46bd                	li	a3,15
    2122:	e0f10537          	lui	a0,0xe0f10
    2126:	00f66613          	ori	a2,a2,15
    212a:	c3d0                	sw	a2,4(a5)
    212c:	4790                	lw	a2,8(a5)
    212e:	eff50513          	addi	a0,a0,-257 # e0f0feff <__freertos_irq_stack_top+0xc0f0aeff>
    2132:	fff1f5b7          	lui	a1,0xfff1f
    2136:	8f71                	and	a4,a4,a2
    2138:	c798                	sw	a4,8(a5)
    213a:	4798                	lw	a4,8(a5)
    213c:	7661                	lui	a2,0xffff8
    213e:	063d                	addi	a2,a2,15 # ffff800f <__freertos_irq_stack_top+0xdfff300f>
    2140:	8f71                	and	a4,a4,a2
    2142:	660d                	lui	a2,0x3
    2144:	aa060613          	addi	a2,a2,-1376 # 2aa0 <_ZL16motor_motion_runiym+0x5c6>
    2148:	8f51                	or	a4,a4,a2
    214a:	c798                	sw	a4,8(a5)
    214c:	40012737          	lui	a4,0x40012
    2150:	c7c0                	sw	s0,12(a5)
    2152:	44c70613          	addi	a2,a4,1100 # 4001244c <__freertos_irq_stack_top+0x2000d44c>
    2156:	cb90                	sw	a2,16(a5)
    2158:	0127aa23          	sw	s2,20(a5)
    215c:	c7c0                	sw	s0,12(a5)
    215e:	c3d4                	sw	a3,4(a5)
    2160:	4794                	lw	a3,8(a5)
    2162:	7fd58593          	addi	a1,a1,2045 # fff1f7fd <__freertos_irq_stack_top+0xdff1a7fd>
    2166:	000e0637          	lui	a2,0xe0
    216a:	9ac5                	andi	a3,a3,-15
    216c:	c794                	sw	a3,8(a5)
    216e:	400217b7          	lui	a5,0x40021
    2172:	47d4                	lw	a3,12(a5)
    2174:	0609                	addi	a2,a2,2 # e0002 <ch32v20x_wwdg.c.13394d49+0xc22ad>
    2176:	00700837          	lui	a6,0x700
    217a:	2006e693          	ori	a3,a3,512
    217e:	c7d4                	sw	a3,12(a5)
    2180:	47d4                	lw	a3,12(a5)
    2182:	40012f37          	lui	t5,0x40012
    2186:	4f8d                	li	t6,3
    2188:	dff6f693          	andi	a3,a3,-513
    218c:	c7d4                	sw	a3,12(a5)
    218e:	47d4                	lw	a3,12(a5)
    2190:	489d                	li	a7,7
    2192:	4319                	li	t1,6
    2194:	4006e693          	ori	a3,a3,1024
    2198:	c7d4                	sw	a3,12(a5)
    219a:	47d4                	lw	a3,12(a5)
    219c:	4e7d                	li	t3,31
    219e:	40013eb7          	lui	t4,0x40013
    21a2:	bff6f693          	andi	a3,a3,-1025
    21a6:	c7d4                	sw	a3,12(a5)
    21a8:	40070793          	addi	a5,a4,1024
    21ac:	43d8                	lw	a4,4(a5)
    21ae:	000606b7          	lui	a3,0x60
    21b2:	10068693          	addi	a3,a3,256 # 60100 <ch32v20x_wwdg.c.13394d49+0x423ab>
    21b6:	8f69                	and	a4,a4,a0
    21b8:	8f55                	or	a4,a4,a3
    21ba:	c3d8                	sw	a4,4(a5)
    21bc:	4798                	lw	a4,8(a5)
    21be:	ff1006b7          	lui	a3,0xff100
    21c2:	16fd                	addi	a3,a3,-1 # ff0fffff <__freertos_irq_stack_top+0xdf0fafff>
    21c4:	8f6d                	and	a4,a4,a1
    21c6:	8f51                	or	a4,a4,a2
    21c8:	c798                	sw	a4,8(a5)
    21ca:	57d8                	lw	a4,44(a5)
    21cc:	8f75                	and	a4,a4,a3
    21ce:	01076733          	or	a4,a4,a6
    21d2:	d7d8                	sw	a4,44(a5)
    21d4:	400137b7          	lui	a5,0x40013
    21d8:	80078793          	addi	a5,a5,-2048 # 40012800 <__freertos_irq_stack_top+0x2000d800>
    21dc:	43d8                	lw	a4,4(a5)
    21de:	8f69                	and	a4,a4,a0
    21e0:	10076713          	ori	a4,a4,256
    21e4:	c3d8                	sw	a4,4(a5)
    21e6:	4798                	lw	a4,8(a5)
    21e8:	8f6d                	and	a4,a4,a1
    21ea:	8f51                	or	a4,a4,a2
    21ec:	c798                	sw	a4,8(a5)
    21ee:	57d8                	lw	a4,44(a5)
    21f0:	8f75                	and	a4,a4,a3
    21f2:	01076733          	or	a4,a4,a6
    21f6:	d7d8                	sw	a4,44(a5)
    21f8:	4701                	li	a4,0
    21fa:	4781                	li	a5,0
    21fc:	03f785b3          	mul	a1,a5,t6
    2200:	400f0413          	addi	s0,t5,1024 # 40012400 <__freertos_irq_stack_top+0x2000d400>
    2204:	4814                	lw	a3,16(s0)
    2206:	00178293          	addi	t0,a5,1
    220a:	00b89833          	sll	a6,a7,a1
    220e:	fff84813          	not	a6,a6
    2212:	0106f6b3          	and	a3,a3,a6
    2216:	00b315b3          	sll	a1,t1,a1
    221a:	8ecd                	or	a3,a3,a1
    221c:	c814                	sw	a3,16(s0)
    221e:	0ff2f693          	zext.b	a3,t0
    2222:	02d36a63          	bltu	t1,a3,2256 <_Z12ADC_DMA_initv.part.0+0x1b0>
    2226:	5850                	lw	a2,52(s0)
    2228:	00ee16b3          	sll	a3,t3,a4
    222c:	fff6c693          	not	a3,a3
    2230:	00e797b3          	sll	a5,a5,a4
    2234:	8e75                	and	a2,a2,a3
    2236:	8e5d                	or	a2,a2,a5
    2238:	d850                	sw	a2,52(s0)
    223a:	800e8513          	addi	a0,t4,-2048 # 40012800 <__freertos_irq_stack_top+0x2000d800>
    223e:	4910                	lw	a2,16(a0)
    2240:	0715                	addi	a4,a4,5
    2242:	01067633          	and	a2,a2,a6
    2246:	8e4d                	or	a2,a2,a1
    2248:	c910                	sw	a2,16(a0)
    224a:	5950                	lw	a2,52(a0)
    224c:	8ef1                	and	a3,a3,a2
    224e:	8fd5                	or	a5,a5,a3
    2250:	d95c                	sw	a5,52(a0)
    2252:	8796                	mv	a5,t0
    2254:	b765                	j	21fc <_Z12ADC_DMA_initv.part.0+0x156>
    2256:	5808                	lw	a0,48(s0)
    2258:	fe270693          	addi	a3,a4,-30
    225c:	00de1633          	sll	a2,t3,a3
    2260:	fff64613          	not	a2,a2
    2264:	8d71                	and	a0,a0,a2
    2266:	00d796b3          	sll	a3,a5,a3
    226a:	8d55                	or	a0,a0,a3
    226c:	d808                	sw	a0,48(s0)
    226e:	800e8493          	addi	s1,t4,-2048
    2272:	4888                	lw	a0,16(s1)
    2274:	01057533          	and	a0,a0,a6
    2278:	8dc9                	or	a1,a1,a0
    227a:	c88c                	sw	a1,16(s1)
    227c:	588c                	lw	a1,48(s1)
    227e:	8e6d                	and	a2,a2,a1
    2280:	8ed1                	or	a3,a3,a2
    2282:	d894                	sw	a3,48(s1)
    2284:	01178563          	beq	a5,a7,228e <_Z12ADC_DMA_initv.part.0+0x1e8>
    2288:	0715                	addi	a4,a4,5
    228a:	479d                	li	a5,7
    228c:	bf85                	j	21fc <_Z12ADC_DMA_initv.part.0+0x156>
    228e:	8522                	mv	a0,s0
    2290:	33d5                	jal	2074 <_ZL13adc_calibrateP11ADC_TypeDef>
    2292:	8526                	mv	a0,s1
    2294:	33c5                	jal	2074 <_ZL13adc_calibrateP11ADC_TypeDef>
    2296:	441c                	lw	a5,8(s0)
    2298:	40020737          	lui	a4,0x40020
    229c:	1007e793          	ori	a5,a5,256
    22a0:	c41c                	sw	a5,8(s0)
    22a2:	471c                	lw	a5,8(a4)
    22a4:	0017e793          	ori	a5,a5,1
    22a8:	c71c                	sw	a5,8(a4)
    22aa:	449c                	lw	a5,8(s1)
    22ac:	00500737          	lui	a4,0x500
    22b0:	8fd9                	or	a5,a5,a4
    22b2:	c49c                	sw	a5,8(s1)
    22b4:	441c                	lw	a5,8(s0)
    22b6:	8fd9                	or	a5,a5,a4
    22b8:	c41c                	sw	a5,8(s0)
    22ba:	e000f7b7          	lui	a5,0xe000f
    22be:	4784                	lw	s1,8(a5)
    22c0:	82c1a403          	lw	s0,-2004(gp) # 200001bc <time_hw_tpms>
    22c4:	c809                	beqz	s0,22d6 <_Z12ADC_DMA_initv.part.0+0x230>
    22c6:	15e00793          	li	a5,350
    22ca:	02f43733          	mulhu	a4,s0,a5
    22ce:	02f40433          	mul	s0,s0,a5
    22d2:	c311                	beqz	a4,22d6 <_Z12ADC_DMA_initv.part.0+0x230>
    22d4:	547d                	li	s0,-1
    22d6:	e000f9b7          	lui	s3,0xe000f
    22da:	40020a37          	lui	s4,0x40020
    22de:	5afd                	li	s5,-1
    22e0:	0089a783          	lw	a5,8(s3) # e000f008 <__freertos_irq_stack_top+0xc000a008>
    22e4:	8f85                	sub	a5,a5,s1
    22e6:	0287e963          	bltu	a5,s0,2318 <_Z12ADC_DMA_initv.part.0+0x272>
    22ea:	40020737          	lui	a4,0x40020
    22ee:	431c                	lw	a5,0(a4)
    22f0:	00092583          	lw	a1,0(s2)
    22f4:	567d                	li	a2,-1
    22f6:	00c59463          	bne	a1,a2,22fe <_Z12ADC_DMA_initv.part.0+0x258>
    22fa:	8b99                	andi	a5,a5,6
    22fc:	cb95                	beqz	a5,2330 <_Z12ADC_DMA_initv.part.0+0x28a>
    22fe:	4785                	li	a5,1
    2300:	aaf18223          	sb	a5,-1372(gp) # 20000434 <_ZL16g_adc_dma_inited>
    2304:	473d                	li	a4,15
    2306:	400207b7          	lui	a5,0x40020
    230a:	c3d8                	sw	a4,4(a5)
    230c:	92efe0ef          	jal	ra,43a <_Z20ADC_DMA_filter_resetv>
    2310:	f0dfe0ef          	jal	ra,121c <_Z17ADC_DMA_wait_fullv>
    2314:	e5dfd06f          	j	170 <__riscv_restore_4>
    2318:	000a2783          	lw	a5,0(s4) # 40020000 <__freertos_irq_stack_top+0x2001b000>
    231c:	8bb9                	andi	a5,a5,14
    231e:	f7f1                	bnez	a5,22ea <_Z12ADC_DMA_initv.part.0+0x244>
    2320:	00092783          	lw	a5,0(s2)
    2324:	fd5793e3          	bne	a5,s5,22ea <_Z12ADC_DMA_initv.part.0+0x244>
    2328:	4505                	li	a0,1
    232a:	ec1fe0ef          	jal	ra,11ea <delay.part.0>
    232e:	bf4d                	j	22e0 <_Z12ADC_DMA_initv.part.0+0x23a>
    2330:	aa018223          	sb	zero,-1372(gp) # 20000434 <_ZL16g_adc_dma_inited>
    2334:	47bd                	li	a5,15
    2336:	c35c                	sw	a5,4(a4)
    2338:	bff1                	j	2314 <_Z12ADC_DMA_initv.part.0+0x26e>

0000233a <_ZN12WS2812_class4initEhP12GPIO_TypeDeft>:
    233a:	e1dfd2ef          	jal	t0,156 <__riscv_save_0>
    233e:	9dc1a783          	lw	a5,-1572(gp) # 2000036c <_ZL18g_ws2812_rst_ticks>
    2342:	842a                	mv	s0,a0
    2344:	02040623          	sb	zero,44(s0)
    2348:	1101                	addi	sp,sp,-32
    234a:	8532                	mv	a0,a2
    234c:	eb91                	bnez	a5,2360 <_ZN12WS2812_class4initEhP12GPIO_TypeDeft+0x26>
    234e:	81c1a603          	lw	a2,-2020(gp) # 200001ac <time_hw_tpus>
    2352:	06400793          	li	a5,100
    2356:	02c787b3          	mul	a5,a5,a2
    235a:	cbb5                	beqz	a5,23ce <_ZN12WS2812_class4initEhP12GPIO_TypeDeft+0x94>
    235c:	9cf1ae23          	sw	a5,-1572(gp) # 2000036c <_ZL18g_ws2812_rst_ticks>
    2360:	400117b7          	lui	a5,0x40011
    2364:	a06c                	sb	a1,6(s0)
    2366:	c008                	sw	a0,0(s0)
    2368:	a056                	sh	a3,4(s0)
    236a:	80078713          	addi	a4,a5,-2048 # 40010800 <__freertos_irq_stack_top+0x2000b800>
    236e:	06e51263          	bne	a0,a4,23d2 <_ZN12WS2812_class4initEhP12GPIO_TypeDeft+0x98>
    2372:	40021737          	lui	a4,0x40021
    2376:	4f1c                	lw	a5,24(a4)
    2378:	0047e793          	ori	a5,a5,4
    237c:	cf1c                	sw	a5,24(a4)
    237e:	478d                	li	a5,3
    2380:	cc3e                	sw	a5,24(sp)
    2382:	084c                	addi	a1,sp,20
    2384:	47c1                	li	a5,16
    2386:	82f4                	sh	a3,20(sp)
    2388:	ce3e                	sw	a5,28(sp)
    238a:	00011b23          	sh	zero,22(sp)
    238e:	f4eff0ef          	jal	ra,1adc <GPIO_Init>
    2392:	401c                	lw	a5,0(s0)
    2394:	205a                	lhu	a4,4(s0)
    2396:	4581                	li	a1,0
    2398:	00840513          	addi	a0,s0,8
    239c:	cbd8                	sw	a4,20(a5)
    239e:	2064                	lbu	s1,6(s0)
    23a0:	00249613          	slli	a2,s1,0x2
    23a4:	c632                	sw	a2,12(sp)
    23a6:	d71fd0ef          	jal	ra,116 <memset>
    23aa:	4632                	lw	a2,12(sp)
    23ac:	4581                	li	a1,0
    23ae:	01840513          	addi	a0,s0,24
    23b2:	d65fd0ef          	jal	ra,116 <memset>
    23b6:	8626                	mv	a2,s1
    23b8:	4581                	li	a1,0
    23ba:	02840513          	addi	a0,s0,40
    23be:	d59fd0ef          	jal	ra,116 <memset>
    23c2:	4785                	li	a5,1
    23c4:	02f40623          	sb	a5,44(s0)
    23c8:	6105                	addi	sp,sp,32
    23ca:	db1fd06f          	j	17a <__riscv_restore_0>
    23ce:	4785                	li	a5,1
    23d0:	b771                	j	235c <_ZN12WS2812_class4initEhP12GPIO_TypeDeft+0x22>
    23d2:	c0078713          	addi	a4,a5,-1024
    23d6:	00e51863          	bne	a0,a4,23e6 <_ZN12WS2812_class4initEhP12GPIO_TypeDeft+0xac>
    23da:	40021737          	lui	a4,0x40021
    23de:	4f1c                	lw	a5,24(a4)
    23e0:	0087e793          	ori	a5,a5,8
    23e4:	bf61                	j	237c <_ZN12WS2812_class4initEhP12GPIO_TypeDeft+0x42>
    23e6:	00f51863          	bne	a0,a5,23f6 <_ZN12WS2812_class4initEhP12GPIO_TypeDeft+0xbc>
    23ea:	40021737          	lui	a4,0x40021
    23ee:	4f1c                	lw	a5,24(a4)
    23f0:	0107e793          	ori	a5,a5,16
    23f4:	b761                	j	237c <_ZN12WS2812_class4initEhP12GPIO_TypeDeft+0x42>
    23f6:	40078793          	addi	a5,a5,1024
    23fa:	f8f512e3          	bne	a0,a5,237e <_ZN12WS2812_class4initEhP12GPIO_TypeDeft+0x44>
    23fe:	40021737          	lui	a4,0x40021
    2402:	4f1c                	lw	a5,24(a4)
    2404:	0207e793          	ori	a5,a5,32
    2408:	bf95                	j	237c <_ZN12WS2812_class4initEhP12GPIO_TypeDeft+0x42>

0000240a <_ZN20AS5600_soft_IIC_many17enable_gpio_clockEP12GPIO_TypeDef.constprop.0>:
    240a:	400117b7          	lui	a5,0x40011
    240e:	80078713          	addi	a4,a5,-2048 # 40010800 <__freertos_irq_stack_top+0x2000b800>
    2412:	00e51963          	bne	a0,a4,2424 <_ZN20AS5600_soft_IIC_many17enable_gpio_clockEP12GPIO_TypeDef.constprop.0+0x1a>
    2416:	40021737          	lui	a4,0x40021
    241a:	4f1c                	lw	a5,24(a4)
    241c:	0047e793          	ori	a5,a5,4
    2420:	cf1c                	sw	a5,24(a4)
    2422:	8082                	ret
    2424:	c0078713          	addi	a4,a5,-1024
    2428:	00e51863          	bne	a0,a4,2438 <_ZN20AS5600_soft_IIC_many17enable_gpio_clockEP12GPIO_TypeDef.constprop.0+0x2e>
    242c:	40021737          	lui	a4,0x40021
    2430:	4f1c                	lw	a5,24(a4)
    2432:	0087e793          	ori	a5,a5,8
    2436:	b7ed                	j	2420 <_ZN20AS5600_soft_IIC_many17enable_gpio_clockEP12GPIO_TypeDef.constprop.0+0x16>
    2438:	00f51863          	bne	a0,a5,2448 <_ZN20AS5600_soft_IIC_many17enable_gpio_clockEP12GPIO_TypeDef.constprop.0+0x3e>
    243c:	40021737          	lui	a4,0x40021
    2440:	4f1c                	lw	a5,24(a4)
    2442:	0107e793          	ori	a5,a5,16
    2446:	bfe9                	j	2420 <_ZN20AS5600_soft_IIC_many17enable_gpio_clockEP12GPIO_TypeDef.constprop.0+0x16>
    2448:	40078793          	addi	a5,a5,1024
    244c:	fcf51be3          	bne	a0,a5,2422 <_ZN20AS5600_soft_IIC_many17enable_gpio_clockEP12GPIO_TypeDef.constprop.0+0x18>
    2450:	40021737          	lui	a4,0x40021
    2454:	4f1c                	lw	a5,24(a4)
    2456:	0207e793          	ori	a5,a5,32
    245a:	b7d9                	j	2420 <_ZN20AS5600_soft_IIC_many17enable_gpio_clockEP12GPIO_TypeDef.constprop.0+0x16>

0000245c <_ZN12WS2812_class14set_RGB_onlineEhhhhb.constprop.0>:
    245c:	217c                	lbu	a5,6(a0)
    245e:	4705                	li	a4,1
    2460:	00f77f63          	bgeu	a4,a5,247e <_ZN12WS2812_class14set_RGB_onlineEhhhhb.constprop.0+0x22>
    2464:	01061793          	slli	a5,a2,0x10
    2468:	8fd5                	or	a5,a5,a3
    246a:	4554                	lw	a3,12(a0)
    246c:	05a2                	slli	a1,a1,0x8
    246e:	020504a3          	sb	zero,41(a0)
    2472:	8fcd                	or	a5,a5,a1
    2474:	00d78563          	beq	a5,a3,247e <_ZN12WS2812_class14set_RGB_onlineEhhhhb.constprop.0+0x22>
    2478:	c55c                	sw	a5,12(a0)
    247a:	02e50623          	sb	a4,44(a0)
    247e:	8082                	ret

00002480 <_ZL14show_diag_stephhhii>:
    2480:	caffd2ef          	jal	t0,12e <__riscv_save_10>
    2484:	20002437          	lui	s0,0x20002
    2488:	23040493          	addi	s1,s0,560 # 20002230 <RGBOUT>
    248c:	8a2a                	mv	s4,a0
    248e:	8aae                	mv	s5,a1
    2490:	8b32                	mv	s6,a2
    2492:	89b6                	mv	s3,a3
    2494:	893a                	mv	s2,a4
    2496:	0c048b93          	addi	s7,s1,192
    249a:	23040413          	addi	s0,s0,560
    249e:	8522                	mv	a0,s0
    24a0:	86da                	mv	a3,s6
    24a2:	8656                	mv	a2,s5
    24a4:	85d2                	mv	a1,s4
    24a6:	03040413          	addi	s0,s0,48
    24aa:	3f4d                	jal	245c <_ZN12WS2812_class14set_RGB_onlineEhhhhb.constprop.0>
    24ac:	ff7419e3          	bne	s0,s7,249e <_ZL14show_diag_stephhhii+0x1e>
    24b0:	beeff0ef          	jal	ra,189e <_Z10RGB_updatev>
    24b4:	854e                	mv	a0,s3
    24b6:	d61fe0ef          	jal	ra,1216 <delay>
    24ba:	8526                	mv	a0,s1
    24bc:	4681                	li	a3,0
    24be:	4601                	li	a2,0
    24c0:	4581                	li	a1,0
    24c2:	03048493          	addi	s1,s1,48
    24c6:	3f59                	jal	245c <_ZN12WS2812_class14set_RGB_onlineEhhhhb.constprop.0>
    24c8:	ff7499e3          	bne	s1,s7,24ba <_ZL14show_diag_stephhhii+0x3a>
    24cc:	bd2ff0ef          	jal	ra,189e <_Z10RGB_updatev>
    24d0:	854a                	mv	a0,s2
    24d2:	d45fe0ef          	jal	ra,1216 <delay>
    24d6:	c91fd06f          	j	166 <__riscv_restore_10>

000024da <_ZL16motor_motion_runiym>:
    24da:	c4dfd2ef          	jal	t0,126 <__riscv_save_12>
    24de:	200024b7          	lui	s1,0x20002
    24e2:	7135                	addi	sp,sp,-160
    24e4:	200023b7          	lui	t2,0x20002
    24e8:	c8848893          	addi	a7,s1,-888 # 20001c88 <_ZL13dm_auto_t0_ms>
    24ec:	c8848493          	addi	s1,s1,-888
    24f0:	200022b7          	lui	t0,0x20002
    24f4:	81818093          	addi	ra,gp,-2024 # 200001a8 <_ZL9dm_loaded>
    24f8:	cc26                	sw	s1,24(sp)
    24fa:	c7838493          	addi	s1,t2,-904 # 20001c78 <_ZL16dm_auto_remain_m>
    24fe:	d886                	sw	ra,112(sp)
    2500:	d626                	sw	s1,44(sp)
    2502:	a8018093          	addi	ra,gp,-1408 # 20000410 <_ZL13dm_fail_latch>
    2506:	c6828493          	addi	s1,t0,-920 # 20001c68 <_ZL14dm_auto_last_m>
    250a:	a4818f13          	addi	t5,gp,-1464 # 200003d8 <_ZL16dm_autoload_gate>
    250e:	d686                	sw	ra,108(sp)
    2510:	d2a6                	sw	s1,100(sp)
    2512:	a5018093          	addi	ra,gp,-1456 # 200003e0 <_ZL13dm_auto_state>
    2516:	a4818493          	addi	s1,gp,-1464 # 200003d8 <_ZL16dm_autoload_gate>
    251a:	20002737          	lui	a4,0x20002
    251e:	c7838813          	addi	a6,t2,-904
    2522:	200027b7          	lui	a5,0x20002
    2526:	ce06                	sw	ra,28(sp)
    2528:	c326                	sw	s1,132(sp)
    252a:	a4c18093          	addi	ra,gp,-1460 # 200003dc <_ZL11dm_auto_try>
    252e:	a9018493          	addi	s1,gp,-1392 # 20000420 <filament_channel_inserted>
    2532:	842a                	mv	s0,a0
    2534:	c82e                	sw	a1,16(sp)
    2536:	ca32                	sw	a2,20(sp)
    2538:	a4c18313          	addi	t1,gp,-1460 # 200003dc <_ZL11dm_auto_try>
    253c:	c3870d93          	addi	s11,a4,-968 # 20001c38 <_ZL21filament_now_position>
    2540:	d0a6                	sw	s1,96(sp)
    2542:	81818613          	addi	a2,gp,-2024 # 200001a8 <_ZL9dm_loaded>
    2546:	a8018f93          	addi	t6,gp,-1408 # 20000410 <_ZL13dm_fail_latch>
    254a:	a5018e13          	addi	t3,gp,-1456 # 200003e0 <_ZL13dm_auto_state>
    254e:	c6828513          	addi	a0,t0,-920
    2552:	c4878793          	addi	a5,a5,-952 # 20001c48 <_ZL20dm_loaded_drop_t0_ms>
    2556:	c3870713          	addi	a4,a4,-968
    255a:	4581                	li	a1,0
    255c:	d806                	sw	ra,48(sp)
    255e:	a8418393          	addi	t2,gp,-1404 # 20000414 <_ZL17MC_ONLINE_key_stu>
    2562:	4905                	li	s2,1
    2564:	4491                	li	s1,4
    2566:	5e86                	lw	t4,96(sp)
    2568:	9eae                	add	t4,t4,a1
    256a:	000ece83          	lbu	t4,0(t4)
    256e:	2e0e9c63          	bnez	t4,2866 <_ZL16motor_motion_runiym+0x38c>
    2572:	4981                	li	s3,0
    2574:	4a01                	li	s4,0
    2576:	00000e93          	li	t4,0
    257a:	01260023          	sb	s2,0(a2)
    257e:	000f8023          	sb	zero,0(t6)
    2582:	000e0023          	sb	zero,0(t3)
    2586:	00030023          	sb	zero,0(t1)
    258a:	0138a023          	sw	s3,0(a7)
    258e:	0148a223          	sw	s4,4(a7)
    2592:	01d82023          	sw	t4,0(a6) # 700000 <ch32v20x_wwdg.c.13394d49+0x6e22ab>
    2596:	01d52023          	sw	t4,0(a0)
    259a:	0137a023          	sw	s3,0(a5)
    259e:	0147a223          	sw	s4,4(a5)
    25a2:	000f0023          	sb	zero,0(t5)
    25a6:	0585                	addi	a1,a1,1
    25a8:	0605                	addi	a2,a2,1
    25aa:	0f85                	addi	t6,t6,1
    25ac:	0e05                	addi	t3,t3,1
    25ae:	0305                	addi	t1,t1,1
    25b0:	08a1                	addi	a7,a7,8
    25b2:	0811                	addi	a6,a6,4
    25b4:	0511                	addi	a0,a0,4
    25b6:	07a1                	addi	a5,a5,8
    25b8:	0f05                	addi	t5,t5,1
    25ba:	0711                	addi	a4,a4,4
    25bc:	fa9595e3          	bne	a1,s1,2566 <_ZL16motor_motion_runiym+0x8c>
    25c0:	a441c603          	lbu	a2,-1468(gp) # 200003d4 <_ZZL16motor_motion_runiymE15have_last_ticks>
    25c4:	36061463          	bnez	a2,292c <_ZL16motor_motion_runiym+0x452>
    25c8:	4605                	li	a2,1
    25ca:	a4c18223          	sb	a2,-1468(gp) # 200003d4 <_ZZL16motor_motion_runiymE15have_last_ticks>
    25ce:	a4d1a023          	sw	a3,-1472(gp) # 200003d0 <_ZZL16motor_motion_runiymE10last_ticks>
    25d2:	00000793          	li	a5,0
    25d6:	ce82                	sw	zero,92(sp)
    25d8:	de3e                	sw	a5,60(sp)
    25da:	20002637          	lui	a2,0x20002
    25de:	23060793          	addi	a5,a2,560 # 20002230 <RGBOUT>
    25e2:	23060613          	addi	a2,a2,560
    25e6:	d232                	sw	a2,36(sp)
    25e8:	a7818613          	addi	a2,gp,-1416 # 20000408 <_ZL18g_on_use_low_latch>
    25ec:	d03e                	sw	a5,32(sp)
    25ee:	a8418693          	addi	a3,gp,-1404 # 20000414 <_ZL17MC_ONLINE_key_stu>
    25f2:	4701                	li	a4,0
    25f4:	a8418d13          	addi	s10,gp,-1404 # 20000414 <_ZL17MC_ONLINE_key_stu>
    25f8:	ccb2                	sw	a2,88(sp)
    25fa:	4805                	li	a6,1
    25fc:	4511                	li	a0,4
    25fe:	45e6                	lw	a1,88(sp)
    2600:	23f0                	lbu	a2,6(a5)
    2602:	95ba                	add	a1,a1,a4
    2604:	218c                	lbu	a1,0(a1)
    2606:	36058c63          	beqz	a1,297e <_ZL16motor_motion_runiym+0x4a4>
    260a:	ca19                	beqz	a2,2620 <_ZL16motor_motion_runiym+0x146>
    260c:	478c                	lw	a1,8(a5)
    260e:	6641                	lui	a2,0x10
    2610:	f0060613          	addi	a2,a2,-256 # ff00 <MC_PULL_calibration.cpp.947435e8+0x636>
    2614:	00c58663          	beq	a1,a2,2620 <_ZL16motor_motion_runiym+0x146>
    2618:	c790                	sw	a2,8(a5)
    261a:	4605                	li	a2,1
    261c:	02c78623          	sb	a2,44(a5)
    2620:	0705                	addi	a4,a4,1
    2622:	03078793          	addi	a5,a5,48
    2626:	0685                	addi	a3,a3,1
    2628:	fca71be3          	bne	a4,a0,25fe <_ZL16motor_motion_runiym+0x124>
    262c:	200024b7          	lui	s1,0x20002
    2630:	9d848c93          	addi	s9,s1,-1576 # 200019d8 <MOTOR_CONTROL>
    2634:	520411e3          	bnez	s0,3356 <_ZL16motor_motion_runiym+0xe7c>
    2638:	4542                	lw	a0,16(sp)
    263a:	45d2                	lw	a1,20(sp)
    263c:	3e800613          	li	a2,1000
    2640:	4681                	li	a3,0
    2642:	29b060ef          	jal	ra,90dc <__udivdi3>
    2646:	200029b7          	lui	s3,0x20002
    264a:	20000937          	lui	s2,0x20000
    264e:	96898713          	addi	a4,s3,-1688 # 20001968 <_ZL15g_pull_remain_m>
    2652:	c8ba                	sw	a4,80(sp)
    2654:	12090713          	addi	a4,s2,288 # 20000120 <_ZL25filament_pull_back_target>
    2658:	caba                	sw	a4,84(sp)
    265a:	20002737          	lui	a4,0x20002
    265e:	92870713          	addi	a4,a4,-1752 # 20001928 <_ZL25filament_pull_back_meters>
    2662:	c4ba                	sw	a4,72(sp)
    2664:	20000737          	lui	a4,0x20000
    2668:	13070713          	addi	a4,a4,304 # 20000130 <_ZL16g_pull_speed_set>
    266c:	c2ba                	sw	a4,68(sp)
    266e:	9441a703          	lw	a4,-1724(gp) # 200002d4 <_ZL7g_scale+0x114>
    2672:	20002437          	lui	s0,0x20002
    2676:	00157793          	andi	a5,a0,1
    267a:	c6ba                	sw	a4,76(sp)
    267c:	8781a703          	lw	a4,-1928(gp) # 20000208 <_ZL7g_scale+0x48>
    2680:	c0be                	sw	a5,64(sp)
    2682:	5a82                	lw	s5,32(sp)
    2684:	db040793          	addi	a5,s0,-592 # 20001db0 <ams>
    2688:	da3e                	sw	a5,52(sp)
    268a:	9d848793          	addi	a5,s1,-1576
    268e:	db040b13          	addi	s6,s0,-592
    2692:	d43e                	sw	a5,40(sp)
    2694:	96898c13          	addi	s8,s3,-1688
    2698:	12090b93          	addi	s7,s2,288
    269c:	8a6e                	mv	s4,s11
    269e:	4481                	li	s1,0
    26a0:	4781                	li	a5,0
    26a2:	db040413          	addi	s0,s0,-592
    26a6:	d4ba                	sw	a4,104(sp)
    26a8:	000a2703          	lw	a4,0(s4)
    26ac:	4691                	li	a3,4
    26ae:	30d70d63          	beq	a4,a3,29c8 <_ZL16motor_motion_runiym+0x4ee>
    26b2:	4695                	li	a3,5
    26b4:	48d70263          	beq	a4,a3,2b38 <_ZL16motor_motion_runiym+0x65e>
    26b8:	5722                	lw	a4,40(sp)
    26ba:	0485                	addi	s1,s1,1
    26bc:	0a11                	addi	s4,s4,4
    26be:	09870713          	addi	a4,a4,152
    26c2:	d43a                	sw	a4,40(sp)
    26c4:	5752                	lw	a4,52(sp)
    26c6:	0c11                	addi	s8,s8,4
    26c8:	0b91                	addi	s7,s7,4
    26ca:	04070713          	addi	a4,a4,64
    26ce:	da3a                	sw	a4,52(sp)
    26d0:	4711                	li	a4,4
    26d2:	030a8a93          	addi	s5,s5,48
    26d6:	fce499e3          	bne	s1,a4,26a8 <_ZL16motor_motion_runiym+0x1ce>
    26da:	e7cd                	bnez	a5,2784 <_ZL16motor_motion_runiym+0x2aa>
    26dc:	21844c03          	lbu	s8,536(s0)
    26e0:	478d                	li	a5,3
    26e2:	da02                	sw	zero,52(sp)
    26e4:	0187e863          	bltu	a5,s8,26f4 <_ZL16motor_motion_runiym+0x21a>
    26e8:	006c1793          	slli	a5,s8,0x6
    26ec:	943e                	add	s0,s0,a5
    26ee:	14944783          	lbu	a5,329(s0)
    26f2:	da3e                	sw	a5,52(sp)
    26f4:	4866                	lw	a6,88(sp)
    26f6:	5902                	lw	s2,32(sp)
    26f8:	200029b7          	lui	s3,0x20002
    26fc:	20002ab7          	lui	s5,0x20002
    2700:	91898993          	addi	s3,s3,-1768 # 20001918 <_ZL21before_pb_retracted_m>
    2704:	a2c18a13          	addi	s4,gp,-1492 # 200003bc <_ZL14before_pb_sign>
    2708:	908a8a93          	addi	s5,s5,-1784 # 20001908 <_ZL16before_pb_last_m>
    270c:	a7418b93          	addi	s7,gp,-1420 # 20000404 <_ZL18g_on_use_jam_latch>
    2710:	4401                	li	s0,0
    2712:	09800793          	li	a5,152
    2716:	02f404b3          	mul	s1,s0,a5
    271a:	0ff47793          	zext.b	a5,s0
    271e:	94e6                	add	s1,s1,s9
    2720:	48fc0863          	beq	s8,a5,2bb0 <_ZL16motor_motion_runiym+0x6d6>
    2724:	5786                	lw	a5,96(sp)
    2726:	000da023          	sw	zero,0(s11)
    272a:	97a2                	add	a5,a5,s0
    272c:	239c                	lbu	a5,0(a5)
    272e:	46078963          	beqz	a5,2ba0 <_ZL16motor_motion_runiym+0x6c6>
    2732:	008d07b3          	add	a5,s10,s0
    2736:	239c                	lbu	a5,0(a5)
    2738:	ef89                	bnez	a5,2752 <_ZL16motor_motion_runiym+0x278>
    273a:	20002737          	lui	a4,0x20002
    273e:	d6870713          	addi	a4,a4,-664 # 20001d68 <_ZL21g_last_on_use_exit_ms>
    2742:	00341793          	slli	a5,s0,0x3
    2746:	97ba                	add	a5,a5,a4
    2748:	4398                	lw	a4,0(a5)
    274a:	43dc                	lw	a5,4(a5)
    274c:	8f5d                	or	a4,a4,a5
    274e:	44070963          	beqz	a4,2ba0 <_ZL16motor_motion_runiym+0x6c6>
    2752:	4742                	lw	a4,16(sp)
    2754:	47d2                	lw	a5,20(sp)
    2756:	d442                	sw	a6,40(sp)
    2758:	3e800613          	li	a2,1000
    275c:	4681                	li	a3,0
    275e:	459d                	li	a1,7
    2760:	8526                	mv	a0,s1
    2762:	b92fe0ef          	jal	ra,af4 <_ZN14_MOTOR_CONTROL10set_motionE20filament_motion_enumyy>
    2766:	5822                	lw	a6,40(sp)
    2768:	0405                	addi	s0,s0,1
    276a:	4791                	li	a5,4
    276c:	03090913          	addi	s2,s2,48
    2770:	0d91                	addi	s11,s11,4
    2772:	0991                	addi	s3,s3,4
    2774:	0a05                	addi	s4,s4,1
    2776:	0a91                	addi	s5,s5,4
    2778:	0805                	addi	a6,a6,1
    277a:	0b85                	addi	s7,s7,1
    277c:	040b0b13          	addi	s6,s6,64
    2780:	f8f419e3          	bne	s0,a5,2712 <_ZL16motor_motion_runiym+0x238>
    2784:	4542                	lw	a0,16(sp)
    2786:	45d2                	lw	a1,20(sp)
    2788:	3e800613          	li	a2,1000
    278c:	4681                	li	a3,0
    278e:	14f060ef          	jal	ra,90dc <__udivdi3>
    2792:	00157793          	andi	a5,a0,1
    2796:	c13e                	sw	a5,128(sp)
    2798:	a3818793          	addi	a5,gp,-1480 # 200003c8 <_ZL15auto_unload_arm>
    279c:	cabe                	sw	a5,84(sp)
    279e:	a3c18793          	addi	a5,gp,-1476 # 200003cc <_ZL18auto_unload_active>
    27a2:	c2be                	sw	a5,68(sp)
    27a4:	a3418793          	addi	a5,gp,-1484 # 200003c4 <_ZL19auto_unload_blocked>
    27a8:	c0be                	sw	a5,64(sp)
    27aa:	200027b7          	lui	a5,0x20002
    27ae:	9b878793          	addi	a5,a5,-1608 # 200019b8 <_ZL21auto_unload_arm_t0_ms>
    27b2:	c8be                	sw	a5,80(sp)
    27b4:	200027b7          	lui	a5,0x20002
    27b8:	99878d93          	addi	s11,a5,-1640 # 20001998 <_ZL24auto_unload_active_t0_ms>
    27bc:	200027b7          	lui	a5,0x20002
    27c0:	97878793          	addi	a5,a5,-1672 # 20001978 <_ZL23auto_unload_empty_t0_ms>
    27c4:	dc3e                	sw	a5,56(sp)
    27c6:	200007b7          	lui	a5,0x20000
    27ca:	14078713          	addi	a4,a5,320 # 20000140 <_ZL13MC_PULL_pct_f>
    27ce:	14078793          	addi	a5,a5,320
    27d2:	c6be                	sw	a5,76(sp)
    27d4:	a5818793          	addi	a5,gp,-1448 # 200003e8 <_ZL13g_as5600_good>
    27d8:	debe                	sw	a5,124(sp)
    27da:	82018793          	addi	a5,gp,-2016 # 200001b0 <MC_PULL_pct>
    27de:	dcbe                	sw	a5,120(sp)
    27e0:	8c81a783          	lw	a5,-1848(gp) # 20000258 <_ZL7g_scale+0x98>
    27e4:	8466                	mv	s0,s9
    27e6:	d4ba                	sw	a4,104(sp)
    27e8:	c53e                	sw	a5,136(sp)
    27ea:	200027b7          	lui	a5,0x20002
    27ee:	d5478793          	addi	a5,a5,-684 # 20001d54 <_ZN14_MOTOR_CONTROL6x_prevE>
    27f2:	d402                	sw	zero,40(sp)
    27f4:	c73e                	sw	a5,140(sp)
    27f6:	57a2                	lw	a5,40(sp)
    27f8:	5776                	lw	a4,124(sp)
    27fa:	02814983          	lbu	s3,40(sp)
    27fe:	97ba                	add	a5,a5,a4
    2800:	239c                	lbu	a5,0(a5)
    2802:	36079de3          	bnez	a5,337c <_ZL16motor_motion_runiym+0xea2>
    2806:	4742                	lw	a4,16(sp)
    2808:	47d2                	lw	a5,20(sp)
    280a:	458d                	li	a1,3
    280c:	8522                	mv	a0,s0
    280e:	06400613          	li	a2,100
    2812:	4681                	li	a3,0
    2814:	ae0fe0ef          	jal	ra,af4 <_ZN14_MOTOR_CONTROL10set_motionE20filament_motion_enumyy>
    2818:	4581                	li	a1,0
    281a:	854e                	mv	a0,s3
    281c:	80bfe0ef          	jal	ra,1026 <_Z22Motion_control_set_PWMhi>
    2820:	57a2                	lw	a5,40(sp)
    2822:	4711                	li	a4,4
    2824:	09840413          	addi	s0,s0,152
    2828:	0785                	addi	a5,a5,1
    282a:	d43e                	sw	a5,40(sp)
    282c:	5782                	lw	a5,32(sp)
    282e:	0da1                	addi	s11,s11,8
    2830:	03078793          	addi	a5,a5,48
    2834:	d03e                	sw	a5,32(sp)
    2836:	47d6                	lw	a5,84(sp)
    2838:	0785                	addi	a5,a5,1
    283a:	cabe                	sw	a5,84(sp)
    283c:	4796                	lw	a5,68(sp)
    283e:	0785                	addi	a5,a5,1
    2840:	c2be                	sw	a5,68(sp)
    2842:	4786                	lw	a5,64(sp)
    2844:	0785                	addi	a5,a5,1
    2846:	c0be                	sw	a5,64(sp)
    2848:	47c6                	lw	a5,80(sp)
    284a:	07a1                	addi	a5,a5,8
    284c:	c8be                	sw	a5,80(sp)
    284e:	57e2                	lw	a5,56(sp)
    2850:	07a1                	addi	a5,a5,8
    2852:	dc3e                	sw	a5,56(sp)
    2854:	57a6                	lw	a5,104(sp)
    2856:	0791                	addi	a5,a5,4
    2858:	d4be                	sw	a5,104(sp)
    285a:	57a2                	lw	a5,40(sp)
    285c:	f8e79de3          	bne	a5,a4,27f6 <_ZL16motor_motion_runiym+0x31c>
    2860:	610d                	addi	sp,sp,160
    2862:	901fd06f          	j	162 <__riscv_restore_12>
    2866:	00758eb3          	add	t4,a1,t2
    286a:	000ece83          	lbu	t4,0(t4)
    286e:	040e9163          	bnez	t4,28b0 <_ZL16motor_motion_runiym+0x3d6>
    2872:	00072e83          	lw	t4,0(a4)
    2876:	000e9463          	bnez	t4,287e <_ZL16motor_motion_runiym+0x3a4>
    287a:	000f0023          	sb	zero,0(t5)
    287e:	00000e93          	li	t4,0
    2882:	4981                	li	s3,0
    2884:	4a01                	li	s4,0
    2886:	00060023          	sb	zero,0(a2)
    288a:	000f8023          	sb	zero,0(t6)
    288e:	000e0023          	sb	zero,0(t3)
    2892:	00030023          	sb	zero,0(t1)
    2896:	0138a023          	sw	s3,0(a7)
    289a:	0148a223          	sw	s4,4(a7)
    289e:	01d82023          	sw	t4,0(a6)
    28a2:	01d52023          	sw	t4,0(a0)
    28a6:	0137a023          	sw	s3,0(a5)
    28aa:	0147a223          	sw	s4,4(a5)
    28ae:	b9e5                	j	25a6 <_ZL16motor_motion_runiym+0xcc>
    28b0:	00064283          	lbu	t0,0(a2)
    28b4:	06028963          	beqz	t0,2926 <_ZL16motor_motion_runiym+0x44c>
    28b8:	4285                	li	t0,1
    28ba:	065e8663          	beq	t4,t0,2926 <_ZL16motor_motion_runiym+0x44c>
    28be:	0007ae83          	lw	t4,0(a5)
    28c2:	0047a283          	lw	t0,4(a5)
    28c6:	005ee9b3          	or	s3,t4,t0
    28ca:	00099963          	bnez	s3,28dc <_ZL16motor_motion_runiym+0x402>
    28ce:	4ec2                	lw	t4,16(sp)
    28d0:	01d7a023          	sw	t4,0(a5)
    28d4:	4ed2                	lw	t4,20(sp)
    28d6:	01d7a223          	sw	t4,4(a5)
    28da:	b1f1                	j	25a6 <_ZL16motor_motion_runiym+0xcc>
    28dc:	40c2                	lw	ra,16(sp)
    28de:	41d08eb3          	sub	t4,ra,t4
    28e2:	01d0b9b3          	sltu	s3,ra,t4
    28e6:	40d2                	lw	ra,20(sp)
    28e8:	405082b3          	sub	t0,ra,t0
    28ec:	01329663          	bne	t0,s3,28f8 <_ZL16motor_motion_runiym+0x41e>
    28f0:	06300293          	li	t0,99
    28f4:	cbd2f9e3          	bgeu	t0,t4,25a6 <_ZL16motor_motion_runiym+0xcc>
    28f8:	4981                	li	s3,0
    28fa:	4a01                	li	s4,0
    28fc:	00000e93          	li	t4,0
    2900:	00060023          	sb	zero,0(a2)
    2904:	0137a023          	sw	s3,0(a5)
    2908:	0147a223          	sw	s4,4(a5)
    290c:	000e0023          	sb	zero,0(t3)
    2910:	00030023          	sb	zero,0(t1)
    2914:	0138a023          	sw	s3,0(a7)
    2918:	0148a223          	sw	s4,4(a7)
    291c:	01d82023          	sw	t4,0(a6)
    2920:	01d52023          	sw	t4,0(a0)
    2924:	b149                	j	25a6 <_ZL16motor_motion_runiym+0xcc>
    2926:	4981                	li	s3,0
    2928:	4a01                	li	s4,0
    292a:	bfb5                	j	28a6 <_ZL16motor_motion_runiym+0x3cc>
    292c:	a401a783          	lw	a5,-1472(gp) # 200003d0 <_ZZL16motor_motion_runiymE10last_ticks>
    2930:	a4d1a023          	sw	a3,-1472(gp) # 200003d0 <_ZZL16motor_motion_runiymE10last_ticks>
    2934:	82c1a703          	lw	a4,-2004(gp) # 200001bc <time_hw_tpms>
    2938:	40f687b3          	sub	a5,a3,a5
    293c:	e311                	bnez	a4,2940 <_ZL16motor_motion_runiym+0x466>
    293e:	4705                	li	a4,1
    2940:	0c800693          	li	a3,200
    2944:	02d70733          	mul	a4,a4,a3
    2948:	ceba                	sw	a4,92(sp)
    294a:	00e7f363          	bgeu	a5,a4,2950 <_ZL16motor_motion_runiym+0x476>
    294e:	cebe                	sw	a5,92(sp)
    2950:	47f6                	lw	a5,92(sp)
    2952:	c80780e3          	beqz	a5,25d2 <_ZL16motor_motion_runiym+0xf8>
    2956:	4576                	lw	a0,92(sp)
    2958:	784080ef          	jal	ra,b0dc <__floatunsisf>
    295c:	84aa                	mv	s1,a0
    295e:	81c1a503          	lw	a0,-2020(gp) # 200001ac <time_hw_tpus>
    2962:	e111                	bnez	a0,2966 <_ZL16motor_motion_runiym+0x48c>
    2964:	4505                	li	a0,1
    2966:	776080ef          	jal	ra,b0dc <__floatunsisf>
    296a:	9401a583          	lw	a1,-1728(gp) # 200002d0 <_ZL7g_scale+0x110>
    296e:	789070ef          	jal	ra,a8f6 <__mulsf3>
    2972:	85aa                	mv	a1,a0
    2974:	8526                	mv	a0,s1
    2976:	30b070ef          	jal	ra,a480 <__divsf3>
    297a:	de2a                	sw	a0,60(sp)
    297c:	b9b9                	j	25da <_ZL16motor_motion_runiym+0x100>
    297e:	55b6                	lw	a1,108(sp)
    2980:	95ba                	add	a1,a1,a4
    2982:	218c                	lbu	a1,0(a1)
    2984:	c80593e3          	bnez	a1,260a <_ZL16motor_motion_runiym+0x130>
    2988:	55c6                	lw	a1,112(sp)
    298a:	95ba                	add	a1,a1,a4
    298c:	218c                	lbu	a1,0(a1)
    298e:	cc01                	beqz	s0,29a6 <_ZL16motor_motion_runiym+0x4cc>
    2990:	c195                	beqz	a1,29b4 <_ZL16motor_motion_runiym+0x4da>
    2992:	228c                	lbu	a1,0(a3)
    2994:	c185                	beqz	a1,29b4 <_ZL16motor_motion_runiym+0x4da>
    2996:	c80605e3          	beqz	a2,2620 <_ZL16motor_motion_runiym+0x146>
    299a:	00354637          	lui	a2,0x354
    299e:	478c                	lw	a1,8(a5)
    29a0:	83260613          	addi	a2,a2,-1998 # 353832 <ch32v20x_wwdg.c.13394d49+0x335add>
    29a4:	b985                	j	2614 <_ZL16motor_motion_runiym+0x13a>
    29a6:	c599                	beqz	a1,29b4 <_ZL16motor_motion_runiym+0x4da>
    29a8:	228c                	lbu	a1,0(a3)
    29aa:	c589                	beqz	a1,29b4 <_ZL16motor_motion_runiym+0x4da>
    29ac:	5586                	lw	a1,96(sp)
    29ae:	95ba                	add	a1,a1,a4
    29b0:	218c                	lbu	a1,0(a1)
    29b2:	b7cd                	j	2994 <_ZL16motor_motion_runiym+0x4ba>
    29b4:	c60606e3          	beqz	a2,2620 <_ZL16motor_motion_runiym+0x146>
    29b8:	4790                	lw	a2,8(a5)
    29ba:	c60603e3          	beqz	a2,2620 <_ZL16motor_motion_runiym+0x146>
    29be:	0007a423          	sw	zero,8(a5)
    29c2:	03078623          	sb	a6,44(a5)
    29c6:	b9a9                	j	2620 <_ZL16motor_motion_runiym+0x146>
    29c8:	4766                	lw	a4,88(sp)
    29ca:	006ac783          	lbu	a5,6(s5)
    29ce:	9726                	add	a4,a4,s1
    29d0:	2318                	lbu	a4,0(a4)
    29d2:	e719                	bnez	a4,29e0 <_ZL16motor_motion_runiym+0x506>
    29d4:	c78d                	beqz	a5,29fe <_ZL16motor_motion_runiym+0x524>
    29d6:	67c1                	lui	a5,0x10
    29d8:	008aa703          	lw	a4,8(s5)
    29dc:	17fd                	addi	a5,a5,-1 # ffff <MC_PULL_calibration.cpp.947435e8+0x735>
    29de:	a809                	j	29f0 <_ZL16motor_motion_runiym+0x516>
    29e0:	4706                	lw	a4,64(sp)
    29e2:	db6d                	beqz	a4,29d4 <_ZL16motor_motion_runiym+0x4fa>
    29e4:	cf89                	beqz	a5,29fe <_ZL16motor_motion_runiym+0x524>
    29e6:	008aa703          	lw	a4,8(s5)
    29ea:	67c1                	lui	a5,0x10
    29ec:	f0078793          	addi	a5,a5,-256 # ff00 <MC_PULL_calibration.cpp.947435e8+0x636>
    29f0:	00f70763          	beq	a4,a5,29fe <_ZL16motor_motion_runiym+0x524>
    29f4:	00faa423          	sw	a5,8(s5)
    29f8:	4785                	li	a5,1
    29fa:	02fa8623          	sb	a5,44(s5)
    29fe:	000ba783          	lw	a5,0(s7)
    2a02:	00249913          	slli	s2,s1,0x2
    2a06:	dc3e                	sw	a5,56(sp)
    2a08:	47a6                	lw	a5,72(sp)
    2a0a:	97ca                	add	a5,a5,s2
    2a0c:	438c                	lw	a1,0(a5)
    2a0e:	57d2                	lw	a5,52(sp)
    2a10:	1507a503          	lw	a0,336(a5)
    2a14:	1be080ef          	jal	ra,abd2 <__subsf3>
    2a18:	00000593          	li	a1,0
    2a1c:	89aa                	mv	s3,a0
    2a1e:	641070ef          	jal	ra,a85e <__lesf2>
    2a22:	00055663          	bgez	a0,2a2e <_ZL16motor_motion_runiym+0x554>
    2a26:	800007b7          	lui	a5,0x80000
    2a2a:	0137c9b3          	xor	s3,a5,s3
    2a2e:	5562                	lw	a0,56(sp)
    2a30:	00000593          	li	a1,0
    2a34:	62b070ef          	jal	ra,a85e <__lesf2>
    2a38:	04a05463          	blez	a0,2a80 <_ZL16motor_motion_runiym+0x5a6>
    2a3c:	5562                	lw	a0,56(sp)
    2a3e:	85ce                	mv	a1,s3
    2a40:	61f070ef          	jal	ra,a85e <__lesf2>
    2a44:	02a05e63          	blez	a0,2a80 <_ZL16motor_motion_runiym+0x5a6>
    2a48:	a5818793          	addi	a5,gp,-1448 # 200003e8 <_ZL13g_as5600_good>
    2a4c:	97a6                	add	a5,a5,s1
    2a4e:	239c                	lbu	a5,0(a5)
    2a50:	cb85                	beqz	a5,2a80 <_ZL16motor_motion_runiym+0x5a6>
    2a52:	20002737          	lui	a4,0x20002
    2a56:	8e870713          	addi	a4,a4,-1816 # 200018e8 <_ZL15g_pull_start_ms>
    2a5a:	00349793          	slli	a5,s1,0x3
    2a5e:	97ba                	add	a5,a5,a4
    2a60:	4398                	lw	a4,0(a5)
    2a62:	43d4                	lw	a3,4(a5)
    2a64:	47c2                	lw	a5,16(sp)
    2a66:	8f99                	sub	a5,a5,a4
    2a68:	4742                	lw	a4,16(sp)
    2a6a:	00f73633          	sltu	a2,a4,a5
    2a6e:	4752                	lw	a4,20(sp)
    2a70:	8f15                	sub	a4,a4,a3
    2a72:	00c71763          	bne	a4,a2,2a80 <_ZL16motor_motion_runiym+0x5a6>
    2a76:	6759                	lui	a4,0x16
    2a78:	f8f70713          	addi	a4,a4,-113 # 15f8f <bambu_bus_ams.cpp.f1682fb9+0x5f>
    2a7c:	02f77c63          	bgeu	a4,a5,2ab4 <_ZL16motor_motion_runiym+0x5da>
    2a80:	00000793          	li	a5,0
    2a84:	00fc2023          	sw	a5,0(s8)
    2a88:	4796                	lw	a5,68(sp)
    2a8a:	4742                	lw	a4,16(sp)
    2a8c:	5522                	lw	a0,40(sp)
    2a8e:	993e                	add	s2,s2,a5
    2a90:	47b6                	lw	a5,76(sp)
    2a92:	06400613          	li	a2,100
    2a96:	4681                	li	a3,0
    2a98:	00f92023          	sw	a5,0(s2)
    2a9c:	47d2                	lw	a5,20(sp)
    2a9e:	458d                	li	a1,3
    2aa0:	854fe0ef          	jal	ra,af4 <_ZN14_MOTOR_CONTROL10set_motionE20filament_motion_enumyy>
    2aa4:	57a6                	lw	a5,104(sp)
    2aa6:	00fba023          	sw	a5,0(s7)
    2aaa:	4795                	li	a5,5
    2aac:	00fa2023          	sw	a5,0(s4)
    2ab0:	4785                	li	a5,1
    2ab2:	b119                	j	26b8 <_ZL16motor_motion_runiym+0x1de>
    2ab4:	5562                	lw	a0,56(sp)
    2ab6:	85ce                	mv	a1,s3
    2ab8:	11a080ef          	jal	ra,abd2 <__subsf3>
    2abc:	00000593          	li	a1,0
    2ac0:	89aa                	mv	s3,a0
    2ac2:	507070ef          	jal	ra,a7c8 <__gesf2>
    2ac6:	00a04463          	bgtz	a0,2ace <_ZL16motor_motion_runiym+0x5f4>
    2aca:	00000993          	li	s3,0
    2ace:	9481a583          	lw	a1,-1720(gp) # 200002d8 <_ZL7g_scale+0x118>
    2ad2:	013c2023          	sw	s3,0(s8)
    2ad6:	854e                	mv	a0,s3
    2ad8:	1a9070ef          	jal	ra,a480 <__divsf3>
    2adc:	00000593          	li	a1,0
    2ae0:	89aa                	mv	s3,a0
    2ae2:	57d070ef          	jal	ra,a85e <__lesf2>
    2ae6:	00054d63          	bltz	a0,2b00 <_ZL16motor_motion_runiym+0x626>
    2aea:	8741a583          	lw	a1,-1932(gp) # 20000204 <_ZL7g_scale+0x44>
    2aee:	854e                	mv	a0,s3
    2af0:	4d9070ef          	jal	ra,a7c8 <__gesf2>
    2af4:	8741a583          	lw	a1,-1932(gp) # 20000204 <_ZL7g_scale+0x44>
    2af8:	00a05663          	blez	a0,2b04 <_ZL16motor_motion_runiym+0x62a>
    2afc:	89ae                	mv	s3,a1
    2afe:	a019                	j	2b04 <_ZL16motor_motion_runiym+0x62a>
    2b00:	00000993          	li	s3,0
    2b04:	4796                	lw	a5,68(sp)
    2b06:	854e                	mv	a0,s3
    2b08:	993e                	add	s2,s2,a5
    2b0a:	94c1a583          	lw	a1,-1716(gp) # 200002dc <_ZL7g_scale+0x11c>
    2b0e:	5e9070ef          	jal	ra,a8f6 <__mulsf3>
    2b12:	9501a583          	lw	a1,-1712(gp) # 200002e0 <_ZL7g_scale+0x120>
    2b16:	602070ef          	jal	ra,a118 <__addsf3>
    2b1a:	800007b7          	lui	a5,0x80000
    2b1e:	8fa9                	xor	a5,a5,a0
    2b20:	00f92023          	sw	a5,0(s2)
    2b24:	4742                	lw	a4,16(sp)
    2b26:	47d2                	lw	a5,20(sp)
    2b28:	06400613          	li	a2,100
    2b2c:	4681                	li	a3,0
    2b2e:	4589                	li	a1,2
    2b30:	5522                	lw	a0,40(sp)
    2b32:	fc3fd0ef          	jal	ra,af4 <_ZN14_MOTOR_CONTROL10set_motionE20filament_motion_enumyy>
    2b36:	bfad                	j	2ab0 <_ZL16motor_motion_runiym+0x5d6>
    2b38:	4766                	lw	a4,88(sp)
    2b3a:	006ac783          	lbu	a5,6(s5)
    2b3e:	9726                	add	a4,a4,s1
    2b40:	2318                	lbu	a4,0(a4)
    2b42:	eb15                	bnez	a4,2b76 <_ZL16motor_motion_runiym+0x69c>
    2b44:	cf91                	beqz	a5,2b60 <_ZL16motor_motion_runiym+0x686>
    2b46:	008aa703          	lw	a4,8(s5)
    2b4a:	010007b7          	lui	a5,0x1000
    2b4e:	f0078793          	addi	a5,a5,-256 # ffff00 <ch32v20x_wwdg.c.13394d49+0xfe21ab>
    2b52:	00f70763          	beq	a4,a5,2b60 <_ZL16motor_motion_runiym+0x686>
    2b56:	00faa423          	sw	a5,8(s5)
    2b5a:	4785                	li	a5,1
    2b5c:	02fa8623          	sb	a5,44(s5)
    2b60:	009d07b3          	add	a5,s10,s1
    2b64:	239c                	lbu	a5,0(a5)
    2b66:	4742                	lw	a4,16(sp)
    2b68:	ef81                	bnez	a5,2b80 <_ZL16motor_motion_runiym+0x6a6>
    2b6a:	47d2                	lw	a5,20(sp)
    2b6c:	06400613          	li	a2,100
    2b70:	4681                	li	a3,0
    2b72:	4585                	li	a1,1
    2b74:	bf75                	j	2b30 <_ZL16motor_motion_runiym+0x656>
    2b76:	d7ed                	beqz	a5,2b60 <_ZL16motor_motion_runiym+0x686>
    2b78:	008aa703          	lw	a4,8(s5)
    2b7c:	67c1                	lui	a5,0x10
    2b7e:	bfc1                	j	2b4e <_ZL16motor_motion_runiym+0x674>
    2b80:	47d2                	lw	a5,20(sp)
    2b82:	5522                	lw	a0,40(sp)
    2b84:	06400613          	li	a2,100
    2b88:	4681                	li	a3,0
    2b8a:	458d                	li	a1,3
    2b8c:	f69fd0ef          	jal	ra,af4 <_ZN14_MOTOR_CONTROL10set_motionE20filament_motion_enumyy>
    2b90:	57d2                	lw	a5,52(sp)
    2b92:	220400a3          	sb	zero,545(s0)
    2b96:	000a2023          	sw	zero,0(s4)
    2b9a:	140784a3          	sb	zero,329(a5) # 10149 <MC_PULL_calibration.cpp.947435e8+0x87f>
    2b9e:	bf09                	j	2ab0 <_ZL16motor_motion_runiym+0x5d6>
    2ba0:	4742                	lw	a4,16(sp)
    2ba2:	47d2                	lw	a5,20(sp)
    2ba4:	d442                	sw	a6,40(sp)
    2ba6:	3e800613          	li	a2,1000
    2baa:	4681                	li	a3,0
    2bac:	458d                	li	a1,3
    2bae:	be4d                	j	2760 <_ZL16motor_motion_runiym+0x286>
    2bb0:	008d07b3          	add	a5,s10,s0
    2bb4:	239c                	lbu	a5,0(a5)
    2bb6:	c3d1                	beqz	a5,2c3a <_ZL16motor_motion_runiym+0x760>
    2bb8:	57d2                	lw	a5,52(sp)
    2bba:	4715                	li	a4,5
    2bbc:	17fd                	addi	a5,a5,-1
    2bbe:	0ff7f793          	zext.b	a5,a5
    2bc2:	66f76663          	bltu	a4,a5,322e <_ZL16motor_motion_runiym+0xd54>
    2bc6:	672d                	lui	a4,0xb
    2bc8:	078a                	slli	a5,a5,0x2
    2bca:	65070713          	addi	a4,a4,1616 # b650 <__clzsi2+0x178>
    2bce:	97ba                	add	a5,a5,a4
    2bd0:	439c                	lw	a5,0(a5)
    2bd2:	8782                	jr	a5
    2bd4:	4889                	li	a7,2
    2bd6:	4742                	lw	a4,16(sp)
    2bd8:	47d2                	lw	a5,20(sp)
    2bda:	011da023          	sw	a7,0(s11)
    2bde:	12c00613          	li	a2,300
    2be2:	4681                	li	a3,0
    2be4:	4591                	li	a1,4
    2be6:	8526                	mv	a0,s1
    2be8:	d442                	sw	a6,40(sp)
    2bea:	f0bfd0ef          	jal	ra,af4 <_ZN14_MOTOR_CONTROL10set_motionE20filament_motion_enumyy>
    2bee:	5822                	lw	a6,40(sp)
    2bf0:	0405                	addi	s0,s0,1
    2bf2:	03090793          	addi	a5,s2,48
    2bf6:	00084703          	lbu	a4,0(a6)
    2bfa:	0d91                	addi	s11,s11,4
    2bfc:	0991                	addi	s3,s3,4
    2bfe:	0a05                	addi	s4,s4,1
    2c00:	0a91                	addi	s5,s5,4
    2c02:	0805                	addi	a6,a6,1
    2c04:	0b85                	addi	s7,s7,1
    2c06:	040b0b13          	addi	s6,s6,64
    2c0a:	4889                	li	a7,2
    2c0c:	1a071d63          	bnez	a4,2dc6 <_ZL16motor_motion_runiym+0x8ec>
    2c10:	00694703          	lbu	a4,6(s2)
    2c14:	18071b63          	bnez	a4,2daa <_ZL16motor_motion_runiym+0x8d0>
    2c18:	893e                	mv	s2,a5
    2c1a:	4791                	li	a5,4
    2c1c:	b6f404e3          	beq	s0,a5,2784 <_ZL16motor_motion_runiym+0x2aa>
    2c20:	09800493          	li	s1,152
    2c24:	029404b3          	mul	s1,s0,s1
    2c28:	0ff47793          	zext.b	a5,s0
    2c2c:	94e6                	add	s1,s1,s9
    2c2e:	aefc1be3          	bne	s8,a5,2724 <_ZL16motor_motion_runiym+0x24a>
    2c32:	008d07b3          	add	a5,s10,s0
    2c36:	239c                	lbu	a5,0(a5)
    2c38:	ffd9                	bnez	a5,2bd6 <_ZL16motor_motion_runiym+0x6fc>
    2c3a:	47d2                	lw	a5,20(sp)
    2c3c:	4742                	lw	a4,16(sp)
    2c3e:	000da023          	sw	zero,0(s11)
    2c42:	06400613          	li	a2,100
    2c46:	4681                	li	a3,0
    2c48:	459d                	li	a1,7
    2c4a:	8526                	mv	a0,s1
    2c4c:	d442                	sw	a6,40(sp)
    2c4e:	ea7fd0ef          	jal	ra,af4 <_ZN14_MOTOR_CONTROL10set_motionE20filament_motion_enumyy>
    2c52:	5822                	lw	a6,40(sp)
    2c54:	00084783          	lbu	a5,0(a6)
    2c58:	6e079163          	bnez	a5,333a <_ZL16motor_motion_runiym+0xe60>
    2c5c:	00694783          	lbu	a5,6(s2)
    2c60:	b00784e3          	beqz	a5,2768 <_ZL16motor_motion_runiym+0x28e>
    2c64:	00892783          	lw	a5,8(s2)
    2c68:	b00780e3          	beqz	a5,2768 <_ZL16motor_motion_runiym+0x28e>
    2c6c:	00092423          	sw	zero,8(s2)
    2c70:	4785                	li	a5,1
    2c72:	02f90623          	sb	a5,44(s2)
    2c76:	bccd                	j	2768 <_ZL16motor_motion_runiym+0x28e>
    2c78:	200027b7          	lui	a5,0x20002
    2c7c:	92878793          	addi	a5,a5,-1752 # 20001928 <_ZL25filament_pull_back_meters>
    2c80:	dc3e                	sw	a5,56(sp)
    2c82:	200007b7          	lui	a5,0x20000
    2c86:	13078793          	addi	a5,a5,304 # 20000130 <_ZL16g_pull_speed_set>
    2c8a:	c2be                	sw	a5,68(sp)
    2c8c:	9441a783          	lw	a5,-1724(gp) # 200002d4 <_ZL7g_scale+0x114>
    2c90:	c4be                	sw	a5,72(sp)
    2c92:	200027b7          	lui	a5,0x20002
    2c96:	8e878793          	addi	a5,a5,-1816 # 200018e8 <_ZL15g_pull_start_ms>
    2c9a:	c6be                	sw	a5,76(sp)
    2c9c:	00084703          	lbu	a4,0(a6)
    2ca0:	00694783          	lbu	a5,6(s2)
    2ca4:	2a071d63          	bnez	a4,2f5e <_ZL16motor_motion_runiym+0xa84>
    2ca8:	2c078b63          	beqz	a5,2f7e <_ZL16motor_motion_runiym+0xaa4>
    2cac:	002da7b7          	lui	a5,0x2da
    2cb0:	00892703          	lw	a4,8(s2)
    2cb4:	0ff78793          	addi	a5,a5,255 # 2da0ff <ch32v20x_wwdg.c.13394d49+0x2bc3aa>
    2cb8:	ac65                	j	2f70 <_ZL16motor_motion_runiym+0xa96>
    2cba:	200007b7          	lui	a5,0x20000
    2cbe:	14078793          	addi	a5,a5,320 # 20000140 <_ZL13MC_PULL_pct_f>
    2cc2:	c2be                	sw	a5,68(sp)
    2cc4:	9581a783          	lw	a5,-1704(gp) # 200002e8 <_ZL7g_scale+0x128>
    2cc8:	c4be                	sw	a5,72(sp)
    2cca:	00084703          	lbu	a4,0(a6)
    2cce:	00694783          	lbu	a5,6(s2)
    2cd2:	38071c63          	bnez	a4,306a <_ZL16motor_motion_runiym+0xb90>
    2cd6:	3a078a63          	beqz	a5,308a <_ZL16motor_motion_runiym+0xbb0>
    2cda:	00892703          	lw	a4,8(s2)
    2cde:	00a107b7          	lui	a5,0xa10
    2ce2:	ae59                	j	3078 <_ZL16motor_motion_runiym+0xb9e>
    2ce4:	4889                	li	a7,2
    2ce6:	4742                	lw	a4,16(sp)
    2ce8:	47d2                	lw	a5,20(sp)
    2cea:	011da023          	sw	a7,0(s11)
    2cee:	12c00613          	li	a2,300
    2cf2:	4681                	li	a3,0
    2cf4:	4599                	li	a1,6
    2cf6:	8526                	mv	a0,s1
    2cf8:	d442                	sw	a6,40(sp)
    2cfa:	dfbfd0ef          	jal	ra,af4 <_ZN14_MOTOR_CONTROL10set_motionE20filament_motion_enumyy>
    2cfe:	5822                	lw	a6,40(sp)
    2d00:	0405                	addi	s0,s0,1
    2d02:	03090793          	addi	a5,s2,48
    2d06:	00084703          	lbu	a4,0(a6)
    2d0a:	0d91                	addi	s11,s11,4
    2d0c:	0991                	addi	s3,s3,4
    2d0e:	0a05                	addi	s4,s4,1
    2d10:	0a91                	addi	s5,s5,4
    2d12:	0805                	addi	a6,a6,1
    2d14:	0b85                	addi	s7,s7,1
    2d16:	040b0b13          	addi	s6,s6,64
    2d1a:	4889                	li	a7,2
    2d1c:	4e071f63          	bnez	a4,321a <_ZL16motor_motion_runiym+0xd40>
    2d20:	00694703          	lbu	a4,6(s2)
    2d24:	4c071d63          	bnez	a4,31fe <_ZL16motor_motion_runiym+0xd24>
    2d28:	893e                	mv	s2,a5
    2d2a:	4791                	li	a5,4
    2d2c:	a4f40ce3          	beq	s0,a5,2784 <_ZL16motor_motion_runiym+0x2aa>
    2d30:	09800493          	li	s1,152
    2d34:	029404b3          	mul	s1,s0,s1
    2d38:	0ff47793          	zext.b	a5,s0
    2d3c:	94e6                	add	s1,s1,s9
    2d3e:	9efc13e3          	bne	s8,a5,2724 <_ZL16motor_motion_runiym+0x24a>
    2d42:	008d07b3          	add	a5,s10,s0
    2d46:	239c                	lbu	a5,0(a5)
    2d48:	ffd9                	bnez	a5,2ce6 <_ZL16motor_motion_runiym+0x80c>
    2d4a:	bdc5                	j	2c3a <_ZL16motor_motion_runiym+0x760>
    2d4c:	4889                	li	a7,2
    2d4e:	4742                	lw	a4,16(sp)
    2d50:	47d2                	lw	a5,20(sp)
    2d52:	011da023          	sw	a7,0(s11)
    2d56:	12c00613          	li	a2,300
    2d5a:	4681                	li	a3,0
    2d5c:	4595                	li	a1,5
    2d5e:	8526                	mv	a0,s1
    2d60:	d442                	sw	a6,40(sp)
    2d62:	d93fd0ef          	jal	ra,af4 <_ZN14_MOTOR_CONTROL10set_motionE20filament_motion_enumyy>
    2d66:	5822                	lw	a6,40(sp)
    2d68:	00694703          	lbu	a4,6(s2)
    2d6c:	0405                	addi	s0,s0,1
    2d6e:	03090793          	addi	a5,s2,48
    2d72:	0d91                	addi	s11,s11,4
    2d74:	0991                	addi	s3,s3,4
    2d76:	0a05                	addi	s4,s4,1
    2d78:	0a91                	addi	s5,s5,4
    2d7a:	0805                	addi	a6,a6,1
    2d7c:	0b85                	addi	s7,s7,1
    2d7e:	040b0b13          	addi	s6,s6,64
    2d82:	4889                	li	a7,2
    2d84:	eb29                	bnez	a4,2dd6 <_ZL16motor_motion_runiym+0x8fc>
    2d86:	893e                	mv	s2,a5
    2d88:	4791                	li	a5,4
    2d8a:	9ef40de3          	beq	s0,a5,2784 <_ZL16motor_motion_runiym+0x2aa>
    2d8e:	09800493          	li	s1,152
    2d92:	029404b3          	mul	s1,s0,s1
    2d96:	0ff47793          	zext.b	a5,s0
    2d9a:	94e6                	add	s1,s1,s9
    2d9c:	98fc14e3          	bne	s8,a5,2724 <_ZL16motor_motion_runiym+0x24a>
    2da0:	008d07b3          	add	a5,s10,s0
    2da4:	239c                	lbu	a5,0(a5)
    2da6:	f7c5                	bnez	a5,2d4e <_ZL16motor_motion_runiym+0x874>
    2da8:	bd49                	j	2c3a <_ZL16motor_motion_runiym+0x760>
    2daa:	00892683          	lw	a3,8(s2)
    2dae:	01000737          	lui	a4,0x1000
    2db2:	f0070713          	addi	a4,a4,-256 # ffff00 <ch32v20x_wwdg.c.13394d49+0xfe21ab>
    2db6:	e6e681e3          	beq	a3,a4,2c18 <_ZL16motor_motion_runiym+0x73e>
    2dba:	00e92423          	sw	a4,8(s2)
    2dbe:	4705                	li	a4,1
    2dc0:	02e90623          	sb	a4,44(s2)
    2dc4:	bd91                	j	2c18 <_ZL16motor_motion_runiym+0x73e>
    2dc6:	00694703          	lbu	a4,6(s2)
    2dca:	e40707e3          	beqz	a4,2c18 <_ZL16motor_motion_runiym+0x73e>
    2dce:	00892683          	lw	a3,8(s2)
    2dd2:	6741                	lui	a4,0x10
    2dd4:	bff9                	j	2db2 <_ZL16motor_motion_runiym+0x8d8>
    2dd6:	00892683          	lw	a3,8(s2)
    2dda:	6741                	lui	a4,0x10
    2ddc:	f0070713          	addi	a4,a4,-256 # ff00 <MC_PULL_calibration.cpp.947435e8+0x636>
    2de0:	fae683e3          	beq	a3,a4,2d86 <_ZL16motor_motion_runiym+0x8ac>
    2de4:	00e92423          	sw	a4,8(s2)
    2de8:	4705                	li	a4,1
    2dea:	02e90623          	sb	a4,44(s2)
    2dee:	bf61                	j	2d86 <_ZL16motor_motion_runiym+0x8ac>
    2df0:	47d2                	lw	a5,20(sp)
    2df2:	4742                	lw	a4,16(sp)
    2df4:	06400613          	li	a2,100
    2df8:	4681                	li	a3,0
    2dfa:	458d                	li	a1,3
    2dfc:	8526                	mv	a0,s1
    2dfe:	d4c6                	sw	a7,104(sp)
    2e00:	c6f6                	sw	t4,76(sp)
    2e02:	c4fa                	sw	t5,72(sp)
    2e04:	c29a                	sw	t1,68(sp)
    2e06:	dc72                	sw	t3,56(sp)
    2e08:	d442                	sw	a6,40(sp)
    2e0a:	cebfd0ef          	jal	ra,af4 <_ZN14_MOTOR_CONTROL10set_motionE20filament_motion_enumyy>
    2e0e:	5822                	lw	a6,40(sp)
    2e10:	5e62                	lw	t3,56(sp)
    2e12:	4316                	lw	t1,68(sp)
    2e14:	00084783          	lbu	a5,0(a6)
    2e18:	4f26                	lw	t5,72(sp)
    2e1a:	4eb6                	lw	t4,76(sp)
    2e1c:	58a6                	lw	a7,104(sp)
    2e1e:	10079a63          	bnez	a5,2f32 <_ZL16motor_motion_runiym+0xa58>
    2e22:	00694783          	lbu	a5,6(s2)
    2e26:	ebe5                	bnez	a5,2f16 <_ZL16motor_motion_runiym+0xa3c>
    2e28:	8472                	mv	s0,t3
    2e2a:	891a                	mv	s2,t1
    2e2c:	8dfa                	mv	s11,t5
    2e2e:	8876                	mv	a6,t4
    2e30:	4791                	li	a5,4
    2e32:	8bc6                	mv	s7,a7
    2e34:	94f408e3          	beq	s0,a5,2784 <_ZL16motor_motion_runiym+0x2aa>
    2e38:	09800493          	li	s1,152
    2e3c:	029404b3          	mul	s1,s0,s1
    2e40:	0ff47793          	zext.b	a5,s0
    2e44:	94e6                	add	s1,s1,s9
    2e46:	8cfc1fe3          	bne	s8,a5,2724 <_ZL16motor_motion_runiym+0x24a>
    2e4a:	008d07b3          	add	a5,s10,s0
    2e4e:	239c                	lbu	a5,0(a5)
    2e50:	de0785e3          	beqz	a5,2c3a <_ZL16motor_motion_runiym+0x760>
    2e54:	000bc783          	lbu	a5,0(s7)
    2e58:	00140e13          	addi	t3,s0,1
    2e5c:	03090313          	addi	t1,s2,48
    2e60:	004d8f13          	addi	t5,s11,4
    2e64:	0991                	addi	s3,s3,4
    2e66:	0a05                	addi	s4,s4,1
    2e68:	0a91                	addi	s5,s5,4
    2e6a:	00180e93          	addi	t4,a6,1
    2e6e:	001b8893          	addi	a7,s7,1
    2e72:	040b0b13          	addi	s6,s6,64
    2e76:	cbe1                	beqz	a5,2f46 <_ZL16motor_motion_runiym+0xa6c>
    2e78:	200007b7          	lui	a5,0x20000
    2e7c:	040a                	slli	s0,s0,0x2
    2e7e:	14078793          	addi	a5,a5,320 # 20000140 <_ZL13MC_PULL_pct_f>
    2e82:	97a2                	add	a5,a5,s0
    2e84:	9541a583          	lw	a1,-1708(gp) # 200002e4 <_ZL7g_scale+0x124>
    2e88:	4388                	lw	a0,0(a5)
    2e8a:	d4c6                	sw	a7,104(sp)
    2e8c:	c6f6                	sw	t4,76(sp)
    2e8e:	c4fa                	sw	t5,72(sp)
    2e90:	c29a                	sw	t1,68(sp)
    2e92:	dc72                	sw	t3,56(sp)
    2e94:	d442                	sw	a6,40(sp)
    2e96:	133070ef          	jal	ra,a7c8 <__gesf2>
    2e9a:	5822                	lw	a6,40(sp)
    2e9c:	5e62                	lw	t3,56(sp)
    2e9e:	4316                	lw	t1,68(sp)
    2ea0:	4f26                	lw	t5,72(sp)
    2ea2:	4eb6                	lw	t4,76(sp)
    2ea4:	58a6                	lw	a7,104(sp)
    2ea6:	f4a055e3          	blez	a0,2df0 <_ZL16motor_motion_runiym+0x916>
    2eaa:	200027b7          	lui	a5,0x20002
    2eae:	d8878793          	addi	a5,a5,-632 # 20001d88 <_ZL18g_on_use_hi_pwm_us>
    2eb2:	943e                	add	s0,s0,a5
    2eb4:	00080023          	sb	zero,0(a6)
    2eb8:	000b8023          	sb	zero,0(s7)
    2ebc:	00042023          	sw	zero,0(s0)
    2ec0:	00694783          	lbu	a5,6(s2)
    2ec4:	cf91                	beqz	a5,2ee0 <_ZL16motor_motion_runiym+0xa06>
    2ec6:	00892703          	lw	a4,8(s2)
    2eca:	00d507b7          	lui	a5,0xd50
    2ece:	02a78793          	addi	a5,a5,42 # d5002a <ch32v20x_wwdg.c.13394d49+0xd322d5>
    2ed2:	00f70763          	beq	a4,a5,2ee0 <_ZL16motor_motion_runiym+0xa06>
    2ed6:	00f92423          	sw	a5,8(s2)
    2eda:	4785                	li	a5,1
    2edc:	02f90623          	sb	a5,44(s2)
    2ee0:	4785                	li	a5,1
    2ee2:	00fda023          	sw	a5,0(s11)
    2ee6:	4742                	lw	a4,16(sp)
    2ee8:	47d2                	lw	a5,20(sp)
    2eea:	06400613          	li	a2,100
    2eee:	4681                	li	a3,0
    2ef0:	4581                	li	a1,0
    2ef2:	8526                	mv	a0,s1
    2ef4:	c6c6                	sw	a7,76(sp)
    2ef6:	c4f6                	sw	t4,72(sp)
    2ef8:	c2fa                	sw	t5,68(sp)
    2efa:	dc1a                	sw	t1,56(sp)
    2efc:	d472                	sw	t3,40(sp)
    2efe:	bf7fd0ef          	jal	ra,af4 <_ZN14_MOTOR_CONTROL10set_motionE20filament_motion_enumyy>
    2f02:	5e22                	lw	t3,40(sp)
    2f04:	5362                	lw	t1,56(sp)
    2f06:	4f16                	lw	t5,68(sp)
    2f08:	4ea6                	lw	t4,72(sp)
    2f0a:	48b6                	lw	a7,76(sp)
    2f0c:	8472                	mv	s0,t3
    2f0e:	891a                	mv	s2,t1
    2f10:	8dfa                	mv	s11,t5
    2f12:	8876                	mv	a6,t4
    2f14:	bf31                	j	2e30 <_ZL16motor_motion_runiym+0x956>
    2f16:	00892703          	lw	a4,8(s2)
    2f1a:	00d507b7          	lui	a5,0xd50
    2f1e:	02a78793          	addi	a5,a5,42 # d5002a <ch32v20x_wwdg.c.13394d49+0xd322d5>
    2f22:	f0f703e3          	beq	a4,a5,2e28 <_ZL16motor_motion_runiym+0x94e>
    2f26:	00f92423          	sw	a5,8(s2)
    2f2a:	4785                	li	a5,1
    2f2c:	02f90623          	sb	a5,44(s2)
    2f30:	bde5                	j	2e28 <_ZL16motor_motion_runiym+0x94e>
    2f32:	00694783          	lbu	a5,6(s2)
    2f36:	ee0789e3          	beqz	a5,2e28 <_ZL16motor_motion_runiym+0x94e>
    2f3a:	67c1                	lui	a5,0x10
    2f3c:	00892703          	lw	a4,8(s2)
    2f40:	f0078793          	addi	a5,a5,-256 # ff00 <MC_PULL_calibration.cpp.947435e8+0x636>
    2f44:	bff9                	j	2f22 <_ZL16motor_motion_runiym+0xa48>
    2f46:	00084703          	lbu	a4,0(a6)
    2f4a:	00694783          	lbu	a5,6(s2)
    2f4e:	db2d                	beqz	a4,2ec0 <_ZL16motor_motion_runiym+0x9e6>
    2f50:	dbc1                	beqz	a5,2ee0 <_ZL16motor_motion_runiym+0xa06>
    2f52:	67c1                	lui	a5,0x10
    2f54:	00892703          	lw	a4,8(s2)
    2f58:	f0078793          	addi	a5,a5,-256 # ff00 <MC_PULL_calibration.cpp.947435e8+0x636>
    2f5c:	bf9d                	j	2ed2 <_ZL16motor_motion_runiym+0x9f8>
    2f5e:	4706                	lw	a4,64(sp)
    2f60:	d40704e3          	beqz	a4,2ca8 <_ZL16motor_motion_runiym+0x7ce>
    2f64:	cf89                	beqz	a5,2f7e <_ZL16motor_motion_runiym+0xaa4>
    2f66:	00892703          	lw	a4,8(s2)
    2f6a:	67c1                	lui	a5,0x10
    2f6c:	f0078793          	addi	a5,a5,-256 # ff00 <MC_PULL_calibration.cpp.947435e8+0x636>
    2f70:	00f70763          	beq	a4,a5,2f7e <_ZL16motor_motion_runiym+0xaa4>
    2f74:	00f92423          	sw	a5,8(s2)
    2f78:	4785                	li	a5,1
    2f7a:	02f90623          	sb	a5,44(s2)
    2f7e:	4791                	li	a5,4
    2f80:	00fda023          	sw	a5,0(s11)
    2f84:	150b2783          	lw	a5,336(s6)
    2f88:	00241713          	slli	a4,s0,0x2
    2f8c:	d43e                	sw	a5,40(sp)
    2f8e:	57e2                	lw	a5,56(sp)
    2f90:	56a2                	lw	a3,40(sp)
    2f92:	97ba                	add	a5,a5,a4
    2f94:	c394                	sw	a3,0(a5)
    2f96:	000bc783          	lbu	a5,0(s7)
    2f9a:	e7e9                	bnez	a5,3064 <_ZL16motor_motion_runiym+0xb8a>
    2f9c:	8781a503          	lw	a0,-1928(gp) # 20000208 <_ZL7g_scale+0x48>
    2fa0:	0009a583          	lw	a1,0(s3)
    2fa4:	dcba                	sw	a4,120(sp)
    2fa6:	dac2                	sw	a6,116(sp)
    2fa8:	42b070ef          	jal	ra,abd2 <__subsf3>
    2fac:	00000593          	li	a1,0
    2fb0:	d4aa                	sw	a0,104(sp)
    2fb2:	0ad070ef          	jal	ra,a85e <__lesf2>
    2fb6:	5856                	lw	a6,116(sp)
    2fb8:	5766                	lw	a4,120(sp)
    2fba:	00000793          	li	a5,0
    2fbe:	02054063          	bltz	a0,2fde <_ZL16motor_motion_runiym+0xb04>
    2fc2:	8781a583          	lw	a1,-1928(gp) # 20000208 <_ZL7g_scale+0x48>
    2fc6:	57a6                	lw	a5,104(sp)
    2fc8:	853e                	mv	a0,a5
    2fca:	7fe070ef          	jal	ra,a7c8 <__gesf2>
    2fce:	57a6                	lw	a5,104(sp)
    2fd0:	5856                	lw	a6,116(sp)
    2fd2:	5766                	lw	a4,120(sp)
    2fd4:	00a05563          	blez	a0,2fde <_ZL16motor_motion_runiym+0xb04>
    2fd8:	8781a583          	lw	a1,-1928(gp) # 20000208 <_ZL7g_scale+0x48>
    2fdc:	87ae                	mv	a5,a1
    2fde:	46d6                	lw	a3,84(sp)
    2fe0:	000a0023          	sb	zero,0(s4)
    2fe4:	06400613          	li	a2,100
    2fe8:	96ba                	add	a3,a3,a4
    2fea:	c29c                	sw	a5,0(a3)
    2fec:	46c6                	lw	a3,80(sp)
    2fee:	4589                	li	a1,2
    2ff0:	8526                	mv	a0,s1
    2ff2:	96ba                	add	a3,a3,a4
    2ff4:	c29c                	sw	a5,0(a3)
    2ff6:	4796                	lw	a5,68(sp)
    2ff8:	4681                	li	a3,0
    2ffa:	d4c2                	sw	a6,104(sp)
    2ffc:	973e                	add	a4,a4,a5
    2ffe:	47a6                	lw	a5,72(sp)
    3000:	03090913          	addi	s2,s2,48
    3004:	0d91                	addi	s11,s11,4
    3006:	c31c                	sw	a5,0(a4)
    3008:	00000793          	li	a5,0
    300c:	00f9a023          	sw	a5,0(s3)
    3010:	57a2                	lw	a5,40(sp)
    3012:	4736                	lw	a4,76(sp)
    3014:	0991                	addi	s3,s3,4
    3016:	00faa023          	sw	a5,0(s5)
    301a:	00341793          	slli	a5,s0,0x3
    301e:	97ba                	add	a5,a5,a4
    3020:	4742                	lw	a4,16(sp)
    3022:	0405                	addi	s0,s0,1
    3024:	0a05                	addi	s4,s4,1
    3026:	c398                	sw	a4,0(a5)
    3028:	4752                	lw	a4,20(sp)
    302a:	0a91                	addi	s5,s5,4
    302c:	0b85                	addi	s7,s7,1
    302e:	c3d8                	sw	a4,4(a5)
    3030:	47d2                	lw	a5,20(sp)
    3032:	4742                	lw	a4,16(sp)
    3034:	040b0b13          	addi	s6,s6,64
    3038:	abdfd0ef          	jal	ra,af4 <_ZN14_MOTOR_CONTROL10set_motionE20filament_motion_enumyy>
    303c:	5826                	lw	a6,104(sp)
    303e:	4791                	li	a5,4
    3040:	0805                	addi	a6,a6,1
    3042:	f4f40163          	beq	s0,a5,2784 <_ZL16motor_motion_runiym+0x2aa>
    3046:	09800493          	li	s1,152
    304a:	029404b3          	mul	s1,s0,s1
    304e:	0ff47793          	zext.b	a5,s0
    3052:	94e6                	add	s1,s1,s9
    3054:	ecfc1863          	bne	s8,a5,2724 <_ZL16motor_motion_runiym+0x24a>
    3058:	008d07b3          	add	a5,s10,s0
    305c:	239c                	lbu	a5,0(a5)
    305e:	c2079fe3          	bnez	a5,2c9c <_ZL16motor_motion_runiym+0x7c2>
    3062:	bee1                	j	2c3a <_ZL16motor_motion_runiym+0x760>
    3064:	8781a783          	lw	a5,-1928(gp) # 20000208 <_ZL7g_scale+0x48>
    3068:	bf9d                	j	2fde <_ZL16motor_motion_runiym+0xb04>
    306a:	4706                	lw	a4,64(sp)
    306c:	c60705e3          	beqz	a4,2cd6 <_ZL16motor_motion_runiym+0x7fc>
    3070:	cf89                	beqz	a5,308a <_ZL16motor_motion_runiym+0xbb0>
    3072:	00892703          	lw	a4,8(s2)
    3076:	67c1                	lui	a5,0x10
    3078:	f0078793          	addi	a5,a5,-256 # ff00 <MC_PULL_calibration.cpp.947435e8+0x636>
    307c:	00f70763          	beq	a4,a5,308a <_ZL16motor_motion_runiym+0xbb0>
    3080:	00f92423          	sw	a5,8(s2)
    3084:	4785                	li	a5,1
    3086:	02f90623          	sb	a5,44(s2)
    308a:	000da783          	lw	a5,0(s11)
    308e:	468d                	li	a3,3
    3090:	150b2703          	lw	a4,336(s6)
    3094:	00d78c63          	beq	a5,a3,30ac <_ZL16motor_motion_runiym+0xbd2>
    3098:	00000793          	li	a5,0
    309c:	00dda023          	sw	a3,0(s11)
    30a0:	00eaa023          	sw	a4,0(s5)
    30a4:	00f9a023          	sw	a5,0(s3)
    30a8:	000a0023          	sb	zero,0(s4)
    30ac:	000aa783          	lw	a5,0(s5)
    30b0:	c6ba                	sw	a4,76(sp)
    30b2:	00eaa023          	sw	a4,0(s5)
    30b6:	4716                	lw	a4,68(sp)
    30b8:	d43e                	sw	a5,40(sp)
    30ba:	00241793          	slli	a5,s0,0x2
    30be:	97ba                	add	a5,a5,a4
    30c0:	45a6                	lw	a1,72(sp)
    30c2:	4388                	lw	a0,0(a5)
    30c4:	dc42                	sw	a6,56(sp)
    30c6:	702070ef          	jal	ra,a7c8 <__gesf2>
    30ca:	5862                	lw	a6,56(sp)
    30cc:	08a05263          	blez	a0,3150 <_ZL16motor_motion_runiym+0xc76>
    30d0:	4736                	lw	a4,76(sp)
    30d2:	55a2                	lw	a1,40(sp)
    30d4:	853a                	mv	a0,a4
    30d6:	2fd070ef          	jal	ra,abd2 <__subsf3>
    30da:	000a0783          	lb	a5,0(s4)
    30de:	d42a                	sw	a0,40(sp)
    30e0:	5862                	lw	a6,56(sp)
    30e2:	e3a1                	bnez	a5,3122 <_ZL16motor_motion_runiym+0xc48>
    30e4:	00000593          	li	a1,0
    30e8:	776070ef          	jal	ra,a85e <__lesf2>
    30ec:	5862                	lw	a6,56(sp)
    30ee:	0c055963          	bgez	a0,31c0 <_ZL16motor_motion_runiym+0xce6>
    30f2:	57a2                	lw	a5,40(sp)
    30f4:	80000537          	lui	a0,0x80000
    30f8:	8d3d                	xor	a0,a0,a5
    30fa:	95c1a583          	lw	a1,-1700(gp) # 200002ec <_ZL7g_scale+0x12c>
    30fe:	dc42                	sw	a6,56(sp)
    3100:	6c8070ef          	jal	ra,a7c8 <__gesf2>
    3104:	5862                	lw	a6,56(sp)
    3106:	00a05e63          	blez	a0,3122 <_ZL16motor_motion_runiym+0xc48>
    310a:	5522                	lw	a0,40(sp)
    310c:	00000593          	li	a1,0
    3110:	6b8070ef          	jal	ra,a7c8 <__gesf2>
    3114:	5862                	lw	a6,56(sp)
    3116:	4785                	li	a5,1
    3118:	00055363          	bgez	a0,311e <_ZL16motor_motion_runiym+0xc44>
    311c:	57fd                	li	a5,-1
    311e:	00fa0023          	sb	a5,0(s4)
    3122:	0009a703          	lw	a4,0(s3)
    3126:	000a0783          	lb	a5,0(s4)
    312a:	dc3a                	sw	a4,56(sp)
    312c:	08f05c63          	blez	a5,31c4 <_ZL16motor_motion_runiym+0xcea>
    3130:	5522                	lw	a0,40(sp)
    3132:	00000593          	li	a1,0
    3136:	c6c2                	sw	a6,76(sp)
    3138:	690070ef          	jal	ra,a7c8 <__gesf2>
    313c:	4836                	lw	a6,76(sp)
    313e:	00a05963          	blez	a0,3150 <_ZL16motor_motion_runiym+0xc76>
    3142:	55e2                	lw	a1,56(sp)
    3144:	5522                	lw	a0,40(sp)
    3146:	7d3060ef          	jal	ra,a118 <__addsf3>
    314a:	4836                	lw	a6,76(sp)
    314c:	00a9a023          	sw	a0,0(s3)
    3150:	0009a783          	lw	a5,0(s3)
    3154:	00000593          	li	a1,0
    3158:	dc42                	sw	a6,56(sp)
    315a:	853e                	mv	a0,a5
    315c:	d43e                	sw	a5,40(sp)
    315e:	700070ef          	jal	ra,a85e <__lesf2>
    3162:	5862                	lw	a6,56(sp)
    3164:	06055f63          	bgez	a0,31e2 <_ZL16motor_motion_runiym+0xd08>
    3168:	00000793          	li	a5,0
    316c:	00f9a023          	sw	a5,0(s3)
    3170:	47d2                	lw	a5,20(sp)
    3172:	4742                	lw	a4,16(sp)
    3174:	12c00613          	li	a2,300
    3178:	4681                	li	a3,0
    317a:	45a1                	li	a1,8
    317c:	8526                	mv	a0,s1
    317e:	d442                	sw	a6,40(sp)
    3180:	975fd0ef          	jal	ra,af4 <_ZN14_MOTOR_CONTROL10set_motionE20filament_motion_enumyy>
    3184:	5822                	lw	a6,40(sp)
    3186:	0405                	addi	s0,s0,1
    3188:	4791                	li	a5,4
    318a:	03090913          	addi	s2,s2,48
    318e:	0d91                	addi	s11,s11,4
    3190:	0991                	addi	s3,s3,4
    3192:	0a05                	addi	s4,s4,1
    3194:	0a91                	addi	s5,s5,4
    3196:	0805                	addi	a6,a6,1
    3198:	0b85                	addi	s7,s7,1
    319a:	040b0b13          	addi	s6,s6,64
    319e:	def40363          	beq	s0,a5,2784 <_ZL16motor_motion_runiym+0x2aa>
    31a2:	09800493          	li	s1,152
    31a6:	029404b3          	mul	s1,s0,s1
    31aa:	0ff47793          	zext.b	a5,s0
    31ae:	94e6                	add	s1,s1,s9
    31b0:	d6fc1a63          	bne	s8,a5,2724 <_ZL16motor_motion_runiym+0x24a>
    31b4:	008d07b3          	add	a5,s10,s0
    31b8:	239c                	lbu	a5,0(a5)
    31ba:	b00798e3          	bnez	a5,2cca <_ZL16motor_motion_runiym+0x7f0>
    31be:	bcb5                	j	2c3a <_ZL16motor_motion_runiym+0x760>
    31c0:	5522                	lw	a0,40(sp)
    31c2:	bf25                	j	30fa <_ZL16motor_motion_runiym+0xc20>
    31c4:	d7d1                	beqz	a5,3150 <_ZL16motor_motion_runiym+0xc76>
    31c6:	5522                	lw	a0,40(sp)
    31c8:	00000593          	li	a1,0
    31cc:	c6c2                	sw	a6,76(sp)
    31ce:	690070ef          	jal	ra,a85e <__lesf2>
    31d2:	4836                	lw	a6,76(sp)
    31d4:	f6055ee3          	bgez	a0,3150 <_ZL16motor_motion_runiym+0xc76>
    31d8:	55a2                	lw	a1,40(sp)
    31da:	5562                	lw	a0,56(sp)
    31dc:	1f7070ef          	jal	ra,abd2 <__subsf3>
    31e0:	b7ad                	j	314a <_ZL16motor_motion_runiym+0xc70>
    31e2:	8b01a583          	lw	a1,-1872(gp) # 20000240 <_ZL7g_scale+0x80>
    31e6:	5522                	lw	a0,40(sp)
    31e8:	dc42                	sw	a6,56(sp)
    31ea:	5de070ef          	jal	ra,a7c8 <__gesf2>
    31ee:	5862                	lw	a6,56(sp)
    31f0:	f8a050e3          	blez	a0,3170 <_ZL16motor_motion_runiym+0xc96>
    31f4:	8b01a583          	lw	a1,-1872(gp) # 20000240 <_ZL7g_scale+0x80>
    31f8:	00b9a023          	sw	a1,0(s3)
    31fc:	bf95                	j	3170 <_ZL16motor_motion_runiym+0xc96>
    31fe:	00892683          	lw	a3,8(s2)
    3202:	00b00737          	lui	a4,0xb00
    3206:	0ff70713          	addi	a4,a4,255 # b000ff <ch32v20x_wwdg.c.13394d49+0xae23aa>
    320a:	b0e68fe3          	beq	a3,a4,2d28 <_ZL16motor_motion_runiym+0x84e>
    320e:	00e92423          	sw	a4,8(s2)
    3212:	4705                	li	a4,1
    3214:	02e90623          	sb	a4,44(s2)
    3218:	be01                	j	2d28 <_ZL16motor_motion_runiym+0x84e>
    321a:	00694703          	lbu	a4,6(s2)
    321e:	b00705e3          	beqz	a4,2d28 <_ZL16motor_motion_runiym+0x84e>
    3222:	6741                	lui	a4,0x10
    3224:	00892683          	lw	a3,8(s2)
    3228:	f0070713          	addi	a4,a4,-256 # ff00 <MC_PULL_calibration.cpp.947435e8+0x636>
    322c:	bff9                	j	320a <_ZL16motor_motion_runiym+0xd30>
    322e:	000bc783          	lbu	a5,0(s7)
    3232:	00140e13          	addi	t3,s0,1
    3236:	03090313          	addi	t1,s2,48
    323a:	00180393          	addi	t2,a6,1
    323e:	000da023          	sw	zero,0(s11)
    3242:	c49e                	sw	t2,72(sp)
    3244:	c29a                	sw	t1,68(sp)
    3246:	dc72                	sw	t3,56(sp)
    3248:	d442                	sw	a6,40(sp)
    324a:	4742                	lw	a4,16(sp)
    324c:	0d91                	addi	s11,s11,4
    324e:	0991                	addi	s3,s3,4
    3250:	0a05                	addi	s4,s4,1
    3252:	0a91                	addi	s5,s5,4
    3254:	0b85                	addi	s7,s7,1
    3256:	040b0b13          	addi	s6,s6,64
    325a:	cfb9                	beqz	a5,32b8 <_ZL16motor_motion_runiym+0xdde>
    325c:	47d2                	lw	a5,20(sp)
    325e:	06400613          	li	a2,100
    3262:	4681                	li	a3,0
    3264:	458d                	li	a1,3
    3266:	8526                	mv	a0,s1
    3268:	88dfd0ef          	jal	ra,af4 <_ZN14_MOTOR_CONTROL10set_motionE20filament_motion_enumyy>
    326c:	5822                	lw	a6,40(sp)
    326e:	6741                	lui	a4,0x10
    3270:	5e62                	lw	t3,56(sp)
    3272:	00084783          	lbu	a5,0(a6)
    3276:	4316                	lw	t1,68(sp)
    3278:	43a6                	lw	t2,72(sp)
    327a:	f0070e93          	addi	t4,a4,-256 # ff00 <MC_PULL_calibration.cpp.947435e8+0x636>
    327e:	00354737          	lui	a4,0x354
    3282:	4f05                	li	t5,1
    3284:	4891                	li	a7,4
    3286:	09800293          	li	t0,152
    328a:	83270f93          	addi	t6,a4,-1998 # 353832 <ch32v20x_wwdg.c.13394d49+0x335add>
    328e:	e3a5                	bnez	a5,32ee <_ZL16motor_motion_runiym+0xe14>
    3290:	00694783          	lbu	a5,6(s2)
    3294:	efb5                	bnez	a5,3310 <_ZL16motor_motion_runiym+0xe36>
    3296:	8472                	mv	s0,t3
    3298:	891a                	mv	s2,t1
    329a:	881e                	mv	a6,t2
    329c:	cf1e0463          	beq	t3,a7,2784 <_ZL16motor_motion_runiym+0x2aa>
    32a0:	025e04b3          	mul	s1,t3,t0
    32a4:	0ffe7793          	zext.b	a5,t3
    32a8:	94e6                	add	s1,s1,s9
    32aa:	c6fc1d63          	bne	s8,a5,2724 <_ZL16motor_motion_runiym+0x24a>
    32ae:	01cd07b3          	add	a5,s10,t3
    32b2:	239c                	lbu	a5,0(a5)
    32b4:	ffad                	bnez	a5,322e <_ZL16motor_motion_runiym+0xd54>
    32b6:	b251                	j	2c3a <_ZL16motor_motion_runiym+0x760>
    32b8:	47d2                	lw	a5,20(sp)
    32ba:	06400613          	li	a2,100
    32be:	4681                	li	a3,0
    32c0:	459d                	li	a1,7
    32c2:	8526                	mv	a0,s1
    32c4:	831fd0ef          	jal	ra,af4 <_ZN14_MOTOR_CONTROL10set_motionE20filament_motion_enumyy>
    32c8:	57b6                	lw	a5,108(sp)
    32ca:	6741                	lui	a4,0x10
    32cc:	f0070e93          	addi	t4,a4,-256 # ff00 <MC_PULL_calibration.cpp.947435e8+0x636>
    32d0:	97a2                	add	a5,a5,s0
    32d2:	239c                	lbu	a5,0(a5)
    32d4:	00354737          	lui	a4,0x354
    32d8:	5822                	lw	a6,40(sp)
    32da:	5e62                	lw	t3,56(sp)
    32dc:	4316                	lw	t1,68(sp)
    32de:	43a6                	lw	t2,72(sp)
    32e0:	4f05                	li	t5,1
    32e2:	4891                	li	a7,4
    32e4:	09800293          	li	t0,152
    32e8:	83270f93          	addi	t6,a4,-1998 # 353832 <ch32v20x_wwdg.c.13394d49+0x335add>
    32ec:	cb99                	beqz	a5,3302 <_ZL16motor_motion_runiym+0xe28>
    32ee:	00694783          	lbu	a5,6(s2)
    32f2:	d3d5                	beqz	a5,3296 <_ZL16motor_motion_runiym+0xdbc>
    32f4:	00892783          	lw	a5,8(s2)
    32f8:	f9d78fe3          	beq	a5,t4,3296 <_ZL16motor_motion_runiym+0xdbc>
    32fc:	01d92423          	sw	t4,8(s2)
    3300:	a831                	j	331c <_ZL16motor_motion_runiym+0xe42>
    3302:	57c6                	lw	a5,112(sp)
    3304:	943e                	add	s0,s0,a5
    3306:	201c                	lbu	a5,0(s0)
    3308:	cf89                	beqz	a5,3322 <_ZL16motor_motion_runiym+0xe48>
    330a:	00084783          	lbu	a5,0(a6)
    330e:	b741                	j	328e <_ZL16motor_motion_runiym+0xdb4>
    3310:	00892783          	lw	a5,8(s2)
    3314:	f9f781e3          	beq	a5,t6,3296 <_ZL16motor_motion_runiym+0xdbc>
    3318:	01f92423          	sw	t6,8(s2)
    331c:	03e90623          	sb	t5,44(s2)
    3320:	bf9d                	j	3296 <_ZL16motor_motion_runiym+0xdbc>
    3322:	00084783          	lbu	a5,0(a6)
    3326:	f7e1                	bnez	a5,32ee <_ZL16motor_motion_runiym+0xe14>
    3328:	00694783          	lbu	a5,6(s2)
    332c:	d7ad                	beqz	a5,3296 <_ZL16motor_motion_runiym+0xdbc>
    332e:	00892783          	lw	a5,8(s2)
    3332:	d3b5                	beqz	a5,3296 <_ZL16motor_motion_runiym+0xdbc>
    3334:	00092423          	sw	zero,8(s2)
    3338:	b7d5                	j	331c <_ZL16motor_motion_runiym+0xe42>
    333a:	00694783          	lbu	a5,6(s2)
    333e:	c2078563          	beqz	a5,2768 <_ZL16motor_motion_runiym+0x28e>
    3342:	00892703          	lw	a4,8(s2)
    3346:	67c1                	lui	a5,0x10
    3348:	f0078793          	addi	a5,a5,-256 # ff00 <MC_PULL_calibration.cpp.947435e8+0x636>
    334c:	c0f70e63          	beq	a4,a5,2768 <_ZL16motor_motion_runiym+0x28e>
    3350:	00f92423          	sw	a5,8(s2)
    3354:	ba31                	j	2c70 <_ZL16motor_motion_runiym+0x796>
    3356:	9d848413          	addi	s0,s1,-1576
    335a:	260c8493          	addi	s1,s9,608
    335e:	4742                	lw	a4,16(sp)
    3360:	47d2                	lw	a5,20(sp)
    3362:	8522                	mv	a0,s0
    3364:	06400613          	li	a2,100
    3368:	4681                	li	a3,0
    336a:	458d                	li	a1,3
    336c:	09840413          	addi	s0,s0,152
    3370:	f84fd0ef          	jal	ra,af4 <_ZN14_MOTOR_CONTROL10set_motionE20filament_motion_enumyy>
    3374:	fe9415e3          	bne	s0,s1,335e <_ZL16motor_motion_runiym+0xe84>
    3378:	c0cff06f          	j	2784 <_ZL16motor_motion_runiym+0x2aa>
    337c:	5786                	lw	a5,96(sp)
    337e:	5722                	lw	a4,40(sp)
    3380:	97ba                	add	a5,a5,a4
    3382:	239c                	lbu	a5,0(a5)
    3384:	cb89                	beqz	a5,3396 <_ZL16motor_motion_runiym+0xebc>
    3386:	4716                	lw	a4,68(sp)
    3388:	2318                	lbu	a4,0(a4)
    338a:	1a071c63          	bnez	a4,3542 <_ZL16motor_motion_runiym+0x1068>
    338e:	4014                	lw	a3,0(s0)
    3390:	471d                	li	a4,7
    3392:	0ce68963          	beq	a3,a4,3464 <_ZL16motor_motion_runiym+0xf8a>
    3396:	4756                	lw	a4,84(sp)
    3398:	4646                	lw	a2,80(sp)
    339a:	4681                	li	a3,0
    339c:	00070023          	sb	zero,0(a4)
    33a0:	4716                	lw	a4,68(sp)
    33a2:	c214                	sw	a3,0(a2)
    33a4:	00dda023          	sw	a3,0(s11)
    33a8:	00070023          	sb	zero,0(a4)
    33ac:	4706                	lw	a4,64(sp)
    33ae:	00070023          	sb	zero,0(a4)
    33b2:	4701                	li	a4,0
    33b4:	c258                	sw	a4,4(a2)
    33b6:	5662                	lw	a2,56(sp)
    33b8:	00eda223          	sw	a4,4(s11)
    33bc:	c214                	sw	a3,0(a2)
    33be:	c258                	sw	a4,4(a2)
    33c0:	24078963          	beqz	a5,3612 <_ZL16motor_motion_runiym+0x1138>
    33c4:	4796                	lw	a5,68(sp)
    33c6:	2384                	lbu	s1,0(a5)
    33c8:	57a2                	lw	a5,40(sp)
    33ca:	97ea                	add	a5,a5,s10
    33cc:	239c                	lbu	a5,0(a5)
    33ce:	24079063          	bnez	a5,360e <_ZL16motor_motion_runiym+0x1134>
    33d2:	8f01a583          	lw	a1,-1808(gp) # 20000280 <_ZL7g_scale+0xc0>
    33d6:	57a6                	lw	a5,104(sp)
    33d8:	4388                	lw	a0,0(a5)
    33da:	3ee070ef          	jal	ra,a7c8 <__gesf2>
    33de:	22a05863          	blez	a0,360e <_ZL16motor_motion_runiym+0x1134>
    33e2:	09042903          	lw	s2,144(s0)
    33e6:	2e048963          	beqz	s1,36d8 <_ZL16motor_motion_runiym+0x11fe>
    33ea:	09042903          	lw	s2,144(s0)
    33ee:	45aa                	lw	a1,136(sp)
    33f0:	854a                	mv	a0,s2
    33f2:	504070ef          	jal	ra,a8f6 <__mulsf3>
    33f6:	85aa                	mv	a1,a0
    33f8:	84aa                	mv	s1,a0
    33fa:	854a                	mv	a0,s2
    33fc:	4fa070ef          	jal	ra,a8f6 <__mulsf3>
    3400:	00000593          	li	a1,0
    3404:	45a070ef          	jal	ra,a85e <__lesf2>
    3408:	00055463          	bgez	a0,3410 <_ZL16motor_motion_runiym+0xf36>
    340c:	00000493          	li	s1,0
    3410:	00000793          	li	a5,0
    3414:	85be                	mv	a1,a5
    3416:	cc3c                	sw	a5,88(s0)
    3418:	cc7c                	sw	a5,92(s0)
    341a:	dc3c                	sw	a5,120(s0)
    341c:	dc7c                	sw	a5,124(s0)
    341e:	8526                	mv	a0,s1
    3420:	34a070ef          	jal	ra,a76a <__eqsf2>
    3424:	57a2                	lw	a5,40(sp)
    3426:	473a                	lw	a4,140(sp)
    3428:	00153513          	seqz	a0,a0
    342c:	078a                	slli	a5,a5,0x2
    342e:	97ba                	add	a5,a5,a4
    3430:	c384                	sw	s1,0(a5)
    3432:	a408                	sb	a0,8(s0)
    3434:	8526                	mv	a0,s1
    3436:	329070ef          	jal	ra,af5e <__fixsfsi>
    343a:	85aa                	mv	a1,a0
    343c:	854e                	mv	a0,s3
    343e:	be9fd0ef          	jal	ra,1026 <_Z22Motion_control_set_PWMhi>
    3442:	47e6                	lw	a5,88(sp)
    3444:	5722                	lw	a4,40(sp)
    3446:	97ba                	add	a5,a5,a4
    3448:	239c                	lbu	a5,0(a5)
    344a:	2e079563          	bnez	a5,3734 <_ZL16motor_motion_runiym+0x125a>
    344e:	5782                	lw	a5,32(sp)
    3450:	23fc                	lbu	a5,6(a5)
    3452:	30078363          	beqz	a5,3758 <_ZL16motor_motion_runiym+0x127e>
    3456:	5782                	lw	a5,32(sp)
    3458:	4798                	lw	a4,8(a5)
    345a:	002da7b7          	lui	a5,0x2da
    345e:	0ff78793          	addi	a5,a5,255 # 2da0ff <ch32v20x_wwdg.c.13394d49+0x2bc3aa>
    3462:	a4e5                	j	374a <_ZL16motor_motion_runiym+0x1270>
    3464:	57a6                	lw	a5,104(sp)
    3466:	4384                	lw	s1,0(a5)
    3468:	57a2                	lw	a5,40(sp)
    346a:	8526                	mv	a0,s1
    346c:	97ea                	add	a5,a5,s10
    346e:	0007ca03          	lbu	s4,0(a5)
    3472:	8f01a583          	lw	a1,-1808(gp) # 20000280 <_ZL7g_scale+0xc0>
    3476:	352070ef          	jal	ra,a7c8 <__gesf2>
    347a:	08054863          	bltz	a0,350a <_ZL16motor_motion_runiym+0x1030>
    347e:	4786                	lw	a5,64(sp)
    3480:	00078023          	sb	zero,0(a5)
    3484:	47d6                	lw	a5,84(sp)
    3486:	239c                	lbu	a5,0(a5)
    3488:	cff1                	beqz	a5,3564 <_ZL16motor_motion_runiym+0x108a>
    348a:	47c6                	lw	a5,80(sp)
    348c:	4752                	lw	a4,20(sp)
    348e:	8526                	mv	a0,s1
    3490:	0007aa83          	lw	s5,0(a5)
    3494:	0047a903          	lw	s2,4(a5)
    3498:	47c2                	lw	a5,16(sp)
    349a:	41270933          	sub	s2,a4,s2
    349e:	41578ab3          	sub	s5,a5,s5
    34a2:	0157b7b3          	sltu	a5,a5,s5
    34a6:	40f90933          	sub	s2,s2,a5
    34aa:	8901a583          	lw	a1,-1904(gp) # 20000220 <_ZL7g_scale+0x60>
    34ae:	31a070ef          	jal	ra,a7c8 <__gesf2>
    34b2:	0ca05263          	blez	a0,3576 <_ZL16motor_motion_runiym+0x109c>
    34b6:	8941a583          	lw	a1,-1900(gp) # 20000224 <_ZL7g_scale+0x64>
    34ba:	8526                	mv	a0,s1
    34bc:	3a2070ef          	jal	ra,a85e <__lesf2>
    34c0:	0a055b63          	bgez	a0,3576 <_ZL16motor_motion_runiym+0x109c>
    34c4:	4786                	lw	a5,64(sp)
    34c6:	239c                	lbu	a5,0(a5)
    34c8:	e79d                	bnez	a5,34f6 <_ZL16motor_motion_runiym+0x101c>
    34ca:	02091663          	bnez	s2,34f6 <_ZL16motor_motion_runiym+0x101c>
    34ce:	3e800793          	li	a5,1000
    34d2:	0357e263          	bltu	a5,s5,34f6 <_ZL16motor_motion_runiym+0x101c>
    34d6:	4716                	lw	a4,68(sp)
    34d8:	4785                	li	a5,1
    34da:	5662                	lw	a2,56(sp)
    34dc:	a31c                	sb	a5,0(a4)
    34de:	4742                	lw	a4,16(sp)
    34e0:	4681                	li	a3,0
    34e2:	c214                	sw	a3,0(a2)
    34e4:	00eda023          	sw	a4,0(s11)
    34e8:	4752                	lw	a4,20(sp)
    34ea:	00eda223          	sw	a4,4(s11)
    34ee:	4701                	li	a4,0
    34f0:	c258                	sw	a4,4(a2)
    34f2:	4706                	lw	a4,64(sp)
    34f4:	a31c                	sb	a5,0(a4)
    34f6:	47d6                	lw	a5,84(sp)
    34f8:	4801                	li	a6,0
    34fa:	00078023          	sb	zero,0(a5)
    34fe:	4746                	lw	a4,80(sp)
    3500:	4781                	li	a5,0
    3502:	c31c                	sw	a5,0(a4)
    3504:	01072223          	sw	a6,4(a4)
    3508:	a021                	j	3510 <_ZL16motor_motion_runiym+0x1036>
    350a:	47d6                	lw	a5,84(sp)
    350c:	239c                	lbu	a5,0(a5)
    350e:	ffb5                	bnez	a5,348a <_ZL16motor_motion_runiym+0xfb0>
    3510:	4796                	lw	a5,68(sp)
    3512:	239c                	lbu	a5,0(a5)
    3514:	ea0788e3          	beqz	a5,33c4 <_ZL16motor_motion_runiym+0xeea>
    3518:	9601a583          	lw	a1,-1696(gp) # 200002f0 <_ZL7g_scale+0x130>
    351c:	8526                	mv	a0,s1
    351e:	340070ef          	jal	ra,a85e <__lesf2>
    3522:	06055163          	bgez	a0,3584 <_ZL16motor_motion_runiym+0x10aa>
    3526:	4796                	lw	a5,68(sp)
    3528:	5762                	lw	a4,56(sp)
    352a:	4801                	li	a6,0
    352c:	00078023          	sb	zero,0(a5)
    3530:	4781                	li	a5,0
    3532:	00fda023          	sw	a5,0(s11)
    3536:	010da223          	sw	a6,4(s11)
    353a:	c31c                	sw	a5,0(a4)
    353c:	01072223          	sw	a6,4(a4)
    3540:	a079                	j	35ce <_ZL16motor_motion_runiym+0x10f4>
    3542:	57a6                	lw	a5,104(sp)
    3544:	4384                	lw	s1,0(a5)
    3546:	57a2                	lw	a5,40(sp)
    3548:	8526                	mv	a0,s1
    354a:	97ea                	add	a5,a5,s10
    354c:	0007ca03          	lbu	s4,0(a5)
    3550:	8f01a583          	lw	a1,-1808(gp) # 20000280 <_ZL7g_scale+0xc0>
    3554:	274070ef          	jal	ra,a7c8 <__gesf2>
    3558:	fa054ce3          	bltz	a0,3510 <_ZL16motor_motion_runiym+0x1036>
    355c:	4786                	lw	a5,64(sp)
    355e:	00078023          	sb	zero,0(a5)
    3562:	b77d                	j	3510 <_ZL16motor_motion_runiym+0x1036>
    3564:	4756                	lw	a4,84(sp)
    3566:	4785                	li	a5,1
    3568:	a31c                	sb	a5,0(a4)
    356a:	47c6                	lw	a5,80(sp)
    356c:	4742                	lw	a4,16(sp)
    356e:	c398                	sw	a4,0(a5)
    3570:	4752                	lw	a4,20(sp)
    3572:	c3d8                	sw	a4,4(a5)
    3574:	bf19                	j	348a <_ZL16motor_motion_runiym+0xfb0>
    3576:	f80910e3          	bnez	s2,34f6 <_ZL16motor_motion_runiym+0x101c>
    357a:	3e800793          	li	a5,1000
    357e:	f957f9e3          	bgeu	a5,s5,3510 <_ZL16motor_motion_runiym+0x1036>
    3582:	bf95                	j	34f6 <_ZL16motor_motion_runiym+0x101c>
    3584:	4785                	li	a5,1
    3586:	04fa1863          	bne	s4,a5,35d6 <_ZL16motor_motion_runiym+0x10fc>
    358a:	5762                	lw	a4,56(sp)
    358c:	4781                	li	a5,0
    358e:	46c2                	lw	a3,16(sp)
    3590:	c31c                	sw	a5,0(a4)
    3592:	4801                	li	a6,0
    3594:	000da783          	lw	a5,0(s11)
    3598:	4652                	lw	a2,20(sp)
    359a:	01072223          	sw	a6,4(a4)
    359e:	004da703          	lw	a4,4(s11)
    35a2:	40f687b3          	sub	a5,a3,a5
    35a6:	00f6b6b3          	sltu	a3,a3,a5
    35aa:	40e60733          	sub	a4,a2,a4
    35ae:	00d71763          	bne	a4,a3,35bc <_ZL16motor_motion_runiym+0x10e2>
    35b2:	6711                	lui	a4,0x4
    35b4:	a9770713          	addi	a4,a4,-1385 # 3a97 <_ZL16motor_motion_runiym+0x15bd>
    35b8:	e0f776e3          	bgeu	a4,a5,33c4 <_ZL16motor_motion_runiym+0xeea>
    35bc:	4796                	lw	a5,68(sp)
    35be:	4801                	li	a6,0
    35c0:	010da223          	sw	a6,4(s11)
    35c4:	00078023          	sb	zero,0(a5)
    35c8:	4781                	li	a5,0
    35ca:	00fda023          	sw	a5,0(s11)
    35ce:	4706                	lw	a4,64(sp)
    35d0:	4785                	li	a5,1
    35d2:	a31c                	sb	a5,0(a4)
    35d4:	bbc5                	j	33c4 <_ZL16motor_motion_runiym+0xeea>
    35d6:	57e2                	lw	a5,56(sp)
    35d8:	5762                	lw	a4,56(sp)
    35da:	439c                	lw	a5,0(a5)
    35dc:	4358                	lw	a4,4(a4)
    35de:	00e7e6b3          	or	a3,a5,a4
    35e2:	e699                	bnez	a3,35f0 <_ZL16motor_motion_runiym+0x1116>
    35e4:	57e2                	lw	a5,56(sp)
    35e6:	4742                	lw	a4,16(sp)
    35e8:	c398                	sw	a4,0(a5)
    35ea:	4752                	lw	a4,20(sp)
    35ec:	c3d8                	sw	a4,4(a5)
    35ee:	bbd9                	j	33c4 <_ZL16motor_motion_runiym+0xeea>
    35f0:	46c2                	lw	a3,16(sp)
    35f2:	4652                	lw	a2,20(sp)
    35f4:	40f687b3          	sub	a5,a3,a5
    35f8:	00f6b6b3          	sltu	a3,a3,a5
    35fc:	40e60733          	sub	a4,a2,a4
    3600:	f2d713e3          	bne	a4,a3,3526 <_ZL16motor_motion_runiym+0x104c>
    3604:	5db00713          	li	a4,1499
    3608:	daf77ee3          	bgeu	a4,a5,33c4 <_ZL16motor_motion_runiym+0xeea>
    360c:	bf29                	j	3526 <_ZL16motor_motion_runiym+0x104c>
    360e:	dc049ee3          	bnez	s1,33ea <_ZL16motor_motion_runiym+0xf10>
    3612:	4776                	lw	a4,92(sp)
    3614:	401c                	lw	a5,0(s0)
    3616:	14070163          	beqz	a4,3758 <_ZL16motor_motion_runiym+0x127e>
    361a:	4810                	lw	a2,16(s0)
    361c:	4854                	lw	a3,20(s0)
    361e:	470d                	li	a4,3
    3620:	00d665b3          	or	a1,a2,a3
    3624:	1ce79463          	bne	a5,a4,37ec <_ZL16motor_motion_runiym+0x1312>
    3628:	e581                	bnez	a1,3630 <_ZL16motor_motion_runiym+0x1156>
    362a:	2418                	lbu	a4,8(s0)
    362c:	12071663          	bnez	a4,3758 <_ZL16motor_motion_runiym+0x127e>
    3630:	00442b83          	lw	s7,4(s0)
    3634:	20002737          	lui	a4,0x20002
    3638:	cb870713          	addi	a4,a4,-840 # 20001cb8 <speed_as5600>
    363c:	002b9c13          	slli	s8,s7,0x2
    3640:	200026b7          	lui	a3,0x20002
    3644:	9762                	add	a4,a4,s8
    3646:	003b9c93          	slli	s9,s7,0x3
    364a:	d6868693          	addi	a3,a3,-664 # 20001d68 <_ZL21g_last_on_use_exit_ms>
    364e:	96e6                	add	a3,a3,s9
    3650:	00072903          	lw	s2,0(a4)
    3654:	00000713          	li	a4,0
    3658:	cd3a                	sw	a4,152(sp)
    365a:	42d8                	lw	a4,4(a3)
    365c:	4290                	lw	a2,0(a3)
    365e:	e701                	bnez	a4,3666 <_ZL16motor_motion_runiym+0x118c>
    3660:	4685                	li	a3,1
    3662:	22c6f163          	bgeu	a3,a2,3884 <_ZL16motor_motion_runiym+0x13aa>
    3666:	46c2                	lw	a3,16(sp)
    3668:	40c685b3          	sub	a1,a3,a2
    366c:	00b6b533          	sltu	a0,a3,a1
    3670:	46d2                	lw	a3,20(sp)
    3672:	8e99                	sub	a3,a3,a4
    3674:	8e89                	sub	a3,a3,a0
    3676:	20002837          	lui	a6,0x20002
    367a:	d5480493          	addi	s1,a6,-684 # 20001d54 <_ZN14_MOTOR_CONTROL6x_prevE>
    367e:	451d                	li	a0,7
    3680:	da26                	sw	s1,52(sp)
    3682:	20a79463          	bne	a5,a0,388a <_ZL16motor_motion_runiym+0x13b0>
    3686:	017d07b3          	add	a5,s10,s7
    368a:	239c                	lbu	a5,0(a5)
    368c:	24079f63          	bnez	a5,38ea <_ZL16motor_motion_runiym+0x1410>
    3690:	5786                	lw	a5,96(sp)
    3692:	97de                	add	a5,a5,s7
    3694:	0007c983          	lbu	s3,0(a5)
    3698:	24098963          	beqz	s3,38ea <_ZL16motor_motion_runiym+0x1410>
    369c:	00e667b3          	or	a5,a2,a4
    36a0:	e399                	bnez	a5,36a6 <_ZL16motor_motion_runiym+0x11cc>
    36a2:	4fe0106f          	j	4ba0 <_ZL16motor_motion_runiym+0x26c6>
    36a6:	4785                	li	a5,1
    36a8:	00f61563          	bne	a2,a5,36b2 <_ZL16motor_motion_runiym+0x11d8>
    36ac:	e319                	bnez	a4,36b2 <_ZL16motor_motion_runiym+0x11d8>
    36ae:	4f40106f          	j	4ba2 <_ZL16motor_motion_runiym+0x26c8>
    36b2:	c299                	beqz	a3,36b8 <_ZL16motor_motion_runiym+0x11de>
    36b4:	4ee0106f          	j	4ba2 <_ZL16motor_motion_runiym+0x26c8>
    36b8:	6789                	lui	a5,0x2
    36ba:	70f78793          	addi	a5,a5,1807 # 270f <_ZL16motor_motion_runiym+0x235>
    36be:	00b7f463          	bgeu	a5,a1,36c6 <_ZL16motor_motion_runiym+0x11ec>
    36c2:	4e00106f          	j	4ba2 <_ZL16motor_motion_runiym+0x26c8>
    36c6:	00000793          	li	a5,0
    36ca:	08010b23          	sb	zero,150(sp)
    36ce:	cf3e                	sw	a5,156(sp)
    36d0:	08010ba3          	sb	zero,151(sp)
    36d4:	c4ce                	sw	s3,72(sp)
    36d6:	a41d                	j	38fc <_ZL16motor_motion_runiym+0x1422>
    36d8:	9641a583          	lw	a1,-1692(gp) # 200002f4 <_ZL7g_scale+0x134>
    36dc:	854a                	mv	a0,s2
    36de:	218070ef          	jal	ra,a8f6 <__mulsf3>
    36e2:	85ca                	mv	a1,s2
    36e4:	84aa                	mv	s1,a0
    36e6:	210070ef          	jal	ra,a8f6 <__mulsf3>
    36ea:	00000593          	li	a1,0
    36ee:	170070ef          	jal	ra,a85e <__lesf2>
    36f2:	00055463          	bgez	a0,36fa <_ZL16motor_motion_runiym+0x1220>
    36f6:	00000493          	li	s1,0
    36fa:	00000793          	li	a5,0
    36fe:	85be                	mv	a1,a5
    3700:	cc3c                	sw	a5,88(s0)
    3702:	cc7c                	sw	a5,92(s0)
    3704:	dc3c                	sw	a5,120(s0)
    3706:	dc7c                	sw	a5,124(s0)
    3708:	8526                	mv	a0,s1
    370a:	060070ef          	jal	ra,a76a <__eqsf2>
    370e:	57a2                	lw	a5,40(sp)
    3710:	20002737          	lui	a4,0x20002
    3714:	d5470713          	addi	a4,a4,-684 # 20001d54 <_ZN14_MOTOR_CONTROL6x_prevE>
    3718:	078a                	slli	a5,a5,0x2
    371a:	00153513          	seqz	a0,a0
    371e:	97ba                	add	a5,a5,a4
    3720:	a408                	sb	a0,8(s0)
    3722:	c384                	sw	s1,0(a5)
    3724:	8526                	mv	a0,s1
    3726:	039070ef          	jal	ra,af5e <__fixsfsi>
    372a:	85aa                	mv	a1,a0
    372c:	854e                	mv	a0,s3
    372e:	8f9fd0ef          	jal	ra,1026 <_Z22Motion_control_set_PWMhi>
    3732:	a01d                	j	3758 <_ZL16motor_motion_runiym+0x127e>
    3734:	5782                	lw	a5,32(sp)
    3736:	470a                	lw	a4,128(sp)
    3738:	23fc                	lbu	a5,6(a5)
    373a:	d0070ce3          	beqz	a4,3452 <_ZL16motor_motion_runiym+0xf78>
    373e:	cf89                	beqz	a5,3758 <_ZL16motor_motion_runiym+0x127e>
    3740:	5782                	lw	a5,32(sp)
    3742:	4798                	lw	a4,8(a5)
    3744:	67c1                	lui	a5,0x10
    3746:	f0078793          	addi	a5,a5,-256 # ff00 <MC_PULL_calibration.cpp.947435e8+0x636>
    374a:	00f70763          	beq	a4,a5,3758 <_ZL16motor_motion_runiym+0x127e>
    374e:	5702                	lw	a4,32(sp)
    3750:	c71c                	sw	a5,8(a4)
    3752:	4785                	li	a5,1
    3754:	02f70623          	sb	a5,44(a4)
    3758:	57e6                	lw	a5,120(sp)
    375a:	5722                	lw	a4,40(sp)
    375c:	4014                	lw	a3,0(s0)
    375e:	97ba                	add	a5,a5,a4
    3760:	239c                	lbu	a5,0(a5)
    3762:	c6b1                	beqz	a3,37ae <_ZL16motor_motion_runiym+0x12d4>
    3764:	4711                	li	a4,4
    3766:	04e68a63          	beq	a3,a4,37ba <_ZL16motor_motion_runiym+0x12e0>
    376a:	4615                	li	a2,5
    376c:	05d00713          	li	a4,93
    3770:	04c68163          	beq	a3,a2,37b2 <_ZL16motor_motion_runiym+0x12d8>
    3774:	4619                	li	a2,6
    3776:	04600713          	li	a4,70
    377a:	02c69c63          	bne	a3,a2,37b2 <_ZL16motor_motion_runiym+0x12d8>
    377e:	5414                	lw	a3,40(s0)
    3780:	5450                	lw	a2,44(s0)
    3782:	00c6e5b3          	or	a1,a3,a2
    3786:	c595                	beqz	a1,37b2 <_ZL16motor_motion_runiym+0x12d8>
    3788:	4742                	lw	a4,16(sp)
    378a:	45d2                	lw	a1,20(sp)
    378c:	8f15                	sub	a4,a4,a3
    378e:	46c2                	lw	a3,16(sp)
    3790:	40c58633          	sub	a2,a1,a2
    3794:	00e6b6b3          	sltu	a3,a3,a4
    3798:	00d60463          	beq	a2,a3,37a0 <_ZL16motor_motion_runiym+0x12c6>
    379c:	3300106f          	j	4acc <_ZL16motor_motion_runiym+0x25f2>
    37a0:	6685                	lui	a3,0x1
    37a2:	38768693          	addi	a3,a3,903 # 1387 <_Z10set_motionhhhh.part.0+0xe5>
    37a6:	00e6f463          	bgeu	a3,a4,37ae <_ZL16motor_motion_runiym+0x12d4>
    37aa:	3220106f          	j	4acc <_ZL16motor_motion_runiym+0x25f2>
    37ae:	05d00713          	li	a4,93
    37b2:	00e7c463          	blt	a5,a4,37ba <_ZL16motor_motion_runiym+0x12e0>
    37b6:	31e0106f          	j	4ad4 <_ZL16motor_motion_runiym+0x25fa>
    37ba:	4779                	li	a4,30
    37bc:	00f76463          	bltu	a4,a5,37c4 <_ZL16motor_motion_runiym+0x12ea>
    37c0:	3240106f          	j	4ae4 <_ZL16motor_motion_runiym+0x260a>
    37c4:	5722                	lw	a4,40(sp)
    37c6:	976a                	add	a4,a4,s10
    37c8:	2314                	lbu	a3,0(a4)
    37ca:	c299                	beqz	a3,37d0 <_ZL16motor_motion_runiym+0x12f6>
    37cc:	31e0106f          	j	4aea <_ZL16motor_motion_runiym+0x2610>
    37d0:	fcf78793          	addi	a5,a5,-49
    37d4:	0ff7f793          	zext.b	a5,a5
    37d8:	4709                	li	a4,2
    37da:	4621                	li	a2,8
    37dc:	00f76463          	bltu	a4,a5,37e4 <_ZL16motor_motion_runiym+0x130a>
    37e0:	2f80106f          	j	4ad8 <_ZL16motor_motion_runiym+0x25fe>
    37e4:	4601                	li	a2,0
    37e6:	4581                	li	a1,0
    37e8:	2f20106f          	j	4ada <_ZL16motor_motion_runiym+0x2600>
    37ec:	20002737          	lui	a4,0x20002
    37f0:	4048                	lw	a0,4(s0)
    37f2:	d5470713          	addi	a4,a4,-684 # 20001d54 <_ZN14_MOTOR_CONTROL6x_prevE>
    37f6:	c9b1                	beqz	a1,384a <_ZL16motor_motion_runiym+0x1370>
    37f8:	45d2                	lw	a1,20(sp)
    37fa:	00b6e763          	bltu	a3,a1,3808 <_ZL16motor_motion_runiym+0x132e>
    37fe:	04d59663          	bne	a1,a3,384a <_ZL16motor_motion_runiym+0x1370>
    3802:	46c2                	lw	a3,16(sp)
    3804:	04d67363          	bgeu	a2,a3,384a <_ZL16motor_motion_runiym+0x1370>
    3808:	4699                	li	a3,6
    380a:	00d79d63          	bne	a5,a3,3824 <_ZL16motor_motion_runiym+0x134a>
    380e:	200027b7          	lui	a5,0x20002
    3812:	00351693          	slli	a3,a0,0x3
    3816:	d6878793          	addi	a5,a5,-664 # 20001d68 <_ZL21g_last_on_use_exit_ms>
    381a:	97b6                	add	a5,a5,a3
    381c:	46c2                	lw	a3,16(sp)
    381e:	c394                	sw	a3,0(a5)
    3820:	46d2                	lw	a3,20(sp)
    3822:	c3d4                	sw	a3,4(a5)
    3824:	00000793          	li	a5,0
    3828:	86be                	mv	a3,a5
    382a:	cc3c                	sw	a5,88(s0)
    382c:	cc7c                	sw	a5,92(s0)
    382e:	dc3c                	sw	a5,120(s0)
    3830:	dc7c                	sw	a5,124(s0)
    3832:	4785                	li	a5,1
    3834:	a41c                	sb	a5,8(s0)
    3836:	00251793          	slli	a5,a0,0x2
    383a:	97ba                	add	a5,a5,a4
    383c:	c394                	sw	a3,0(a5)
    383e:	478d                	li	a5,3
    3840:	c01c                	sw	a5,0(s0)
    3842:	4581                	li	a1,0
    3844:	0ff57513          	zext.b	a0,a0
    3848:	b5dd                	j	372e <_ZL16motor_motion_runiym+0x1254>
    384a:	4699                	li	a3,6
    384c:	ded792e3          	bne	a5,a3,3630 <_ZL16motor_motion_runiym+0x1156>
    3850:	46e6                	lw	a3,88(sp)
    3852:	96aa                	add	a3,a3,a0
    3854:	2294                	lbu	a3,0(a3)
    3856:	dc068de3          	beqz	a3,3630 <_ZL16motor_motion_runiym+0x1156>
    385a:	200027b7          	lui	a5,0x20002
    385e:	00251693          	slli	a3,a0,0x2
    3862:	d8878793          	addi	a5,a5,-632 # 20001d88 <_ZL18g_on_use_hi_pwm_us>
    3866:	97b6                	add	a5,a5,a3
    3868:	0007a023          	sw	zero,0(a5)
    386c:	00000793          	li	a5,0
    3870:	863e                	mv	a2,a5
    3872:	cc3c                	sw	a5,88(s0)
    3874:	cc7c                	sw	a5,92(s0)
    3876:	dc3c                	sw	a5,120(s0)
    3878:	dc7c                	sw	a5,124(s0)
    387a:	9736                	add	a4,a4,a3
    387c:	4785                	li	a5,1
    387e:	a41c                	sb	a5,8(s0)
    3880:	c310                	sw	a2,0(a4)
    3882:	b7c1                	j	3842 <_ZL16motor_motion_runiym+0x1368>
    3884:	4581                	li	a1,0
    3886:	4681                	li	a3,0
    3888:	b3fd                	j	3676 <_ZL16motor_motion_runiym+0x119c>
    388a:	ffc78713          	addi	a4,a5,-4
    388e:	4689                	li	a3,2
    3890:	02e6f563          	bgeu	a3,a4,38ba <_ZL16motor_motion_runiym+0x13e0>
    3894:	10079a63          	bnez	a5,39a8 <_ZL16motor_motion_runiym+0x14ce>
    3898:	04844783          	lbu	a5,72(s0)
    389c:	08010b23          	sb	zero,150(sp)
    38a0:	08010ba3          	sb	zero,151(sp)
    38a4:	c4be                	sw	a5,72(sp)
    38a6:	00000793          	li	a5,0
    38aa:	cf3e                	sw	a5,156(sp)
    38ac:	017d07b3          	add	a5,s10,s7
    38b0:	239c                	lbu	a5,0(a5)
    38b2:	32079ce3          	bnez	a5,43ea <_ZL16motor_motion_runiym+0x1f10>
    38b6:	4981                	li	s3,0
    38b8:	a709                	j	3fba <_ZL16motor_motion_runiym+0x1ae0>
    38ba:	00000713          	li	a4,0
    38be:	cf3a                	sw	a4,156(sp)
    38c0:	4705                	li	a4,1
    38c2:	08010b23          	sb	zero,150(sp)
    38c6:	08010ba3          	sb	zero,151(sp)
    38ca:	c4ba                	sw	a4,72(sp)
    38cc:	017d0733          	add	a4,s10,s7
    38d0:	2318                	lbu	a4,0(a4)
    38d2:	d375                	beqz	a4,38b6 <_ZL16motor_motion_runiym+0x13dc>
    38d4:	4721                	li	a4,8
    38d6:	46f76ee3          	bltu	a4,a5,4552 <_ZL16motor_motion_runiym+0x2078>
    38da:	66ad                	lui	a3,0xb
    38dc:	00279713          	slli	a4,a5,0x2
    38e0:	66868693          	addi	a3,a3,1640 # b668 <__clzsi2+0x190>
    38e4:	9736                	add	a4,a4,a3
    38e6:	4318                	lw	a4,0(a4)
    38e8:	8702                	jr	a4
    38ea:	00000793          	li	a5,0
    38ee:	08010b23          	sb	zero,150(sp)
    38f2:	cf3e                	sw	a5,156(sp)
    38f4:	08010ba3          	sb	zero,151(sp)
    38f8:	c482                	sw	zero,72(sp)
    38fa:	4981                	li	s3,0
    38fc:	5786                	lw	a5,96(sp)
    38fe:	97de                	add	a5,a5,s7
    3900:	0007cb03          	lbu	s6,0(a5)
    3904:	017d07b3          	add	a5,s10,s7
    3908:	0007ca03          	lbu	s4,0(a5)
    390c:	6a0b0963          	beqz	s6,3fbe <_ZL16motor_motion_runiym+0x1ae4>
    3910:	57c6                	lw	a5,112(sp)
    3912:	97de                	add	a5,a5,s7
    3914:	239c                	lbu	a5,0(a5)
    3916:	66079e63          	bnez	a5,3f92 <_ZL16motor_motion_runiym+0x1ab8>
    391a:	200027b7          	lui	a5,0x20002
    391e:	006b9693          	slli	a3,s7,0x6
    3922:	db078793          	addi	a5,a5,-592 # 20001db0 <ams>
    3926:	97b6                	add	a5,a5,a3
    3928:	1507aa83          	lw	s5,336(a5)
    392c:	57b6                	lw	a5,108(sp)
    392e:	97de                	add	a5,a5,s7
    3930:	239c                	lbu	a5,0(a5)
    3932:	c7d9                	beqz	a5,39c0 <_ZL16motor_motion_runiym+0x14e6>
    3934:	0ffbf793          	zext.b	a5,s7
    3938:	470d                	li	a4,3
    393a:	02f76963          	bltu	a4,a5,396c <_ZL16motor_motion_runiym+0x1492>
    393e:	03000793          	li	a5,48
    3942:	0ffbfb93          	zext.b	s7,s7
    3946:	02fb8bb3          	mul	s7,s7,a5
    394a:	5792                	lw	a5,36(sp)
    394c:	9bbe                	add	s7,s7,a5
    394e:	006bc783          	lbu	a5,6(s7)
    3952:	cf89                	beqz	a5,396c <_ZL16motor_motion_runiym+0x1492>
    3954:	008ba703          	lw	a4,8(s7)
    3958:	67c1                	lui	a5,0x10
    395a:	f0078793          	addi	a5,a5,-256 # ff00 <MC_PULL_calibration.cpp.947435e8+0x636>
    395e:	00f70763          	beq	a4,a5,396c <_ZL16motor_motion_runiym+0x1492>
    3962:	00fba423          	sw	a5,8(s7)
    3966:	4785                	li	a5,1
    3968:	02fb8623          	sb	a5,44(s7)
    396c:	00000513          	li	a0,0
    3970:	00000793          	li	a5,0
    3974:	cd2a                	sw	a0,152(sp)
    3976:	dc3c                	sw	a5,120(s0)
    3978:	dc7c                	sw	a5,124(s0)
    397a:	cc3c                	sw	a5,88(s0)
    397c:	cc7c                	sw	a5,92(s0)
    397e:	00042a03          	lw	s4,0(s0)
    3982:	20002c37          	lui	s8,0x20002
    3986:	4044                	lw	s1,4(s0)
    3988:	4bea                	lw	s7,152(sp)
    398a:	948c0c13          	addi	s8,s8,-1720 # 20001948 <_ZZN14_MOTOR_CONTROL3runEfyE14block_until_ms>
    398e:	3e0a11e3          	bnez	s4,4570 <_ZL16motor_motion_runiym+0x2096>
    3992:	00099663          	bnez	s3,399e <_ZL16motor_motion_runiym+0x14c4>
    3996:	04844783          	lbu	a5,72(s0)
    399a:	42078fe3          	beqz	a5,45d8 <_ZL16motor_motion_runiym+0x20fe>
    399e:	4a85                	li	s5,1
    39a0:	9141a983          	lw	s3,-1772(gp) # 200002a4 <_ZL7g_scale+0xe4>
    39a4:	43b0006f          	j	45de <_ZL16motor_motion_runiym+0x2104>
    39a8:	00000713          	li	a4,0
    39ac:	cf3a                	sw	a4,156(sp)
    39ae:	08010b23          	sb	zero,150(sp)
    39b2:	08010ba3          	sb	zero,151(sp)
    39b6:	4705                	li	a4,1
    39b8:	6ce78463          	beq	a5,a4,4080 <_ZL16motor_motion_runiym+0x1ba6>
    39bc:	c482                	sw	zero,72(sp)
    39be:	b739                	j	38cc <_ZL16motor_motion_runiym+0x13f2>
    39c0:	47f2                	lw	a5,28(sp)
    39c2:	017786b3          	add	a3,a5,s7
    39c6:	229c                	lbu	a5,0(a3)
    39c8:	14079e63          	bnez	a5,3b24 <_ZL16motor_motion_runiym+0x164a>
    39cc:	4789                	li	a5,2
    39ce:	08fa1263          	bne	s4,a5,3a52 <_ZL16motor_motion_runiym+0x1578>
    39d2:	479a                	lw	a5,132(sp)
    39d4:	01778733          	add	a4,a5,s7
    39d8:	231c                	lbu	a5,0(a4)
    39da:	52079763          	bnez	a5,3f08 <_ZL16motor_motion_runiym+0x1a2e>
    39de:	4785                	li	a5,1
    39e0:	a31c                	sb	a5,0(a4)
    39e2:	a29c                	sb	a5,0(a3)
    39e4:	47e2                	lw	a5,24(sp)
    39e6:	4742                	lw	a4,16(sp)
    39e8:	97e6                	add	a5,a5,s9
    39ea:	c398                	sw	a4,0(a5)
    39ec:	4752                	lw	a4,20(sp)
    39ee:	c3d8                	sw	a4,4(a5)
    39f0:	0ffbf793          	zext.b	a5,s7
    39f4:	470d                	li	a4,3
    39f6:	00f76d63          	bltu	a4,a5,3a10 <_ZL16motor_motion_runiym+0x1536>
    39fa:	0ffbf793          	zext.b	a5,s7
    39fe:	03000713          	li	a4,48
    3a02:	02e78733          	mul	a4,a5,a4
    3a06:	5692                	lw	a3,36(sp)
    3a08:	9736                	add	a4,a4,a3
    3a0a:	2378                	lbu	a4,6(a4)
    3a0c:	14071863          	bnez	a4,3b5c <_ZL16motor_motion_runiym+0x1682>
    3a10:	47e2                	lw	a5,24(sp)
    3a12:	46c2                	lw	a3,16(sp)
    3a14:	4652                	lw	a2,20(sp)
    3a16:	01978733          	add	a4,a5,s9
    3a1a:	431c                	lw	a5,0(a4)
    3a1c:	4358                	lw	a4,4(a4)
    3a1e:	40f687b3          	sub	a5,a3,a5
    3a22:	00f6b6b3          	sltu	a3,a3,a5
    3a26:	40e60733          	sub	a4,a2,a4
    3a2a:	00d71663          	bne	a4,a3,3a36 <_ZL16motor_motion_runiym+0x155c>
    3a2e:	06300713          	li	a4,99
    3a32:	f2f77de3          	bgeu	a4,a5,396c <_ZL16motor_motion_runiym+0x1492>
    3a36:	47f2                	lw	a5,28(sp)
    3a38:	9bbe                	add	s7,s7,a5
    3a3a:	4789                	li	a5,2
    3a3c:	00fb8023          	sb	a5,0(s7)
    3a40:	47e2                	lw	a5,24(sp)
    3a42:	9cbe                	add	s9,s9,a5
    3a44:	47c2                	lw	a5,16(sp)
    3a46:	00fca023          	sw	a5,0(s9)
    3a4a:	47d2                	lw	a5,20(sp)
    3a4c:	00fca223          	sw	a5,4(s9)
    3a50:	bf31                	j	396c <_ZL16motor_motion_runiym+0x1492>
    3a52:	4785                	li	a5,1
    3a54:	50fa1a63          	bne	s4,a5,3f68 <_ZL16motor_motion_runiym+0x1a8e>
    3a58:	4791                	li	a5,4
    3a5a:	a29c                	sb	a5,0(a3)
    3a5c:	57c2                	lw	a5,48(sp)
    3a5e:	9081a703          	lw	a4,-1784(gp) # 20000298 <_ZL7g_scale+0xd8>
    3a62:	97de                	add	a5,a5,s7
    3a64:	00078023          	sb	zero,0(a5)
    3a68:	57b2                	lw	a5,44(sp)
    3a6a:	0ffbf493          	zext.b	s1,s7
    3a6e:	97e2                	add	a5,a5,s8
    3a70:	c398                	sw	a4,0(a5)
    3a72:	5796                	lw	a5,100(sp)
    3a74:	97e2                	add	a5,a5,s8
    3a76:	0157a023          	sw	s5,0(a5)
    3a7a:	478d                	li	a5,3
    3a7c:	0097ed63          	bltu	a5,s1,3a96 <_ZL16motor_motion_runiym+0x15bc>
    3a80:	0ffbf793          	zext.b	a5,s7
    3a84:	03000713          	li	a4,48
    3a88:	02e78733          	mul	a4,a5,a4
    3a8c:	5692                	lw	a3,36(sp)
    3a8e:	9736                	add	a4,a4,a3
    3a90:	2378                	lbu	a4,6(a4)
    3a92:	22071763          	bnez	a4,3cc0 <_ZL16motor_motion_runiym+0x17e6>
    3a96:	5796                	lw	a5,100(sp)
    3a98:	8556                	mv	a0,s5
    3a9a:	97e2                	add	a5,a5,s8
    3a9c:	438c                	lw	a1,0(a5)
    3a9e:	134070ef          	jal	ra,abd2 <__subsf3>
    3aa2:	00000593          	li	a1,0
    3aa6:	8a2a                	mv	s4,a0
    3aa8:	5b7060ef          	jal	ra,a85e <__lesf2>
    3aac:	00055663          	bgez	a0,3ab8 <_ZL16motor_motion_runiym+0x15de>
    3ab0:	800007b7          	lui	a5,0x80000
    3ab4:	0147ca33          	xor	s4,a5,s4
    3ab8:	5796                	lw	a5,100(sp)
    3aba:	85d2                	mv	a1,s4
    3abc:	97e2                	add	a5,a5,s8
    3abe:	0157a023          	sw	s5,0(a5) # 80000000 <__freertos_irq_stack_top+0x5fffb000>
    3ac2:	57b2                	lw	a5,44(sp)
    3ac4:	97e2                	add	a5,a5,s8
    3ac6:	4388                	lw	a0,0(a5)
    3ac8:	10a070ef          	jal	ra,abd2 <__subsf3>
    3acc:	00000593          	li	a1,0
    3ad0:	8a2a                	mv	s4,a0
    3ad2:	58d060ef          	jal	ra,a85e <__lesf2>
    3ad6:	00055463          	bgez	a0,3ade <_ZL16motor_motion_runiym+0x1604>
    3ada:	00000a13          	li	s4,0
    3ade:	57b2                	lw	a5,44(sp)
    3ae0:	01878ab3          	add	s5,a5,s8
    3ae4:	47b6                	lw	a5,76(sp)
    3ae6:	014aa023          	sw	s4,0(s5)
    3aea:	9c3e                	add	s8,s8,a5
    3aec:	9681a583          	lw	a1,-1688(gp) # 200002f8 <_ZL7g_scale+0x138>
    3af0:	000c2503          	lw	a0,0(s8)
    3af4:	4d5060ef          	jal	ra,a7c8 <__gesf2>
    3af8:	20a05763          	blez	a0,3d06 <_ZL16motor_motion_runiym+0x182c>
    3afc:	57c2                	lw	a5,48(sp)
    3afe:	0ff00693          	li	a3,255
    3b02:	01778733          	add	a4,a5,s7
    3b06:	231c                	lbu	a5,0(a4)
    3b08:	1ed79663          	bne	a5,a3,3cf4 <_ZL16motor_motion_runiym+0x181a>
    3b0c:	57b6                	lw	a5,108(sp)
    3b0e:	4705                	li	a4,1
    3b10:	97de                	add	a5,a5,s7
    3b12:	a398                	sb	a4,0(a5)
    3b14:	4799                	li	a5,6
    3b16:	4772                	lw	a4,28(sp)
    3b18:	975e                	add	a4,a4,s7
    3b1a:	a31c                	sb	a5,0(a4)
    3b1c:	478d                	li	a5,3
    3b1e:	e497e7e3          	bltu	a5,s1,396c <_ZL16motor_motion_runiym+0x1492>
    3b22:	bd31                	j	393e <_ZL16motor_motion_runiym+0x1464>
    3b24:	17fd                	addi	a5,a5,-1
    3b26:	0ff7f793          	zext.b	a5,a5
    3b2a:	4699                	li	a3,6
    3b2c:	42f6ee63          	bltu	a3,a5,3f68 <_ZL16motor_motion_runiym+0x1a8e>
    3b30:	672d                	lui	a4,0xb
    3b32:	078a                	slli	a5,a5,0x2
    3b34:	68c70713          	addi	a4,a4,1676 # b68c <__clzsi2+0x1b4>
    3b38:	97ba                	add	a5,a5,a4
    3b3a:	439c                	lw	a5,0(a5)
    3b3c:	8782                	jr	a5
    3b3e:	0ffbf793          	zext.b	a5,s7
    3b42:	470d                	li	a4,3
    3b44:	02f76d63          	bltu	a4,a5,3b7e <_ZL16motor_motion_runiym+0x16a4>
    3b48:	0ffbf793          	zext.b	a5,s7
    3b4c:	03000713          	li	a4,48
    3b50:	02e78733          	mul	a4,a5,a4
    3b54:	5692                	lw	a3,36(sp)
    3b56:	9736                	add	a4,a4,a3
    3b58:	2378                	lbu	a4,6(a4)
    3b5a:	c315                	beqz	a4,3b7e <_ZL16motor_motion_runiym+0x16a4>
    3b5c:	03000713          	li	a4,48
    3b60:	02e787b3          	mul	a5,a5,a4
    3b64:	5712                	lw	a4,36(sp)
    3b66:	97ba                	add	a5,a5,a4
    3b68:	4794                	lw	a3,8(a5)
    3b6a:	01000737          	lui	a4,0x1000
    3b6e:	f0070713          	addi	a4,a4,-256 # ffff00 <ch32v20x_wwdg.c.13394d49+0xfe21ab>
    3b72:	00e68663          	beq	a3,a4,3b7e <_ZL16motor_motion_runiym+0x16a4>
    3b76:	c798                	sw	a4,8(a5)
    3b78:	4705                	li	a4,1
    3b7a:	02e78623          	sb	a4,44(a5)
    3b7e:	4789                	li	a5,2
    3b80:	e8fa08e3          	beq	s4,a5,3a10 <_ZL16motor_motion_runiym+0x1536>
    3b84:	47f2                	lw	a5,28(sp)
    3b86:	9bbe                	add	s7,s7,a5
    3b88:	000b8023          	sb	zero,0(s7)
    3b8c:	47e2                	lw	a5,24(sp)
    3b8e:	4801                	li	a6,0
    3b90:	9cbe                	add	s9,s9,a5
    3b92:	4781                	li	a5,0
    3b94:	00fca023          	sw	a5,0(s9)
    3b98:	010ca223          	sw	a6,4(s9)
    3b9c:	bbc1                	j	396c <_ZL16motor_motion_runiym+0x1492>
    3b9e:	0ffbf793          	zext.b	a5,s7
    3ba2:	470d                	li	a4,3
    3ba4:	02f76763          	bltu	a4,a5,3bd2 <_ZL16motor_motion_runiym+0x16f8>
    3ba8:	03000713          	li	a4,48
    3bac:	0ffbf793          	zext.b	a5,s7
    3bb0:	02e787b3          	mul	a5,a5,a4
    3bb4:	5712                	lw	a4,36(sp)
    3bb6:	97ba                	add	a5,a5,a4
    3bb8:	23f8                	lbu	a4,6(a5)
    3bba:	cf01                	beqz	a4,3bd2 <_ZL16motor_motion_runiym+0x16f8>
    3bbc:	4794                	lw	a3,8(a5)
    3bbe:	01000737          	lui	a4,0x1000
    3bc2:	f0070713          	addi	a4,a4,-256 # ffff00 <ch32v20x_wwdg.c.13394d49+0xfe21ab>
    3bc6:	00e68663          	beq	a3,a4,3bd2 <_ZL16motor_motion_runiym+0x16f8>
    3bca:	c798                	sw	a4,8(a5)
    3bcc:	4705                	li	a4,1
    3bce:	02e78623          	sb	a4,44(a5)
    3bd2:	fa0a09e3          	beqz	s4,3b84 <_ZL16motor_motion_runiym+0x16aa>
    3bd6:	4785                	li	a5,1
    3bd8:	02fa1463          	bne	s4,a5,3c00 <_ZL16motor_motion_runiym+0x1726>
    3bdc:	47f2                	lw	a5,28(sp)
    3bde:	4711                	li	a4,4
    3be0:	97de                	add	a5,a5,s7
    3be2:	a398                	sb	a4,0(a5)
    3be4:	57c2                	lw	a5,48(sp)
    3be6:	9081a703          	lw	a4,-1784(gp) # 20000298 <_ZL7g_scale+0xd8>
    3bea:	9bbe                	add	s7,s7,a5
    3bec:	57b2                	lw	a5,44(sp)
    3bee:	000b8023          	sb	zero,0(s7)
    3bf2:	97e2                	add	a5,a5,s8
    3bf4:	c398                	sw	a4,0(a5)
    3bf6:	5796                	lw	a5,100(sp)
    3bf8:	9c3e                	add	s8,s8,a5
    3bfa:	015c2023          	sw	s5,0(s8)
    3bfe:	b3bd                	j	396c <_ZL16motor_motion_runiym+0x1492>
    3c00:	47e2                	lw	a5,24(sp)
    3c02:	46c2                	lw	a3,16(sp)
    3c04:	4652                	lw	a2,20(sp)
    3c06:	01978733          	add	a4,a5,s9
    3c0a:	431c                	lw	a5,0(a4)
    3c0c:	4358                	lw	a4,4(a4)
    3c0e:	40f687b3          	sub	a5,a3,a5
    3c12:	00f6b6b3          	sltu	a3,a3,a5
    3c16:	40e60733          	sub	a4,a2,a4
    3c1a:	00d71763          	bne	a4,a3,3c28 <_ZL16motor_motion_runiym+0x174e>
    3c1e:	6705                	lui	a4,0x1
    3c20:	38770713          	addi	a4,a4,903 # 1387 <_Z10set_motionhhhh.part.0+0xe5>
    3c24:	14f77c63          	bgeu	a4,a5,3d7c <_ZL16motor_motion_runiym+0x18a2>
    3c28:	57b6                	lw	a5,108(sp)
    3c2a:	4705                	li	a4,1
    3c2c:	97de                	add	a5,a5,s7
    3c2e:	a398                	sb	a4,0(a5)
    3c30:	47f2                	lw	a5,28(sp)
    3c32:	9bbe                	add	s7,s7,a5
    3c34:	478d                	li	a5,3
    3c36:	b519                	j	3a3c <_ZL16motor_motion_runiym+0x1562>
    3c38:	0ffbf793          	zext.b	a5,s7
    3c3c:	470d                	li	a4,3
    3c3e:	02f76663          	bltu	a4,a5,3c6a <_ZL16motor_motion_runiym+0x1790>
    3c42:	03000713          	li	a4,48
    3c46:	0ffbf793          	zext.b	a5,s7
    3c4a:	02e787b3          	mul	a5,a5,a4
    3c4e:	5712                	lw	a4,36(sp)
    3c50:	97ba                	add	a5,a5,a4
    3c52:	23f8                	lbu	a4,6(a5)
    3c54:	cb19                	beqz	a4,3c6a <_ZL16motor_motion_runiym+0x1790>
    3c56:	4794                	lw	a3,8(a5)
    3c58:	6741                	lui	a4,0x10
    3c5a:	f0070713          	addi	a4,a4,-256 # ff00 <MC_PULL_calibration.cpp.947435e8+0x636>
    3c5e:	00e68663          	beq	a3,a4,3c6a <_ZL16motor_motion_runiym+0x1790>
    3c62:	c798                	sw	a4,8(a5)
    3c64:	4705                	li	a4,1
    3c66:	02e78623          	sb	a4,44(a5)
    3c6a:	f00a0de3          	beqz	s4,3b84 <_ZL16motor_motion_runiym+0x16aa>
    3c6e:	47e2                	lw	a5,24(sp)
    3c70:	46c2                	lw	a3,16(sp)
    3c72:	4652                	lw	a2,20(sp)
    3c74:	01978733          	add	a4,a5,s9
    3c78:	431c                	lw	a5,0(a4)
    3c7a:	4358                	lw	a4,4(a4)
    3c7c:	40f687b3          	sub	a5,a3,a5
    3c80:	00f6b6b3          	sltu	a3,a3,a5
    3c84:	40e60733          	sub	a4,a2,a4
    3c88:	eed71ee3          	bne	a4,a3,3b84 <_ZL16motor_motion_runiym+0x16aa>
    3c8c:	5db00713          	li	a4,1499
    3c90:	eef76ae3          	bltu	a4,a5,3b84 <_ZL16motor_motion_runiym+0x16aa>
    3c94:	90c1a583          	lw	a1,-1780(gp) # 2000029c <_ZL7g_scale+0xdc>
    3c98:	09042503          	lw	a0,144(s0)
    3c9c:	45b060ef          	jal	ra,a8f6 <__mulsf3>
    3ca0:	b9c1                	j	3970 <_ZL16motor_motion_runiym+0x1496>
    3ca2:	0ffbf493          	zext.b	s1,s7
    3ca6:	478d                	li	a5,3
    3ca8:	0297ed63          	bltu	a5,s1,3ce2 <_ZL16motor_motion_runiym+0x1808>
    3cac:	0ffbf793          	zext.b	a5,s7
    3cb0:	03000713          	li	a4,48
    3cb4:	02e78733          	mul	a4,a5,a4
    3cb8:	5692                	lw	a3,36(sp)
    3cba:	9736                	add	a4,a4,a3
    3cbc:	2378                	lbu	a4,6(a4)
    3cbe:	c315                	beqz	a4,3ce2 <_ZL16motor_motion_runiym+0x1808>
    3cc0:	03000713          	li	a4,48
    3cc4:	02e787b3          	mul	a5,a5,a4
    3cc8:	5712                	lw	a4,36(sp)
    3cca:	97ba                	add	a5,a5,a4
    3ccc:	4794                	lw	a3,8(a5)
    3cce:	01000737          	lui	a4,0x1000
    3cd2:	f0070713          	addi	a4,a4,-256 # ffff00 <ch32v20x_wwdg.c.13394d49+0xfe21ab>
    3cd6:	00e68663          	beq	a3,a4,3ce2 <_ZL16motor_motion_runiym+0x1808>
    3cda:	c798                	sw	a4,8(a5)
    3cdc:	4705                	li	a4,1
    3cde:	02e78623          	sb	a4,44(a5)
    3ce2:	4785                	li	a5,1
    3ce4:	dafa09e3          	beq	s4,a5,3a96 <_ZL16motor_motion_runiym+0x15bc>
    3ce8:	4709                	li	a4,2
    3cea:	0aea1363          	bne	s4,a4,3d90 <_ZL16motor_motion_runiym+0x18b6>
    3cee:	4772                	lw	a4,28(sp)
    3cf0:	9bba                	add	s7,s7,a4
    3cf2:	b3a9                	j	3a3c <_ZL16motor_motion_runiym+0x1562>
    3cf4:	0785                	addi	a5,a5,1
    3cf6:	0ff7f793          	zext.b	a5,a5
    3cfa:	a31c                	sb	a5,0(a4)
    3cfc:	4709                	li	a4,2
    3cfe:	e0f767e3          	bltu	a4,a5,3b0c <_ZL16motor_motion_runiym+0x1632>
    3d02:	4795                	li	a5,5
    3d04:	bd09                	j	3b16 <_ZL16motor_motion_runiym+0x163c>
    3d06:	00000593          	li	a1,0
    3d0a:	8552                	mv	a0,s4
    3d0c:	353060ef          	jal	ra,a85e <__lesf2>
    3d10:	06a04663          	bgtz	a0,3d7c <_ZL16motor_motion_runiym+0x18a2>
    3d14:	57c6                	lw	a5,112(sp)
    3d16:	4705                	li	a4,1
    3d18:	4801                	li	a6,0
    3d1a:	97de                	add	a5,a5,s7
    3d1c:	a398                	sb	a4,0(a5)
    3d1e:	47f2                	lw	a5,28(sp)
    3d20:	97de                	add	a5,a5,s7
    3d22:	00078023          	sb	zero,0(a5)
    3d26:	57c2                	lw	a5,48(sp)
    3d28:	97de                	add	a5,a5,s7
    3d2a:	00078023          	sb	zero,0(a5)
    3d2e:	00000793          	li	a5,0
    3d32:	00faa023          	sw	a5,0(s5)
    3d36:	47e2                	lw	a5,24(sp)
    3d38:	9cbe                	add	s9,s9,a5
    3d3a:	4781                	li	a5,0
    3d3c:	00fca023          	sw	a5,0(s9)
    3d40:	010ca223          	sw	a6,4(s9)
    3d44:	478d                	li	a5,3
    3d46:	c297e3e3          	bltu	a5,s1,396c <_ZL16motor_motion_runiym+0x1492>
    3d4a:	03000793          	li	a5,48
    3d4e:	0ffbfb93          	zext.b	s7,s7
    3d52:	02fb8bb3          	mul	s7,s7,a5
    3d56:	5792                	lw	a5,36(sp)
    3d58:	9bbe                	add	s7,s7,a5
    3d5a:	006bc783          	lbu	a5,6(s7)
    3d5e:	c00787e3          	beqz	a5,396c <_ZL16motor_motion_runiym+0x1492>
    3d62:	008ba683          	lw	a3,8(s7)
    3d66:	003547b7          	lui	a5,0x354
    3d6a:	83278793          	addi	a5,a5,-1998 # 353832 <ch32v20x_wwdg.c.13394d49+0x335add>
    3d6e:	bef68fe3          	beq	a3,a5,396c <_ZL16motor_motion_runiym+0x1492>
    3d72:	00fba423          	sw	a5,8(s7)
    3d76:	02eb8623          	sb	a4,44(s7)
    3d7a:	becd                	j	396c <_ZL16motor_motion_runiym+0x1492>
    3d7c:	09042503          	lw	a0,144(s0)
    3d80:	90c1a583          	lw	a1,-1780(gp) # 2000029c <_ZL7g_scale+0xdc>
    3d84:	800007b7          	lui	a5,0x80000
    3d88:	8d3d                	xor	a0,a0,a5
    3d8a:	bf09                	j	3c9c <_ZL16motor_motion_runiym+0x17c2>
    3d8c:	020a1163          	bnez	s4,3dae <_ZL16motor_motion_runiym+0x18d4>
    3d90:	47f2                	lw	a5,28(sp)
    3d92:	97de                	add	a5,a5,s7
    3d94:	00078023          	sb	zero,0(a5) # 80000000 <__freertos_irq_stack_top+0x5fffb000>
    3d98:	57c2                	lw	a5,48(sp)
    3d9a:	9bbe                	add	s7,s7,a5
    3d9c:	57b2                	lw	a5,44(sp)
    3d9e:	000b8023          	sb	zero,0(s7)
    3da2:	9c3e                	add	s8,s8,a5
    3da4:	00000793          	li	a5,0
    3da8:	00fc2023          	sw	a5,0(s8)
    3dac:	b3c5                	j	3b8c <_ZL16motor_motion_runiym+0x16b2>
    3dae:	5796                	lw	a5,100(sp)
    3db0:	8556                	mv	a0,s5
    3db2:	97e2                	add	a5,a5,s8
    3db4:	438c                	lw	a1,0(a5)
    3db6:	61d060ef          	jal	ra,abd2 <__subsf3>
    3dba:	00000593          	li	a1,0
    3dbe:	84aa                	mv	s1,a0
    3dc0:	29f060ef          	jal	ra,a85e <__lesf2>
    3dc4:	00055563          	bgez	a0,3dce <_ZL16motor_motion_runiym+0x18f4>
    3dc8:	800007b7          	lui	a5,0x80000
    3dcc:	8cbd                	xor	s1,s1,a5
    3dce:	5796                	lw	a5,100(sp)
    3dd0:	8526                	mv	a0,s1
    3dd2:	97e2                	add	a5,a5,s8
    3dd4:	0157a023          	sw	s5,0(a5) # 80000000 <__freertos_irq_stack_top+0x5fffb000>
    3dd8:	57b2                	lw	a5,44(sp)
    3dda:	97e2                	add	a5,a5,s8
    3ddc:	438c                	lw	a1,0(a5)
    3dde:	33a060ef          	jal	ra,a118 <__addsf3>
    3de2:	9081aa83          	lw	s5,-1784(gp) # 20000298 <_ZL7g_scale+0xd8>
    3de6:	84aa                	mv	s1,a0
    3de8:	85d6                	mv	a1,s5
    3dea:	1df060ef          	jal	ra,a7c8 <__gesf2>
    3dee:	00a05363          	blez	a0,3df4 <_ZL16motor_motion_runiym+0x191a>
    3df2:	84d6                	mv	s1,s5
    3df4:	57b2                	lw	a5,44(sp)
    3df6:	470d                	li	a4,3
    3df8:	97e2                	add	a5,a5,s8
    3dfa:	c384                	sw	s1,0(a5)
    3dfc:	0ffbf793          	zext.b	a5,s7
    3e00:	02f76663          	bltu	a4,a5,3e2c <_ZL16motor_motion_runiym+0x1952>
    3e04:	03000713          	li	a4,48
    3e08:	0ffbf793          	zext.b	a5,s7
    3e0c:	02e787b3          	mul	a5,a5,a4
    3e10:	5712                	lw	a4,36(sp)
    3e12:	97ba                	add	a5,a5,a4
    3e14:	23f8                	lbu	a4,6(a5)
    3e16:	cb19                	beqz	a4,3e2c <_ZL16motor_motion_runiym+0x1952>
    3e18:	4794                	lw	a3,8(a5)
    3e1a:	6741                	lui	a4,0x10
    3e1c:	f0070713          	addi	a4,a4,-256 # ff00 <MC_PULL_calibration.cpp.947435e8+0x636>
    3e20:	00e68663          	beq	a3,a4,3e2c <_ZL16motor_motion_runiym+0x1952>
    3e24:	c798                	sw	a4,8(a5)
    3e26:	4705                	li	a4,1
    3e28:	02e78623          	sb	a4,44(a5)
    3e2c:	47b6                	lw	a5,76(sp)
    3e2e:	96c1a583          	lw	a1,-1684(gp) # 200002fc <_ZL7g_scale+0x13c>
    3e32:	97e2                	add	a5,a5,s8
    3e34:	4388                	lw	a0,0(a5)
    3e36:	229060ef          	jal	ra,a85e <__lesf2>
    3e3a:	00a05963          	blez	a0,3e4c <_ZL16motor_motion_runiym+0x1972>
    3e3e:	4789                	li	a5,2
    3e40:	e4fa1ae3          	bne	s4,a5,3c94 <_ZL16motor_motion_runiym+0x17ba>
    3e44:	47f2                	lw	a5,28(sp)
    3e46:	9bbe                	add	s7,s7,a5
    3e48:	4785                	li	a5,1
    3e4a:	becd                	j	3a3c <_ZL16motor_motion_runiym+0x1562>
    3e4c:	4785                	li	a5,1
    3e4e:	00fa1863          	bne	s4,a5,3e5e <_ZL16motor_motion_runiym+0x1984>
    3e52:	47f2                	lw	a5,28(sp)
    3e54:	9bbe                	add	s7,s7,a5
    3e56:	4791                	li	a5,4
    3e58:	00fb8023          	sb	a5,0(s7)
    3e5c:	be01                	j	396c <_ZL16motor_motion_runiym+0x1492>
    3e5e:	4789                	li	a5,2
    3e60:	f2fa18e3          	bne	s4,a5,3d90 <_ZL16motor_motion_runiym+0x18b6>
    3e64:	b7c5                	j	3e44 <_ZL16motor_motion_runiym+0x196a>
    3e66:	0ffbf793          	zext.b	a5,s7
    3e6a:	470d                	li	a4,3
    3e6c:	02f76663          	bltu	a4,a5,3e98 <_ZL16motor_motion_runiym+0x19be>
    3e70:	03000713          	li	a4,48
    3e74:	0ffbf793          	zext.b	a5,s7
    3e78:	02e787b3          	mul	a5,a5,a4
    3e7c:	5712                	lw	a4,36(sp)
    3e7e:	97ba                	add	a5,a5,a4
    3e80:	23f8                	lbu	a4,6(a5)
    3e82:	cb19                	beqz	a4,3e98 <_ZL16motor_motion_runiym+0x19be>
    3e84:	4794                	lw	a3,8(a5)
    3e86:	6741                	lui	a4,0x10
    3e88:	f0070713          	addi	a4,a4,-256 # ff00 <MC_PULL_calibration.cpp.947435e8+0x636>
    3e8c:	00e68663          	beq	a3,a4,3e98 <_ZL16motor_motion_runiym+0x19be>
    3e90:	c798                	sw	a4,8(a5)
    3e92:	4705                	li	a4,1
    3e94:	02e78623          	sb	a4,44(a5)
    3e98:	ee0a0ce3          	beqz	s4,3d90 <_ZL16motor_motion_runiym+0x18b6>
    3e9c:	4789                	li	a5,2
    3e9e:	defa1be3          	bne	s4,a5,3c94 <_ZL16motor_motion_runiym+0x17ba>
    3ea2:	47f2                	lw	a5,28(sp)
    3ea4:	9bbe                	add	s7,s7,a5
    3ea6:	479d                	li	a5,7
    3ea8:	be51                	j	3a3c <_ZL16motor_motion_runiym+0x1562>
    3eaa:	0ffbf793          	zext.b	a5,s7
    3eae:	470d                	li	a4,3
    3eb0:	02f76663          	bltu	a4,a5,3edc <_ZL16motor_motion_runiym+0x1a02>
    3eb4:	03000713          	li	a4,48
    3eb8:	0ffbf793          	zext.b	a5,s7
    3ebc:	02e787b3          	mul	a5,a5,a4
    3ec0:	5712                	lw	a4,36(sp)
    3ec2:	97ba                	add	a5,a5,a4
    3ec4:	23f8                	lbu	a4,6(a5)
    3ec6:	cb19                	beqz	a4,3edc <_ZL16motor_motion_runiym+0x1a02>
    3ec8:	4794                	lw	a3,8(a5)
    3eca:	6741                	lui	a4,0x10
    3ecc:	f0070713          	addi	a4,a4,-256 # ff00 <MC_PULL_calibration.cpp.947435e8+0x636>
    3ed0:	00e68663          	beq	a3,a4,3edc <_ZL16motor_motion_runiym+0x1a02>
    3ed4:	c798                	sw	a4,8(a5)
    3ed6:	4705                	li	a4,1
    3ed8:	02e78623          	sb	a4,44(a5)
    3edc:	ea0a0ae3          	beqz	s4,3d90 <_ZL16motor_motion_runiym+0x18b6>
    3ee0:	47e2                	lw	a5,24(sp)
    3ee2:	46c2                	lw	a3,16(sp)
    3ee4:	4652                	lw	a2,20(sp)
    3ee6:	01978733          	add	a4,a5,s9
    3eea:	431c                	lw	a5,0(a4)
    3eec:	4358                	lw	a4,4(a4)
    3eee:	40f687b3          	sub	a5,a3,a5
    3ef2:	00f6b6b3          	sltu	a3,a3,a5
    3ef6:	40e60733          	sub	a4,a2,a4
    3efa:	e8d71be3          	bne	a4,a3,3d90 <_ZL16motor_motion_runiym+0x18b6>
    3efe:	5db00713          	li	a4,1499
    3f02:	d8f779e3          	bgeu	a4,a5,3c94 <_ZL16motor_motion_runiym+0x17ba>
    3f06:	b569                	j	3d90 <_ZL16motor_motion_runiym+0x18b6>
    3f08:	57c2                	lw	a5,48(sp)
    3f0a:	00000713          	li	a4,0
    3f0e:	4801                	li	a6,0
    3f10:	97de                	add	a5,a5,s7
    3f12:	00078023          	sb	zero,0(a5)
    3f16:	57b2                	lw	a5,44(sp)
    3f18:	00068023          	sb	zero,0(a3)
    3f1c:	97e2                	add	a5,a5,s8
    3f1e:	c398                	sw	a4,0(a5)
    3f20:	47e2                	lw	a5,24(sp)
    3f22:	9cbe                	add	s9,s9,a5
    3f24:	4781                	li	a5,0
    3f26:	00fca023          	sw	a5,0(s9)
    3f2a:	010ca223          	sw	a6,4(s9)
    3f2e:	a7c18793          	addi	a5,gp,-1412 # 2000040c <_ZL11MC_PULL_stu>
    3f32:	97de                	add	a5,a5,s7
    3f34:	00078783          	lb	a5,0(a5)
    3f38:	12078f63          	beqz	a5,4076 <_ZL16motor_motion_runiym+0x1b9c>
    3f3c:	47b6                	lw	a5,76(sp)
    3f3e:	09042483          	lw	s1,144(s0)
    3f42:	9c3e                	add	s8,s8,a5
    3f44:	89c1a583          	lw	a1,-1892(gp) # 2000022c <_ZL7g_scale+0x6c>
    3f48:	000c2503          	lw	a0,0(s8)
    3f4c:	487060ef          	jal	ra,abd2 <__subsf3>
    3f50:	5672                	lw	a2,60(sp)
    3f52:	85aa                	mv	a1,a0
    3f54:	06c40513          	addi	a0,s0,108
    3f58:	a6bfc0ef          	jal	ra,9c2 <_ZN9MOTOR_PID8caculateEff>
    3f5c:	85aa                	mv	a1,a0
    3f5e:	8526                	mv	a0,s1
    3f60:	197060ef          	jal	ra,a8f6 <__mulsf3>
    3f64:	cd2a                	sw	a0,152(sp)
    3f66:	a891                	j	3fba <_ZL16motor_motion_runiym+0x1ae0>
    3f68:	47f2                	lw	a5,28(sp)
    3f6a:	00000693          	li	a3,0
    3f6e:	4801                	li	a6,0
    3f70:	97de                	add	a5,a5,s7
    3f72:	00078023          	sb	zero,0(a5)
    3f76:	57c2                	lw	a5,48(sp)
    3f78:	97de                	add	a5,a5,s7
    3f7a:	00078023          	sb	zero,0(a5)
    3f7e:	57b2                	lw	a5,44(sp)
    3f80:	97e2                	add	a5,a5,s8
    3f82:	c394                	sw	a3,0(a5)
    3f84:	47e2                	lw	a5,24(sp)
    3f86:	9cbe                	add	s9,s9,a5
    3f88:	4781                	li	a5,0
    3f8a:	00fca023          	sw	a5,0(s9)
    3f8e:	010ca223          	sw	a6,4(s9)
    3f92:	f80a1ee3          	bnez	s4,3f2e <_ZL16motor_motion_runiym+0x1a54>
    3f96:	8f51                	or	a4,a4,a2
    3f98:	c70d                	beqz	a4,3fc2 <_ZL16motor_motion_runiym+0x1ae8>
    3f9a:	47a6                	lw	a5,72(sp)
    3f9c:	dbc9                	beqz	a5,3f2e <_ZL16motor_motion_runiym+0x1a54>
    3f9e:	57e6                	lw	a5,120(sp)
    3fa0:	9bbe                	add	s7,s7,a5
    3fa2:	000bc703          	lbu	a4,0(s7)
    3fa6:	03000793          	li	a5,48
    3faa:	02e7f163          	bgeu	a5,a4,3fcc <_ZL16motor_motion_runiym+0x1af2>
    3fae:	00000793          	li	a5,0
    3fb2:	dc3c                	sw	a5,120(s0)
    3fb4:	dc7c                	sw	a5,124(s0)
    3fb6:	08010b23          	sb	zero,150(sp)
    3fba:	4b01                	li	s6,0
    3fbc:	b2c9                	j	397e <_ZL16motor_motion_runiym+0x14a4>
    3fbe:	f60a18e3          	bnez	s4,3f2e <_ZL16motor_motion_runiym+0x1a54>
    3fc2:	00000713          	li	a4,0
    3fc6:	dc38                	sw	a4,120(s0)
    3fc8:	dc78                	sw	a4,124(s0)
    3fca:	a929                	j	43e4 <_ZL16motor_motion_runiym+0x1f0a>
    3fcc:	47b6                	lw	a5,76(sp)
    3fce:	80000ab7          	lui	s5,0x80000
    3fd2:	9c3e                	add	s8,s8,a5
    3fd4:	9701a583          	lw	a1,-1680(gp) # 20000300 <_ZL7g_scale+0x140>
    3fd8:	000c2503          	lw	a0,0(s8)
    3fdc:	3f7060ef          	jal	ra,abd2 <__subsf3>
    3fe0:	5672                	lw	a2,60(sp)
    3fe2:	09042a03          	lw	s4,144(s0)
    3fe6:	4785                	li	a5,1
    3fe8:	00aacab3          	xor	s5,s5,a0
    3fec:	85aa                	mv	a1,a0
    3fee:	06c40513          	addi	a0,s0,108
    3ff2:	08f10b23          	sb	a5,150(sp)
    3ff6:	cf56                	sw	s5,156(sp)
    3ff8:	9cbfc0ef          	jal	ra,9c2 <_ZN9MOTOR_PID8caculateEff>
    3ffc:	85aa                	mv	a1,a0
    3ffe:	8552                	mv	a0,s4
    4000:	0f7060ef          	jal	ra,a8f6 <__mulsf3>
    4004:	8f01a583          	lw	a1,-1808(gp) # 20000280 <_ZL7g_scale+0xc0>
    4008:	84aa                	mv	s1,a0
    400a:	8556                	mv	a0,s5
    400c:	0eb060ef          	jal	ra,a8f6 <__mulsf3>
    4010:	8bc1a583          	lw	a1,-1860(gp) # 2000024c <_ZL7g_scale+0x8c>
    4014:	104060ef          	jal	ra,a118 <__addsf3>
    4018:	90c1ab03          	lw	s6,-1780(gp) # 2000029c <_ZL7g_scale+0xdc>
    401c:	8aaa                	mv	s5,a0
    401e:	85da                	mv	a1,s6
    4020:	7a8060ef          	jal	ra,a7c8 <__gesf2>
    4024:	00a05363          	blez	a0,402a <_ZL16motor_motion_runiym+0x1b50>
    4028:	8ada                	mv	s5,s6
    402a:	85d6                	mv	a1,s5
    402c:	8526                	mv	a0,s1
    402e:	79a060ef          	jal	ra,a7c8 <__gesf2>
    4032:	00a05363          	blez	a0,4038 <_ZL16motor_motion_runiym+0x1b5e>
    4036:	84d6                	mv	s1,s5
    4038:	800007b7          	lui	a5,0x80000
    403c:	0157cab3          	xor	s5,a5,s5
    4040:	85a6                	mv	a1,s1
    4042:	8556                	mv	a0,s5
    4044:	cd26                	sw	s1,152(sp)
    4046:	782060ef          	jal	ra,a7c8 <__gesf2>
    404a:	00a05363          	blez	a0,4050 <_ZL16motor_motion_runiym+0x1b76>
    404e:	cd56                	sw	s5,152(sp)
    4050:	45ea                	lw	a1,152(sp)
    4052:	8552                	mv	a0,s4
    4054:	0a3060ef          	jal	ra,a8f6 <__mulsf3>
    4058:	00000593          	li	a1,0
    405c:	76c060ef          	jal	ra,a7c8 <__gesf2>
    4060:	f4a05de3          	blez	a0,3fba <_ZL16motor_motion_runiym+0x1ae0>
    4064:	00000793          	li	a5,0
    4068:	cd3e                	sw	a5,152(sp)
    406a:	dc3c                	sw	a5,120(s0)
    406c:	dc7c                	sw	a5,124(s0)
    406e:	08010b23          	sb	zero,150(sp)
    4072:	cf3e                	sw	a5,156(sp)
    4074:	b799                	j	3fba <_ZL16motor_motion_runiym+0x1ae0>
    4076:	00000793          	li	a5,0
    407a:	dc3c                	sw	a5,120(s0)
    407c:	dc7c                	sw	a5,124(s0)
    407e:	bf35                	j	3fba <_ZL16motor_motion_runiym+0x1ae0>
    4080:	09042503          	lw	a0,144(s0)
    4084:	90c1a583          	lw	a1,-1780(gp) # 2000029c <_ZL7g_scale+0xdc>
    4088:	800007b7          	lui	a5,0x80000
    408c:	8d3d                	xor	a0,a0,a5
    408e:	069060ef          	jal	ra,a8f6 <__mulsf3>
    4092:	cd2a                	sw	a0,152(sp)
    4094:	c482                	sw	zero,72(sp)
    4096:	821ff06f          	j	38b6 <_ZL16motor_motion_runiym+0x13dc>
    409a:	47b6                	lw	a5,76(sp)
    409c:	a3018a13          	addi	s4,gp,-1488 # 200003c0 <_ZZN14_MOTOR_CONTROL3runEfyE9pb_active>
    40a0:	9a5e                	add	s4,s4,s7
    40a2:	9c3e                	add	s8,s8,a5
    40a4:	000a4783          	lbu	a5,0(s4)
    40a8:	000c2983          	lw	s3,0(s8)
    40ac:	a3018493          	addi	s1,gp,-1488 # 200003c0 <_ZZN14_MOTOR_CONTROL3runEfyE9pb_active>
    40b0:	c3ad                	beqz	a5,4112 <_ZL16motor_motion_runiym+0x1c38>
    40b2:	89c1a583          	lw	a1,-1892(gp) # 2000022c <_ZL7g_scale+0x6c>
    40b6:	854e                	mv	a0,s3
    40b8:	7a6060ef          	jal	ra,a85e <__lesf2>
    40bc:	06a05663          	blez	a0,4128 <_ZL16motor_motion_runiym+0x1c4e>
    40c0:	89c1a583          	lw	a1,-1892(gp) # 2000022c <_ZL7g_scale+0x6c>
    40c4:	854e                	mv	a0,s3
    40c6:	30d060ef          	jal	ra,abd2 <__subsf3>
    40ca:	4785                	li	a5,1
    40cc:	08f10b23          	sb	a5,150(sp)
    40d0:	8781a583          	lw	a1,-1928(gp) # 20000208 <_ZL7g_scale+0x48>
    40d4:	84aa                	mv	s1,a0
    40d6:	cf2a                	sw	a0,156(sp)
    40d8:	786060ef          	jal	ra,a85e <__lesf2>
    40dc:	00000593          	li	a1,0
    40e0:	00a05663          	blez	a0,40ec <_ZL16motor_motion_runiym+0x1c12>
    40e4:	8526                	mv	a0,s1
    40e6:	c87fd0ef          	jal	ra,1d6c <_ZL20retract_mag_from_errff.part.0.constprop.0>
    40ea:	85aa                	mv	a1,a0
    40ec:	09042483          	lw	s1,144(s0)
    40f0:	8526                	mv	a0,s1
    40f2:	005060ef          	jal	ra,a8f6 <__mulsf3>
    40f6:	85aa                	mv	a1,a0
    40f8:	89aa                	mv	s3,a0
    40fa:	8526                	mv	a0,s1
    40fc:	7fa060ef          	jal	ra,a8f6 <__mulsf3>
    4100:	00000593          	li	a1,0
    4104:	75a060ef          	jal	ra,a85e <__lesf2>
    4108:	fa054763          	bltz	a0,38b6 <_ZL16motor_motion_runiym+0x13dc>
    410c:	cd4e                	sw	s3,152(sp)
    410e:	fa8ff06f          	j	38b6 <_ZL16motor_motion_runiym+0x13dc>
    4112:	9581a583          	lw	a1,-1704(gp) # 200002e8 <_ZL7g_scale+0x128>
    4116:	854e                	mv	a0,s3
    4118:	6b0060ef          	jal	ra,a7c8 <__gesf2>
    411c:	00054663          	bltz	a0,4128 <_ZL16motor_motion_runiym+0x1c4e>
    4120:	4785                	li	a5,1
    4122:	00fa0023          	sb	a5,0(s4)
    4126:	bf69                	j	40c0 <_ZL16motor_motion_runiym+0x1be6>
    4128:	94de                	add	s1,s1,s7
    412a:	00048023          	sb	zero,0(s1)
    412e:	08010b23          	sb	zero,150(sp)
    4132:	f84ff06f          	j	38b6 <_ZL16motor_motion_runiym+0x13dc>
    4136:	47b6                	lw	a5,76(sp)
    4138:	09c10893          	addi	a7,sp,156
    413c:	09610813          	addi	a6,sp,150
    4140:	9c3e                	add	s8,s8,a5
    4142:	09710793          	addi	a5,sp,151
    4146:	c03e                	sw	a5,0(sp)
    4148:	4c14                	lw	a3,24(s0)
    414a:	09042583          	lw	a1,144(s0)
    414e:	000c2503          	lw	a0,0(s8)
    4152:	093c                	addi	a5,sp,152
    4154:	01c40713          	addi	a4,s0,28
    4158:	06c40613          	addi	a2,s0,108
    415c:	ccdfd0ef          	jal	ra,1e28 <_ZN14_MOTOR_CONTROL9hold_loadEffR9MOTOR_PIDRfRhS2_RbS2_S4_.constprop.0.isra.0>
    4160:	f56ff06f          	j	38b6 <_ZL16motor_motion_runiym+0x13dc>
    4164:	02042a03          	lw	s4,32(s0)
    4168:	47b6                	lw	a5,76(sp)
    416a:	00000593          	li	a1,0
    416e:	8552                	mv	a0,s4
    4170:	9c3e                	add	s8,s8,a5
    4172:	656060ef          	jal	ra,a7c8 <__gesf2>
    4176:	000c2483          	lw	s1,0(s8)
    417a:	02054e63          	bltz	a0,41b6 <_ZL16motor_motion_runiym+0x1cdc>
    417e:	541c                	lw	a5,40(s0)
    4180:	5458                	lw	a4,44(s0)
    4182:	00e7e6b3          	or	a3,a5,a4
    4186:	c285                	beqz	a3,41a6 <_ZL16motor_motion_runiym+0x1ccc>
    4188:	46c2                	lw	a3,16(sp)
    418a:	4652                	lw	a2,20(sp)
    418c:	40f687b3          	sub	a5,a3,a5
    4190:	00f6b6b3          	sltu	a3,a3,a5
    4194:	40e60733          	sub	a4,a2,a4
    4198:	00d71763          	bne	a4,a3,41a6 <_ZL16motor_motion_runiym+0x1ccc>
    419c:	6705                	lui	a4,0x1
    419e:	38770713          	addi	a4,a4,903 # 1387 <_Z10set_motionhhhh.part.0+0xe5>
    41a2:	04f77063          	bgeu	a4,a5,41e2 <_ZL16motor_motion_runiym+0x1d08>
    41a6:	8a41a783          	lw	a5,-1884(gp) # 20000234 <_ZL7g_scale+0x74>
    41aa:	4801                	li	a6,0
    41ac:	03042623          	sw	a6,44(s0)
    41b0:	d01c                	sw	a5,32(s0)
    41b2:	4781                	li	a5,0
    41b4:	d41c                	sw	a5,40(s0)
    41b6:	9101aa03          	lw	s4,-1776(gp) # 200002a0 <_ZL7g_scale+0xe0>
    41ba:	9741a583          	lw	a1,-1676(gp) # 20000304 <_ZL7g_scale+0x144>
    41be:	00040e23          	sb	zero,28(s0)
    41c2:	8526                	mv	a0,s1
    41c4:	604060ef          	jal	ra,a7c8 <__gesf2>
    41c8:	08054163          	bltz	a0,424a <_ZL16motor_motion_runiym+0x1d70>
    41cc:	85d2                	mv	a1,s4
    41ce:	8526                	mv	a0,s1
    41d0:	68e060ef          	jal	ra,a85e <__lesf2>
    41d4:	06a04b63          	bgtz	a0,424a <_ZL16motor_motion_runiym+0x1d70>
    41d8:	00000793          	li	a5,0
    41dc:	dc3c                	sw	a5,120(s0)
    41de:	dc7c                	sw	a5,124(s0)
    41e0:	b7b9                	j	412e <_ZL16motor_motion_runiym+0x1c54>
    41e2:	85d2                	mv	a1,s4
    41e4:	8526                	mv	a0,s1
    41e6:	5e2060ef          	jal	ra,a7c8 <__gesf2>
    41ea:	00a05363          	blez	a0,41f0 <_ZL16motor_motion_runiym+0x1d16>
    41ee:	d004                	sw	s1,32(s0)
    41f0:	5008                	lw	a0,32(s0)
    41f2:	85a6                	mv	a1,s1
    41f4:	1df060ef          	jal	ra,abd2 <__subsf3>
    41f8:	8b01a583          	lw	a1,-1872(gp) # 20000240 <_ZL7g_scale+0x80>
    41fc:	5cc060ef          	jal	ra,a7c8 <__gesf2>
    4200:	02a05963          	blez	a0,4232 <_ZL16motor_motion_runiym+0x1d58>
    4204:	8741a583          	lw	a1,-1932(gp) # 20000204 <_ZL7g_scale+0x44>
    4208:	8526                	mv	a0,s1
    420a:	70f050ef          	jal	ra,a118 <__addsf3>
    420e:	9101aa83          	lw	s5,-1776(gp) # 200002a0 <_ZL7g_scale+0xe0>
    4212:	8a2a                	mv	s4,a0
    4214:	85d6                	mv	a1,s5
    4216:	648060ef          	jal	ra,a85e <__lesf2>
    421a:	02054663          	bltz	a0,4246 <_ZL16motor_motion_runiym+0x1d6c>
    421e:	8581aa83          	lw	s5,-1960(gp) # 200001e8 <_ZL7g_scale+0x28>
    4222:	8552                	mv	a0,s4
    4224:	85d6                	mv	a1,s5
    4226:	5a2060ef          	jal	ra,a7c8 <__gesf2>
    422a:	00a04e63          	bgtz	a0,4246 <_ZL16motor_motion_runiym+0x1d6c>
    422e:	03442023          	sw	s4,32(s0)
    4232:	02042a03          	lw	s4,32(s0)
    4236:	9101a583          	lw	a1,-1776(gp) # 200002a0 <_ZL7g_scale+0xe0>
    423a:	8552                	mv	a0,s4
    423c:	58c060ef          	jal	ra,a7c8 <__gesf2>
    4240:	f6a05be3          	blez	a0,41b6 <_ZL16motor_motion_runiym+0x1cdc>
    4244:	bf9d                	j	41ba <_ZL16motor_motion_runiym+0x1ce0>
    4246:	8a56                	mv	s4,s5
    4248:	b7dd                	j	422e <_ZL16motor_motion_runiym+0x1d54>
    424a:	9781a583          	lw	a1,-1672(gp) # 20000308 <_ZL7g_scale+0x148>
    424e:	8526                	mv	a0,s1
    4250:	183060ef          	jal	ra,abd2 <__subsf3>
    4254:	9741ab03          	lw	s6,-1676(gp) # 20000304 <_ZL7g_scale+0x144>
    4258:	8a2a                	mv	s4,a0
    425a:	8526                	mv	a0,s1
    425c:	85da                	mv	a1,s6
    425e:	600060ef          	jal	ra,a85e <__lesf2>
    4262:	4785                	li	a5,1
    4264:	08f10b23          	sb	a5,150(sp)
    4268:	08055063          	bgez	a0,42e8 <_ZL16motor_motion_runiym+0x1e0e>
    426c:	800007b7          	lui	a5,0x80000
    4270:	0147c7b3          	xor	a5,a5,s4
    4274:	cf3e                	sw	a5,156(sp)
    4276:	89c1aa83          	lw	s5,-1892(gp) # 2000022c <_ZL7g_scale+0x6c>
    427a:	8526                	mv	a0,s1
    427c:	85d6                	mv	a1,s5
    427e:	54a060ef          	jal	ra,a7c8 <__gesf2>
    4282:	85a6                	mv	a1,s1
    4284:	04054863          	bltz	a0,42d4 <_ZL16motor_motion_runiym+0x1dfa>
    4288:	855a                	mv	a0,s6
    428a:	149060ef          	jal	ra,abd2 <__subsf3>
    428e:	97c1a583          	lw	a1,-1668(gp) # 2000030c <_ZL7g_scale+0x14c>
    4292:	664060ef          	jal	ra,a8f6 <__mulsf3>
    4296:	9801a583          	lw	a1,-1664(gp) # 20000310 <_ZL7g_scale+0x150>
    429a:	67f050ef          	jal	ra,a118 <__addsf3>
    429e:	90c1a983          	lw	s3,-1780(gp) # 2000029c <_ZL7g_scale+0xdc>
    42a2:	84aa                	mv	s1,a0
    42a4:	85ce                	mv	a1,s3
    42a6:	522060ef          	jal	ra,a7c8 <__gesf2>
    42aa:	00a05363          	blez	a0,42b0 <_ZL16motor_motion_runiym+0x1dd6>
    42ae:	84ce                	mv	s1,s3
    42b0:	09042503          	lw	a0,144(s0)
    42b4:	800007b7          	lui	a5,0x80000
    42b8:	85a6                	mv	a1,s1
    42ba:	8d3d                	xor	a0,a0,a5
    42bc:	63a060ef          	jal	ra,a8f6 <__mulsf3>
    42c0:	00000793          	li	a5,0
    42c4:	dc3c                	sw	a5,120(s0)
    42c6:	dc7c                	sw	a5,124(s0)
    42c8:	4785                	li	a5,1
    42ca:	cd2a                	sw	a0,152(sp)
    42cc:	08f10ba3          	sb	a5,151(sp)
    42d0:	de6ff06f          	j	38b6 <_ZL16motor_motion_runiym+0x13dc>
    42d4:	8556                	mv	a0,s5
    42d6:	0fd060ef          	jal	ra,abd2 <__subsf3>
    42da:	97c1a583          	lw	a1,-1668(gp) # 2000030c <_ZL7g_scale+0x14c>
    42de:	618060ef          	jal	ra,a8f6 <__mulsf3>
    42e2:	90c1a583          	lw	a1,-1780(gp) # 2000029c <_ZL7g_scale+0xdc>
    42e6:	bf55                	j	429a <_ZL16motor_motion_runiym+0x1dc0>
    42e8:	00000593          	li	a1,0
    42ec:	8552                	mv	a0,s4
    42ee:	570060ef          	jal	ra,a85e <__lesf2>
    42f2:	8b52                	mv	s6,s4
    42f4:	00055663          	bgez	a0,4300 <_ZL16motor_motion_runiym+0x1e26>
    42f8:	80000b37          	lui	s6,0x80000
    42fc:	014b4b33          	xor	s6,s6,s4
    4300:	5672                	lw	a2,60(sp)
    4302:	09042a83          	lw	s5,144(s0)
    4306:	85d2                	mv	a1,s4
    4308:	06c40513          	addi	a0,s0,108
    430c:	cf5a                	sw	s6,156(sp)
    430e:	eb4fc0ef          	jal	ra,9c2 <_ZN9MOTOR_PID8caculateEff>
    4312:	85aa                	mv	a1,a0
    4314:	8556                	mv	a0,s5
    4316:	5e0060ef          	jal	ra,a8f6 <__mulsf3>
    431a:	8f01a583          	lw	a1,-1808(gp) # 20000280 <_ZL7g_scale+0xc0>
    431e:	8aaa                	mv	s5,a0
    4320:	855a                	mv	a0,s6
    4322:	5d4060ef          	jal	ra,a8f6 <__mulsf3>
    4326:	8bc1a583          	lw	a1,-1860(gp) # 2000024c <_ZL7g_scale+0x8c>
    432a:	5ef050ef          	jal	ra,a118 <__addsf3>
    432e:	90c1a983          	lw	s3,-1780(gp) # 2000029c <_ZL7g_scale+0xdc>
    4332:	8b2a                	mv	s6,a0
    4334:	85ce                	mv	a1,s3
    4336:	492060ef          	jal	ra,a7c8 <__gesf2>
    433a:	00a05363          	blez	a0,4340 <_ZL16motor_motion_runiym+0x1e66>
    433e:	8b4e                	mv	s6,s3
    4340:	85da                	mv	a1,s6
    4342:	8556                	mv	a0,s5
    4344:	484060ef          	jal	ra,a7c8 <__gesf2>
    4348:	00a05363          	blez	a0,434e <_ZL16motor_motion_runiym+0x1e74>
    434c:	8ada                	mv	s5,s6
    434e:	800009b7          	lui	s3,0x80000
    4352:	0169c9b3          	xor	s3,s3,s6
    4356:	85d6                	mv	a1,s5
    4358:	854e                	mv	a0,s3
    435a:	cd56                	sw	s5,152(sp)
    435c:	46c060ef          	jal	ra,a7c8 <__gesf2>
    4360:	00a05363          	blez	a0,4366 <_ZL16motor_motion_runiym+0x1e8c>
    4364:	cd4e                	sw	s3,152(sp)
    4366:	00000593          	li	a1,0
    436a:	8552                	mv	a0,s4
    436c:	45c060ef          	jal	ra,a7c8 <__gesf2>
    4370:	d4a05363          	blez	a0,38b6 <_ZL16motor_motion_runiym+0x13dc>
    4374:	8941a583          	lw	a1,-1900(gp) # 20000224 <_ZL7g_scale+0x64>
    4378:	8526                	mv	a0,s1
    437a:	44e060ef          	jal	ra,a7c8 <__gesf2>
    437e:	d2054c63          	bltz	a0,38b6 <_ZL16motor_motion_runiym+0x13dc>
    4382:	8941a583          	lw	a1,-1900(gp) # 20000224 <_ZL7g_scale+0x64>
    4386:	8526                	mv	a0,s1
    4388:	04b060ef          	jal	ra,abd2 <__subsf3>
    438c:	8801a583          	lw	a1,-1920(gp) # 20000210 <_ZL7g_scale+0x50>
    4390:	566060ef          	jal	ra,a8f6 <__mulsf3>
    4394:	8741a583          	lw	a1,-1932(gp) # 20000204 <_ZL7g_scale+0x44>
    4398:	581050ef          	jal	ra,a118 <__addsf3>
    439c:	9041a983          	lw	s3,-1788(gp) # 20000294 <_ZL7g_scale+0xd4>
    43a0:	84aa                	mv	s1,a0
    43a2:	85ce                	mv	a1,s3
    43a4:	424060ef          	jal	ra,a7c8 <__gesf2>
    43a8:	00a05363          	blez	a0,43ae <_ZL16motor_motion_runiym+0x1ed4>
    43ac:	84ce                	mv	s1,s3
    43ae:	45ea                	lw	a1,152(sp)
    43b0:	8526                	mv	a0,s1
    43b2:	544060ef          	jal	ra,a8f6 <__mulsf3>
    43b6:	91c1a983          	lw	s3,-1764(gp) # 200002ac <_ZL7g_scale+0xec>
    43ba:	84aa                	mv	s1,a0
    43bc:	85ce                	mv	a1,s3
    43be:	40a060ef          	jal	ra,a7c8 <__gesf2>
    43c2:	d4a045e3          	bgtz	a0,410c <_ZL16motor_motion_runiym+0x1c32>
    43c6:	9841a983          	lw	s3,-1660(gp) # 20000314 <_ZL7g_scale+0x154>
    43ca:	8526                	mv	a0,s1
    43cc:	85ce                	mv	a1,s3
    43ce:	490060ef          	jal	ra,a85e <__lesf2>
    43d2:	d2054de3          	bltz	a0,410c <_ZL16motor_motion_runiym+0x1c32>
    43d6:	cd26                	sw	s1,152(sp)
    43d8:	cdeff06f          	j	38b6 <_ZL16motor_motion_runiym+0x13dc>
    43dc:	00000713          	li	a4,0
    43e0:	cc38                	sw	a4,88(s0)
    43e2:	cc78                	sw	a4,92(s0)
    43e4:	4785                	li	a5,1
    43e6:	7a60006f          	j	4b8c <_ZL16motor_motion_runiym+0x26b2>
    43ea:	47b6                	lw	a5,76(sp)
    43ec:	97e2                	add	a5,a5,s8
    43ee:	4384                	lw	s1,0(a5)
    43f0:	03c44783          	lbu	a5,60(s0)
    43f4:	e3b1                	bnez	a5,4438 <_ZL16motor_motion_runiym+0x1f5e>
    43f6:	200027b7          	lui	a5,0x20002
    43fa:	006b9713          	slli	a4,s7,0x6
    43fe:	db078793          	addi	a5,a5,-592 # 20001db0 <ams>
    4402:	97ba                	add	a5,a5,a4
    4404:	5c0c                	lw	a1,56(s0)
    4406:	1507a503          	lw	a0,336(a5)
    440a:	7c8060ef          	jal	ra,abd2 <__subsf3>
    440e:	00000593          	li	a1,0
    4412:	8a2a                	mv	s4,a0
    4414:	44a060ef          	jal	ra,a85e <__lesf2>
    4418:	00055663          	bgez	a0,4424 <_ZL16motor_motion_runiym+0x1f4a>
    441c:	800007b7          	lui	a5,0x80000
    4420:	0147ca33          	xor	s4,a5,s4
    4424:	8881a583          	lw	a1,-1912(gp) # 20000218 <_ZL7g_scale+0x58>
    4428:	8552                	mv	a0,s4
    442a:	39e060ef          	jal	ra,a7c8 <__gesf2>
    442e:	72054f63          	bltz	a0,4b6c <_ZL16motor_motion_runiym+0x2692>
    4432:	4785                	li	a5,1
    4434:	02f40e23          	sb	a5,60(s0)
    4438:	00000793          	li	a5,0
    443c:	cc3c                	sw	a5,88(s0)
    443e:	cc7c                	sw	a5,92(s0)
    4440:	873e                	mv	a4,a5
    4442:	dc3c                	sw	a5,120(s0)
    4444:	b651                	j	3fc8 <_ZL16motor_motion_runiym+0x1aee>
    4446:	09444783          	lbu	a5,148(s0)
    444a:	cb91                	beqz	a5,445e <_ZL16motor_motion_runiym+0x1f84>
    444c:	9881a583          	lw	a1,-1656(gp) # 20000318 <_ZL7g_scale+0x158>
    4450:	8526                	mv	a0,s1
    4452:	376060ef          	jal	ra,a7c8 <__gesf2>
    4456:	fe0551e3          	bgez	a0,4438 <_ZL16motor_motion_runiym+0x1f5e>
    445a:	08040a23          	sb	zero,148(s0)
    445e:	04844783          	lbu	a5,72(s0)
    4462:	c395                	beqz	a5,4486 <_ZL16motor_motion_runiym+0x1fac>
    4464:	09710793          	addi	a5,sp,151
    4468:	c03e                	sw	a5,0(sp)
    446a:	4c14                	lw	a3,24(s0)
    446c:	09042583          	lw	a1,144(s0)
    4470:	09c10893          	addi	a7,sp,156
    4474:	09610813          	addi	a6,sp,150
    4478:	093c                	addi	a5,sp,152
    447a:	01c40713          	addi	a4,s0,28
    447e:	06c40613          	addi	a2,s0,108
    4482:	8526                	mv	a0,s1
    4484:	b9e1                	j	415c <_ZL16motor_motion_runiym+0x1c82>
    4486:	9541a583          	lw	a1,-1708(gp) # 200002e4 <_ZL7g_scale+0x124>
    448a:	8526                	mv	a0,s1
    448c:	33c060ef          	jal	ra,a7c8 <__gesf2>
    4490:	04054263          	bltz	a0,44d4 <_ZL16motor_motion_runiym+0x1ffa>
    4494:	4785                	li	a5,1
    4496:	00000593          	li	a1,0
    449a:	04f40423          	sb	a5,72(s0)
    449e:	8526                	mv	a0,s1
    44a0:	3be060ef          	jal	ra,a85e <__lesf2>
    44a4:	00000593          	li	a1,0
    44a8:	00054c63          	bltz	a0,44c0 <_ZL16motor_motion_runiym+0x1fe6>
    44ac:	8581a583          	lw	a1,-1960(gp) # 200001e8 <_ZL7g_scale+0x28>
    44b0:	8526                	mv	a0,s1
    44b2:	316060ef          	jal	ra,a7c8 <__gesf2>
    44b6:	8581a583          	lw	a1,-1960(gp) # 200001e8 <_ZL7g_scale+0x28>
    44ba:	00a04363          	bgtz	a0,44c0 <_ZL16motor_motion_runiym+0x1fe6>
    44be:	85a6                	mv	a1,s1
    44c0:	00000793          	li	a5,0
    44c4:	cc0c                	sw	a1,24(s0)
    44c6:	00040e23          	sb	zero,28(s0)
    44ca:	cc3c                	sw	a5,88(s0)
    44cc:	cc7c                	sw	a5,92(s0)
    44ce:	dc3c                	sw	a5,120(s0)
    44d0:	dc7c                	sw	a5,124(s0)
    44d2:	bf49                	j	4464 <_ZL16motor_motion_runiym+0x1f8a>
    44d4:	5808                	lw	a0,48(s0)
    44d6:	585c                	lw	a5,52(s0)
    44d8:	00f56733          	or	a4,a0,a5
    44dc:	c759                	beqz	a4,456a <_ZL16motor_motion_runiym+0x2090>
    44de:	4742                	lw	a4,16(sp)
    44e0:	46d2                	lw	a3,20(sp)
    44e2:	40a70533          	sub	a0,a4,a0
    44e6:	00a73733          	sltu	a4,a4,a0
    44ea:	40f687b3          	sub	a5,a3,a5
    44ee:	06e79e63          	bne	a5,a4,456a <_ZL16motor_motion_runiym+0x2090>
    44f2:	12b00793          	li	a5,299
    44f6:	06a7ea63          	bltu	a5,a0,456a <_ZL16motor_motion_runiym+0x2090>
    44fa:	4581                	li	a1,0
    44fc:	49d060ef          	jal	ra,b198 <__floatundisf>
    4500:	8dc1a583          	lw	a1,-1828(gp) # 2000026c <_ZL7g_scale+0xac>
    4504:	77d050ef          	jal	ra,a480 <__divsf3>
    4508:	8741aa03          	lw	s4,-1932(gp) # 20000204 <_ZL7g_scale+0x44>
    450c:	84aa                	mv	s1,a0
    450e:	85d2                	mv	a1,s4
    4510:	2b8060ef          	jal	ra,a7c8 <__gesf2>
    4514:	00a05363          	blez	a0,451a <_ZL16motor_motion_runiym+0x2040>
    4518:	84d2                	mv	s1,s4
    451a:	89c1a583          	lw	a1,-1892(gp) # 2000022c <_ZL7g_scale+0x6c>
    451e:	8526                	mv	a0,s1
    4520:	3d6060ef          	jal	ra,a8f6 <__mulsf3>
    4524:	8881a583          	lw	a1,-1912(gp) # 20000218 <_ZL7g_scale+0x58>
    4528:	3f1050ef          	jal	ra,a118 <__addsf3>
    452c:	85aa                	mv	a1,a0
    452e:	854a                	mv	a0,s2
    4530:	6a2060ef          	jal	ra,abd2 <__subsf3>
    4534:	5672                	lw	a2,60(sp)
    4536:	09042483          	lw	s1,144(s0)
    453a:	85aa                	mv	a1,a0
    453c:	04c40513          	addi	a0,s0,76
    4540:	c82fc0ef          	jal	ra,9c2 <_ZN9MOTOR_PID8caculateEff>
    4544:	85aa                	mv	a1,a0
    4546:	8526                	mv	a0,s1
    4548:	3ae060ef          	jal	ra,a8f6 <__mulsf3>
    454c:	cd2a                	sw	a0,152(sp)
    454e:	b68ff06f          	j	38b6 <_ZL16motor_motion_runiym+0x13dc>
    4552:	4709                	li	a4,2
    4554:	00000593          	li	a1,0
    4558:	fce79be3          	bne	a5,a4,452e <_ZL16motor_motion_runiym+0x2054>
    455c:	200007b7          	lui	a5,0x20000
    4560:	13078793          	addi	a5,a5,304 # 20000130 <_ZL16g_pull_speed_set>
    4564:	97e2                	add	a5,a5,s8
    4566:	438c                	lw	a1,0(a5)
    4568:	b7d9                	j	452e <_ZL16motor_motion_runiym+0x2054>
    456a:	9101a583          	lw	a1,-1776(gp) # 200002a0 <_ZL7g_scale+0xe0>
    456e:	b7c1                	j	452e <_ZL16motor_motion_runiym+0x2054>
    4570:	ffca0793          	addi	a5,s4,-4
    4574:	470d                	li	a4,3
    4576:	c2f77463          	bgeu	a4,a5,399e <_ZL16motor_motion_runiym+0x14c4>
    457a:	47a1                	li	a5,8
    457c:	00099863          	bnez	s3,458c <_ZL16motor_motion_runiym+0x20b2>
    4580:	04fa1963          	bne	s4,a5,45d2 <_ZL16motor_motion_runiym+0x20f8>
    4584:	4a81                	li	s5,0
    4586:	00000993          	li	s3,0
    458a:	a891                	j	45de <_ZL16motor_motion_runiym+0x2104>
    458c:	fefa0ce3          	beq	s4,a5,4584 <_ZL16motor_motion_runiym+0x20aa>
    4590:	4789                	li	a5,2
    4592:	4a85                	li	s5,1
    4594:	c0fa1663          	bne	s4,a5,39a0 <_ZL16motor_motion_runiym+0x14c6>
    4598:	200027b7          	lui	a5,0x20002
    459c:	00249713          	slli	a4,s1,0x2
    45a0:	96878793          	addi	a5,a5,-1688 # 20001968 <_ZL15g_pull_remain_m>
    45a4:	97ba                	add	a5,a5,a4
    45a6:	9481a583          	lw	a1,-1720(gp) # 200002d8 <_ZL7g_scale+0x118>
    45aa:	4388                	lw	a0,0(a5)
    45ac:	6d5050ef          	jal	ra,a480 <__divsf3>
    45b0:	00000593          	li	a1,0
    45b4:	89aa                	mv	s3,a0
    45b6:	2a8060ef          	jal	ra,a85e <__lesf2>
    45ba:	0a054863          	bltz	a0,466a <_ZL16motor_motion_runiym+0x2190>
    45be:	8741ac83          	lw	s9,-1932(gp) # 20000204 <_ZL7g_scale+0x44>
    45c2:	854e                	mv	a0,s3
    45c4:	85e6                	mv	a1,s9
    45c6:	202060ef          	jal	ra,a7c8 <__gesf2>
    45ca:	0aa05263          	blez	a0,466e <_ZL16motor_motion_runiym+0x2194>
    45ce:	89e6                	mv	s3,s9
    45d0:	a879                	j	466e <_ZL16motor_motion_runiym+0x2194>
    45d2:	4a89                	li	s5,2
    45d4:	fd5a02e3          	beq	s4,s5,4598 <_ZL16motor_motion_runiym+0x20be>
    45d8:	08c42983          	lw	s3,140(s0)
    45dc:	4aa9                	li	s5,10
    45de:	8556                	mv	a0,s5
    45e0:	231060ef          	jal	ra,b010 <__floatsisf>
    45e4:	85de                	mv	a1,s7
    45e6:	278060ef          	jal	ra,a85e <__lesf2>
    45ea:	10055163          	bgez	a0,46ec <_ZL16motor_motion_runiym+0x2212>
    45ee:	85ce                	mv	a1,s3
    45f0:	855e                	mv	a0,s7
    45f2:	26c060ef          	jal	ra,a85e <__lesf2>
    45f6:	00055363          	bgez	a0,45fc <_ZL16motor_motion_runiym+0x2122>
    45fa:	cd4e                	sw	s3,152(sp)
    45fc:	479d                	li	a5,7
    45fe:	0afa1f63          	bne	s4,a5,46bc <_ZL16motor_motion_runiym+0x21e2>
    4602:	120b1763          	bnez	s6,4730 <_ZL16motor_motion_runiym+0x2256>
    4606:	9201a983          	lw	s3,-1760(gp) # 200002b0 <_ZL7g_scale+0xf0>
    460a:	456a                	lw	a0,152(sp)
    460c:	85ce                	mv	a1,s3
    460e:	1ba060ef          	jal	ra,a7c8 <__gesf2>
    4612:	00a05363          	blez	a0,4618 <_ZL16motor_motion_runiym+0x213e>
    4616:	cd4e                	sw	s3,152(sp)
    4618:	800007b7          	lui	a5,0x80000
    461c:	45ea                	lw	a1,152(sp)
    461e:	0137c9b3          	xor	s3,a5,s3
    4622:	854e                	mv	a0,s3
    4624:	1a4060ef          	jal	ra,a7c8 <__gesf2>
    4628:	10a04763          	bgtz	a0,4736 <_ZL16motor_motion_runiym+0x225c>
    462c:	47a6                	lw	a5,72(sp)
    462e:	10078663          	beqz	a5,473a <_ZL16motor_motion_runiym+0x2260>
    4632:	00349b13          	slli	s6,s1,0x3
    4636:	016c07b3          	add	a5,s8,s6
    463a:	43d8                	lw	a4,4(a5)
    463c:	46d2                	lw	a3,20(sp)
    463e:	00249993          	slli	s3,s1,0x2
    4642:	00e6e863          	bltu	a3,a4,4652 <_ZL16motor_motion_runiym+0x2178>
    4646:	1ad71063          	bne	a4,a3,47e6 <_ZL16motor_motion_runiym+0x230c>
    464a:	439c                	lw	a5,0(a5)
    464c:	4742                	lw	a4,16(sp)
    464e:	18f77c63          	bgeu	a4,a5,47e6 <_ZL16motor_motion_runiym+0x230c>
    4652:	4785                	li	a5,1
    4654:	a41c                	sb	a5,8(s0)
    4656:	57d2                	lw	a5,52(sp)
    4658:	00000713          	li	a4,0
    465c:	dc38                	sw	a4,120(s0)
    465e:	99be                	add	s3,s3,a5
    4660:	dc78                	sw	a4,124(s0)
    4662:	00e9a023          	sw	a4,0(s3) # 80000000 <__freertos_irq_stack_top+0x5fffb000>
    4666:	4581                	li	a1,0
    4668:	aa6d                	j	4822 <_ZL16motor_motion_runiym+0x2348>
    466a:	00000993          	li	s3,0
    466e:	9181a583          	lw	a1,-1768(gp) # 200002a8 <_ZL7g_scale+0xe8>
    4672:	08c42503          	lw	a0,140(s0)
    4676:	55c060ef          	jal	ra,abd2 <__subsf3>
    467a:	85ce                	mv	a1,s3
    467c:	27a060ef          	jal	ra,a8f6 <__mulsf3>
    4680:	9181a583          	lw	a1,-1768(gp) # 200002a8 <_ZL7g_scale+0xe8>
    4684:	295050ef          	jal	ra,a118 <__addsf3>
    4688:	89aa                	mv	s3,a0
    468a:	8556                	mv	a0,s5
    468c:	185060ef          	jal	ra,b010 <__floatsisf>
    4690:	9181ac83          	lw	s9,-1768(gp) # 200002a8 <_ZL7g_scale+0xe8>
    4694:	daaa                	sw	a0,116(sp)
    4696:	854e                	mv	a0,s3
    4698:	85e6                	mv	a1,s9
    469a:	1c4060ef          	jal	ra,a85e <__lesf2>
    469e:	85de                	mv	a1,s7
    46a0:	02055863          	bgez	a0,46d0 <_ZL16motor_motion_runiym+0x21f6>
    46a4:	5556                	lw	a0,116(sp)
    46a6:	1b8060ef          	jal	ra,a85e <__lesf2>
    46aa:	04055063          	bgez	a0,46ea <_ZL16motor_motion_runiym+0x2210>
    46ae:	85e6                	mv	a1,s9
    46b0:	855e                	mv	a0,s7
    46b2:	1ac060ef          	jal	ra,a85e <__lesf2>
    46b6:	00055363          	bgez	a0,46bc <_ZL16motor_motion_runiym+0x21e2>
    46ba:	cd66                	sw	s9,152(sp)
    46bc:	8a81a983          	lw	s3,-1880(gp) # 20000238 <_ZL7g_scale+0x78>
    46c0:	456a                	lw	a0,152(sp)
    46c2:	85ce                	mv	a1,s3
    46c4:	104060ef          	jal	ra,a7c8 <__gesf2>
    46c8:	0ea05263          	blez	a0,47ac <_ZL16motor_motion_runiym+0x22d2>
    46cc:	cd4e                	sw	s3,152(sp)
    46ce:	a0fd                	j	47bc <_ZL16motor_motion_runiym+0x22e2>
    46d0:	5556                	lw	a0,116(sp)
    46d2:	18c060ef          	jal	ra,a85e <__lesf2>
    46d6:	00055b63          	bgez	a0,46ec <_ZL16motor_motion_runiym+0x2212>
    46da:	85ce                	mv	a1,s3
    46dc:	855e                	mv	a0,s7
    46de:	180060ef          	jal	ra,a85e <__lesf2>
    46e2:	fc055de3          	bgez	a0,46bc <_ZL16motor_motion_runiym+0x21e2>
    46e6:	cd4e                	sw	s3,152(sp)
    46e8:	bfd1                	j	46bc <_ZL16motor_motion_runiym+0x21e2>
    46ea:	89e6                	mv	s3,s9
    46ec:	41500533          	neg	a0,s5
    46f0:	121060ef          	jal	ra,b010 <__floatsisf>
    46f4:	85aa                	mv	a1,a0
    46f6:	855e                	mv	a0,s7
    46f8:	166060ef          	jal	ra,a85e <__lesf2>
    46fc:	00055f63          	bgez	a0,471a <_ZL16motor_motion_runiym+0x2240>
    4700:	80000ab7          	lui	s5,0x80000
    4704:	017ac5b3          	xor	a1,s5,s7
    4708:	854e                	mv	a0,s3
    470a:	0be060ef          	jal	ra,a7c8 <__gesf2>
    470e:	eea057e3          	blez	a0,45fc <_ZL16motor_motion_runiym+0x2122>
    4712:	013acab3          	xor	s5,s5,s3
    4716:	cd56                	sw	s5,152(sp)
    4718:	b5d5                	j	45fc <_ZL16motor_motion_runiym+0x2122>
    471a:	00000793          	li	a5,0
    471e:	cd3e                	sw	a5,152(sp)
    4720:	479d                	li	a5,7
    4722:	08fa1d63          	bne	s4,a5,47bc <_ZL16motor_motion_runiym+0x22e2>
    4726:	ee0b00e3          	beqz	s6,4606 <_ZL16motor_motion_runiym+0x212c>
    472a:	91c1a983          	lw	s3,-1764(gp) # 200002ac <_ZL7g_scale+0xec>
    472e:	b5ed                	j	4618 <_ZL16motor_motion_runiym+0x213e>
    4730:	91c1a983          	lw	s3,-1764(gp) # 200002ac <_ZL7g_scale+0xec>
    4734:	bdd9                	j	460a <_ZL16motor_motion_runiym+0x2130>
    4736:	cd4e                	sw	s3,152(sp)
    4738:	bdd5                	j	462c <_ZL16motor_motion_runiym+0x2152>
    473a:	200027b7          	lui	a5,0x20002
    473e:	00249713          	slli	a4,s1,0x2
    4742:	93878793          	addi	a5,a5,-1736 # 20001938 <_ZZN14_MOTOR_CONTROL3runEfyE7stall_s>
    4746:	97ba                	add	a5,a5,a4
    4748:	00000713          	li	a4,0
    474c:	c398                	sw	a4,0(a5)
    474e:	00349793          	slli	a5,s1,0x3
    4752:	97e2                	add	a5,a5,s8
    4754:	4681                	li	a3,0
    4756:	4701                	li	a4,0
    4758:	c394                	sw	a3,0(a5)
    475a:	c3d8                	sw	a4,4(a5)
    475c:	4aea                	lw	s5,152(sp)
    475e:	8556                	mv	a0,s5
    4760:	7fe060ef          	jal	ra,af5e <__fixsfsi>
    4764:	4799                	li	a5,6
    4766:	89aa                	mv	s3,a0
    4768:	20fa1b63          	bne	s4,a5,497e <_ZL16motor_motion_runiym+0x24a4>
    476c:	47e6                	lw	a5,88(sp)
    476e:	00978a33          	add	s4,a5,s1
    4772:	000a4783          	lbu	a5,0(s4)
    4776:	20079463          	bnez	a5,497e <_ZL16motor_motion_runiym+0x24a4>
    477a:	009d07b3          	add	a5,s10,s1
    477e:	239c                	lbu	a5,0(a5)
    4780:	20002937          	lui	s2,0x20002
    4784:	d8890913          	addi	s2,s2,-632 # 20001d88 <_ZL18g_on_use_hi_pwm_us>
    4788:	00249b13          	slli	s6,s1,0x2
    478c:	28079c63          	bnez	a5,4a24 <_ZL16motor_motion_runiym+0x254a>
    4790:	9b4a                	add	s6,s6,s2
    4792:	000b2023          	sw	zero,0(s6) # 80000000 <__freertos_irq_stack_top+0x5fffb000>
    4796:	5752                	lw	a4,52(sp)
    4798:	0019b793          	seqz	a5,s3
    479c:	a41c                	sb	a5,8(s0)
    479e:	00249793          	slli	a5,s1,0x2
    47a2:	97ba                	add	a5,a5,a4
    47a4:	0157a023          	sw	s5,0(a5)
    47a8:	85ce                	mv	a1,s3
    47aa:	a8a5                	j	4822 <_ZL16motor_motion_runiym+0x2348>
    47ac:	8ac1a983          	lw	s3,-1876(gp) # 2000023c <_ZL7g_scale+0x7c>
    47b0:	456a                	lw	a0,152(sp)
    47b2:	85ce                	mv	a1,s3
    47b4:	0aa060ef          	jal	ra,a85e <__lesf2>
    47b8:	f0054ae3          	bltz	a0,46cc <_ZL16motor_motion_runiym+0x21f2>
    47bc:	47a6                	lw	a5,72(sp)
    47be:	e6079ae3          	bnez	a5,4632 <_ZL16motor_motion_runiym+0x2158>
    47c2:	200027b7          	lui	a5,0x20002
    47c6:	00249713          	slli	a4,s1,0x2
    47ca:	93878793          	addi	a5,a5,-1736 # 20001938 <_ZZN14_MOTOR_CONTROL3runEfyE7stall_s>
    47ce:	97ba                	add	a5,a5,a4
    47d0:	00000713          	li	a4,0
    47d4:	c398                	sw	a4,0(a5)
    47d6:	00349793          	slli	a5,s1,0x3
    47da:	97e2                	add	a5,a5,s8
    47dc:	4681                	li	a3,0
    47de:	4701                	li	a4,0
    47e0:	c394                	sw	a3,0(a5)
    47e2:	c3d8                	sw	a4,4(a5)
    47e4:	a831                	j	4800 <_ZL16motor_motion_runiym+0x2326>
    47e6:	09614783          	lbu	a5,150(sp)
    47ea:	20002ab7          	lui	s5,0x20002
    47ee:	4bea                	lw	s7,152(sp)
    47f0:	938a8a93          	addi	s5,s5,-1736 # 20001938 <_ZZN14_MOTOR_CONTROL3runEfyE7stall_s>
    47f4:	eb9d                	bnez	a5,482a <_ZL16motor_motion_runiym+0x2350>
    47f6:	99d6                	add	s3,s3,s5
    47f8:	00000793          	li	a5,0
    47fc:	00f9a023          	sw	a5,0(s3)
    4800:	4785                	li	a5,1
    4802:	4aea                	lw	s5,152(sp)
    4804:	16fa1463          	bne	s4,a5,496c <_ZL16motor_motion_runiym+0x2492>
    4808:	8556                	mv	a0,s5
    480a:	754060ef          	jal	ra,af5e <__fixsfsi>
    480e:	5752                	lw	a4,52(sp)
    4810:	00153793          	seqz	a5,a0
    4814:	a41c                	sb	a5,8(s0)
    4816:	00249793          	slli	a5,s1,0x2
    481a:	97ba                	add	a5,a5,a4
    481c:	85aa                	mv	a1,a0
    481e:	0157a023          	sw	s5,0(a5)
    4822:	0ff4f513          	zext.b	a0,s1
    4826:	f09fe06f          	j	372e <_ZL16motor_motion_runiym+0x1254>
    482a:	00000593          	li	a1,0
    482e:	855e                	mv	a0,s7
    4830:	73b050ef          	jal	ra,a76a <__eqsf2>
    4834:	c939                	beqz	a0,488a <_ZL16motor_motion_runiym+0x23b0>
    4836:	09714783          	lbu	a5,151(sp)
    483a:	eba1                	bnez	a5,488a <_ZL16motor_motion_runiym+0x23b0>
    483c:	98c1a583          	lw	a1,-1652(gp) # 2000031c <_ZL7g_scale+0x15c>
    4840:	457a                	lw	a0,156(sp)
    4842:	787050ef          	jal	ra,a7c8 <__gesf2>
    4846:	00000593          	li	a1,0
    484a:	04054263          	bltz	a0,488e <_ZL16motor_motion_runiym+0x23b4>
    484e:	855e                	mv	a0,s7
    4850:	779050ef          	jal	ra,a7c8 <__gesf2>
    4854:	10054163          	bltz	a0,4956 <_ZL16motor_motion_runiym+0x247c>
    4858:	8801a503          	lw	a0,-1920(gp) # 20000210 <_ZL7g_scale+0x50>
    485c:	85de                	mv	a1,s7
    485e:	0bb050ef          	jal	ra,a118 <__addsf3>
    4862:	6fc060ef          	jal	ra,af5e <__fixsfsi>
    4866:	41f55793          	srai	a5,a0,0x1f
    486a:	8d3d                	xor	a0,a0,a5
    486c:	8d1d                	sub	a0,a0,a5
    486e:	1f300793          	li	a5,499
    4872:	00000593          	li	a1,0
    4876:	00a7cc63          	blt	a5,a0,488e <_ZL16motor_motion_runiym+0x23b4>
    487a:	855e                	mv	a0,s7
    487c:	74d050ef          	jal	ra,a7c8 <__gesf2>
    4880:	0ca05e63          	blez	a0,495c <_ZL16motor_motion_runiym+0x2482>
    4884:	8bc1a783          	lw	a5,-1860(gp) # 2000024c <_ZL7g_scale+0x8c>
    4888:	cd3e                	sw	a5,152(sp)
    488a:	00000593          	li	a1,0
    488e:	854a                	mv	a0,s2
    4890:	7cf050ef          	jal	ra,a85e <__lesf2>
    4894:	00055663          	bgez	a0,48a0 <_ZL16motor_motion_runiym+0x23c6>
    4898:	800007b7          	lui	a5,0x80000
    489c:	0127c933          	xor	s2,a5,s2
    48a0:	8741a583          	lw	a1,-1932(gp) # 20000204 <_ZL7g_scale+0x44>
    48a4:	854a                	mv	a0,s2
    48a6:	4bea                	lw	s7,152(sp)
    48a8:	7b7050ef          	jal	ra,a85e <__lesf2>
    48ac:	f40555e3          	bgez	a0,47f6 <_ZL16motor_motion_runiym+0x231c>
    48b0:	8b01a583          	lw	a1,-1872(gp) # 20000240 <_ZL7g_scale+0x80>
    48b4:	457a                	lw	a0,156(sp)
    48b6:	713050ef          	jal	ra,a7c8 <__gesf2>
    48ba:	f2054ee3          	bltz	a0,47f6 <_ZL16motor_motion_runiym+0x231c>
    48be:	00000593          	li	a1,0
    48c2:	855e                	mv	a0,s7
    48c4:	79b050ef          	jal	ra,a85e <__lesf2>
    48c8:	08055d63          	bgez	a0,4962 <_ZL16motor_motion_runiym+0x2488>
    48cc:	80000537          	lui	a0,0x80000
    48d0:	01754533          	xor	a0,a0,s7
    48d4:	8d41a583          	lw	a1,-1836(gp) # 20000264 <_ZL7g_scale+0xa4>
    48d8:	6f1050ef          	jal	ra,a7c8 <__gesf2>
    48dc:	f0054de3          	bltz	a0,47f6 <_ZL16motor_motion_runiym+0x231c>
    48e0:	013a8cb3          	add	s9,s5,s3
    48e4:	000ca583          	lw	a1,0(s9)
    48e8:	5572                	lw	a0,60(sp)
    48ea:	02f050ef          	jal	ra,a118 <__addsf3>
    48ee:	9901a583          	lw	a1,-1648(gp) # 20000320 <_ZL7g_scale+0x160>
    48f2:	00aca023          	sw	a0,0(s9)
    48f6:	892a                	mv	s2,a0
    48f8:	6d1050ef          	jal	ra,a7c8 <__gesf2>
    48fc:	00a05c63          	blez	a0,4914 <_ZL16motor_motion_runiym+0x243a>
    4900:	00000593          	li	a1,0
    4904:	855e                	mv	a0,s7
    4906:	6c3050ef          	jal	ra,a7c8 <__gesf2>
    490a:	04a05e63          	blez	a0,4966 <_ZL16motor_motion_runiym+0x248c>
    490e:	8c81a783          	lw	a5,-1848(gp) # 20000258 <_ZL7g_scale+0x98>
    4912:	cd3e                	sw	a5,152(sp)
    4914:	9941a583          	lw	a1,-1644(gp) # 20000324 <_ZL7g_scale+0x164>
    4918:	854a                	mv	a0,s2
    491a:	6af050ef          	jal	ra,a7c8 <__gesf2>
    491e:	eea051e3          	blez	a0,4800 <_ZL16motor_motion_runiym+0x2326>
    4922:	47c2                	lw	a5,16(sp)
    4924:	4652                	lw	a2,20(sp)
    4926:	9b62                	add	s6,s6,s8
    4928:	1f478713          	addi	a4,a5,500 # 800001f4 <__freertos_irq_stack_top+0x5fffb1f4>
    492c:	00f737b3          	sltu	a5,a4,a5
    4930:	97b2                	add	a5,a5,a2
    4932:	00fb2223          	sw	a5,4(s6)
    4936:	4785                	li	a5,1
    4938:	a41c                	sb	a5,8(s0)
    493a:	57d2                	lw	a5,52(sp)
    493c:	00000693          	li	a3,0
    4940:	9ace                	add	s5,s5,s3
    4942:	99be                	add	s3,s3,a5
    4944:	00daa023          	sw	a3,0(s5)
    4948:	00eb2023          	sw	a4,0(s6)
    494c:	dc34                	sw	a3,120(s0)
    494e:	dc74                	sw	a3,124(s0)
    4950:	00d9a023          	sw	a3,0(s3)
    4954:	bb09                	j	4666 <_ZL16motor_motion_runiym+0x218c>
    4956:	9241a503          	lw	a0,-1756(gp) # 200002b4 <_ZL7g_scale+0xf4>
    495a:	b709                	j	485c <_ZL16motor_motion_runiym+0x2382>
    495c:	9281a783          	lw	a5,-1752(gp) # 200002b8 <_ZL7g_scale+0xf8>
    4960:	b725                	j	4888 <_ZL16motor_motion_runiym+0x23ae>
    4962:	855e                	mv	a0,s7
    4964:	bf85                	j	48d4 <_ZL16motor_motion_runiym+0x23fa>
    4966:	8c41a783          	lw	a5,-1852(gp) # 20000254 <_ZL7g_scale+0x94>
    496a:	b765                	j	4912 <_ZL16motor_motion_runiym+0x2438>
    496c:	020a1363          	bnez	s4,4992 <_ZL16motor_motion_runiym+0x24b8>
    4970:	04844783          	lbu	a5,72(s0)
    4974:	cfd1                	beqz	a5,4a10 <_ZL16motor_motion_runiym+0x2536>
    4976:	8556                	mv	a0,s5
    4978:	5e6060ef          	jal	ra,af5e <__fixsfsi>
    497c:	89aa                	mv	s3,a0
    497e:	200027b7          	lui	a5,0x20002
    4982:	00249713          	slli	a4,s1,0x2
    4986:	d8878793          	addi	a5,a5,-632 # 20001d88 <_ZL18g_on_use_hi_pwm_us>
    498a:	97ba                	add	a5,a5,a4
    498c:	0007a023          	sw	zero,0(a5)
    4990:	b519                	j	4796 <_ZL16motor_motion_runiym+0x22bc>
    4992:	4789                	li	a5,2
    4994:	dcfa14e3          	bne	s4,a5,475c <_ZL16motor_motion_runiym+0x2282>
    4998:	403c                	lw	a5,64(s0)
    499a:	4078                	lw	a4,68(s0)
    499c:	00e7e633          	or	a2,a5,a4
    49a0:	ce2d                	beqz	a2,4a1a <_ZL16motor_motion_runiym+0x2540>
    49a2:	4642                	lw	a2,16(sp)
    49a4:	45d2                	lw	a1,20(sp)
    49a6:	40f607b3          	sub	a5,a2,a5
    49aa:	40e58733          	sub	a4,a1,a4
    49ae:	00f63633          	sltu	a2,a2,a5
    49b2:	92c1a583          	lw	a1,-1748(gp) # 200002bc <_ZL7g_scale+0xfc>
    49b6:	06c71463          	bne	a4,a2,4a1e <_ZL16motor_motion_runiym+0x2544>
    49ba:	18f00713          	li	a4,399
    49be:	06f76063          	bltu	a4,a5,4a1e <_ZL16motor_motion_runiym+0x2544>
    49c2:	9301ab03          	lw	s6,-1744(gp) # 200002c0 <_ZL7g_scale+0x100>
    49c6:	5752                	lw	a4,52(sp)
    49c8:	00249793          	slli	a5,s1,0x2
    49cc:	5572                	lw	a0,60(sp)
    49ce:	97ba                	add	a5,a5,a4
    49d0:	0007a903          	lw	s2,0(a5)
    49d4:	723050ef          	jal	ra,a8f6 <__mulsf3>
    49d8:	85aa                	mv	a1,a0
    49da:	854a                	mv	a0,s2
    49dc:	1f6060ef          	jal	ra,abd2 <__subsf3>
    49e0:	89aa                	mv	s3,a0
    49e2:	5572                	lw	a0,60(sp)
    49e4:	85da                	mv	a1,s6
    49e6:	711050ef          	jal	ra,a8f6 <__mulsf3>
    49ea:	85ca                	mv	a1,s2
    49ec:	72c050ef          	jal	ra,a118 <__addsf3>
    49f0:	892a                	mv	s2,a0
    49f2:	85d6                	mv	a1,s5
    49f4:	854e                	mv	a0,s3
    49f6:	5d3050ef          	jal	ra,a7c8 <__gesf2>
    49fa:	00a05363          	blez	a0,4a00 <_ZL16motor_motion_runiym+0x2526>
    49fe:	cd4e                	sw	s3,152(sp)
    4a00:	45ea                	lw	a1,152(sp)
    4a02:	854a                	mv	a0,s2
    4a04:	65b050ef          	jal	ra,a85e <__lesf2>
    4a08:	d4055ae3          	bgez	a0,475c <_ZL16motor_motion_runiym+0x2282>
    4a0c:	cd4a                	sw	s2,152(sp)
    4a0e:	b3b9                	j	475c <_ZL16motor_motion_runiym+0x2282>
    4a10:	9341a583          	lw	a1,-1740(gp) # 200002c4 <_ZL7g_scale+0x104>
    4a14:	9381ab03          	lw	s6,-1736(gp) # 200002c8 <_ZL7g_scale+0x108>
    4a18:	b77d                	j	49c6 <_ZL16motor_motion_runiym+0x24ec>
    4a1a:	92c1a583          	lw	a1,-1748(gp) # 200002bc <_ZL7g_scale+0xfc>
    4a1e:	93c1ab03          	lw	s6,-1732(gp) # 200002cc <_ZL7g_scale+0x10c>
    4a22:	b755                	j	49c6 <_ZL16motor_motion_runiym+0x24ec>
    4a24:	47b6                	lw	a5,76(sp)
    4a26:	9981a583          	lw	a1,-1640(gp) # 20000328 <_ZL7g_scale+0x168>
    4a2a:	97da                	add	a5,a5,s6
    4a2c:	4388                	lw	a0,0(a5)
    4a2e:	631050ef          	jal	ra,a85e <__lesf2>
    4a32:	0a054f63          	bltz	a0,4af0 <_ZL16motor_motion_runiym+0x2616>
    4a36:	09042a03          	lw	s4,144(s0)
    4a3a:	00000593          	li	a1,0
    4a3e:	8552                	mv	a0,s4
    4a40:	52b050ef          	jal	ra,a76a <__eqsf2>
    4a44:	d40506e3          	beqz	a0,4790 <_ZL16motor_motion_runiym+0x22b6>
    4a48:	854e                	mv	a0,s3
    4a4a:	5c6060ef          	jal	ra,b010 <__floatsisf>
    4a4e:	85d2                	mv	a1,s4
    4a50:	6a7050ef          	jal	ra,a8f6 <__mulsf3>
    4a54:	00000593          	li	a1,0
    4a58:	607050ef          	jal	ra,a85e <__lesf2>
    4a5c:	d2055ae3          	bgez	a0,4790 <_ZL16motor_motion_runiym+0x22b6>
    4a60:	41f9d713          	srai	a4,s3,0x1f
    4a64:	013747b3          	xor	a5,a4,s3
    4a68:	8f99                	sub	a5,a5,a4
    4a6a:	32000713          	li	a4,800
    4a6e:	d2f751e3          	bge	a4,a5,4790 <_ZL16motor_motion_runiym+0x22b6>
    4a72:	9401a583          	lw	a1,-1728(gp) # 200002d0 <_ZL7g_scale+0x110>
    4a76:	5572                	lw	a0,60(sp)
    4a78:	67f050ef          	jal	ra,a8f6 <__mulsf3>
    4a7c:	8801a583          	lw	a1,-1920(gp) # 20000210 <_ZL7g_scale+0x50>
    4a80:	698050ef          	jal	ra,a118 <__addsf3>
    4a84:	53a060ef          	jal	ra,afbe <__fixunssfsi>
    4a88:	01690733          	add	a4,s2,s6
    4a8c:	431c                	lw	a5,0(a4)
    4a8e:	953e                	add	a0,a0,a5
    4a90:	013137b7          	lui	a5,0x1313
    4a94:	d0078793          	addi	a5,a5,-768 # 1312d00 <ch32v20x_wwdg.c.13394d49+0x12f4fab>
    4a98:	86aa                	mv	a3,a0
    4a9a:	00a7f363          	bgeu	a5,a0,4aa0 <_ZL16motor_motion_runiym+0x25c6>
    4a9e:	86be                	mv	a3,a5
    4aa0:	013137b7          	lui	a5,0x1313
    4aa4:	c314                	sw	a3,0(a4)
    4aa6:	cff78793          	addi	a5,a5,-769 # 1312cff <ch32v20x_wwdg.c.13394d49+0x12f4faa>
    4aaa:	cea7f6e3          	bgeu	a5,a0,4796 <_ZL16motor_motion_runiym+0x22bc>
    4aae:	47e6                	lw	a5,88(sp)
    4ab0:	4705                	li	a4,1
    4ab2:	995a                	add	s2,s2,s6
    4ab4:	97a6                	add	a5,a5,s1
    4ab6:	a398                	sb	a4,0(a5)
    4ab8:	a7418793          	addi	a5,gp,-1420 # 20000404 <_ZL18g_on_use_jam_latch>
    4abc:	97a6                	add	a5,a5,s1
    4abe:	00078023          	sb	zero,0(a5)
    4ac2:	00092023          	sw	zero,0(s2)
    4ac6:	0ff4f713          	zext.b	a4,s1
    4aca:	a8a1                	j	4b22 <_ZL16motor_motion_runiym+0x2648>
    4acc:	04600713          	li	a4,70
    4ad0:	ce3fe06f          	j	37b2 <_ZL16motor_motion_runiym+0x12d8>
    4ad4:	4681                	li	a3,0
    4ad6:	4601                	li	a2,0
    4ad8:	45c1                	li	a1,16
    4ada:	5502                	lw	a0,32(sp)
    4adc:	981fd0ef          	jal	ra,245c <_ZN12WS2812_class14set_RGB_onlineEhhhhb.constprop.0>
    4ae0:	d41fd06f          	j	2820 <_ZL16motor_motion_runiym+0x346>
    4ae4:	46c1                	li	a3,16
    4ae6:	cfffe06f          	j	37e4 <_ZL16motor_motion_runiym+0x130a>
    4aea:	4681                	li	a3,0
    4aec:	cf9fe06f          	j	37e4 <_ZL16motor_motion_runiym+0x130a>
    4af0:	a7418793          	addi	a5,gp,-1420 # 20000404 <_ZL18g_on_use_jam_latch>
    4af4:	4705                	li	a4,1
    4af6:	97a6                	add	a5,a5,s1
    4af8:	a398                	sb	a4,0(a5)
    4afa:	200027b7          	lui	a5,0x20002
    4afe:	db078793          	addi	a5,a5,-592 # 20001db0 <ams>
    4b02:	2187c683          	lbu	a3,536(a5)
    4b06:	995a                	add	s2,s2,s6
    4b08:	00ea0023          	sb	a4,0(s4)
    4b0c:	00092023          	sw	zero,0(s2)
    4b10:	0ff4f713          	zext.b	a4,s1
    4b14:	00e69763          	bne	a3,a4,4b22 <_ZL16motor_motion_runiym+0x2648>
    4b18:	76fd                	lui	a3,0xfffff
    4b1a:	06f68693          	addi	a3,a3,111 # fffff06f <__freertos_irq_stack_top+0xdfffa06f>
    4b1e:	22d79123          	sh	a3,546(a5)
    4b22:	478d                	li	a5,3
    4b24:	02e7e663          	bltu	a5,a4,4b50 <_ZL16motor_motion_runiym+0x2676>
    4b28:	03000713          	li	a4,48
    4b2c:	0ff4f793          	zext.b	a5,s1
    4b30:	02e787b3          	mul	a5,a5,a4
    4b34:	5712                	lw	a4,36(sp)
    4b36:	97ba                	add	a5,a5,a4
    4b38:	23f8                	lbu	a4,6(a5)
    4b3a:	cb19                	beqz	a4,4b50 <_ZL16motor_motion_runiym+0x2676>
    4b3c:	4794                	lw	a3,8(a5)
    4b3e:	6741                	lui	a4,0x10
    4b40:	f0070713          	addi	a4,a4,-256 # ff00 <MC_PULL_calibration.cpp.947435e8+0x636>
    4b44:	00e68663          	beq	a3,a4,4b50 <_ZL16motor_motion_runiym+0x2676>
    4b48:	c798                	sw	a4,8(a5)
    4b4a:	4705                	li	a4,1
    4b4c:	02e78623          	sb	a4,44(a5)
    4b50:	00000793          	li	a5,0
    4b54:	873e                	mv	a4,a5
    4b56:	cc3c                	sw	a5,88(s0)
    4b58:	cc7c                	sw	a5,92(s0)
    4b5a:	dc3c                	sw	a5,120(s0)
    4b5c:	dc7c                	sw	a5,124(s0)
    4b5e:	4785                	li	a5,1
    4b60:	a41c                	sb	a5,8(s0)
    4b62:	57d2                	lw	a5,52(sp)
    4b64:	9b3e                	add	s6,s6,a5
    4b66:	00eb2023          	sw	a4,0(s6)
    4b6a:	bcf5                	j	4666 <_ZL16motor_motion_runiym+0x218c>
    4b6c:	99c1a583          	lw	a1,-1636(gp) # 2000032c <_ZL7g_scale+0x16c>
    4b70:	8526                	mv	a0,s1
    4b72:	457050ef          	jal	ra,a7c8 <__gesf2>
    4b76:	8c0548e3          	bltz	a0,4446 <_ZL16motor_motion_runiym+0x1f6c>
    4b7a:	00000713          	li	a4,0
    4b7e:	4785                	li	a5,1
    4b80:	08f40a23          	sb	a5,148(s0)
    4b84:	cc38                	sw	a4,88(s0)
    4b86:	cc78                	sw	a4,92(s0)
    4b88:	dc38                	sw	a4,120(s0)
    4b8a:	dc78                	sw	a4,124(s0)
    4b8c:	a41c                	sb	a5,8(s0)
    4b8e:	57d2                	lw	a5,52(sp)
    4b90:	4581                	li	a1,0
    4b92:	0ffbf513          	zext.b	a0,s7
    4b96:	9c3e                	add	s8,s8,a5
    4b98:	00ec2023          	sw	a4,0(s8)
    4b9c:	b93fe06f          	j	372e <_ZL16motor_motion_runiym+0x1254>
    4ba0:	4981                	li	s3,0
    4ba2:	00000793          	li	a5,0
    4ba6:	08010b23          	sb	zero,150(sp)
    4baa:	cf3e                	sw	a5,156(sp)
    4bac:	08010ba3          	sb	zero,151(sp)
    4bb0:	c482                	sw	zero,72(sp)
    4bb2:	d4bfe06f          	j	38fc <_ZL16motor_motion_runiym+0x1422>

00004bb6 <_ZL9blink_allhhhiii.constprop.0>:
    4bb6:	d78fb2ef          	jal	t0,12e <__riscv_save_10>
    4bba:	8aaa                	mv	s5,a0
    4bbc:	8b2e                	mv	s6,a1
    4bbe:	8932                	mv	s2,a2
    4bc0:	8bb6                	mv	s7,a3
    4bc2:	8a3a                	mv	s4,a4
    4bc4:	4981                	li	s3,0
    4bc6:	20002c37          	lui	s8,0x20002
    4bca:	230c0413          	addi	s0,s8,560 # 20002230 <RGBOUT>
    4bce:	0c040c93          	addi	s9,s0,192
    4bd2:	230c0493          	addi	s1,s8,560
    4bd6:	8526                	mv	a0,s1
    4bd8:	4681                	li	a3,0
    4bda:	865a                	mv	a2,s6
    4bdc:	85d6                	mv	a1,s5
    4bde:	03048493          	addi	s1,s1,48
    4be2:	87bfd0ef          	jal	ra,245c <_ZN12WS2812_class14set_RGB_onlineEhhhhb.constprop.0>
    4be6:	ff9498e3          	bne	s1,s9,4bd6 <_ZL9blink_allhhhiii.constprop.0+0x20>
    4bea:	cb5fc0ef          	jal	ra,189e <_Z10RGB_updatev>
    4bee:	855e                	mv	a0,s7
    4bf0:	e26fc0ef          	jal	ra,1216 <delay>
    4bf4:	8522                	mv	a0,s0
    4bf6:	4681                	li	a3,0
    4bf8:	4601                	li	a2,0
    4bfa:	4581                	li	a1,0
    4bfc:	03040413          	addi	s0,s0,48
    4c00:	85dfd0ef          	jal	ra,245c <_ZN12WS2812_class14set_RGB_onlineEhhhhb.constprop.0>
    4c04:	ff9418e3          	bne	s0,s9,4bf4 <_ZL9blink_allhhhiii.constprop.0+0x3e>
    4c08:	c97fc0ef          	jal	ra,189e <_Z10RGB_updatev>
    4c0c:	8552                	mv	a0,s4
    4c0e:	0985                	addi	s3,s3,1
    4c10:	e06fc0ef          	jal	ra,1216 <delay>
    4c14:	fb299be3          	bne	s3,s2,4bca <_ZL9blink_allhhhiii.constprop.0+0x14>
    4c18:	d4efb06f          	j	166 <__riscv_restore_10>

00004c1c <_ZL9blink_oneihhhiii.constprop.0>:
    4c1c:	d20fb2ef          	jal	t0,13c <__riscv_save_4>
    4c20:	03000413          	li	s0,48
    4c24:	02850433          	mul	s0,a0,s0
    4c28:	200027b7          	lui	a5,0x20002
    4c2c:	23078793          	addi	a5,a5,560 # 20002230 <RGBOUT>
    4c30:	84aa                	mv	s1,a0
    4c32:	4909                	li	s2,2
    4c34:	4a11                	li	s4,4
    4c36:	4985                	li	s3,1
    4c38:	943e                	add	s0,s0,a5
    4c3a:	03449463          	bne	s1,s4,4c62 <_ZL9blink_oneihhhiii.constprop.0+0x46>
    4c3e:	c61fc0ef          	jal	ra,189e <_Z10RGB_updatev>
    4c42:	03c00513          	li	a0,60
    4c46:	dd0fc0ef          	jal	ra,1216 <delay>
    4c4a:	c55fc0ef          	jal	ra,189e <_Z10RGB_updatev>
    4c4e:	03c00513          	li	a0,60
    4c52:	dc4fc0ef          	jal	ra,1216 <delay>
    4c56:	01391463          	bne	s2,s3,4c5e <_ZL9blink_oneihhhiii.constprop.0+0x42>
    4c5a:	d16fb06f          	j	170 <__riscv_restore_4>
    4c5e:	4905                	li	s2,1
    4c60:	bfe9                	j	4c3a <_ZL9blink_oneihhhiii.constprop.0+0x1e>
    4c62:	4681                	li	a3,0
    4c64:	4641                	li	a2,16
    4c66:	45c1                	li	a1,16
    4c68:	8522                	mv	a0,s0
    4c6a:	ff2fd0ef          	jal	ra,245c <_ZN12WS2812_class14set_RGB_onlineEhhhhb.constprop.0>
    4c6e:	c31fc0ef          	jal	ra,189e <_Z10RGB_updatev>
    4c72:	03c00513          	li	a0,60
    4c76:	da0fc0ef          	jal	ra,1216 <delay>
    4c7a:	4681                	li	a3,0
    4c7c:	4601                	li	a2,0
    4c7e:	4581                	li	a1,0
    4c80:	8522                	mv	a0,s0
    4c82:	fdafd0ef          	jal	ra,245c <_ZN12WS2812_class14set_RGB_onlineEhhhhb.constprop.0>
    4c86:	b7d1                	j	4c4a <_ZL9blink_oneihhhiii.constprop.0+0x2e>

00004c88 <_ZL25flash_runtime_cache_clearv>:
    4c88:	ccefb2ef          	jal	t0,156 <__riscv_save_0>
    4c8c:	20002537          	lui	a0,0x20002
    4c90:	aa01a023          	sw	zero,-1376(gp) # 20000430 <_ZL10g_fil_have>
    4c94:	08000613          	li	a2,128
    4c98:	4581                	li	a1,0
    4c9a:	2f050513          	addi	a0,a0,752 # 200022f0 <_ZL10g_fil_last>
    4c9e:	a801ae23          	sw	zero,-1380(gp) # 2000042c <_ZL17g_fil_first_empty>
    4ca2:	c74fb0ef          	jal	ra,116 <memset>
    4ca6:	a8019c23          	sh	zero,-1384(gp) # 20000428 <_ZL9g_sta_seq>
    4caa:	a8019b23          	sh	zero,-1386(gp) # 20000426 <_ZL10g_sta_slot>
    4cae:	a8018a23          	sb	zero,-1388(gp) # 20000424 <_ZL16g_sta_have_saved>
    4cb2:	577d                	li	a4,-1
    4cb4:	82e18423          	sb	a4,-2008(gp) # 200001b8 <_ZL18g_sta_saved_loaded>
    4cb8:	cc2fb06f          	j	17a <__riscv_restore_0>

00004cbc <_Z20Flash_NVM_full_clearv>:
    4cbc:	c80fb2ef          	jal	t0,13c <__riscv_save_4>
    4cc0:	80002973          	csrr	s2,0x800
    4cc4:	08800a13          	li	s4,136
    4cc8:	800a3073          	csrc	0x800,s4
    4ccc:	456707b7          	lui	a5,0x45670
    4cd0:	40022437          	lui	s0,0x40022
    4cd4:	12378793          	addi	a5,a5,291 # 45670123 <__freertos_irq_stack_top+0x2566b123>
    4cd8:	c05c                	sw	a5,4(s0)
    4cda:	cdef97b7          	lui	a5,0xcdef9
    4cde:	9ab78793          	addi	a5,a5,-1621 # cdef89ab <__freertos_irq_stack_top+0xadef39ab>
    4ce2:	c05c                	sw	a5,4(s0)
    4ce4:	03100793          	li	a5,49
    4ce8:	c45c                	sw	a5,12(s0)
    4cea:	000b0537          	lui	a0,0xb0
    4cee:	c57fc0ef          	jal	ra,1944 <FLASH_WaitForLastOperation>
    4cf2:	4791                	li	a5,4
    4cf4:	08897913          	andi	s2,s2,136
    4cf8:	00f50b63          	beq	a0,a5,4d0e <_Z20Flash_NVM_full_clearv+0x52>
    4cfc:	c25fc0ef          	jal	ra,1920 <FLASH_Lock>
    4d00:	800a3073          	csrc	0x800,s4
    4d04:	80092073          	csrs	0x800,s2
    4d08:	4501                	li	a0,0
    4d0a:	c66fb06f          	j	170 <__riscv_restore_4>
    4d0e:	481c                	lw	a5,16(s0)
    4d10:	84aa                	mv	s1,a0
    4d12:	000b0537          	lui	a0,0xb0
    4d16:	0027e793          	ori	a5,a5,2
    4d1a:	c81c                	sw	a5,16(s0)
    4d1c:	0800f7b7          	lui	a5,0x800f
    4d20:	c85c                	sw	a5,20(s0)
    4d22:	481c                	lw	a5,16(s0)
    4d24:	0407e793          	ori	a5,a5,64
    4d28:	c81c                	sw	a5,16(s0)
    4d2a:	c1bfc0ef          	jal	ra,1944 <FLASH_WaitForLastOperation>
    4d2e:	481c                	lw	a5,16(s0)
    4d30:	89aa                	mv	s3,a0
    4d32:	9bf5                	andi	a5,a5,-3
    4d34:	c81c                	sw	a5,16(s0)
    4d36:	bebfc0ef          	jal	ra,1920 <FLASH_Lock>
    4d3a:	800a3073          	csrc	0x800,s4
    4d3e:	80092073          	csrs	0x800,s2
    4d42:	0800f7b7          	lui	a5,0x800f
    4d46:	fc9991e3          	bne	s3,s1,4d08 <_Z20Flash_NVM_full_clearv+0x4c>
    4d4a:	e339e737          	lui	a4,0xe339e
    4d4e:	33970713          	addi	a4,a4,825 # e339e339 <__freertos_irq_stack_top+0xc3399339>
    4d52:	080106b7          	lui	a3,0x8010
    4d56:	4390                	lw	a2,0(a5)
    4d58:	fae618e3          	bne	a2,a4,4d08 <_Z20Flash_NVM_full_clearv+0x4c>
    4d5c:	0791                	addi	a5,a5,4 # 800f004 <ch32v20x_wwdg.c.13394d49+0x7ff12af>
    4d5e:	fed79ce3          	bne	a5,a3,4d56 <_Z20Flash_NVM_full_clearv+0x9a>
    4d62:	f27ff0ef          	jal	ra,4c88 <_ZL25flash_runtime_cache_clearv>
    4d66:	4505                	li	a0,1
    4d68:	b74d                	j	4d0a <_Z20Flash_NVM_full_clearv+0x4e>

00004d6a <_Z16Flash_saves_initv>:
    4d6a:	bbcfb2ef          	jal	t0,126 <__riscv_save_12>
    4d6e:	40021737          	lui	a4,0x40021
    4d72:	4b5c                	lw	a5,20(a4)
    4d74:	715d                	addi	sp,sp,-80
    4d76:	0407e793          	ori	a5,a5,64
    4d7a:	cb5c                	sw	a5,20(a4)
    4d7c:	200024b7          	lui	s1,0x20002
    4d80:	0800f437          	lui	s0,0x800f
    4d84:	e339eb37          	lui	s6,0xe339e
    4d88:	314c5bb7          	lui	s7,0x314c5
    4d8c:	efdff0ef          	jal	ra,4c88 <_ZL25flash_runtime_cache_clearv>
    4d90:	aa018993          	addi	s3,gp,-1376 # 20000430 <_ZL10g_fil_have>
    4d94:	a9c18913          	addi	s2,gp,-1380 # 2000042c <_ZL17g_fil_first_empty>
    4d98:	2f048493          	addi	s1,s1,752 # 200022f0 <_ZL10g_fil_last>
    4d9c:	20040413          	addi	s0,s0,512 # 800f200 <ch32v20x_wwdg.c.13394d49+0x7ff14ab>
    4da0:	4c19                	li	s8,6
    4da2:	339b0b13          	addi	s6,s6,825 # e339e339 <__freertos_irq_stack_top+0xc3399339>
    4da6:	946b8b93          	addi	s7,s7,-1722 # 314c4946 <__freertos_irq_stack_top+0x114bf946>
    4daa:	4d99                	li	s11,6
    4dac:	4701                	li	a4,0
    4dae:	4a81                	li	s5,0
    4db0:	02800c93          	li	s9,40
    4db4:	5d7d                	li	s10,-1
    4db6:	039a8a33          	mul	s4,s5,s9
    4dba:	9a22                	add	s4,s4,s0
    4dbc:	000a2783          	lw	a5,0(s4)
    4dc0:	05678063          	beq	a5,s6,4e00 <_Z16Flash_saves_initv+0x96>
    4dc4:	03a78e63          	beq	a5,s10,4e00 <_Z16Flash_saves_initv+0x96>
    4dc8:	03779f63          	bne	a5,s7,4e06 <_Z16Flash_saves_initv+0x9c>
    4dcc:	02400593          	li	a1,36
    4dd0:	8552                	mv	a0,s4
    4dd2:	c63a                	sw	a4,12(sp)
    4dd4:	e74fb0ef          	jal	ra,448 <_ZL14crc32_hw_wordsPKvm>
    4dd8:	024a2783          	lw	a5,36(s4)
    4ddc:	4732                	lw	a4,12(sp)
    4dde:	02f51463          	bne	a0,a5,4e06 <_Z16Flash_saves_initv+0x9c>
    4de2:	02000613          	li	a2,32
    4de6:	004a0593          	addi	a1,s4,4
    4dea:	1808                	addi	a0,sp,48
    4dec:	b14fb0ef          	jal	ra,100 <memcpy>
    4df0:	02000613          	li	a2,32
    4df4:	180c                	addi	a1,sp,48
    4df6:	0808                	addi	a0,sp,16
    4df8:	b08fb0ef          	jal	ra,100 <memcpy>
    4dfc:	4705                	li	a4,1
    4dfe:	a021                	j	4e06 <_Z16Flash_saves_initv+0x9c>
    4e00:	018d9363          	bne	s11,s8,4e06 <_Z16Flash_saves_initv+0x9c>
    4e04:	8dd6                	mv	s11,s5
    4e06:	0a85                	addi	s5,s5,1
    4e08:	fb8a97e3          	bne	s5,s8,4db6 <_Z16Flash_saves_initv+0x4c>
    4e0c:	cb1d                	beqz	a4,4e42 <_Z16Flash_saves_initv+0xd8>
    4e0e:	4785                	li	a5,1
    4e10:	02000613          	li	a2,32
    4e14:	080c                	addi	a1,sp,16
    4e16:	8526                	mv	a0,s1
    4e18:	00f98023          	sb	a5,0(s3)
    4e1c:	01b90023          	sb	s11,0(s2)
    4e20:	ae0fb0ef          	jal	ra,100 <memcpy>
    4e24:	0800f7b7          	lui	a5,0x800f
    4e28:	10040413          	addi	s0,s0,256
    4e2c:	60078793          	addi	a5,a5,1536 # 800f600 <ch32v20x_wwdg.c.13394d49+0x7ff18ab>
    4e30:	0985                	addi	s3,s3,1
    4e32:	0905                	addi	s2,s2,1
    4e34:	02048493          	addi	s1,s1,32
    4e38:	f6f419e3          	bne	s0,a5,4daa <_Z16Flash_saves_initv+0x40>
    4e3c:	6161                	addi	sp,sp,80
    4e3e:	b24fb06f          	j	162 <__riscv_restore_12>
    4e42:	02000613          	li	a2,32
    4e46:	4581                	li	a1,0
    4e48:	8526                	mv	a0,s1
    4e4a:	00098023          	sb	zero,0(s3)
    4e4e:	00090023          	sb	zero,0(s2)
    4e52:	ac4fb0ef          	jal	ra,116 <memset>
    4e56:	b7f9                	j	4e24 <_Z16Flash_saves_initv+0xba>

00004e58 <_Z25bambubus_long_package_getP25bambubus_long_packge_data>:
    4e58:	afefb2ef          	jal	t0,156 <__riscv_save_0>
    4e5c:	200004b7          	lui	s1,0x20000
    4e60:	4bc48793          	addi	a5,s1,1212 # 200004bc <bus_port_to_host>
    4e64:	6705                	lui	a4,0x1
    4e66:	97ba                	add	a5,a5,a4
    4e68:	4247a783          	lw	a5,1060(a5)
    4e6c:	e7c9                	bnez	a5,4ef6 <_Z25bambubus_long_package_getP25bambubus_long_packge_data+0x9e>
    4e6e:	20001937          	lui	s2,0x20001
    4e72:	4bc90913          	addi	s2,s2,1212 # 200014bc <__global_pointer$+0xb2c>
    4e76:	40094783          	lbu	a5,1024(s2)
    4e7a:	842a                	mv	s0,a0
    4e7c:	4bc48493          	addi	s1,s1,1212
    4e80:	c789                	beqz	a5,4e8a <_Z25bambubus_long_package_getP25bambubus_long_packge_data+0x32>
    4e82:	200014b7          	lui	s1,0x20001
    4e86:	9bc48493          	addi	s1,s1,-1604 # 200009bc <__global_pointer$+0x2c>
    4e8a:	03d00793          	li	a5,61
    4e8e:	a09e                	sh	a5,0(s1)
    4e90:	281c                	lbu	a5,16(s0)
    4e92:	3478                	lbu	a4,15(s0)
    4e94:	462d                	li	a2,11
    4e96:	07a2                	slli	a5,a5,0x8
    4e98:	8fd9                	or	a5,a5,a4
    4e9a:	07bd                	addi	a5,a5,15
    4e9c:	01079713          	slli	a4,a5,0x10
    4ea0:	8341                	srli	a4,a4,0x10
    4ea2:	a03c                	sb	a5,2(s0)
    4ea4:	00875793          	srli	a5,a4,0x8
    4ea8:	b03c                	sb	a5,3(s0)
    4eaa:	85a2                	mv	a1,s0
    4eac:	00248513          	addi	a0,s1,2
    4eb0:	a50fb0ef          	jal	ra,100 <memcpy>
    4eb4:	2458                	lbu	a4,12(s0)
    4eb6:	343c                	lbu	a5,11(s0)
    4eb8:	2814                	lbu	a3,16(s0)
    4eba:	0722                	slli	a4,a4,0x8
    4ebc:	8f5d                	or	a4,a4,a5
    4ebe:	345c                	lbu	a5,13(s0)
    4ec0:	246c                	lbu	a1,14(s0)
    4ec2:	3470                	lbu	a2,15(s0)
    4ec4:	07c2                	slli	a5,a5,0x10
    4ec6:	8fd9                	or	a5,a5,a4
    4ec8:	06a2                	slli	a3,a3,0x8
    4eca:	05e2                	slli	a1,a1,0x18
    4ecc:	8ddd                	or	a1,a1,a5
    4ece:	8e55                	or	a2,a2,a3
    4ed0:	00d48513          	addi	a0,s1,13
    4ed4:	a2cfb0ef          	jal	ra,100 <memcpy>
    4ed8:	280c                	lbu	a1,16(s0)
    4eda:	347c                	lbu	a5,15(s0)
    4edc:	8526                	mv	a0,s1
    4ede:	05a2                	slli	a1,a1,0x8
    4ee0:	8ddd                	or	a1,a1,a5
    4ee2:	05bd                	addi	a1,a1,15
    4ee4:	aa4fc0ef          	jal	ra,1188 <_Z15package_add_crcPhi>
    4ee8:	281c                	lbu	a5,16(s0)
    4eea:	3478                	lbu	a4,15(s0)
    4eec:	07a2                	slli	a5,a5,0x8
    4eee:	8fd9                	or	a5,a5,a4
    4ef0:	07bd                	addi	a5,a5,15
    4ef2:	42f92223          	sw	a5,1060(s2)
    4ef6:	a84fb06f          	j	17a <__riscv_restore_0>

00004efa <_ZL26online_detect_build_packethh.constprop.0>:
    4efa:	a5cfb2ef          	jal	t0,156 <__riscv_save_0>
    4efe:	b41dc7b7          	lui	a5,0xb41dc
    4f02:	20000437          	lui	s0,0x20000
    4f06:	03d78793          	addi	a5,a5,61 # b41dc03d <__freertos_irq_stack_top+0x941d703d>
    4f0a:	02f42023          	sw	a5,32(s0) # 20000020 <online_detect_res>
    4f0e:	4715                	li	a4,5
    4f10:	02040793          	addi	a5,s0,32
    4f14:	a3d8                	sb	a4,4(a5)
    4f16:	4705                	li	a4,1
    4f18:	a3f8                	sb	a4,6(a5)
    4f1a:	80d1c703          	lbu	a4,-2035(gp) # 2000019d <_ZL24online_detect_prefix_now>
    4f1e:	b3c8                	sb	a0,5(a5)
    4f20:	200005b7          	lui	a1,0x20000
    4f24:	20000537          	lui	a0,0x20000
    4f28:	4641                	li	a2,16
    4f2a:	0fd58593          	addi	a1,a1,253 # 200000fd <long_packge_version_serial_number+0x21>
    4f2e:	02850513          	addi	a0,a0,40 # 20000028 <online_detect_res+0x8>
    4f32:	b3f8                	sb	a4,7(a5)
    4f34:	9ccfb0ef          	jal	ra,100 <memcpy>
    4f38:	45f5                	li	a1,29
    4f3a:	02040513          	addi	a0,s0,32
    4f3e:	a4afc0ef          	jal	ra,1188 <_Z15package_add_crcPhi>
    4f42:	a38fb06f          	j	17a <__riscv_restore_0>

00004f46 <_ZL11nvm256_readmmtPvtPtPm.constprop.0>:
    4f46:	9e8fb2ef          	jal	t0,12e <__riscv_save_10>
    4f4a:	0fc52903          	lw	s2,252(a0)
    4f4e:	84be                	mv	s1,a5
    4f50:	e339e7b7          	lui	a5,0xe339e
    4f54:	33978793          	addi	a5,a5,825 # e339e339 <__freertos_irq_stack_top+0xc3399339>
    4f58:	00f91563          	bne	s2,a5,4f62 <_ZL11nvm256_readmmtPvtPtPm.constprop.0+0x1c>
    4f5c:	4501                	li	a0,0
    4f5e:	a08fb06f          	j	166 <__riscv_restore_10>
    4f62:	57fd                	li	a5,-1
    4f64:	fef90ce3          	beq	s2,a5,4f5c <_ZL11nvm256_readmmtPvtPtPm.constprop.0+0x16>
    4f68:	8b2e                	mv	s6,a1
    4f6a:	0fc00593          	li	a1,252
    4f6e:	842a                	mv	s0,a0
    4f70:	8a32                	mv	s4,a2
    4f72:	8ab6                	mv	s5,a3
    4f74:	89ba                	mv	s3,a4
    4f76:	cd2fb0ef          	jal	ra,448 <_ZL14crc32_hw_wordsPKvm>
    4f7a:	fea911e3          	bne	s2,a0,4f5c <_ZL11nvm256_readmmtPvtPtPm.constprop.0+0x16>
    4f7e:	401c                	lw	a5,0(s0)
    4f80:	205a                	lhu	a4,4(s0)
    4f82:	00645903          	lhu	s2,6(s0)
    4f86:	00842b83          	lw	s7,8(s0)
    4f8a:	fcfb19e3          	bne	s6,a5,4f5c <_ZL11nvm256_readmmtPvtPtPm.constprop.0+0x16>
    4f8e:	4785                	li	a5,1
    4f90:	fcf716e3          	bne	a4,a5,4f5c <_ZL11nvm256_readmmtPvtPtPm.constprop.0+0x16>
    4f94:	fd2ae4e3          	bltu	s5,s2,4f5c <_ZL11nvm256_readmmtPvtPtPm.constprop.0+0x16>
    4f98:	00090863          	beqz	s2,4fa8 <_ZL11nvm256_readmmtPvtPtPm.constprop.0+0x62>
    4f9c:	864a                	mv	a2,s2
    4f9e:	00c40593          	addi	a1,s0,12
    4fa2:	8552                	mv	a0,s4
    4fa4:	95cfb0ef          	jal	ra,100 <memcpy>
    4fa8:	01299023          	sh	s2,0(s3)
    4fac:	c099                	beqz	s1,4fb2 <_ZL11nvm256_readmmtPvtPtPm.constprop.0+0x6c>
    4fae:	0174a023          	sw	s7,0(s1)
    4fb2:	4505                	li	a0,1
    4fb4:	b76d                	j	4f5e <_ZL11nvm256_readmmtPvtPtPm.constprop.0+0x18>

00004fb6 <_ZL19Motion_control_readv>:
    4fb6:	9a0fb2ef          	jal	t0,156 <__riscv_save_0>
    4fba:	1101                	addi	sp,sp,-32
    4fbc:	98ffb0ef          	jal	ra,94a <_ZL23Motion_control_defaultsv>
    4fc0:	20002437          	lui	s0,0x20002
    4fc4:	315455b7          	lui	a1,0x31545
    4fc8:	0800f537          	lui	a0,0x800f
    4fcc:	4781                	li	a5,0
    4fce:	01e10713          	addi	a4,sp,30
    4fd2:	46e1                	li	a3,24
    4fd4:	d9840613          	addi	a2,s0,-616 # 20001d98 <Motion_control_data_save>
    4fd8:	f4d58593          	addi	a1,a1,-179 # 31544f4d <__freertos_irq_stack_top+0x1153ff4d>
    4fdc:	10050513          	addi	a0,a0,256 # 800f100 <ch32v20x_wwdg.c.13394d49+0x7ff13ab>
    4fe0:	00011f23          	sh	zero,30(sp)
    4fe4:	f63ff0ef          	jal	ra,4f46 <_ZL11nvm256_readmmtPvtPtPm.constprop.0>
    4fe8:	e519                	bnez	a0,4ff6 <_ZL19Motion_control_readv+0x40>
    4fea:	98ffb0ef          	jal	ra,978 <_ZL26Motion_control_apply_savedv>
    4fee:	4501                	li	a0,0
    4ff0:	6105                	addi	sp,sp,32
    4ff2:	988fb06f          	j	17a <__riscv_restore_0>
    4ff6:	87bc                	lhu	a5,30(sp)
    4ff8:	475d                	li	a4,23
    4ffa:	17fd                	addi	a5,a5,-1
    4ffc:	07c2                	slli	a5,a5,0x10
    4ffe:	83c1                	srli	a5,a5,0x10
    5000:	fef765e3          	bltu	a4,a5,4fea <_ZL19Motion_control_readv+0x34>
    5004:	d9840413          	addi	s0,s0,-616
    5008:	4818                	lw	a4,16(s0)
    500a:	406147b7          	lui	a5,0x40614
    500e:	06178793          	addi	a5,a5,97 # 40614061 <__freertos_irq_stack_top+0x2060f061>
    5012:	00f70563          	beq	a4,a5,501c <_ZL19Motion_control_readv+0x66>
    5016:	935fb0ef          	jal	ra,94a <_ZL23Motion_control_defaultsv>
    501a:	bfc1                	j	4fea <_ZL19Motion_control_readv+0x34>
    501c:	c62a                	sw	a0,12(sp)
    501e:	95bfb0ef          	jal	ra,978 <_ZL26Motion_control_apply_savedv>
    5022:	4532                	lw	a0,12(sp)
    5024:	b7f1                	j	4ff0 <_ZL19Motion_control_readv+0x3a>

00005026 <_ZL12nvm256_writemmtmPKvt.part.0.constprop.0>:
    5026:	916fb2ef          	jal	t0,13c <__riscv_save_4>
    502a:	7111                	addi	sp,sp,-256
    502c:	84aa                	mv	s1,a0
    502e:	8a2e                	mv	s4,a1
    5030:	89b2                	mv	s3,a2
    5032:	0ff00593          	li	a1,255
    5036:	0f400613          	li	a2,244
    503a:	0068                	addi	a0,sp,12
    503c:	843a                	mv	s0,a4
    503e:	8936                	mv	s2,a3
    5040:	8d6fb0ef          	jal	ra,116 <memset>
    5044:	4785                	li	a5,1
    5046:	8622                	mv	a2,s0
    5048:	85ca                	mv	a1,s2
    504a:	0068                	addi	a0,sp,12
    504c:	827c                	sh	a5,4(sp)
    504e:	c052                	sw	s4,0(sp)
    5050:	8360                	sh	s0,6(sp)
    5052:	c44e                	sw	s3,8(sp)
    5054:	8acfb0ef          	jal	ra,100 <memcpy>
    5058:	0fc00593          	li	a1,252
    505c:	850a                	mv	a0,sp
    505e:	beafb0ef          	jal	ra,448 <_ZL14crc32_hw_wordsPKvm>
    5062:	dfaa                	sw	a0,252(sp)
    5064:	10000613          	li	a2,256
    5068:	858a                	mv	a1,sp
    506a:	8526                	mv	a0,s1
    506c:	7e7030ef          	jal	ra,9052 <memcmp>
    5070:	c169                	beqz	a0,5132 <_ZL12nvm256_writemmtmPKvt.part.0.constprop.0+0x10c>
    5072:	80002973          	csrr	s2,0x800
    5076:	08800793          	li	a5,136
    507a:	8007b073          	csrc	0x800,a5
    507e:	45670737          	lui	a4,0x45670
    5082:	40022437          	lui	s0,0x40022
    5086:	12370713          	addi	a4,a4,291 # 45670123 <__freertos_irq_stack_top+0x2566b123>
    508a:	cdef97b7          	lui	a5,0xcdef9
    508e:	c058                	sw	a4,4(s0)
    5090:	9ab78793          	addi	a5,a5,-1621 # cdef89ab <__freertos_irq_stack_top+0xadef39ab>
    5094:	c05c                	sw	a5,4(s0)
    5096:	d058                	sw	a4,36(s0)
    5098:	d05c                	sw	a5,36(s0)
    509a:	03100793          	li	a5,49
    509e:	c45c                	sw	a5,12(s0)
    50a0:	8526                	mv	a0,s1
    50a2:	9a3fc0ef          	jal	ra,1a44 <FLASH_ErasePage_Fast>
    50a6:	481c                	lw	a5,16(s0)
    50a8:	6741                	lui	a4,0x10
    50aa:	08897913          	andi	s2,s2,136
    50ae:	8fd9                	or	a5,a5,a4
    50b0:	c81c                	sw	a5,16(s0)
    50b2:	40022737          	lui	a4,0x40022
    50b6:	475c                	lw	a5,12(a4)
    50b8:	8b85                	andi	a5,a5,1
    50ba:	fff5                	bnez	a5,50b6 <_ZL12nvm256_writemmtmPKvt.part.0.constprop.0+0x90>
    50bc:	40022737          	lui	a4,0x40022
    50c0:	475c                	lw	a5,12(a4)
    50c2:	8b89                	andi	a5,a5,2
    50c4:	fff5                	bnez	a5,50c0 <_ZL12nvm256_writemmtmPKvt.part.0.constprop.0+0x9a>
    50c6:	40022737          	lui	a4,0x40022
    50ca:	10000613          	li	a2,256
    50ce:	00f106b3          	add	a3,sp,a5
    50d2:	428c                	lw	a1,0(a3)
    50d4:	00f486b3          	add	a3,s1,a5
    50d8:	c28c                	sw	a1,0(a3)
    50da:	4754                	lw	a3,12(a4)
    50dc:	8a89                	andi	a3,a3,2
    50de:	fef5                	bnez	a3,50da <_ZL12nvm256_writemmtmPKvt.part.0.constprop.0+0xb4>
    50e0:	0791                	addi	a5,a5,4
    50e2:	fec796e3          	bne	a5,a2,50ce <_ZL12nvm256_writemmtmPKvt.part.0.constprop.0+0xa8>
    50e6:	4b1c                	lw	a5,16(a4)
    50e8:	002006b7          	lui	a3,0x200
    50ec:	8fd5                	or	a5,a5,a3
    50ee:	cb1c                	sw	a5,16(a4)
    50f0:	400227b7          	lui	a5,0x40022
    50f4:	47d8                	lw	a4,12(a5)
    50f6:	8b05                	andi	a4,a4,1
    50f8:	ff75                	bnez	a4,50f4 <_ZL12nvm256_writemmtmPKvt.part.0.constprop.0+0xce>
    50fa:	4b98                	lw	a4,16(a5)
    50fc:	76c1                	lui	a3,0xffff0
    50fe:	16fd                	addi	a3,a3,-1 # fffeffff <__freertos_irq_stack_top+0xdffeafff>
    5100:	8f75                	and	a4,a4,a3
    5102:	cb98                	sw	a4,16(a5)
    5104:	4b98                	lw	a4,16(a5)
    5106:	66a1                	lui	a3,0x8
    5108:	8f55                	or	a4,a4,a3
    510a:	cb98                	sw	a4,16(a5)
    510c:	815fc0ef          	jal	ra,1920 <FLASH_Lock>
    5110:	08800793          	li	a5,136
    5114:	8007b073          	csrc	0x800,a5
    5118:	80092073          	csrs	0x800,s2
    511c:	10000613          	li	a2,256
    5120:	858a                	mv	a1,sp
    5122:	8526                	mv	a0,s1
    5124:	72f030ef          	jal	ra,9052 <memcmp>
    5128:	00153513          	seqz	a0,a0
    512c:	6111                	addi	sp,sp,256
    512e:	842fb06f          	j	170 <__riscv_restore_4>
    5132:	4505                	li	a0,1
    5134:	bfe5                	j	512c <_ZL12nvm256_writemmtmPKvt.part.0.constprop.0+0x106>

00005136 <_ZL19Motion_control_savev>:
    5136:	806fb2ef          	jal	t0,13c <__riscv_save_4>
    513a:	20002937          	lui	s2,0x20002
    513e:	406147b7          	lui	a5,0x40614
    5142:	d9890713          	addi	a4,s2,-616 # 20001d98 <Motion_control_data_save>
    5146:	06178793          	addi	a5,a5,97 # 40614061 <__freertos_irq_stack_top+0x2060f061>
    514a:	200004b7          	lui	s1,0x20000
    514e:	d9890413          	addi	s0,s2,-616
    5152:	cb1c                	sw	a5,16(a4)
    5154:	16048493          	addi	s1,s1,352 # 20000160 <MC_DM_KEY_NONE_THRESH>
    5158:	00440993          	addi	s3,s0,4 # 40022004 <__freertos_irq_stack_top+0x2001d004>
    515c:	03c00a13          	li	s4,60
    5160:	4088                	lw	a0,0(s1)
    5162:	b28fb0ef          	jal	ra,48a <_ZL22dm_key_v_to_centi_ceilf>
    5166:	87aa                	mv	a5,a0
    5168:	01457463          	bgeu	a0,s4,5170 <_ZL19Motion_control_savev+0x3a>
    516c:	03c00793          	li	a5,60
    5170:	a85c                	sb	a5,20(s0)
    5172:	0405                	addi	s0,s0,1
    5174:	0491                	addi	s1,s1,4
    5176:	ff3415e3          	bne	s0,s3,5160 <_ZL19Motion_control_savev+0x2a>
    517a:	315455b7          	lui	a1,0x31545
    517e:	0800f537          	lui	a0,0x800f
    5182:	4761                	li	a4,24
    5184:	d9890693          	addi	a3,s2,-616
    5188:	4601                	li	a2,0
    518a:	f4d58593          	addi	a1,a1,-179 # 31544f4d <__freertos_irq_stack_top+0x1153ff4d>
    518e:	10050513          	addi	a0,a0,256 # 800f100 <ch32v20x_wwdg.c.13394d49+0x7ff13ab>
    5192:	e95ff0ef          	jal	ra,5026 <_ZL12nvm256_writemmtmPKvt.part.0.constprop.0>
    5196:	fdbfa06f          	j	170 <__riscv_restore_4>

0000519a <_Z24MC_PULL_calibration_bootv>:
    519a:	f8dfa2ef          	jal	t0,126 <__riscv_save_12>
    519e:	7115                	addi	sp,sp,-224
    51a0:	4419                	li	s0,6
    51a2:	996fb0ef          	jal	ra,338 <_Z12ADC_DMA_pollv>
    51a6:	4551                	li	a0,20
    51a8:	147d                	addi	s0,s0,-1
    51aa:	840fc0ef          	jal	ra,11ea <delay.part.0>
    51ae:	f875                	bnez	s0,51a2 <_Z24MC_PULL_calibration_bootv+0x8>
    51b0:	e11fc0ef          	jal	ra,1fc0 <_Z32MC_PULL_detect_channels_insertedv>
    51b4:	324c45b7          	lui	a1,0x324c4
    51b8:	089c                	addi	a5,sp,80
    51ba:	04a10713          	addi	a4,sp,74
    51be:	03000693          	li	a3,48
    51c2:	1910                	addi	a2,sp,176
    51c4:	14358593          	addi	a1,a1,323 # 324c4143 <__freertos_irq_stack_top+0x124bf143>
    51c8:	0800f537          	lui	a0,0x800f
    51cc:	04011523          	sh	zero,74(sp)
    51d0:	c882                	sw	zero,80(sp)
    51d2:	d75ff0ef          	jal	ra,4f46 <_ZL11nvm256_readmmtPvtPtPm.constprop.0>
    51d6:	36051063          	bnez	a0,5536 <_Z24MC_PULL_calibration_bootv+0x39c>
    51da:	ae3ff0ef          	jal	ra,4cbc <_Z20Flash_NVM_full_clearv>
    51de:	82c1a783          	lw	a5,-2004(gp) # 200001bc <time_hw_tpms>
    51e2:	cc2a                	sw	a0,24(sp)
    51e4:	c43e                	sw	a5,8(sp)
    51e6:	e000f7b7          	lui	a5,0xe000f
    51ea:	479c                	lw	a5,8(a5)
    51ec:	c902                	sw	zero,144(sp)
    51ee:	cb02                	sw	zero,148(sp)
    51f0:	c63e                	sw	a5,12(sp)
    51f2:	05a00793          	li	a5,90
    51f6:	cd02                	sw	zero,152(sp)
    51f8:	cf02                	sw	zero,156(sp)
    51fa:	d102                	sw	zero,160(sp)
    51fc:	d302                	sw	zero,164(sp)
    51fe:	d502                	sw	zero,168(sp)
    5200:	d702                	sw	zero,172(sp)
    5202:	d882                	sw	zero,112(sp)
    5204:	da82                	sw	zero,116(sp)
    5206:	dc82                	sw	zero,120(sp)
    5208:	de82                	sw	zero,124(sp)
    520a:	c102                	sw	zero,128(sp)
    520c:	c302                	sw	zero,132(sp)
    520e:	c502                	sw	zero,136(sp)
    5210:	c702                	sw	zero,140(sp)
    5212:	c23e                	sw	a5,4(sp)
    5214:	a9018b93          	addi	s7,gp,-1392 # 20000420 <filament_channel_inserted>
    5218:	4c05                	li	s8,1
    521a:	4c89                	li	s9,2
    521c:	20002a37          	lui	s4,0x20002
    5220:	96afb0ef          	jal	ra,38a <_Z17ADC_DMA_get_valuev>
    5224:	07010993          	addi	s3,sp,112
    5228:	09010913          	addi	s2,sp,144
    522c:	8b2a                	mv	s6,a0
    522e:	844a                	mv	s0,s2
    5230:	84ce                	mv	s1,s3
    5232:	4d81                	li	s11,0
    5234:	4d11                	li	s10,4
    5236:	017d8733          	add	a4,s11,s7
    523a:	2318                	lbu	a4,0(a4)
    523c:	c329                	beqz	a4,527e <_Z24MC_PULL_calibration_bootv+0xe4>
    523e:	85da                	mv	a1,s6
    5240:	856e                	mv	a0,s11
    5242:	a2afb0ef          	jal	ra,46c <_ZL15adc_pull_raw_chiPKf>
    5246:	080060ef          	jal	ra,b2c6 <__extendsfdf2>
    524a:	862a                	mv	a2,a0
    524c:	86ae                	mv	a3,a1
    524e:	4008                	lw	a0,0(s0)
    5250:	404c                	lw	a1,4(s0)
    5252:	230040ef          	jal	ra,9482 <__adddf3>
    5256:	c008                	sw	a0,0(s0)
    5258:	c04c                	sw	a1,4(s0)
    525a:	378d8f63          	beq	s11,s8,55d8 <_Z24MC_PULL_calibration_bootv+0x43e>
    525e:	399d8063          	beq	s11,s9,55de <_Z24MC_PULL_calibration_bootv+0x444>
    5262:	380d9163          	bnez	s11,55e4 <_Z24MC_PULL_calibration_bootv+0x44a>
    5266:	01cb2503          	lw	a0,28(s6)
    526a:	05c060ef          	jal	ra,b2c6 <__extendsfdf2>
    526e:	862a                	mv	a2,a0
    5270:	86ae                	mv	a3,a1
    5272:	4088                	lw	a0,0(s1)
    5274:	40cc                	lw	a1,4(s1)
    5276:	20c040ef          	jal	ra,9482 <__adddf3>
    527a:	c088                	sw	a0,0(s1)
    527c:	c0cc                	sw	a1,4(s1)
    527e:	0d85                	addi	s11,s11,1
    5280:	04a1                	addi	s1,s1,8
    5282:	0421                	addi	s0,s0,8
    5284:	fbad99e3          	bne	s11,s10,5236 <_Z24MC_PULL_calibration_bootv+0x9c>
    5288:	e000f7b7          	lui	a5,0xe000f
    528c:	4780                	lw	s0,8(a5)
    528e:	47b2                	lw	a5,12(sp)
    5290:	230a0493          	addi	s1,s4,560 # 20002230 <RGBOUT>
    5294:	8c1d                	sub	s0,s0,a5
    5296:	47a2                	lw	a5,8(sp)
    5298:	02f45433          	divu	s0,s0,a5
    529c:	0c800793          	li	a5,200
    52a0:	02f45433          	divu	s0,s0,a5
    52a4:	230a0793          	addi	a5,s4,560
    52a8:	c03e                	sw	a5,0(sp)
    52aa:	0c078d13          	addi	s10,a5,192 # e000f0c0 <__freertos_irq_stack_top+0xc000a0c0>
    52ae:	fff44413          	not	s0,s0
    52b2:	8805                	andi	s0,s0,1
    52b4:	0412                	slli	s0,s0,0x4
    52b6:	8526                	mv	a0,s1
    52b8:	4681                	li	a3,0
    52ba:	8622                	mv	a2,s0
    52bc:	85a2                	mv	a1,s0
    52be:	03048493          	addi	s1,s1,48
    52c2:	99afd0ef          	jal	ra,245c <_ZN12WS2812_class14set_RGB_onlineEhhhhb.constprop.0>
    52c6:	ffa498e3          	bne	s1,s10,52b6 <_Z24MC_PULL_calibration_bootv+0x11c>
    52ca:	dd4fc0ef          	jal	ra,189e <_Z10RGB_updatev>
    52ce:	453d                	li	a0,15
    52d0:	f1bfb0ef          	jal	ra,11ea <delay.part.0>
    52d4:	4792                	lw	a5,4(sp)
    52d6:	17fd                	addi	a5,a5,-1
    52d8:	c23e                	sw	a5,4(sp)
    52da:	f3b9                	bnez	a5,5220 <_Z24MC_PULL_calibration_bootv+0x86>
    52dc:	6a2d                	lui	s4,0xb
    52de:	4641                	li	a2,16
    52e0:	540a0593          	addi	a1,s4,1344 # b540 <__clzsi2+0x68>
    52e4:	1088                	addi	a0,sp,96
    52e6:	e1bfa0ef          	jal	ra,100 <memcpy>
    52ea:	8381a403          	lw	s0,-1992(gp) # 200001c8 <_ZL7g_scale+0x8>
    52ee:	83c1a483          	lw	s1,-1988(gp) # 200001cc <_ZL7g_scale+0xc>
    52f2:	06010b93          	addi	s7,sp,96
    52f6:	4b01                	li	s6,0
    52f8:	4c11                	li	s8,4
    52fa:	a9018793          	addi	a5,gp,-1392 # 20000420 <filament_channel_inserted>
    52fe:	97da                	add	a5,a5,s6
    5300:	239c                	lbu	a5,0(a5)
    5302:	cf89                	beqz	a5,531c <_Z24MC_PULL_calibration_bootv+0x182>
    5304:	00092503          	lw	a0,0(s2)
    5308:	00492583          	lw	a1,4(s2)
    530c:	8622                	mv	a2,s0
    530e:	86a6                	mv	a3,s1
    5310:	05b040ef          	jal	ra,9b6a <__divdf3>
    5314:	058060ef          	jal	ra,b36c <__truncdfsf2>
    5318:	00aba023          	sw	a0,0(s7)
    531c:	0b05                	addi	s6,s6,1
    531e:	0921                	addi	s2,s2,8
    5320:	0b91                	addi	s7,s7,4
    5322:	fd8b1ce3          	bne	s6,s8,52fa <_Z24MC_PULL_calibration_bootv+0x160>
    5326:	20002737          	lui	a4,0x20002
    532a:	a9018913          	addi	s2,gp,-1392 # 20000420 <filament_channel_inserted>
    532e:	22070793          	addi	a5,a4,544 # 20002220 <MC_PULL_V_OFFSET>
    5332:	d03e                	sw	a5,32(sp)
    5334:	82418693          	addi	a3,gp,-2012 # 200001b4 <MC_PULL_POLARITY>
    5338:	82418413          	addi	s0,gp,-2012 # 200001b4 <MC_PULL_POLARITY>
    533c:	82418793          	addi	a5,gp,-2012 # 200001b4 <MC_PULL_POLARITY>
    5340:	d83e                	sw	a5,48(sp)
    5342:	87c1a783          	lw	a5,-1924(gp) # 2000020c <_ZL7g_scale+0x4c>
    5346:	a9018b93          	addi	s7,gp,-1392 # 20000420 <filament_channel_inserted>
    534a:	ce36                	sw	a3,28(sp)
    534c:	c63e                	sw	a5,12(sp)
    534e:	83c1a803          	lw	a6,-1988(gp) # 200001cc <_ZL7g_scale+0xc>
    5352:	8381a783          	lw	a5,-1992(gp) # 200001c8 <_ZL7g_scale+0x8>
    5356:	4b01                	li	s6,0
    5358:	22070493          	addi	s1,a4,544
    535c:	c83e                	sw	a5,16(sp)
    535e:	8a01a783          	lw	a5,-1888(gp) # 20000230 <_ZL7g_scale+0x70>
    5362:	4a85                	li	s5,1
    5364:	ca42                	sw	a6,20(sp)
    5366:	d23e                	sw	a5,36(sp)
    5368:	9a01ad83          	lw	s11,-1632(gp) # 20000330 <_ZL7g_scale+0x170>
    536c:	200007b7          	lui	a5,0x20000
    5370:	08b00c13          	li	s8,139
    5374:	03c00c93          	li	s9,60
    5378:	16078d13          	addi	s10,a5,352 # 20000160 <MC_DM_KEY_NONE_THRESH>
    537c:	000bc783          	lbu	a5,0(s7)
    5380:	26079563          	bnez	a5,55ea <_Z24MC_PULL_calibration_bootv+0x450>
    5384:	00000793          	li	a5,0
    5388:	c09c                	sw	a5,0(s1)
    538a:	01540023          	sb	s5,0(s0)
    538e:	856e                	mv	a0,s11
    5390:	01ab07b3          	add	a5,s6,s10
    5394:	c388                	sw	a0,0(a5)
    5396:	0b11                	addi	s6,s6,4
    5398:	47c1                	li	a5,16
    539a:	0b85                	addi	s7,s7,1
    539c:	0491                	addi	s1,s1,4
    539e:	0405                	addi	s0,s0,1
    53a0:	09a1                	addi	s3,s3,8
    53a2:	fcfb1de3          	bne	s6,a5,537c <_Z24MC_PULL_calibration_bootv+0x1e2>
    53a6:	4641                	li	a2,16
    53a8:	540a0593          	addi	a1,s4,1344
    53ac:	0888                	addi	a0,sp,80
    53ae:	d53fa0ef          	jal	ra,100 <memcpy>
    53b2:	4401                	li	s0,0
    53b4:	44c1                	li	s1,16
    53b6:	00094783          	lbu	a5,0(s2)
    53ba:	c38d                	beqz	a5,53dc <_Z24MC_PULL_calibration_bootv+0x242>
    53bc:	089c                	addi	a5,sp,80
    53be:	008789b3          	add	s3,a5,s0
    53c2:	200027b7          	lui	a5,0x20002
    53c6:	22078793          	addi	a5,a5,544 # 20002220 <MC_PULL_V_OFFSET>
    53ca:	97a2                	add	a5,a5,s0
    53cc:	438c                	lw	a1,0(a5)
    53ce:	109c                	addi	a5,sp,96
    53d0:	97a2                	add	a5,a5,s0
    53d2:	4388                	lw	a0,0(a5)
    53d4:	545040ef          	jal	ra,a118 <__addsf3>
    53d8:	00a9a023          	sw	a0,0(s3)
    53dc:	0411                	addi	s0,s0,4
    53de:	0905                	addi	s2,s2,1
    53e0:	fc941be3          	bne	s0,s1,53b6 <_Z24MC_PULL_calibration_bootv+0x21c>
    53e4:	03c00713          	li	a4,60
    53e8:	03c00693          	li	a3,60
    53ec:	460d                	li	a2,3
    53ee:	45c1                	li	a1,16
    53f0:	4541                	li	a0,16
    53f2:	fc4ff0ef          	jal	ra,4bb6 <_ZL9blink_allhhhiii.constprop.0>
    53f6:	4722                	lw	a4,8(sp)
    53f8:	679d                	lui	a5,0x7
    53fa:	53078793          	addi	a5,a5,1328 # 7530 <main+0xf94>
    53fe:	02f707b3          	mul	a5,a4,a5
    5402:	4a01                	li	s4,0
    5404:	d23e                	sw	a5,36(sp)
    5406:	0c800793          	li	a5,200
    540a:	02f707b3          	mul	a5,a4,a5
    540e:	d43e                	sw	a5,40(sp)
    5410:	200007b7          	lui	a5,0x20000
    5414:	18078d93          	addi	s11,a5,384 # 20000180 <MC_PULL_V_MIN>
    5418:	200007b7          	lui	a5,0x20000
    541c:	17078793          	addi	a5,a5,368 # 20000170 <MC_PULL_V_MAX>
    5420:	c83e                	sw	a5,16(sp)
    5422:	86c1a783          	lw	a5,-1940(gp) # 200001fc <_ZL7g_scale+0x3c>
    5426:	dc3e                	sw	a5,56(sp)
    5428:	a9018793          	addi	a5,gp,-1392 # 20000420 <filament_channel_inserted>
    542c:	97d2                	add	a5,a5,s4
    542e:	239c                	lbu	a5,0(a5)
    5430:	c63e                	sw	a5,12(sp)
    5432:	20079763          	bnez	a5,5640 <_Z24MC_PULL_calibration_bootv+0x4a6>
    5436:	57e2                	lw	a5,56(sp)
    5438:	4742                	lw	a4,16(sp)
    543a:	00fda023          	sw	a5,0(s11)
    543e:	8681a783          	lw	a5,-1944(gp) # 200001f8 <_ZL7g_scale+0x38>
    5442:	c31c                	sw	a5,0(a4)
    5444:	4772                	lw	a4,28(sp)
    5446:	4785                	li	a5,1
    5448:	a31c                	sb	a5,0(a4)
    544a:	47c2                	lw	a5,16(sp)
    544c:	0a05                	addi	s4,s4,1
    544e:	0d91                	addi	s11,s11,4
    5450:	0791                	addi	a5,a5,4
    5452:	c83e                	sw	a5,16(sp)
    5454:	47f2                	lw	a5,28(sp)
    5456:	0785                	addi	a5,a5,1
    5458:	ce3e                	sw	a5,28(sp)
    545a:	4782                	lw	a5,0(sp)
    545c:	03078793          	addi	a5,a5,48
    5460:	c03e                	sw	a5,0(sp)
    5462:	5782                	lw	a5,32(sp)
    5464:	0791                	addi	a5,a5,4
    5466:	d03e                	sw	a5,32(sp)
    5468:	4791                	li	a5,4
    546a:	fafa1fe3          	bne	s4,a5,5428 <_Z24MC_PULL_calibration_bootv+0x28e>
    546e:	200027b7          	lui	a5,0x20002
    5472:	22078593          	addi	a1,a5,544 # 20002220 <MC_PULL_V_OFFSET>
    5476:	4641                	li	a2,16
    5478:	1908                	addi	a0,sp,176
    547a:	c87fa0ef          	jal	ra,100 <memcpy>
    547e:	200005b7          	lui	a1,0x20000
    5482:	4641                	li	a2,16
    5484:	18058593          	addi	a1,a1,384 # 20000180 <MC_PULL_V_MIN>
    5488:	0188                	addi	a0,sp,192
    548a:	c77fa0ef          	jal	ra,100 <memcpy>
    548e:	200005b7          	lui	a1,0x20000
    5492:	4641                	li	a2,16
    5494:	17058593          	addi	a1,a1,368 # 20000170 <MC_PULL_V_MAX>
    5498:	0988                	addi	a0,sp,208
    549a:	c67fa0ef          	jal	ra,100 <memcpy>
    549e:	4781                	li	a5,0
    54a0:	4685                	li	a3,1
    54a2:	4711                	li	a4,4
    54a4:	5642                	lw	a2,48(sp)
    54a6:	963e                	add	a2,a2,a5
    54a8:	00060603          	lb	a2,0(a2)
    54ac:	00065763          	bgez	a2,54ba <_Z24MC_PULL_calibration_bootv+0x320>
    54b0:	4592                	lw	a1,4(sp)
    54b2:	00f69633          	sll	a2,a3,a5
    54b6:	8e4d                	or	a2,a2,a1
    54b8:	c232                	sw	a2,4(sp)
    54ba:	0785                	addi	a5,a5,1
    54bc:	fee794e3          	bne	a5,a4,54a4 <_Z24MC_PULL_calibration_bootv+0x30a>
    54c0:	4612                	lw	a2,4(sp)
    54c2:	324c45b7          	lui	a1,0x324c4
    54c6:	03000713          	li	a4,48
    54ca:	1914                	addi	a3,sp,176
    54cc:	14358593          	addi	a1,a1,323 # 324c4143 <__freertos_irq_stack_top+0x124bf143>
    54d0:	0800f537          	lui	a0,0x800f
    54d4:	b53ff0ef          	jal	ra,5026 <_ZL12nvm256_writemmtmPKvt.part.0.constprop.0>
    54d8:	00cd2403          	lw	s0,12(s10)
    54dc:	000d2a03          	lw	s4,0(s10)
    54e0:	004d2983          	lw	s3,4(s10)
    54e4:	008d2903          	lw	s2,8(s10)
    54e8:	84aa                	mv	s1,a0
    54ea:	acdff0ef          	jal	ra,4fb6 <_ZL19Motion_control_readv>
    54ee:	008d2623          	sw	s0,12(s10)
    54f2:	014d2023          	sw	s4,0(s10)
    54f6:	013d2223          	sw	s3,4(s10)
    54fa:	012d2423          	sw	s2,8(s10)
    54fe:	c39ff0ef          	jal	ra,5136 <_ZL19Motion_control_savev>
    5502:	47e2                	lw	a5,24(sp)
    5504:	842a                	mv	s0,a0
    5506:	48078063          	beqz	a5,5986 <_Z24MC_PULL_calibration_bootv+0x7ec>
    550a:	0b400713          	li	a4,180
    550e:	16800693          	li	a3,360
    5512:	4641                	li	a2,16
    5514:	45c1                	li	a1,16
    5516:	4501                	li	a0,0
    5518:	42049163          	bnez	s1,593a <_Z24MC_PULL_calibration_bootv+0x7a0>
    551c:	f65fc0ef          	jal	ra,2480 <_ZL14show_diag_stephhhii>
    5520:	0dc00713          	li	a4,220
    5524:	1cc00693          	li	a3,460
    5528:	4641                	li	a2,16
    552a:	4581                	li	a1,0
    552c:	4541                	li	a0,16
    552e:	f53fc0ef          	jal	ra,2480 <_ZL14show_diag_stephhhii>
    5532:	cc02                	sw	zero,24(sp)
    5534:	a939                	j	5952 <_Z24MC_PULL_calibration_bootv+0x7b8>
    5536:	04a15703          	lhu	a4,74(sp)
    553a:	03000793          	li	a5,48
    553e:	c8f71ee3          	bne	a4,a5,51da <_Z24MC_PULL_calibration_bootv+0x40>
    5542:	4641                	li	a2,16
    5544:	190c                	addi	a1,sp,176
    5546:	0908                	addi	a0,sp,144
    5548:	bb9fa0ef          	jal	ra,100 <memcpy>
    554c:	4641                	li	a2,16
    554e:	018c                	addi	a1,sp,192
    5550:	1888                	addi	a0,sp,112
    5552:	baffa0ef          	jal	ra,100 <memcpy>
    5556:	4641                	li	a2,16
    5558:	098c                	addi	a1,sp,208
    555a:	1088                	addi	a0,sp,96
    555c:	ba5fa0ef          	jal	ra,100 <memcpy>
    5560:	4646                	lw	a2,80(sp)
    5562:	4585                	li	a1,1
    5564:	4691                	li	a3,4
    5566:	008597b3          	sll	a5,a1,s0
    556a:	8ff1                	and	a5,a5,a2
    556c:	4705                	li	a4,1
    556e:	c391                	beqz	a5,5572 <_Z24MC_PULL_calibration_bootv+0x3d8>
    5570:	577d                	li	a4,-1
    5572:	00fc                	addi	a5,sp,76
    5574:	97a2                	add	a5,a5,s0
    5576:	a398                	sb	a4,0(a5)
    5578:	0405                	addi	s0,s0,1
    557a:	fed416e3          	bne	s0,a3,5566 <_Z24MC_PULL_calibration_bootv+0x3cc>
    557e:	20002537          	lui	a0,0x20002
    5582:	4641                	li	a2,16
    5584:	090c                	addi	a1,sp,144
    5586:	22050513          	addi	a0,a0,544 # 20002220 <MC_PULL_V_OFFSET>
    558a:	b77fa0ef          	jal	ra,100 <memcpy>
    558e:	20000537          	lui	a0,0x20000
    5592:	4641                	li	a2,16
    5594:	188c                	addi	a1,sp,112
    5596:	18050513          	addi	a0,a0,384 # 20000180 <MC_PULL_V_MIN>
    559a:	b67fa0ef          	jal	ra,100 <memcpy>
    559e:	20000537          	lui	a0,0x20000
    55a2:	4641                	li	a2,16
    55a4:	108c                	addi	a1,sp,96
    55a6:	17050513          	addi	a0,a0,368 # 20000170 <MC_PULL_V_MAX>
    55aa:	b57fa0ef          	jal	ra,100 <memcpy>
    55ae:	4781                	li	a5,0
    55b0:	82418713          	addi	a4,gp,-2012 # 200001b4 <MC_PULL_POLARITY>
    55b4:	4611                	li	a2,4
    55b6:	00f4                	addi	a3,sp,76
    55b8:	96be                	add	a3,a3,a5
    55ba:	00068583          	lb	a1,0(a3) # 8000 <main+0x1a64>
    55be:	4685                	li	a3,1
    55c0:	0005d363          	bgez	a1,55c6 <_Z24MC_PULL_calibration_bootv+0x42c>
    55c4:	56fd                	li	a3,-1
    55c6:	00f705b3          	add	a1,a4,a5
    55ca:	a194                	sb	a3,0(a1)
    55cc:	0785                	addi	a5,a5,1
    55ce:	fec794e3          	bne	a5,a2,55b6 <_Z24MC_PULL_calibration_bootv+0x41c>
    55d2:	612d                	addi	sp,sp,224
    55d4:	b8ffa06f          	j	162 <__riscv_restore_12>
    55d8:	014b2503          	lw	a0,20(s6)
    55dc:	b179                	j	526a <_Z24MC_PULL_calibration_bootv+0xd0>
    55de:	00cb2503          	lw	a0,12(s6)
    55e2:	b161                	j	526a <_Z24MC_PULL_calibration_bootv+0xd0>
    55e4:	004b2503          	lw	a0,4(s6)
    55e8:	b149                	j	526a <_Z24MC_PULL_calibration_bootv+0xd0>
    55ea:	109c                	addi	a5,sp,96
    55ec:	97da                	add	a5,a5,s6
    55ee:	438c                	lw	a1,0(a5)
    55f0:	4532                	lw	a0,12(sp)
    55f2:	5e0050ef          	jal	ra,abd2 <__subsf3>
    55f6:	4642                	lw	a2,16(sp)
    55f8:	46d2                	lw	a3,20(sp)
    55fa:	c088                	sw	a0,0(s1)
    55fc:	0049a583          	lw	a1,4(s3)
    5600:	0009a503          	lw	a0,0(s3)
    5604:	01540023          	sb	s5,0(s0)
    5608:	562040ef          	jal	ra,9b6a <__divdf3>
    560c:	561050ef          	jal	ra,b36c <__truncdfsf2>
    5610:	e7bfa0ef          	jal	ra,48a <_ZL22dm_key_v_to_centi_ceilf>
    5614:	00a50793          	addi	a5,a0,10
    5618:	0ff7f513          	zext.b	a0,a5
    561c:	0ff7f793          	zext.b	a5,a5
    5620:	00fc7463          	bgeu	s8,a5,5628 <_Z24MC_PULL_calibration_bootv+0x48e>
    5624:	08b00513          	li	a0,139
    5628:	0ff57793          	zext.b	a5,a0
    562c:	0197f463          	bgeu	a5,s9,5634 <_Z24MC_PULL_calibration_bootv+0x49a>
    5630:	03c00513          	li	a0,60
    5634:	2a9050ef          	jal	ra,b0dc <__floatunsisf>
    5638:	5592                	lw	a1,36(sp)
    563a:	2bc050ef          	jal	ra,a8f6 <__mulsf3>
    563e:	bb89                	j	5390 <_Z24MC_PULL_calibration_bootv+0x1f6>
    5640:	002a1793          	slli	a5,s4,0x2
    5644:	0898                	addi	a4,sp,80
    5646:	97ba                	add	a5,a5,a4
    5648:	4380                	lw	s0,0(a5)
    564a:	e000f7b7          	lui	a5,0xe000f
    564e:	479c                	lw	a5,8(a5)
    5650:	80000c37          	lui	s8,0x80000
    5654:	4b81                	li	s7,0
    5656:	d63e                	sw	a5,44(sp)
    5658:	8922                	mv	s2,s0
    565a:	89a2                	mv	s3,s0
    565c:	4c81                	li	s9,0
    565e:	1c7d                	addi	s8,s8,-1 # 7fffffff <__freertos_irq_stack_top+0x5fffafff>
    5660:	e000f7b7          	lui	a5,0xe000f
    5664:	0087aa83          	lw	s5,8(a5) # e000f008 <__freertos_irq_stack_top+0xc000a008>
    5668:	57b2                	lw	a5,44(sp)
    566a:	5712                	lw	a4,36(sp)
    566c:	40fa87b3          	sub	a5,s5,a5
    5670:	da3e                	sw	a5,52(sp)
    5672:	18e7f263          	bgeu	a5,a4,57f6 <_Z24MC_PULL_calibration_bootv+0x65c>
    5676:	d15fa0ef          	jal	ra,38a <_Z17ADC_DMA_get_valuev>
    567a:	85aa                	mv	a1,a0
    567c:	8552                	mv	a0,s4
    567e:	deffa0ef          	jal	ra,46c <_ZL15adc_pull_raw_chiPKf>
    5682:	5782                	lw	a5,32(sp)
    5684:	438c                	lw	a1,0(a5)
    5686:	293040ef          	jal	ra,a118 <__addsf3>
    568a:	4722                	lw	a4,8(sp)
    568c:	57d2                	lw	a5,52(sp)
    568e:	84aa                	mv	s1,a0
    5690:	46c1                	li	a3,16
    5692:	02e7d7b3          	divu	a5,a5,a4
    5696:	0c800713          	li	a4,200
    569a:	02e7d7b3          	divu	a5,a5,a4
    569e:	8b85                	andi	a5,a5,1
    56a0:	c391                	beqz	a5,56a4 <_Z24MC_PULL_calibration_bootv+0x50a>
    56a2:	4681                	li	a3,0
    56a4:	4502                	lw	a0,0(sp)
    56a6:	4601                	li	a2,0
    56a8:	4581                	li	a1,0
    56aa:	db3fc0ef          	jal	ra,245c <_ZN12WS2812_class14set_RGB_onlineEhhhhb.constprop.0>
    56ae:	9f0fc0ef          	jal	ra,189e <_Z10RGB_updatev>
    56b2:	020c9263          	bnez	s9,56d6 <_Z24MC_PULL_calibration_bootv+0x53c>
    56b6:	85a2                	mv	a1,s0
    56b8:	8526                	mv	a0,s1
    56ba:	518050ef          	jal	ra,abd2 <__subsf3>
    56be:	8781a583          	lw	a1,-1928(gp) # 20000208 <_ZL7g_scale+0x48>
    56c2:	00ac7533          	and	a0,s8,a0
    56c6:	102050ef          	jal	ra,a7c8 <__gesf2>
    56ca:	12055063          	bgez	a0,57ea <_Z24MC_PULL_calibration_bootv+0x650>
    56ce:	453d                	li	a0,15
    56d0:	b1bfb0ef          	jal	ra,11ea <delay.part.0>
    56d4:	b771                	j	5660 <_Z24MC_PULL_calibration_bootv+0x4c6>
    56d6:	85a6                	mv	a1,s1
    56d8:	854e                	mv	a0,s3
    56da:	0ee050ef          	jal	ra,a7c8 <__gesf2>
    56de:	00a05363          	blez	a0,56e4 <_Z24MC_PULL_calibration_bootv+0x54a>
    56e2:	89a6                	mv	s3,s1
    56e4:	85a6                	mv	a1,s1
    56e6:	854a                	mv	a0,s2
    56e8:	176050ef          	jal	ra,a85e <__lesf2>
    56ec:	00055363          	bgez	a0,56f2 <_Z24MC_PULL_calibration_bootv+0x558>
    56f0:	8926                	mv	s2,s1
    56f2:	85a2                	mv	a1,s0
    56f4:	8526                	mv	a0,s1
    56f6:	4dc050ef          	jal	ra,abd2 <__subsf3>
    56fa:	9a41a583          	lw	a1,-1628(gp) # 20000334 <_ZL7g_scale+0x174>
    56fe:	00ac7533          	and	a0,s8,a0
    5702:	15c050ef          	jal	ra,a85e <__lesf2>
    5706:	0ea04663          	bgtz	a0,57f2 <_Z24MC_PULL_calibration_bootv+0x658>
    570a:	000b9363          	bnez	s7,5710 <_Z24MC_PULL_calibration_bootv+0x576>
    570e:	8bd6                	mv	s7,s5
    5710:	57a2                	lw	a5,40(sp)
    5712:	417a8ab3          	sub	s5,s5,s7
    5716:	fafaece3          	bltu	s5,a5,56ce <_Z24MC_PULL_calibration_bootv+0x534>
    571a:	85ce                	mv	a1,s3
    571c:	8522                	mv	a0,s0
    571e:	4b4050ef          	jal	ra,abd2 <__subsf3>
    5722:	84aa                	mv	s1,a0
    5724:	85a2                	mv	a1,s0
    5726:	854a                	mv	a0,s2
    5728:	4aa050ef          	jal	ra,abd2 <__subsf3>
    572c:	85aa                	mv	a1,a0
    572e:	8526                	mv	a0,s1
    5730:	12e050ef          	jal	ra,a85e <__lesf2>
    5734:	4a85                	li	s5,1
    5736:	00055963          	bgez	a0,5748 <_Z24MC_PULL_calibration_bootv+0x5ae>
    573a:	8841a503          	lw	a0,-1916(gp) # 20000214 <_ZL7g_scale+0x54>
    573e:	85ca                	mv	a1,s2
    5740:	5afd                	li	s5,-1
    5742:	490050ef          	jal	ra,abd2 <__subsf3>
    5746:	89aa                	mv	s3,a0
    5748:	4502                	lw	a0,0(sp)
    574a:	4681                	li	a3,0
    574c:	4601                	li	a2,0
    574e:	4581                	li	a1,0
    5750:	d0dfc0ef          	jal	ra,245c <_ZN12WS2812_class14set_RGB_onlineEhhhhb.constprop.0>
    5754:	94afc0ef          	jal	ra,189e <_Z10RGB_updatev>
    5758:	8552                	mv	a0,s4
    575a:	cc2ff0ef          	jal	ra,4c1c <_ZL9blink_oneihhhiii.constprop.0>
    575e:	e000f7b7          	lui	a5,0xe000f
    5762:	479c                	lw	a5,8(a5)
    5764:	4c01                	li	s8,0
    5766:	84a2                	mv	s1,s0
    5768:	d63e                	sw	a5,44(sp)
    576a:	800007b7          	lui	a5,0x80000
    576e:	17fd                	addi	a5,a5,-1 # 7fffffff <__freertos_irq_stack_top+0x5fffafff>
    5770:	4c81                	li	s9,0
    5772:	da3e                	sw	a5,52(sp)
    5774:	e000f7b7          	lui	a5,0xe000f
    5778:	0087ab83          	lw	s7,8(a5) # e000f008 <__freertos_irq_stack_top+0xc000a008>
    577c:	57b2                	lw	a5,44(sp)
    577e:	5712                	lw	a4,36(sp)
    5780:	40fb87b3          	sub	a5,s7,a5
    5784:	de3e                	sw	a5,60(sp)
    5786:	1ae7f063          	bgeu	a5,a4,5926 <_Z24MC_PULL_calibration_bootv+0x78c>
    578a:	c01fa0ef          	jal	ra,38a <_Z17ADC_DMA_get_valuev>
    578e:	85aa                	mv	a1,a0
    5790:	8552                	mv	a0,s4
    5792:	cdbfa0ef          	jal	ra,46c <_ZL15adc_pull_raw_chiPKf>
    5796:	5782                	lw	a5,32(sp)
    5798:	438c                	lw	a1,0(a5)
    579a:	17f040ef          	jal	ra,a118 <__addsf3>
    579e:	4722                	lw	a4,8(sp)
    57a0:	57f2                	lw	a5,60(sp)
    57a2:	892a                	mv	s2,a0
    57a4:	4681                	li	a3,0
    57a6:	02e7d7b3          	divu	a5,a5,a4
    57aa:	0c800713          	li	a4,200
    57ae:	4601                	li	a2,0
    57b0:	45c1                	li	a1,16
    57b2:	02e7d7b3          	divu	a5,a5,a4
    57b6:	8b85                	andi	a5,a5,1
    57b8:	c391                	beqz	a5,57bc <_Z24MC_PULL_calibration_bootv+0x622>
    57ba:	4581                	li	a1,0
    57bc:	4502                	lw	a0,0(sp)
    57be:	c9ffc0ef          	jal	ra,245c <_ZN12WS2812_class14set_RGB_onlineEhhhhb.constprop.0>
    57c2:	8dcfc0ef          	jal	ra,189e <_Z10RGB_updatev>
    57c6:	57fd                	li	a5,-1
    57c8:	060c9063          	bnez	s9,5828 <_Z24MC_PULL_calibration_bootv+0x68e>
    57cc:	04fa9063          	bne	s5,a5,580c <_Z24MC_PULL_calibration_bootv+0x672>
    57d0:	8781a583          	lw	a1,-1928(gp) # 20000208 <_ZL7g_scale+0x48>
    57d4:	8522                	mv	a0,s0
    57d6:	3fc050ef          	jal	ra,abd2 <__subsf3>
    57da:	85ca                	mv	a1,s2
    57dc:	7ed040ef          	jal	ra,a7c8 <__gesf2>
    57e0:	04a05063          	blez	a0,5820 <_Z24MC_PULL_calibration_bootv+0x686>
    57e4:	4cb2                	lw	s9,12(sp)
    57e6:	84ca                	mv	s1,s2
    57e8:	a825                	j	5820 <_Z24MC_PULL_calibration_bootv+0x686>
    57ea:	4cb2                	lw	s9,12(sp)
    57ec:	8926                	mv	s2,s1
    57ee:	89a6                	mv	s3,s1
    57f0:	bdf9                	j	56ce <_Z24MC_PULL_calibration_bootv+0x534>
    57f2:	4b81                	li	s7,0
    57f4:	bde9                	j	56ce <_Z24MC_PULL_calibration_bootv+0x534>
    57f6:	4502                	lw	a0,0(sp)
    57f8:	4681                	li	a3,0
    57fa:	4601                	li	a2,0
    57fc:	4581                	li	a1,0
    57fe:	c5ffc0ef          	jal	ra,245c <_ZN12WS2812_class14set_RGB_onlineEhhhhb.constprop.0>
    5802:	89a2                	mv	s3,s0
    5804:	89afc0ef          	jal	ra,189e <_Z10RGB_updatev>
    5808:	4a85                	li	s5,1
    580a:	bf91                	j	575e <_Z24MC_PULL_calibration_bootv+0x5c4>
    580c:	8781a583          	lw	a1,-1928(gp) # 20000208 <_ZL7g_scale+0x48>
    5810:	8522                	mv	a0,s0
    5812:	107040ef          	jal	ra,a118 <__addsf3>
    5816:	85ca                	mv	a1,s2
    5818:	046050ef          	jal	ra,a85e <__lesf2>
    581c:	fc0544e3          	bltz	a0,57e4 <_Z24MC_PULL_calibration_bootv+0x64a>
    5820:	453d                	li	a0,15
    5822:	9c9fb0ef          	jal	ra,11ea <delay.part.0>
    5826:	b7b9                	j	5774 <_Z24MC_PULL_calibration_bootv+0x5da>
    5828:	85ca                	mv	a1,s2
    582a:	8526                	mv	a0,s1
    582c:	00fa9863          	bne	s5,a5,583c <_Z24MC_PULL_calibration_bootv+0x6a2>
    5830:	799040ef          	jal	ra,a7c8 <__gesf2>
    5834:	00a05863          	blez	a0,5844 <_Z24MC_PULL_calibration_bootv+0x6aa>
    5838:	84ca                	mv	s1,s2
    583a:	a029                	j	5844 <_Z24MC_PULL_calibration_bootv+0x6aa>
    583c:	022050ef          	jal	ra,a85e <__lesf2>
    5840:	fe054ce3          	bltz	a0,5838 <_Z24MC_PULL_calibration_bootv+0x69e>
    5844:	85a2                	mv	a1,s0
    5846:	854a                	mv	a0,s2
    5848:	38a050ef          	jal	ra,abd2 <__subsf3>
    584c:	9a41a583          	lw	a1,-1628(gp) # 20000334 <_ZL7g_scale+0x174>
    5850:	57d2                	lw	a5,52(sp)
    5852:	8d7d                	and	a0,a0,a5
    5854:	00a050ef          	jal	ra,a85e <__lesf2>
    5858:	0ca04563          	bgtz	a0,5922 <_Z24MC_PULL_calibration_bootv+0x788>
    585c:	000c1363          	bnez	s8,5862 <_Z24MC_PULL_calibration_bootv+0x6c8>
    5860:	8c5e                	mv	s8,s7
    5862:	57a2                	lw	a5,40(sp)
    5864:	418b8bb3          	sub	s7,s7,s8
    5868:	fafbece3          	bltu	s7,a5,5820 <_Z24MC_PULL_calibration_bootv+0x686>
    586c:	57fd                	li	a5,-1
    586e:	00fa9863          	bne	s5,a5,587e <_Z24MC_PULL_calibration_bootv+0x6e4>
    5872:	8841a503          	lw	a0,-1916(gp) # 20000214 <_ZL7g_scale+0x54>
    5876:	85a6                	mv	a1,s1
    5878:	35a050ef          	jal	ra,abd2 <__subsf3>
    587c:	84aa                	mv	s1,a0
    587e:	4502                	lw	a0,0(sp)
    5880:	4681                	li	a3,0
    5882:	4601                	li	a2,0
    5884:	4581                	li	a1,0
    5886:	bd7fc0ef          	jal	ra,245c <_ZN12WS2812_class14set_RGB_onlineEhhhhb.constprop.0>
    588a:	814fc0ef          	jal	ra,189e <_Z10RGB_updatev>
    588e:	8552                	mv	a0,s4
    5890:	b8cff0ef          	jal	ra,4c1c <_ZL9blink_oneihhhiii.constprop.0>
    5894:	8701a583          	lw	a1,-1936(gp) # 20000200 <_ZL7g_scale+0x40>
    5898:	8522                	mv	a0,s0
    589a:	338050ef          	jal	ra,abd2 <__subsf3>
    589e:	85ce                	mv	a1,s3
    58a0:	892a                	mv	s2,a0
    58a2:	7bd040ef          	jal	ra,a85e <__lesf2>
    58a6:	00054363          	bltz	a0,58ac <_Z24MC_PULL_calibration_bootv+0x712>
    58aa:	894e                	mv	s2,s3
    58ac:	8701a583          	lw	a1,-1936(gp) # 20000200 <_ZL7g_scale+0x40>
    58b0:	8522                	mv	a0,s0
    58b2:	067040ef          	jal	ra,a118 <__addsf3>
    58b6:	85a6                	mv	a1,s1
    58b8:	89aa                	mv	s3,a0
    58ba:	70f040ef          	jal	ra,a7c8 <__gesf2>
    58be:	00a04363          	bgtz	a0,58c4 <_Z24MC_PULL_calibration_bootv+0x72a>
    58c2:	89a6                	mv	s3,s1
    58c4:	8781a583          	lw	a1,-1928(gp) # 20000208 <_ZL7g_scale+0x48>
    58c8:	854a                	mv	a0,s2
    58ca:	04f040ef          	jal	ra,a118 <__addsf3>
    58ce:	85ce                	mv	a1,s3
    58d0:	6f9040ef          	jal	ra,a7c8 <__gesf2>
    58d4:	00054e63          	bltz	a0,58f0 <_Z24MC_PULL_calibration_bootv+0x756>
    58d8:	8781a583          	lw	a1,-1928(gp) # 20000208 <_ZL7g_scale+0x48>
    58dc:	8522                	mv	a0,s0
    58de:	2f4050ef          	jal	ra,abd2 <__subsf3>
    58e2:	8781a583          	lw	a1,-1928(gp) # 20000208 <_ZL7g_scale+0x48>
    58e6:	892a                	mv	s2,a0
    58e8:	8522                	mv	a0,s0
    58ea:	02f040ef          	jal	ra,a118 <__addsf3>
    58ee:	89aa                	mv	s3,a0
    58f0:	47c2                	lw	a5,16(sp)
    58f2:	012da023          	sw	s2,0(s11)
    58f6:	0137a023          	sw	s3,0(a5)
    58fa:	57fd                	li	a5,-1
    58fc:	00fa8363          	beq	s5,a5,5902 <_Z24MC_PULL_calibration_bootv+0x768>
    5900:	4a85                	li	s5,1
    5902:	47f2                	lw	a5,28(sp)
    5904:	4502                	lw	a0,0(sp)
    5906:	4681                	li	a3,0
    5908:	01578023          	sb	s5,0(a5)
    590c:	4601                	li	a2,0
    590e:	4581                	li	a1,0
    5910:	b4dfc0ef          	jal	ra,245c <_ZN12WS2812_class14set_RGB_onlineEhhhhb.constprop.0>
    5914:	f8bfb0ef          	jal	ra,189e <_Z10RGB_updatev>
    5918:	05000513          	li	a0,80
    591c:	8cffb0ef          	jal	ra,11ea <delay.part.0>
    5920:	b62d                	j	544a <_Z24MC_PULL_calibration_bootv+0x2b0>
    5922:	4c01                	li	s8,0
    5924:	bdf5                	j	5820 <_Z24MC_PULL_calibration_bootv+0x686>
    5926:	4502                	lw	a0,0(sp)
    5928:	4681                	li	a3,0
    592a:	4601                	li	a2,0
    592c:	4581                	li	a1,0
    592e:	b2ffc0ef          	jal	ra,245c <_ZN12WS2812_class14set_RGB_onlineEhhhhb.constprop.0>
    5932:	84a2                	mv	s1,s0
    5934:	f6bfb0ef          	jal	ra,189e <_Z10RGB_updatev>
    5938:	bfb1                	j	5894 <_Z24MC_PULL_calibration_bootv+0x6fa>
    593a:	b47fc0ef          	jal	ra,2480 <_ZL14show_diag_stephhhii>
    593e:	cc22                	sw	s0,24(sp)
    5940:	0b400713          	li	a4,180
    5944:	16800693          	li	a3,360
    5948:	4601                	li	a2,0
    594a:	45c1                	li	a1,16
    594c:	4541                	li	a0,16
    594e:	b33fc0ef          	jal	ra,2480 <_ZL14show_diag_stephhhii>
    5952:	c431                	beqz	s0,599e <_Z24MC_PULL_calibration_bootv+0x804>
    5954:	0b400713          	li	a4,180
    5958:	16800693          	li	a3,360
    595c:	4641                	li	a2,16
    595e:	4581                	li	a1,0
    5960:	4501                	li	a0,0
    5962:	b1ffc0ef          	jal	ra,2480 <_ZL14show_diag_stephhhii>
    5966:	47e2                	lw	a5,24(sp)
    5968:	c3b9                	beqz	a5,59ae <_Z24MC_PULL_calibration_bootv+0x814>
    596a:	0dc00713          	li	a4,220
    596e:	0dc00693          	li	a3,220
    5972:	4609                	li	a2,2
    5974:	45c1                	li	a1,16
    5976:	4501                	li	a0,0
    5978:	a3eff0ef          	jal	ra,4bb6 <_ZL9blink_allhhhiii.constprop.0>
    597c:	0c800513          	li	a0,200
    5980:	86bfb0ef          	jal	ra,11ea <delay.part.0>
    5984:	b1b9                	j	55d2 <_Z24MC_PULL_calibration_bootv+0x438>
    5986:	0dc00713          	li	a4,220
    598a:	1cc00693          	li	a3,460
    598e:	4601                	li	a2,0
    5990:	4581                	li	a1,0
    5992:	4541                	li	a0,16
    5994:	aedfc0ef          	jal	ra,2480 <_ZL14show_diag_stephhhii>
    5998:	b80484e3          	beqz	s1,5520 <_Z24MC_PULL_calibration_bootv+0x386>
    599c:	b755                	j	5940 <_Z24MC_PULL_calibration_bootv+0x7a6>
    599e:	0dc00713          	li	a4,220
    59a2:	1cc00693          	li	a3,460
    59a6:	4641                	li	a2,16
    59a8:	45c1                	li	a1,16
    59aa:	4541                	li	a0,16
    59ac:	bf5d                	j	5962 <_Z24MC_PULL_calibration_bootv+0x7c8>
    59ae:	10400713          	li	a4,260
    59b2:	10400693          	li	a3,260
    59b6:	4609                	li	a2,2
    59b8:	4581                	li	a1,0
    59ba:	4541                	li	a0,16
    59bc:	bf75                	j	5978 <_Z24MC_PULL_calibration_bootv+0x7de>

000059be <_ZN20AS5600_soft_IIC_many12sda_mode_ipuEi.constprop.0>:
    59be:	f98fa2ef          	jal	t0,156 <__riscv_save_0>
    59c2:	200027b7          	lui	a5,0x20002
    59c6:	cc878793          	addi	a5,a5,-824 # 20001cc8 <MC_AS5600>
    59ca:	5ff8                	lw	a4,124(a5)
    59cc:	0847a783          	lw	a5,132(a5)
    59d0:	00251693          	slli	a3,a0,0x2
    59d4:	0506                	slli	a0,a0,0x1
    59d6:	9736                	add	a4,a4,a3
    59d8:	97aa                	add	a5,a5,a0
    59da:	4300                	lw	s0,0(a4)
    59dc:	238a                	lhu	a0,0(a5)
    59de:	c808                	sw	a0,16(s0)
    59e0:	696030ef          	jal	ra,9076 <__ctzsi2>
    59e4:	479d                	li	a5,7
    59e6:	86a2                	mv	a3,s0
    59e8:	00a7d463          	bge	a5,a0,59f0 <_ZN20AS5600_soft_IIC_many12sda_mode_ipuEi.constprop.0+0x32>
    59ec:	00440693          	addi	a3,s0,4
    59f0:	891d                	andi	a0,a0,7
    59f2:	4298                	lw	a4,0(a3)
    59f4:	050a                	slli	a0,a0,0x2
    59f6:	47bd                	li	a5,15
    59f8:	00a797b3          	sll	a5,a5,a0
    59fc:	fff7c793          	not	a5,a5
    5a00:	8ff9                	and	a5,a5,a4
    5a02:	4721                	li	a4,8
    5a04:	00a71733          	sll	a4,a4,a0
    5a08:	8fd9                	or	a5,a5,a4
    5a0a:	c29c                	sw	a5,0(a3)
    5a0c:	f6efa06f          	j	17a <__riscv_restore_0>

00005a10 <_ZN20AS5600_soft_IIC_many11sda_mode_odEi.constprop.0>:
    5a10:	f46fa2ef          	jal	t0,156 <__riscv_save_0>
    5a14:	200027b7          	lui	a5,0x20002
    5a18:	cc878793          	addi	a5,a5,-824 # 20001cc8 <MC_AS5600>
    5a1c:	5ff8                	lw	a4,124(a5)
    5a1e:	0847a783          	lw	a5,132(a5)
    5a22:	00251693          	slli	a3,a0,0x2
    5a26:	0506                	slli	a0,a0,0x1
    5a28:	97aa                	add	a5,a5,a0
    5a2a:	2386                	lhu	s1,0(a5)
    5a2c:	9736                	add	a4,a4,a3
    5a2e:	4300                	lw	s0,0(a4)
    5a30:	8526                	mv	a0,s1
    5a32:	644030ef          	jal	ra,9076 <__ctzsi2>
    5a36:	479d                	li	a5,7
    5a38:	86a2                	mv	a3,s0
    5a3a:	00a7d463          	bge	a5,a0,5a42 <_ZN20AS5600_soft_IIC_many11sda_mode_odEi.constprop.0+0x32>
    5a3e:	00440693          	addi	a3,s0,4
    5a42:	891d                	andi	a0,a0,7
    5a44:	4298                	lw	a4,0(a3)
    5a46:	050a                	slli	a0,a0,0x2
    5a48:	47bd                	li	a5,15
    5a4a:	00a797b3          	sll	a5,a5,a0
    5a4e:	fff7c793          	not	a5,a5
    5a52:	8ff9                	and	a5,a5,a4
    5a54:	471d                	li	a4,7
    5a56:	00a71733          	sll	a4,a4,a0
    5a5a:	8fd9                	or	a5,a5,a4
    5a5c:	c29c                	sw	a5,0(a3)
    5a5e:	c804                	sw	s1,16(s0)
    5a60:	f1afa06f          	j	17a <__riscv_restore_0>

00005a64 <_ZN20AS5600_soft_IIC_many8read_iicEb.constprop.0>:
    5a64:	ed8fa2ef          	jal	t0,13c <__riscv_save_4>
    5a68:	20002437          	lui	s0,0x20002
    5a6c:	89aa                	mv	s3,a0
    5a6e:	4481                	li	s1,0
    5a70:	cc840413          	addi	s0,s0,-824 # 20001cc8 <MC_AS5600>
    5a74:	481c                	lw	a5,16(s0)
    5a76:	06f4c363          	blt	s1,a5,5adc <_ZN20AS5600_soft_IIC_many8read_iicEb.constprop.0+0x78>
    5a7a:	4a21                	li	s4,8
    5a7c:	200004b7          	lui	s1,0x20000
    5a80:	e000f937          	lui	s2,0xe000f
    5a84:	1944a703          	lw	a4,404(s1) # 20000194 <_ZL17g_iic_delay_ticks>
    5a88:	e72d                	bnez	a4,5af2 <_ZN20AS5600_soft_IIC_many8read_iicEb.constprop.0+0x8e>
    5a8a:	08842583          	lw	a1,136(s0)
    5a8e:	08042503          	lw	a0,128(s0)
    5a92:	a34fc0ef          	jal	ra,1cc6 <_ZN20AS5600_soft_IIC_many5set_hEPKP12GPIO_TypeDefPKt.constprop.0>
    5a96:	1944a703          	lw	a4,404(s1)
    5a9a:	e72d                	bnez	a4,5b04 <_ZN20AS5600_soft_IIC_many8read_iicEb.constprop.0+0xa0>
    5a9c:	480c                	lw	a1,16(s0)
    5a9e:	5c68                	lw	a0,124(s0)
    5aa0:	08442803          	lw	a6,132(s0)
    5aa4:	4454                	lw	a3,12(s0)
    5aa6:	4701                	li	a4,0
    5aa8:	06b74763          	blt	a4,a1,5b16 <_ZN20AS5600_soft_IIC_many8read_iicEb.constprop.0+0xb2>
    5aac:	08842583          	lw	a1,136(s0)
    5ab0:	08042503          	lw	a0,128(s0)
    5ab4:	1a7d                	addi	s4,s4,-1
    5ab6:	a4afc0ef          	jal	ra,1d00 <_ZN20AS5600_soft_IIC_many5set_lEPKP12GPIO_TypeDefPKt.constprop.0>
    5aba:	fc0a15e3          	bnez	s4,5a84 <_ZN20AS5600_soft_IIC_many8read_iicEb.constprop.0+0x20>
    5abe:	4901                	li	s2,0
    5ac0:	481c                	lw	a5,16(s0)
    5ac2:	08f94263          	blt	s2,a5,5b46 <_ZN20AS5600_soft_IIC_many8read_iicEb.constprop.0+0xe2>
    5ac6:	1944a703          	lw	a4,404(s1)
    5aca:	e359                	bnez	a4,5b50 <_ZN20AS5600_soft_IIC_many8read_iicEb.constprop.0+0xec>
    5acc:	5c68                	lw	a0,124(s0)
    5ace:	08442583          	lw	a1,132(s0)
    5ad2:	08099a63          	bnez	s3,5b66 <_ZN20AS5600_soft_IIC_many8read_iicEb.constprop.0+0x102>
    5ad6:	9f0fc0ef          	jal	ra,1cc6 <_ZN20AS5600_soft_IIC_many5set_hEPKP12GPIO_TypeDefPKt.constprop.0>
    5ada:	a841                	j	5b6a <_ZN20AS5600_soft_IIC_many8read_iicEb.constprop.0+0x106>
    5adc:	5c3c                	lw	a5,120(s0)
    5ade:	00249713          	slli	a4,s1,0x2
    5ae2:	97ba                	add	a5,a5,a4
    5ae4:	439c                	lw	a5,0(a5)
    5ae6:	e781                	bnez	a5,5aee <_ZN20AS5600_soft_IIC_many8read_iicEb.constprop.0+0x8a>
    5ae8:	8526                	mv	a0,s1
    5aea:	ed5ff0ef          	jal	ra,59be <_ZN20AS5600_soft_IIC_many12sda_mode_ipuEi.constprop.0>
    5aee:	0485                	addi	s1,s1,1
    5af0:	b751                	j	5a74 <_ZN20AS5600_soft_IIC_many8read_iicEb.constprop.0+0x10>
    5af2:	00892683          	lw	a3,8(s2) # e000f008 <__freertos_irq_stack_top+0xc000a008>
    5af6:	00892783          	lw	a5,8(s2)
    5afa:	8f95                	sub	a5,a5,a3
    5afc:	f8e7f7e3          	bgeu	a5,a4,5a8a <_ZN20AS5600_soft_IIC_many8read_iicEb.constprop.0+0x26>
    5b00:	0001                	nop
    5b02:	bfd5                	j	5af6 <_ZN20AS5600_soft_IIC_many8read_iicEb.constprop.0+0x92>
    5b04:	00892683          	lw	a3,8(s2)
    5b08:	00892783          	lw	a5,8(s2)
    5b0c:	8f95                	sub	a5,a5,a3
    5b0e:	f8e7f7e3          	bgeu	a5,a4,5a9c <_ZN20AS5600_soft_IIC_many8read_iicEb.constprop.0+0x38>
    5b12:	0001                	nop
    5b14:	bfd5                	j	5b08 <_ZN20AS5600_soft_IIC_many8read_iicEb.constprop.0+0xa4>
    5b16:	229e                	lhu	a5,0(a3)
    5b18:	00271613          	slli	a2,a4,0x2
    5b1c:	962a                	add	a2,a2,a0
    5b1e:	4210                	lw	a2,0(a2)
    5b20:	0786                	slli	a5,a5,0x1
    5b22:	07c2                	slli	a5,a5,0x10
    5b24:	00862883          	lw	a7,8(a2)
    5b28:	83c1                	srli	a5,a5,0x10
    5b2a:	00171613          	slli	a2,a4,0x1
    5b2e:	a29e                	sh	a5,0(a3)
    5b30:	9642                	add	a2,a2,a6
    5b32:	2212                	lhu	a2,0(a2)
    5b34:	01167633          	and	a2,a2,a7
    5b38:	c601                	beqz	a2,5b40 <_ZN20AS5600_soft_IIC_many8read_iicEb.constprop.0+0xdc>
    5b3a:	0017e793          	ori	a5,a5,1
    5b3e:	a29e                	sh	a5,0(a3)
    5b40:	0705                	addi	a4,a4,1
    5b42:	0689                	addi	a3,a3,2
    5b44:	b795                	j	5aa8 <_ZN20AS5600_soft_IIC_many8read_iicEb.constprop.0+0x44>
    5b46:	854a                	mv	a0,s2
    5b48:	ec9ff0ef          	jal	ra,5a10 <_ZN20AS5600_soft_IIC_many11sda_mode_odEi.constprop.0>
    5b4c:	0905                	addi	s2,s2,1
    5b4e:	bf8d                	j	5ac0 <_ZN20AS5600_soft_IIC_many8read_iicEb.constprop.0+0x5c>
    5b50:	e000f7b7          	lui	a5,0xe000f
    5b54:	4794                	lw	a3,8(a5)
    5b56:	e000f637          	lui	a2,0xe000f
    5b5a:	461c                	lw	a5,8(a2)
    5b5c:	8f95                	sub	a5,a5,a3
    5b5e:	f6e7f7e3          	bgeu	a5,a4,5acc <_ZN20AS5600_soft_IIC_many8read_iicEb.constprop.0+0x68>
    5b62:	0001                	nop
    5b64:	bfdd                	j	5b5a <_ZN20AS5600_soft_IIC_many8read_iicEb.constprop.0+0xf6>
    5b66:	99afc0ef          	jal	ra,1d00 <_ZN20AS5600_soft_IIC_many5set_lEPKP12GPIO_TypeDefPKt.constprop.0>
    5b6a:	1944a703          	lw	a4,404(s1)
    5b6e:	e70d                	bnez	a4,5b98 <_ZN20AS5600_soft_IIC_many8read_iicEb.constprop.0+0x134>
    5b70:	08842583          	lw	a1,136(s0)
    5b74:	08042503          	lw	a0,128(s0)
    5b78:	94efc0ef          	jal	ra,1cc6 <_ZN20AS5600_soft_IIC_many5set_hEPKP12GPIO_TypeDefPKt.constprop.0>
    5b7c:	1944a703          	lw	a4,404(s1)
    5b80:	e71d                	bnez	a4,5bae <_ZN20AS5600_soft_IIC_many8read_iicEb.constprop.0+0x14a>
    5b82:	08842583          	lw	a1,136(s0)
    5b86:	08042503          	lw	a0,128(s0)
    5b8a:	976fc0ef          	jal	ra,1d00 <_ZN20AS5600_soft_IIC_many5set_lEPKP12GPIO_TypeDefPKt.constprop.0>
    5b8e:	1944a703          	lw	a4,404(s1)
    5b92:	eb0d                	bnez	a4,5bc4 <_ZN20AS5600_soft_IIC_many8read_iicEb.constprop.0+0x160>
    5b94:	ddcfa06f          	j	170 <__riscv_restore_4>
    5b98:	e000f7b7          	lui	a5,0xe000f
    5b9c:	4794                	lw	a3,8(a5)
    5b9e:	e000f637          	lui	a2,0xe000f
    5ba2:	461c                	lw	a5,8(a2)
    5ba4:	8f95                	sub	a5,a5,a3
    5ba6:	fce7f5e3          	bgeu	a5,a4,5b70 <_ZN20AS5600_soft_IIC_many8read_iicEb.constprop.0+0x10c>
    5baa:	0001                	nop
    5bac:	bfdd                	j	5ba2 <_ZN20AS5600_soft_IIC_many8read_iicEb.constprop.0+0x13e>
    5bae:	e000f7b7          	lui	a5,0xe000f
    5bb2:	4794                	lw	a3,8(a5)
    5bb4:	e000f637          	lui	a2,0xe000f
    5bb8:	461c                	lw	a5,8(a2)
    5bba:	8f95                	sub	a5,a5,a3
    5bbc:	fce7f3e3          	bgeu	a5,a4,5b82 <_ZN20AS5600_soft_IIC_many8read_iicEb.constprop.0+0x11e>
    5bc0:	0001                	nop
    5bc2:	bfdd                	j	5bb8 <_ZN20AS5600_soft_IIC_many8read_iicEb.constprop.0+0x154>
    5bc4:	e000f7b7          	lui	a5,0xe000f
    5bc8:	4794                	lw	a3,8(a5)
    5bca:	e000f637          	lui	a2,0xe000f
    5bce:	461c                	lw	a5,8(a2)
    5bd0:	8f95                	sub	a5,a5,a3
    5bd2:	fce7f1e3          	bgeu	a5,a4,5b94 <_ZN20AS5600_soft_IIC_many8read_iicEb.constprop.0+0x130>
    5bd6:	0001                	nop
    5bd8:	bfdd                	j	5bce <_ZN20AS5600_soft_IIC_many8read_iicEb.constprop.0+0x16a>

00005bda <_ZN20AS5600_soft_IIC_many9write_iicEh.constprop.0>:
    5bda:	d62fa2ef          	jal	t0,13c <__riscv_save_4>
    5bde:	20002437          	lui	s0,0x20002
    5be2:	8aaa                	mv	s5,a0
    5be4:	4a21                	li	s4,8
    5be6:	08000993          	li	s3,128
    5bea:	200004b7          	lui	s1,0x20000
    5bee:	e000f937          	lui	s2,0xe000f
    5bf2:	cc840413          	addi	s0,s0,-824 # 20001cc8 <MC_AS5600>
    5bf6:	1944a703          	lw	a4,404(s1) # 20000194 <_ZL17g_iic_delay_ticks>
    5bfa:	eb11                	bnez	a4,5c0e <_ZN20AS5600_soft_IIC_many9write_iicEh.constprop.0+0x34>
    5bfc:	013af7b3          	and	a5,s5,s3
    5c00:	5c68                	lw	a0,124(s0)
    5c02:	08442583          	lw	a1,132(s0)
    5c06:	ef89                	bnez	a5,5c20 <_ZN20AS5600_soft_IIC_many9write_iicEh.constprop.0+0x46>
    5c08:	8f8fc0ef          	jal	ra,1d00 <_ZN20AS5600_soft_IIC_many5set_lEPKP12GPIO_TypeDefPKt.constprop.0>
    5c0c:	a821                	j	5c24 <_ZN20AS5600_soft_IIC_many9write_iicEh.constprop.0+0x4a>
    5c0e:	00892683          	lw	a3,8(s2) # e000f008 <__freertos_irq_stack_top+0xc000a008>
    5c12:	00892783          	lw	a5,8(s2)
    5c16:	8f95                	sub	a5,a5,a3
    5c18:	fee7f2e3          	bgeu	a5,a4,5bfc <_ZN20AS5600_soft_IIC_many9write_iicEh.constprop.0+0x22>
    5c1c:	0001                	nop
    5c1e:	bfd5                	j	5c12 <_ZN20AS5600_soft_IIC_many9write_iicEh.constprop.0+0x38>
    5c20:	8a6fc0ef          	jal	ra,1cc6 <_ZN20AS5600_soft_IIC_many5set_hEPKP12GPIO_TypeDefPKt.constprop.0>
    5c24:	08842583          	lw	a1,136(s0)
    5c28:	08042503          	lw	a0,128(s0)
    5c2c:	89afc0ef          	jal	ra,1cc6 <_ZN20AS5600_soft_IIC_many5set_hEPKP12GPIO_TypeDefPKt.constprop.0>
    5c30:	1944a703          	lw	a4,404(s1)
    5c34:	eb2d                	bnez	a4,5ca6 <_ZN20AS5600_soft_IIC_many9write_iicEh.constprop.0+0xcc>
    5c36:	08842583          	lw	a1,136(s0)
    5c3a:	08042503          	lw	a0,128(s0)
    5c3e:	1a7d                	addi	s4,s4,-1
    5c40:	0019d993          	srli	s3,s3,0x1
    5c44:	8bcfc0ef          	jal	ra,1d00 <_ZN20AS5600_soft_IIC_many5set_lEPKP12GPIO_TypeDefPKt.constprop.0>
    5c48:	fa0a17e3          	bnez	s4,5bf6 <_ZN20AS5600_soft_IIC_many9write_iicEh.constprop.0+0x1c>
    5c4c:	08442583          	lw	a1,132(s0)
    5c50:	5c68                	lw	a0,124(s0)
    5c52:	4901                	li	s2,0
    5c54:	872fc0ef          	jal	ra,1cc6 <_ZN20AS5600_soft_IIC_many5set_hEPKP12GPIO_TypeDefPKt.constprop.0>
    5c58:	481c                	lw	a5,16(s0)
    5c5a:	04f94f63          	blt	s2,a5,5cb8 <_ZN20AS5600_soft_IIC_many9write_iicEh.constprop.0+0xde>
    5c5e:	1944a703          	lw	a4,404(s1)
    5c62:	e735                	bnez	a4,5cce <_ZN20AS5600_soft_IIC_many9write_iicEh.constprop.0+0xf4>
    5c64:	08842583          	lw	a1,136(s0)
    5c68:	08042503          	lw	a0,128(s0)
    5c6c:	85afc0ef          	jal	ra,1cc6 <_ZN20AS5600_soft_IIC_many5set_hEPKP12GPIO_TypeDefPKt.constprop.0>
    5c70:	1944a703          	lw	a4,404(s1)
    5c74:	eb25                	bnez	a4,5ce4 <_ZN20AS5600_soft_IIC_many9write_iicEh.constprop.0+0x10a>
    5c76:	5c70                	lw	a2,124(s0)
    5c78:	08442583          	lw	a1,132(s0)
    5c7c:	5c38                	lw	a4,120(s0)
    5c7e:	4781                	li	a5,0
    5c80:	4505                	li	a0,1
    5c82:	4814                	lw	a3,16(s0)
    5c84:	06d7cb63          	blt	a5,a3,5cfa <_ZN20AS5600_soft_IIC_many9write_iicEh.constprop.0+0x120>
    5c88:	08842583          	lw	a1,136(s0)
    5c8c:	08042503          	lw	a0,128(s0)
    5c90:	870fc0ef          	jal	ra,1d00 <_ZN20AS5600_soft_IIC_many5set_lEPKP12GPIO_TypeDefPKt.constprop.0>
    5c94:	1944a703          	lw	a4,404(s1)
    5c98:	e741                	bnez	a4,5d20 <_ZN20AS5600_soft_IIC_many9write_iicEh.constprop.0+0x146>
    5c9a:	4481                	li	s1,0
    5c9c:	481c                	lw	a5,16(s0)
    5c9e:	08f4cc63          	blt	s1,a5,5d36 <_ZN20AS5600_soft_IIC_many9write_iicEh.constprop.0+0x15c>
    5ca2:	ccefa06f          	j	170 <__riscv_restore_4>
    5ca6:	00892683          	lw	a3,8(s2)
    5caa:	00892783          	lw	a5,8(s2)
    5cae:	8f95                	sub	a5,a5,a3
    5cb0:	f8e7f3e3          	bgeu	a5,a4,5c36 <_ZN20AS5600_soft_IIC_many9write_iicEh.constprop.0+0x5c>
    5cb4:	0001                	nop
    5cb6:	bfd5                	j	5caa <_ZN20AS5600_soft_IIC_many9write_iicEh.constprop.0+0xd0>
    5cb8:	5c3c                	lw	a5,120(s0)
    5cba:	00291713          	slli	a4,s2,0x2
    5cbe:	97ba                	add	a5,a5,a4
    5cc0:	439c                	lw	a5,0(a5)
    5cc2:	e781                	bnez	a5,5cca <_ZN20AS5600_soft_IIC_many9write_iicEh.constprop.0+0xf0>
    5cc4:	854a                	mv	a0,s2
    5cc6:	cf9ff0ef          	jal	ra,59be <_ZN20AS5600_soft_IIC_many12sda_mode_ipuEi.constprop.0>
    5cca:	0905                	addi	s2,s2,1
    5ccc:	b771                	j	5c58 <_ZN20AS5600_soft_IIC_many9write_iicEh.constprop.0+0x7e>
    5cce:	e000f7b7          	lui	a5,0xe000f
    5cd2:	4794                	lw	a3,8(a5)
    5cd4:	e000f637          	lui	a2,0xe000f
    5cd8:	461c                	lw	a5,8(a2)
    5cda:	8f95                	sub	a5,a5,a3
    5cdc:	f8e7f4e3          	bgeu	a5,a4,5c64 <_ZN20AS5600_soft_IIC_many9write_iicEh.constprop.0+0x8a>
    5ce0:	0001                	nop
    5ce2:	bfdd                	j	5cd8 <_ZN20AS5600_soft_IIC_many9write_iicEh.constprop.0+0xfe>
    5ce4:	e000f7b7          	lui	a5,0xe000f
    5ce8:	4794                	lw	a3,8(a5)
    5cea:	e000f637          	lui	a2,0xe000f
    5cee:	461c                	lw	a5,8(a2)
    5cf0:	8f95                	sub	a5,a5,a3
    5cf2:	f8e7f2e3          	bgeu	a5,a4,5c76 <_ZN20AS5600_soft_IIC_many9write_iicEh.constprop.0+0x9c>
    5cf6:	0001                	nop
    5cf8:	bfdd                	j	5cee <_ZN20AS5600_soft_IIC_many9write_iicEh.constprop.0+0x114>
    5cfa:	4314                	lw	a3,0(a4)
    5cfc:	ee99                	bnez	a3,5d1a <_ZN20AS5600_soft_IIC_many9write_iicEh.constprop.0+0x140>
    5cfe:	00279693          	slli	a3,a5,0x2
    5d02:	96b2                	add	a3,a3,a2
    5d04:	4294                	lw	a3,0(a3)
    5d06:	0086a803          	lw	a6,8(a3)
    5d0a:	00179693          	slli	a3,a5,0x1
    5d0e:	96ae                	add	a3,a3,a1
    5d10:	2296                	lhu	a3,0(a3)
    5d12:	0106f6b3          	and	a3,a3,a6
    5d16:	c291                	beqz	a3,5d1a <_ZN20AS5600_soft_IIC_many9write_iicEh.constprop.0+0x140>
    5d18:	c308                	sw	a0,0(a4)
    5d1a:	0785                	addi	a5,a5,1 # e000f001 <__freertos_irq_stack_top+0xc000a001>
    5d1c:	0711                	addi	a4,a4,4
    5d1e:	b795                	j	5c82 <_ZN20AS5600_soft_IIC_many9write_iicEh.constprop.0+0xa8>
    5d20:	e000f7b7          	lui	a5,0xe000f
    5d24:	4794                	lw	a3,8(a5)
    5d26:	e000f637          	lui	a2,0xe000f
    5d2a:	461c                	lw	a5,8(a2)
    5d2c:	8f95                	sub	a5,a5,a3
    5d2e:	f6e7f6e3          	bgeu	a5,a4,5c9a <_ZN20AS5600_soft_IIC_many9write_iicEh.constprop.0+0xc0>
    5d32:	0001                	nop
    5d34:	bfdd                	j	5d2a <_ZN20AS5600_soft_IIC_many9write_iicEh.constprop.0+0x150>
    5d36:	8526                	mv	a0,s1
    5d38:	cd9ff0ef          	jal	ra,5a10 <_ZN20AS5600_soft_IIC_many11sda_mode_odEi.constprop.0>
    5d3c:	0485                	addi	s1,s1,1
    5d3e:	bfb9                	j	5c9c <_ZN20AS5600_soft_IIC_many9write_iicEh.constprop.0+0xc2>

00005d40 <_ZN20AS5600_soft_IIC_many9start_iicEh.constprop.0>:
    5d40:	bfcfa2ef          	jal	t0,13c <__riscv_save_4>
    5d44:	20000937          	lui	s2,0x20000
    5d48:	19492703          	lw	a4,404(s2) # 20000194 <_ZL17g_iic_delay_ticks>
    5d4c:	84aa                	mv	s1,a0
    5d4e:	eb31                	bnez	a4,5da2 <_ZN20AS5600_soft_IIC_many9start_iicEh.constprop.0+0x62>
    5d50:	20002437          	lui	s0,0x20002
    5d54:	cc840793          	addi	a5,s0,-824 # 20001cc8 <MC_AS5600>
    5d58:	0847a583          	lw	a1,132(a5) # e000f084 <__freertos_irq_stack_top+0xc000a084>
    5d5c:	5fe8                	lw	a0,124(a5)
    5d5e:	08078993          	addi	s3,a5,128
    5d62:	cc840413          	addi	s0,s0,-824
    5d66:	f61fb0ef          	jal	ra,1cc6 <_ZN20AS5600_soft_IIC_many5set_hEPKP12GPIO_TypeDefPKt.constprop.0>
    5d6a:	0089a583          	lw	a1,8(s3)
    5d6e:	0009a503          	lw	a0,0(s3)
    5d72:	f55fb0ef          	jal	ra,1cc6 <_ZN20AS5600_soft_IIC_many5set_hEPKP12GPIO_TypeDefPKt.constprop.0>
    5d76:	19492703          	lw	a4,404(s2)
    5d7a:	ef1d                	bnez	a4,5db8 <_ZN20AS5600_soft_IIC_many9start_iicEh.constprop.0+0x78>
    5d7c:	08442583          	lw	a1,132(s0)
    5d80:	5c68                	lw	a0,124(s0)
    5d82:	f7ffb0ef          	jal	ra,1d00 <_ZN20AS5600_soft_IIC_many5set_lEPKP12GPIO_TypeDefPKt.constprop.0>
    5d86:	19492703          	lw	a4,404(s2)
    5d8a:	e331                	bnez	a4,5dce <_ZN20AS5600_soft_IIC_many9start_iicEh.constprop.0+0x8e>
    5d8c:	08842583          	lw	a1,136(s0)
    5d90:	08042503          	lw	a0,128(s0)
    5d94:	f6dfb0ef          	jal	ra,1d00 <_ZN20AS5600_soft_IIC_many5set_lEPKP12GPIO_TypeDefPKt.constprop.0>
    5d98:	8526                	mv	a0,s1
    5d9a:	e41ff0ef          	jal	ra,5bda <_ZN20AS5600_soft_IIC_many9write_iicEh.constprop.0>
    5d9e:	bd2fa06f          	j	170 <__riscv_restore_4>
    5da2:	e000f7b7          	lui	a5,0xe000f
    5da6:	4794                	lw	a3,8(a5)
    5da8:	e000f637          	lui	a2,0xe000f
    5dac:	461c                	lw	a5,8(a2)
    5dae:	8f95                	sub	a5,a5,a3
    5db0:	fae7f0e3          	bgeu	a5,a4,5d50 <_ZN20AS5600_soft_IIC_many9start_iicEh.constprop.0+0x10>
    5db4:	0001                	nop
    5db6:	bfdd                	j	5dac <_ZN20AS5600_soft_IIC_many9start_iicEh.constprop.0+0x6c>
    5db8:	e000f7b7          	lui	a5,0xe000f
    5dbc:	4794                	lw	a3,8(a5)
    5dbe:	e000f637          	lui	a2,0xe000f
    5dc2:	461c                	lw	a5,8(a2)
    5dc4:	8f95                	sub	a5,a5,a3
    5dc6:	fae7fbe3          	bgeu	a5,a4,5d7c <_ZN20AS5600_soft_IIC_many9start_iicEh.constprop.0+0x3c>
    5dca:	0001                	nop
    5dcc:	bfdd                	j	5dc2 <_ZN20AS5600_soft_IIC_many9start_iicEh.constprop.0+0x82>
    5dce:	e000f7b7          	lui	a5,0xe000f
    5dd2:	4794                	lw	a3,8(a5)
    5dd4:	e000f637          	lui	a2,0xe000f
    5dd8:	461c                	lw	a5,8(a2)
    5dda:	8f95                	sub	a5,a5,a3
    5ddc:	fae7f8e3          	bgeu	a5,a4,5d8c <_ZN20AS5600_soft_IIC_many9start_iicEh.constprop.0+0x4c>
    5de0:	0001                	nop
    5de2:	bfdd                	j	5dd8 <_ZN20AS5600_soft_IIC_many9start_iicEh.constprop.0+0x98>

00005de4 <_ZN20AS5600_soft_IIC_many10updata_stuEv.constprop.0>:
    5de4:	b72fa2ef          	jal	t0,156 <__riscv_save_0>
    5de8:	20002437          	lui	s0,0x20002
    5dec:	cc840793          	addi	a5,s0,-824 # 20001cc8 <MC_AS5600>
    5df0:	4b9c                	lw	a5,16(a5)
    5df2:	cc840413          	addi	s0,s0,-824
    5df6:	c39d                	beqz	a5,5e1c <_ZN20AS5600_soft_IIC_many10updata_stuEv.constprop.0+0x38>
    5df8:	f43fb0ef          	jal	ra,1d3a <_ZN20AS5600_soft_IIC_many11clear_datasEv.constprop.0>
    5dfc:	06c00513          	li	a0,108
    5e00:	f41ff0ef          	jal	ra,5d40 <_ZN20AS5600_soft_IIC_many9start_iicEh.constprop.0>
    5e04:	452d                	li	a0,11
    5e06:	dd5ff0ef          	jal	ra,5bda <_ZN20AS5600_soft_IIC_many9write_iicEh.constprop.0>
    5e0a:	06d00513          	li	a0,109
    5e0e:	f33ff0ef          	jal	ra,5d40 <_ZN20AS5600_soft_IIC_many9start_iicEh.constprop.0>
    5e12:	4501                	li	a0,0
    5e14:	c51ff0ef          	jal	ra,5a64 <_ZN20AS5600_soft_IIC_many8read_iicEb.constprop.0>
    5e18:	db3fb0ef          	jal	ra,1bca <_ZN20AS5600_soft_IIC_many8stop_iicEv.constprop.0>
    5e1c:	5c28                	lw	a0,120(s0)
    5e1e:	00042803          	lw	a6,0(s0)
    5e22:	00c42883          	lw	a7,12(s0)
    5e26:	00442303          	lw	t1,4(s0)
    5e2a:	4781                	li	a5,0
    5e2c:	4818                	lw	a4,16(s0)
    5e2e:	00e7c463          	blt	a5,a4,5e36 <_ZN20AS5600_soft_IIC_many10updata_stuEv.constprop.0+0x52>
    5e32:	b48fa06f          	j	17a <__riscv_restore_0>
    5e36:	00279693          	slli	a3,a5,0x2
    5e3a:	00d50633          	add	a2,a0,a3
    5e3e:	4210                	lw	a2,0(a2)
    5e40:	00f80733          	add	a4,a6,a5
    5e44:	00163613          	seqz	a2,a2
    5e48:	a310                	sb	a2,0(a4)
    5e4a:	00179713          	slli	a4,a5,0x1
    5e4e:	9746                	add	a4,a4,a7
    5e50:	231a                	lhu	a4,0(a4)
    5e52:	567d                	li	a2,-1
    5e54:	02077593          	andi	a1,a4,32
    5e58:	c981                	beqz	a1,5e68 <_ZN20AS5600_soft_IIC_many10updata_stuEv.constprop.0+0x84>
    5e5a:	01077593          	andi	a1,a4,16
    5e5e:	4605                	li	a2,1
    5e60:	e581                	bnez	a1,5e68 <_ZN20AS5600_soft_IIC_many10updata_stuEv.constprop.0+0x84>
    5e62:	8309                	srli	a4,a4,0x2
    5e64:	00277613          	andi	a2,a4,2
    5e68:	969a                	add	a3,a3,t1
    5e6a:	c290                	sw	a2,0(a3)
    5e6c:	0785                	addi	a5,a5,1 # e000f001 <__freertos_irq_stack_top+0xc000a001>
    5e6e:	bf7d                	j	5e2c <_ZN20AS5600_soft_IIC_many10updata_stuEv.constprop.0+0x48>

00005e70 <_ZN20AS5600_soft_IIC_many12updata_angleEv.constprop.0>:
    5e70:	ae6fa2ef          	jal	t0,156 <__riscv_save_0>
    5e74:	20002437          	lui	s0,0x20002
    5e78:	cc840793          	addi	a5,s0,-824 # 20001cc8 <MC_AS5600>
    5e7c:	4b9c                	lw	a5,16(a5)
    5e7e:	cc840413          	addi	s0,s0,-824
    5e82:	c795                	beqz	a5,5eae <_ZN20AS5600_soft_IIC_many12updata_angleEv.constprop.0+0x3e>
    5e84:	eb7fb0ef          	jal	ra,1d3a <_ZN20AS5600_soft_IIC_many11clear_datasEv.constprop.0>
    5e88:	06c00513          	li	a0,108
    5e8c:	eb5ff0ef          	jal	ra,5d40 <_ZN20AS5600_soft_IIC_many9start_iicEh.constprop.0>
    5e90:	4531                	li	a0,12
    5e92:	d49ff0ef          	jal	ra,5bda <_ZN20AS5600_soft_IIC_many9write_iicEh.constprop.0>
    5e96:	06d00513          	li	a0,109
    5e9a:	ea7ff0ef          	jal	ra,5d40 <_ZN20AS5600_soft_IIC_many9start_iicEh.constprop.0>
    5e9e:	4505                	li	a0,1
    5ea0:	bc5ff0ef          	jal	ra,5a64 <_ZN20AS5600_soft_IIC_many8read_iicEb.constprop.0>
    5ea4:	4501                	li	a0,0
    5ea6:	bbfff0ef          	jal	ra,5a64 <_ZN20AS5600_soft_IIC_many8read_iicEb.constprop.0>
    5eaa:	d21fb0ef          	jal	ra,1bca <_ZN20AS5600_soft_IIC_many8stop_iicEv.constprop.0>
    5eae:	480c                	lw	a1,16(s0)
    5eb0:	5c28                	lw	a0,120(s0)
    5eb2:	00842883          	lw	a7,8(s0)
    5eb6:	00042303          	lw	t1,0(s0)
    5eba:	00c42803          	lw	a6,12(s0)
    5ebe:	4781                	li	a5,0
    5ec0:	00b7c463          	blt	a5,a1,5ec8 <_ZN20AS5600_soft_IIC_many12updata_angleEv.constprop.0+0x58>
    5ec4:	ab6fa06f          	j	17a <__riscv_restore_0>
    5ec8:	00279713          	slli	a4,a5,0x2
    5ecc:	972a                	add	a4,a4,a0
    5ece:	4314                	lw	a3,0(a4)
    5ed0:	00179713          	slli	a4,a5,0x1
    5ed4:	ee81                	bnez	a3,5eec <_ZN20AS5600_soft_IIC_many12updata_angleEv.constprop.0+0x7c>
    5ed6:	00e806b3          	add	a3,a6,a4
    5eda:	2292                	lhu	a2,0(a3)
    5edc:	4685                	li	a3,1
    5ede:	9746                	add	a4,a4,a7
    5ee0:	a312                	sh	a2,0(a4)
    5ee2:	00f30733          	add	a4,t1,a5
    5ee6:	a314                	sb	a3,0(a4)
    5ee8:	0785                	addi	a5,a5,1
    5eea:	bfd9                	j	5ec0 <_ZN20AS5600_soft_IIC_many12updata_angleEv.constprop.0+0x50>
    5eec:	4601                	li	a2,0
    5eee:	4681                	li	a3,0
    5ef0:	b7fd                	j	5ede <_ZN20AS5600_soft_IIC_many12updata_angleEv.constprop.0+0x6e>

00005ef2 <_Z22AS5600_distance_updatam>:
    5ef2:	a34fa2ef          	jal	t0,126 <__riscv_save_12>
    5ef6:	82c1a783          	lw	a5,-2004(gp) # 200001bc <time_hw_tpms>
    5efa:	1141                	addi	sp,sp,-16
    5efc:	842a                	mv	s0,a0
    5efe:	e391                	bnez	a5,5f02 <_Z22AS5600_distance_updatam+0x10>
    5f00:	4785                	li	a5,1
    5f02:	a701a703          	lw	a4,-1424(gp) # 20000400 <_ZZ22AS5600_distance_updatamE15last_poll_ticks>
    5f06:	40e40733          	sub	a4,s0,a4
    5f0a:	02f76c63          	bltu	a4,a5,5f42 <_Z22AS5600_distance_updatam+0x50>
    5f0e:	0c800613          	li	a2,200
    5f12:	02c787b3          	mul	a5,a5,a2
    5f16:	a681a823          	sw	s0,-1424(gp) # 20000400 <_ZZ22AS5600_distance_updatamE15last_poll_ticks>
    5f1a:	81c1a483          	lw	s1,-2020(gp) # 200001ac <time_hw_tpus>
    5f1e:	a6c1a703          	lw	a4,-1428(gp) # 200003fc <_ZZ22AS5600_distance_updatamE14last_stu_ticks>
    5f22:	40e40733          	sub	a4,s0,a4
    5f26:	00f76663          	bltu	a4,a5,5f32 <_Z22AS5600_distance_updatam+0x40>
    5f2a:	a681a623          	sw	s0,-1428(gp) # 200003fc <_ZZ22AS5600_distance_updatamE14last_stu_ticks>
    5f2e:	eb7ff0ef          	jal	ra,5de4 <_ZN20AS5600_soft_IIC_many10updata_stuEv.constprop.0>
    5f32:	a681c683          	lbu	a3,-1432(gp) # 200003f8 <_ZZ22AS5600_distance_updatamE15have_last_ticks>
    5f36:	ea89                	bnez	a3,5f48 <_Z22AS5600_distance_updatam+0x56>
    5f38:	a681a223          	sw	s0,-1436(gp) # 200003f4 <_ZZ22AS5600_distance_updatamE10last_ticks>
    5f3c:	4785                	li	a5,1
    5f3e:	a6f18423          	sb	a5,-1432(gp) # 200003f8 <_ZZ22AS5600_distance_updatamE15have_last_ticks>
    5f42:	0141                	addi	sp,sp,16
    5f44:	a1efa06f          	j	162 <__riscv_restore_12>
    5f48:	a641a703          	lw	a4,-1436(gp) # 200003f4 <_ZZ22AS5600_distance_updatamE10last_ticks>
    5f4c:	40e40933          	sub	s2,s0,a4
    5f50:	fee409e3          	beq	s0,a4,5f42 <_Z22AS5600_distance_updatam+0x50>
    5f54:	a681a223          	sw	s0,-1436(gp) # 200003f4 <_ZZ22AS5600_distance_updatamE10last_ticks>
    5f58:	8526                	mv	a0,s1
    5f5a:	e091                	bnez	s1,5f5e <_Z22AS5600_distance_updatam+0x6c>
    5f5c:	4505                	li	a0,1
    5f5e:	17e050ef          	jal	ra,b0dc <__floatunsisf>
    5f62:	9401a583          	lw	a1,-1728(gp) # 200002d0 <_ZL7g_scale+0x110>
    5f66:	20002a37          	lui	s4,0x20002
    5f6a:	18d040ef          	jal	ra,a8f6 <__mulsf3>
    5f6e:	842a                	mv	s0,a0
    5f70:	854a                	mv	a0,s2
    5f72:	16a050ef          	jal	ra,b0dc <__floatunsisf>
    5f76:	85aa                	mv	a1,a0
    5f78:	8522                	mv	a0,s0
    5f7a:	506040ef          	jal	ra,a480 <__divsf3>
    5f7e:	c22a                	sw	a0,4(sp)
    5f80:	ef1ff0ef          	jal	ra,5e70 <_ZN20AS5600_soft_IIC_many12updata_angleEv.constprop.0>
    5f84:	200027b7          	lui	a5,0x20002
    5f88:	cc878793          	addi	a5,a5,-824 # 20001cc8 <MC_AS5600>
    5f8c:	0007ab83          	lw	s7,0(a5)
    5f90:	0047ac03          	lw	s8,4(a5)
    5f94:	0087ad83          	lw	s11,8(a5)
    5f98:	9a81a783          	lw	a5,-1624(gp) # 20000338 <_ZL7g_scale+0x178>
    5f9c:	200029b7          	lui	s3,0x20002
    5fa0:	20002d37          	lui	s10,0x20002
    5fa4:	c43e                	sw	a5,8(sp)
    5fa6:	9ac1a783          	lw	a5,-1620(gp) # 2000033c <_ZL7g_scale+0x17c>
    5faa:	6705                	lui	a4,0x1
    5fac:	a5418a93          	addi	s5,gp,-1452 # 200003e4 <_ZZ22AS5600_distance_updatamE6was_ok>
    5fb0:	cb8a0a13          	addi	s4,s4,-840 # 20001cb8 <speed_as5600>
    5fb4:	ca898993          	addi	s3,s3,-856 # 20001ca8 <as5600_distance_save>
    5fb8:	db0d0d13          	addi	s10,s10,-592 # 20001db0 <ams>
    5fbc:	a5818913          	addi	s2,gp,-1448 # 200003e8 <_ZL13g_as5600_good>
    5fc0:	a6018493          	addi	s1,gp,-1440 # 200003f0 <_ZL13g_as5600_fail>
    5fc4:	a5c18413          	addi	s0,gp,-1444 # 200003ec <_ZL17g_as5600_okstreak>
    5fc8:	4c81                	li	s9,0
    5fca:	80070e13          	addi	t3,a4,-2048 # 800 <__stack_size>
    5fce:	c63e                	sw	a5,12(sp)
    5fd0:	0ff00693          	li	a3,255
    5fd4:	4e89                	li	t4,2
    5fd6:	5f7d                	li	t5,-1
    5fd8:	4b11                	li	s6,4
    5fda:	019b87b3          	add	a5,s7,s9
    5fde:	239c                	lbu	a5,0(a5)
    5fe0:	c3a1                	beqz	a5,6020 <_Z22AS5600_distance_updatam+0x12e>
    5fe2:	002c9793          	slli	a5,s9,0x2
    5fe6:	97e2                	add	a5,a5,s8
    5fe8:	439c                	lw	a5,0(a5)
    5fea:	03e78b63          	beq	a5,t5,6020 <_Z22AS5600_distance_updatam+0x12e>
    5fee:	201c                	lbu	a5,0(s0)
    5ff0:	00048023          	sb	zero,0(s1)
    5ff4:	04d79f63          	bne	a5,a3,6052 <_Z22AS5600_distance_updatam+0x160>
    5ff8:	4785                	li	a5,1
    5ffa:	00f90023          	sb	a5,0(s2)
    5ffe:	001c9793          	slli	a5,s9,0x1
    6002:	97ee                	add	a5,a5,s11
    6004:	238e                	lhu	a1,0(a5)
    6006:	000ac783          	lbu	a5,0(s5)
    600a:	e7b5                	bnez	a5,6076 <_Z22AS5600_distance_updatam+0x184>
    600c:	00000793          	li	a5,0
    6010:	00fa2023          	sw	a5,0(s4)
    6014:	4785                	li	a5,1
    6016:	00b9a023          	sw	a1,0(s3)
    601a:	00fa8023          	sb	a5,0(s5)
    601e:	a831                	j	603a <_Z22AS5600_distance_updatam+0x148>
    6020:	209c                	lbu	a5,0(s1)
    6022:	00040023          	sb	zero,0(s0)
    6026:	04d79163          	bne	a5,a3,6068 <_Z22AS5600_distance_updatam+0x176>
    602a:	00090023          	sb	zero,0(s2)
    602e:	00000793          	li	a5,0
    6032:	000a8023          	sb	zero,0(s5)
    6036:	00fa2023          	sw	a5,0(s4)
    603a:	0c85                	addi	s9,s9,1
    603c:	0a85                	addi	s5,s5,1
    603e:	0a11                	addi	s4,s4,4
    6040:	0991                	addi	s3,s3,4
    6042:	040d0d13          	addi	s10,s10,64
    6046:	0905                	addi	s2,s2,1
    6048:	0485                	addi	s1,s1,1
    604a:	0405                	addi	s0,s0,1
    604c:	f96c97e3          	bne	s9,s6,5fda <_Z22AS5600_distance_updatam+0xe8>
    6050:	bdcd                	j	5f42 <_Z22AS5600_distance_updatam+0x50>
    6052:	0785                	addi	a5,a5,1
    6054:	0ff7f793          	zext.b	a5,a5
    6058:	a01c                	sb	a5,0(s0)
    605a:	4585                	li	a1,1
    605c:	f8b79ee3          	bne	a5,a1,5ff8 <_Z22AS5600_distance_updatam+0x106>
    6060:	00094783          	lbu	a5,0(s2)
    6064:	ffc9                	bnez	a5,5ffe <_Z22AS5600_distance_updatam+0x10c>
    6066:	b7e1                	j	602e <_Z22AS5600_distance_updatam+0x13c>
    6068:	0785                	addi	a5,a5,1
    606a:	0ff7f793          	zext.b	a5,a5
    606e:	a09c                	sb	a5,0(s1)
    6070:	fefef8e3          	bgeu	t4,a5,6060 <_Z22AS5600_distance_updatam+0x16e>
    6074:	bf5d                	j	602a <_Z22AS5600_distance_updatam+0x138>
    6076:	0009a783          	lw	a5,0(s3)
    607a:	40f58533          	sub	a0,a1,a5
    607e:	04ae5563          	bge	t3,a0,60c8 <_Z22AS5600_distance_updatam+0x1d6>
    6082:	8d19                	sub	a0,a0,a4
    6084:	00b9a023          	sw	a1,0(s3)
    6088:	789040ef          	jal	ra,b010 <__floatsisf>
    608c:	45a2                	lw	a1,8(sp)
    608e:	069040ef          	jal	ra,a8f6 <__mulsf3>
    6092:	85aa                	mv	a1,a0
    6094:	c02a                	sw	a0,0(sp)
    6096:	4512                	lw	a0,4(sp)
    6098:	05f040ef          	jal	ra,a8f6 <__mulsf3>
    609c:	45b2                	lw	a1,12(sp)
    609e:	00aa2023          	sw	a0,0(s4)
    60a2:	4502                	lw	a0,0(sp)
    60a4:	053040ef          	jal	ra,a8f6 <__mulsf3>
    60a8:	85aa                	mv	a1,a0
    60aa:	150d2503          	lw	a0,336(s10)
    60ae:	06a040ef          	jal	ra,a118 <__addsf3>
    60b2:	6785                	lui	a5,0x1
    60b4:	14ad2823          	sw	a0,336(s10)
    60b8:	5f7d                	li	t5,-1
    60ba:	4e89                	li	t4,2
    60bc:	0ff00693          	li	a3,255
    60c0:	80078e13          	addi	t3,a5,-2048 # 800 <__stack_size>
    60c4:	6705                	lui	a4,0x1
    60c6:	bf95                	j	603a <_Z22AS5600_distance_updatam+0x148>
    60c8:	80000793          	li	a5,-2048
    60cc:	faf55ce3          	bge	a0,a5,6084 <_Z22AS5600_distance_updatam+0x192>
    60d0:	953a                	add	a0,a0,a4
    60d2:	bf4d                	j	6084 <_Z22AS5600_distance_updatam+0x192>

000060d4 <_ZL13MOTOR_get_dirv>:
    60d4:	852fa2ef          	jal	t0,126 <__riscv_save_12>
    60d8:	7179                	addi	sp,sp,-48
    60da:	d002                	sw	zero,32(sp)
    60dc:	d202                	sw	zero,36(sp)
    60de:	d402                	sw	zero,40(sp)
    60e0:	d602                	sw	zero,44(sp)
    60e2:	ca02                	sw	zero,20(sp)
    60e4:	ed3fe0ef          	jal	ra,4fb6 <_ZL19Motion_control_readv>
    60e8:	20002937          	lui	s2,0x20002
    60ec:	e919                	bnez	a0,6102 <_ZL13MOTOR_get_dirv+0x2e>
    60ee:	d9890793          	addi	a5,s2,-616 # 20001d98 <Motion_control_data_save>
    60f2:	0007a023          	sw	zero,0(a5)
    60f6:	0007a223          	sw	zero,4(a5)
    60fa:	0007a423          	sw	zero,8(a5)
    60fe:	0007a623          	sw	zero,12(a5)
    6102:	d6fff0ef          	jal	ra,5e70 <_ZN20AS5600_soft_IIC_many12updata_angleEv.constprop.0>
    6106:	200029b7          	lui	s3,0x20002
    610a:	cc898793          	addi	a5,s3,-824 # 20001cc8 <MC_AS5600>
    610e:	479c                	lw	a5,8(a5)
    6110:	4641                	li	a2,16
    6112:	d9890593          	addi	a1,s2,-616
    6116:	239a                	lhu	a4,0(a5)
    6118:	1008                	addi	a0,sp,32
    611a:	84f8                	sh	a4,24(sp)
    611c:	23ba                	lhu	a4,2(a5)
    611e:	1004                	addi	s1,sp,32
    6120:	85f8                	sh	a4,26(sp)
    6122:	23da                	lhu	a4,4(a5)
    6124:	23fe                	lhu	a5,6(a5)
    6126:	4401                	li	s0,0
    6128:	86f8                	sh	a4,28(sp)
    612a:	87fc                	sh	a5,30(sp)
    612c:	cc898993          	addi	s3,s3,-824
    6130:	fd1f90ef          	jal	ra,100 <memcpy>
    6134:	a5818a13          	addi	s4,gp,-1448 # 200003e8 <_ZL13g_as5600_good>
    6138:	a9018a93          	addi	s5,gp,-1392 # 20000420 <filament_channel_inserted>
    613c:	4b11                	li	s6,4
    613e:	014407b3          	add	a5,s0,s4
    6142:	239c                	lbu	a5,0(a5)
    6144:	c785                	beqz	a5,616c <_ZL13MOTOR_get_dirv+0x98>
    6146:	015407b3          	add	a5,s0,s5
    614a:	239c                	lbu	a5,0(a5)
    614c:	c385                	beqz	a5,616c <_ZL13MOTOR_get_dirv+0x98>
    614e:	409c                	lw	a5,0(s1)
    6150:	ef91                	bnez	a5,616c <_ZL13MOTOR_get_dirv+0x98>
    6152:	3e800593          	li	a1,1000
    6156:	0ff47513          	zext.b	a0,s0
    615a:	ecdfa0ef          	jal	ra,1026 <_Z22Motion_control_set_PWMhi>
    615e:	02040793          	addi	a5,s0,32
    6162:	0814                	addi	a3,sp,16
    6164:	4705                	li	a4,1
    6166:	97b6                	add	a5,a5,a3
    6168:	fee78223          	sb	a4,-28(a5)
    616c:	0405                	addi	s0,s0,1
    616e:	0491                	addi	s1,s1,4
    6170:	fd6417e3          	bne	s0,s6,613e <_ZL13MOTOR_get_dirv+0x6a>
    6174:	01414d83          	lbu	s11,20(sp)
    6178:	020d9163          	bnez	s11,619a <_ZL13MOTOR_get_dirv+0xc6>
    617c:	01514783          	lbu	a5,21(sp)
    6180:	efdd                	bnez	a5,623e <_ZL13MOTOR_get_dirv+0x16a>
    6182:	01614d83          	lbu	s11,22(sp)
    6186:	0a0d9b63          	bnez	s11,623c <_ZL13MOTOR_get_dirv+0x168>
    618a:	01714783          	lbu	a5,23(sp)
    618e:	0c800413          	li	s0,200
    6192:	e799                	bnez	a5,61a0 <_ZL13MOTOR_get_dirv+0xcc>
    6194:	6145                	addi	sp,sp,48
    6196:	fcdf906f          	j	162 <__riscv_restore_12>
    619a:	0c800413          	li	s0,200
    619e:	4d81                	li	s11,0
    61a0:	6a05                	lui	s4,0x1
    61a2:	4529                	li	a0,10
    61a4:	846fb0ef          	jal	ra,11ea <delay.part.0>
    61a8:	01410c93          	addi	s9,sp,20
    61ac:	cc5ff0ef          	jal	ra,5e70 <_ZN20AS5600_soft_IIC_many12updata_angleEv.constprop.0>
    61b0:	01810b93          	addi	s7,sp,24
    61b4:	02010c13          	addi	s8,sp,32
    61b8:	4b01                	li	s6,0
    61ba:	4a85                	li	s5,1
    61bc:	4d11                	li	s10,4
    61be:	000cc583          	lbu	a1,0(s9)
    61c2:	cd99                	beqz	a1,61e0 <_ZL13MOTOR_get_dirv+0x10c>
    61c4:	0009a583          	lw	a1,0(s3)
    61c8:	0ffb7513          	zext.b	a0,s6
    61cc:	95da                	add	a1,a1,s6
    61ce:	0005c803          	lbu	a6,0(a1)
    61d2:	06081963          	bnez	a6,6244 <_ZL13MOTOR_get_dirv+0x170>
    61d6:	4581                	li	a1,0
    61d8:	e4ffa0ef          	jal	ra,1026 <_Z22Motion_control_set_PWMhi>
    61dc:	000c8023          	sb	zero,0(s9)
    61e0:	0b05                	addi	s6,s6,1
    61e2:	0c85                	addi	s9,s9,1
    61e4:	0c11                	addi	s8,s8,4
    61e6:	0b89                	addi	s7,s7,2
    61e8:	fdab1be3          	bne	s6,s10,61be <_ZL13MOTOR_get_dirv+0xea>
    61ec:	0a0a9a63          	bnez	s5,62a0 <_ZL13MOTOR_get_dirv+0x1cc>
    61f0:	147d                	addi	s0,s0,-1
    61f2:	f845                	bnez	s0,61a2 <_ZL13MOTOR_get_dirv+0xce>
    61f4:	4491                	li	s1,4
    61f6:	085c                	addi	a5,sp,20
    61f8:	97a2                	add	a5,a5,s0
    61fa:	239c                	lbu	a5,0(a5)
    61fc:	c791                	beqz	a5,6208 <_ZL13MOTOR_get_dirv+0x134>
    61fe:	4581                	li	a1,0
    6200:	0ff47513          	zext.b	a0,s0
    6204:	e23fa0ef          	jal	ra,1026 <_Z22Motion_control_set_PWMhi>
    6208:	0405                	addi	s0,s0,1
    620a:	fe9416e3          	bne	s0,s1,61f6 <_ZL13MOTOR_get_dirv+0x122>
    620e:	d9890793          	addi	a5,s2,-616
    6212:	4701                	li	a4,0
    6214:	4681                	li	a3,0
    6216:	45c1                	li	a1,16
    6218:	1010                	addi	a2,sp,32
    621a:	963a                	add	a2,a2,a4
    621c:	4210                	lw	a2,0(a2)
    621e:	4388                	lw	a0,0(a5)
    6220:	00a60463          	beq	a2,a0,6228 <_ZL13MOTOR_get_dirv+0x154>
    6224:	c390                	sw	a2,0(a5)
    6226:	4685                	li	a3,1
    6228:	0711                	addi	a4,a4,4 # 1004 <_ZN14_MOTOR_CONTROL10set_motionE20filament_motion_enumyy+0x510>
    622a:	0791                	addi	a5,a5,4
    622c:	feb716e3          	bne	a4,a1,6218 <_ZL13MOTOR_get_dirv+0x144>
    6230:	f60d82e3          	beqz	s11,6194 <_ZL13MOTOR_get_dirv+0xc0>
    6234:	d2a5                	beqz	a3,6194 <_ZL13MOTOR_get_dirv+0xc0>
    6236:	f01fe0ef          	jal	ra,5136 <_ZL19Motion_control_savev>
    623a:	bfa9                	j	6194 <_ZL13MOTOR_get_dirv+0xc0>
    623c:	4d81                	li	s11,0
    623e:	0c800413          	li	s0,200
    6242:	bfb9                	j	61a0 <_ZL13MOTOR_get_dirv+0xcc>
    6244:	0089a583          	lw	a1,8(s3)
    6248:	001b1893          	slli	a7,s6,0x1
    624c:	6785                	lui	a5,0x1
    624e:	95c6                	add	a1,a1,a7
    6250:	00059483          	lh	s1,0(a1)
    6254:	000b9583          	lh	a1,0(s7)
    6258:	80078793          	addi	a5,a5,-2048 # 800 <__stack_size>
    625c:	8c8d                	sub	s1,s1,a1
    625e:	0297d963          	bge	a5,s1,6290 <_ZL13MOTOR_get_dirv+0x1bc>
    6262:	414484b3          	sub	s1,s1,s4
    6266:	0a348593          	addi	a1,s1,163
    626a:	14600793          	li	a5,326
    626e:	02b7f763          	bgeu	a5,a1,629c <_ZL13MOTOR_get_dirv+0x1c8>
    6272:	4581                	li	a1,0
    6274:	c642                	sw	a6,12(sp)
    6276:	db1fa0ef          	jal	ra,1026 <_Z22Motion_control_set_PWMhi>
    627a:	4832                	lw	a6,12(sp)
    627c:	55fd                	li	a1,-1
    627e:	00905363          	blez	s1,6284 <_ZL13MOTOR_get_dirv+0x1b0>
    6282:	4585                	li	a1,1
    6284:	00bc2023          	sw	a1,0(s8)
    6288:	000c8023          	sb	zero,0(s9)
    628c:	8dc2                	mv	s11,a6
    628e:	bf89                	j	61e0 <_ZL13MOTOR_get_dirv+0x10c>
    6290:	80000793          	li	a5,-2048
    6294:	fcf4d9e3          	bge	s1,a5,6266 <_ZL13MOTOR_get_dirv+0x192>
    6298:	94d2                	add	s1,s1,s4
    629a:	b7f1                	j	6266 <_ZL13MOTOR_get_dirv+0x192>
    629c:	4a81                	li	s5,0
    629e:	b789                	j	61e0 <_ZL13MOTOR_get_dirv+0x10c>
    62a0:	4401                	li	s0,0
    62a2:	bf89                	j	61f4 <_ZL13MOTOR_get_dirv+0x120>

000062a4 <SystemInit>:
    62a4:	400217b7          	lui	a5,0x40021
    62a8:	4398                	lw	a4,0(a5)
    62aa:	f0ff06b7          	lui	a3,0xf0ff0
    62ae:	00176713          	ori	a4,a4,1
    62b2:	c398                	sw	a4,0(a5)
    62b4:	43d8                	lw	a4,4(a5)
    62b6:	8f75                	and	a4,a4,a3
    62b8:	c3d8                	sw	a4,4(a5)
    62ba:	4398                	lw	a4,0(a5)
    62bc:	fef706b7          	lui	a3,0xfef70
    62c0:	16fd                	addi	a3,a3,-1 # fef6ffff <__freertos_irq_stack_top+0xdef6afff>
    62c2:	8f75                	and	a4,a4,a3
    62c4:	c398                	sw	a4,0(a5)
    62c6:	4398                	lw	a4,0(a5)
    62c8:	fffc06b7          	lui	a3,0xfffc0
    62cc:	16fd                	addi	a3,a3,-1 # fffbffff <__freertos_irq_stack_top+0xdffbafff>
    62ce:	8f75                	and	a4,a4,a3
    62d0:	c398                	sw	a4,0(a5)
    62d2:	43d8                	lw	a4,4(a5)
    62d4:	ff0106b7          	lui	a3,0xff010
    62d8:	16fd                	addi	a3,a3,-1 # ff00ffff <__freertos_irq_stack_top+0xdf00afff>
    62da:	8f75                	and	a4,a4,a3
    62dc:	c3d8                	sw	a4,4(a5)
    62de:	009f0737          	lui	a4,0x9f0
    62e2:	c798                	sw	a4,8(a5)
    62e4:	40024737          	lui	a4,0x40024
    62e8:	80070713          	addi	a4,a4,-2048 # 40023800 <__freertos_irq_stack_top+0x2001e800>
    62ec:	4314                	lw	a3,0(a4)
    62ee:	0106e693          	ori	a3,a3,16
    62f2:	c314                	sw	a3,0(a4)
    62f4:	43d8                	lw	a4,4(a5)
    62f6:	ffc106b7          	lui	a3,0xffc10
    62fa:	16fd                	addi	a3,a3,-1 # ffc0ffff <__freertos_irq_stack_top+0xdfc0afff>
    62fc:	c3d8                	sw	a4,4(a5)
    62fe:	43d8                	lw	a4,4(a5)
    6300:	c3d8                	sw	a4,4(a5)
    6302:	43d8                	lw	a4,4(a5)
    6304:	40076713          	ori	a4,a4,1024
    6308:	c3d8                	sw	a4,4(a5)
    630a:	43d8                	lw	a4,4(a5)
    630c:	8f75                	and	a4,a4,a3
    630e:	c3d8                	sw	a4,4(a5)
    6310:	43d8                	lw	a4,4(a5)
    6312:	003c06b7          	lui	a3,0x3c0
    6316:	8f55                	or	a4,a4,a3
    6318:	c3d8                	sw	a4,4(a5)
    631a:	4398                	lw	a4,0(a5)
    631c:	010006b7          	lui	a3,0x1000
    6320:	8f55                	or	a4,a4,a3
    6322:	c398                	sw	a4,0(a5)
    6324:	020006b7          	lui	a3,0x2000
    6328:	4398                	lw	a4,0(a5)
    632a:	8f75                	and	a4,a4,a3
    632c:	df75                	beqz	a4,6328 <SystemInit+0x84>
    632e:	43d8                	lw	a4,4(a5)
    6330:	400216b7          	lui	a3,0x40021
    6334:	9b71                	andi	a4,a4,-4
    6336:	c3d8                	sw	a4,4(a5)
    6338:	43d8                	lw	a4,4(a5)
    633a:	00276713          	ori	a4,a4,2
    633e:	c3d8                	sw	a4,4(a5)
    6340:	4721                	li	a4,8
    6342:	42dc                	lw	a5,4(a3)
    6344:	8bb1                	andi	a5,a5,12
    6346:	fee79ee3          	bne	a5,a4,6342 <SystemInit+0x9e>
    634a:	8082                	ret

0000634c <USART1_IRQHandler>:
    634c:	400147b7          	lui	a5,0x40014
    6350:	80c7d703          	lhu	a4,-2036(a5) # 4001380c <__freertos_irq_stack_top+0x2000e80c>
    6354:	1101                	addi	sp,sp,-32
    6356:	80078693          	addi	a3,a5,-2048
    635a:	8007d783          	lhu	a5,-2048(a5)
    635e:	ce22                	sw	s0,28(sp)
    6360:	cc26                	sw	s1,24(sp)
    6362:	ca4a                	sw	s2,20(sp)
    6364:	c84e                	sw	s3,16(sp)
    6366:	c652                	sw	s4,12(sp)
    6368:	02077713          	andi	a4,a4,32
    636c:	cf29                	beqz	a4,63c6 <USART1_IRQHandler+0x7a>
    636e:	07c2                	slli	a5,a5,0x10
    6370:	83c1                	srli	a5,a5,0x10
    6372:	0207f793          	andi	a5,a5,32
    6376:	cba1                	beqz	a5,63c6 <USART1_IRQHandler+0x7a>
    6378:	20001737          	lui	a4,0x20001
    637c:	22c6                	lhu	s1,4(a3)
    637e:	4bc70713          	addi	a4,a4,1212 # 200014bc <__global_pointer$+0xb2c>
    6382:	42974783          	lbu	a5,1065(a4)
    6386:	04c2                	slli	s1,s1,0x10
    6388:	20001437          	lui	s0,0x20001
    638c:	80c1                	srli	s1,s1,0x10
    638e:	4bc40413          	addi	s0,s0,1212 # 200014bc <__global_pointer$+0xb2c>
    6392:	cb95                	beqz	a5,63c6 <USART1_IRQHandler+0x7a>
    6394:	41472783          	lw	a5,1044(a4)
    6398:	0af05263          	blez	a5,643c <USART1_IRQHandler+0xf0>
    639c:	17fd                	addi	a5,a5,-1
    639e:	40f72a23          	sw	a5,1044(a4)
    63a2:	e395                	bnez	a5,63c6 <USART1_IRQHandler+0x7a>
    63a4:	e000f7b7          	lui	a5,0xe000f
    63a8:	4798                	lw	a4,8(a5)
    63aa:	82c1a783          	lw	a5,-2004(gp) # 200001bc <time_hw_tpms>
    63ae:	cb89                	beqz	a5,63c0 <USART1_IRQHandler+0x74>
    63b0:	3e800693          	li	a3,1000
    63b4:	02d7b633          	mulhu	a2,a5,a3
    63b8:	02d787b3          	mul	a5,a5,a3
    63bc:	c211                	beqz	a2,63c0 <USART1_IRQHandler+0x74>
    63be:	57fd                	li	a5,-1
    63c0:	97ba                	add	a5,a5,a4
    63c2:	a2f1a423          	sw	a5,-1496(gp) # 200003b8 <_ZL27bambubus_heartbeat_deadline>
    63c6:	400146b7          	lui	a3,0x40014
    63ca:	80c6d603          	lhu	a2,-2036(a3) # 4001380c <__freertos_irq_stack_top+0x2000e80c>
    63ce:	8006d783          	lhu	a5,-2048(a3)
    63d2:	80068713          	addi	a4,a3,-2048
    63d6:	04067613          	andi	a2,a2,64
    63da:	07c2                	slli	a5,a5,0x10
    63dc:	83c1                	srli	a5,a5,0x10
    63de:	c639                	beqz	a2,642c <USART1_IRQHandler+0xe0>
    63e0:	0407f793          	andi	a5,a5,64
    63e4:	c7a1                	beqz	a5,642c <USART1_IRQHandler+0xe0>
    63e6:	fbf00793          	li	a5,-65
    63ea:	80f69023          	sh	a5,-2048(a3)
    63ee:	8146d783          	lhu	a5,-2028(a3)
    63f2:	6741                	lui	a4,0x10
    63f4:	1779                	addi	a4,a4,-2 # fffe <MC_PULL_calibration.cpp.947435e8+0x734>
    63f6:	07c2                	slli	a5,a5,0x10
    63f8:	83c1                	srli	a5,a5,0x10
    63fa:	f7f7f793          	andi	a5,a5,-129
    63fe:	07c2                	slli	a5,a5,0x10
    6400:	83c1                	srli	a5,a5,0x10
    6402:	80f69a23          	sh	a5,-2028(a3)
    6406:	400206b7          	lui	a3,0x40020
    640a:	42fc                	lw	a5,68(a3)
    640c:	8ff9                	and	a5,a5,a4
    640e:	c2fc                	sw	a5,68(a3)
    6410:	400117b7          	lui	a5,0x40011
    6414:	6705                	lui	a4,0x1
    6416:	80078793          	addi	a5,a5,-2048 # 40010800 <__freertos_irq_stack_top+0x2000b800>
    641a:	cbd8                	sw	a4,20(a5)
    641c:	200007b7          	lui	a5,0x20000
    6420:	4bc78793          	addi	a5,a5,1212 # 200004bc <bus_port_to_host>
    6424:	97ba                	add	a5,a5,a4
    6426:	4705                	li	a4,1
    6428:	42e784a3          	sb	a4,1065(a5)
    642c:	4472                	lw	s0,28(sp)
    642e:	44e2                	lw	s1,24(sp)
    6430:	4952                	lw	s2,20(sp)
    6432:	49c2                	lw	s3,16(sp)
    6434:	4a32                	lw	s4,12(sp)
    6436:	6105                	addi	sp,sp,32
    6438:	30200073          	mret
    643c:	40442903          	lw	s2,1028(s0)
    6440:	1ff4f793          	andi	a5,s1,511
    6444:	0ff4f493          	zext.b	s1,s1
    6448:	02091a63          	bnez	s2,647c <USART1_IRQHandler+0x130>
    644c:	03d00793          	li	a5,61
    6450:	00f48663          	beq	s1,a5,645c <USART1_IRQHandler+0x110>
    6454:	03300793          	li	a5,51
    6458:	f6f497e3          	bne	s1,a5,63c6 <USART1_IRQHandler+0x7a>
    645c:	41042783          	lw	a5,1040(s0)
    6460:	a384                	sb	s1,0(a5)
    6462:	4785                	li	a5,1
    6464:	40f42223          	sw	a5,1028(s0)
    6468:	4799                	li	a5,6
    646a:	40f42423          	sw	a5,1032(s0)
    646e:	60400793          	li	a5,1540
    6472:	40f41623          	sh	a5,1036(s0)
    6476:	40940723          	sb	s1,1038(s0)
    647a:	b7b1                	j	63c6 <USART1_IRQHandler+0x7a>
    647c:	4ff00713          	li	a4,1279
    6480:	01277563          	bgeu	a4,s2,648a <USART1_IRQHandler+0x13e>
    6484:	40042223          	sw	zero,1028(s0)
    6488:	bf3d                	j	63c6 <USART1_IRQHandler+0x7a>
    648a:	41042983          	lw	s3,1040(s0)
    648e:	01298733          	add	a4,s3,s2
    6492:	a304                	sb	s1,0(a4)
    6494:	4705                	li	a4,1
    6496:	00e91a63          	bne	s2,a4,64aa <USART1_IRQHandler+0x15e>
    649a:	07e2                	slli	a5,a5,0x18
    649c:	87e1                	srai	a5,a5,0x18
    649e:	0807db63          	bgez	a5,6534 <USART1_IRQHandler+0x1e8>
    64a2:	30200793          	li	a5,770
    64a6:	40f41623          	sh	a5,1036(s0)
    64aa:	40c44a03          	lbu	s4,1036(s0)
    64ae:	03491763          	bne	s2,s4,64dc <USART1_IRQHandler+0x190>
    64b2:	40e44783          	lbu	a5,1038(s0)
    64b6:	03d00713          	li	a4,61
    64ba:	0ae79363          	bne	a5,a4,6560 <USART1_IRQHandler+0x214>
    64be:	4789                	li	a5,2
    64c0:	08f91863          	bne	s2,a5,6550 <USART1_IRQHandler+0x204>
    64c4:	40942423          	sw	s1,1032(s0)
    64c8:	40842783          	lw	a5,1032(s0)
    64cc:	40d44703          	lbu	a4,1037(s0)
    64d0:	faf75ae3          	bge	a4,a5,6484 <USART1_IRQHandler+0x138>
    64d4:	50000713          	li	a4,1280
    64d8:	faf746e3          	blt	a4,a5,6484 <USART1_IRQHandler+0x138>
    64dc:	40d44783          	lbu	a5,1037(s0)
    64e0:	00f91863          	bne	s2,a5,64f0 <USART1_IRQHandler+0x1a4>
    64e4:	85ca                	mv	a1,s2
    64e6:	854e                	mv	a0,s3
    64e8:	c37fa0ef          	jal	ra,111e <bus_crc8>
    64ec:	f8a49ce3          	bne	s1,a0,6484 <USART1_IRQHandler+0x138>
    64f0:	40e44683          	lbu	a3,1038(s0)
    64f4:	03d00713          	li	a4,61
    64f8:	40842783          	lw	a5,1032(s0)
    64fc:	06e69a63          	bne	a3,a4,6570 <USART1_IRQHandler+0x224>
    6500:	4711                	li	a4,4
    6502:	06e91763          	bne	s2,a4,6570 <USART1_IRQHandler+0x224>
    6506:	4709                	li	a4,2
    6508:	06ea1463          	bne	s4,a4,6570 <USART1_IRQHandler+0x224>
    650c:	4715                	li	a4,5
    650e:	06f75463          	bge	a4,a5,6576 <USART1_IRQHandler+0x22a>
    6512:	0019c683          	lbu	a3,1(s3)
    6516:	0c500713          	li	a4,197
    651a:	4915                	li	s2,5
    651c:	06e69d63          	bne	a3,a4,6596 <USART1_IRQHandler+0x24a>
    6520:	02000713          	li	a4,32
    6524:	06e49963          	bne	s1,a4,6596 <USART1_IRQHandler+0x24a>
    6528:	17ed                	addi	a5,a5,-5
    652a:	40042223          	sw	zero,1028(s0)
    652e:	40f42a23          	sw	a5,1044(s0)
    6532:	bd51                	j	63c6 <USART1_IRQHandler+0x7a>
    6534:	40e44683          	lbu	a3,1038(s0)
    6538:	4799                	li	a5,6
    653a:	40f406a3          	sb	a5,1037(s0)
    653e:	03d00713          	li	a4,61
    6542:	4791                	li	a5,4
    6544:	00e69363          	bne	a3,a4,654a <USART1_IRQHandler+0x1fe>
    6548:	4795                	li	a5,5
    654a:	40f40623          	sb	a5,1036(s0)
    654e:	bfb1                	j	64aa <USART1_IRQHandler+0x15e>
    6550:	0049c783          	lbu	a5,4(s3)
    6554:	00849713          	slli	a4,s1,0x8
    6558:	8fd9                	or	a5,a5,a4
    655a:	40f42423          	sw	a5,1032(s0)
    655e:	b7ad                	j	64c8 <USART1_IRQHandler+0x17c>
    6560:	03300713          	li	a4,51
    6564:	f6e792e3          	bne	a5,a4,64c8 <USART1_IRQHandler+0x17c>
    6568:	00249793          	slli	a5,s1,0x2
    656c:	07b1                	addi	a5,a5,12
    656e:	b7f5                	j	655a <USART1_IRQHandler+0x20e>
    6570:	0905                	addi	s2,s2,1
    6572:	02f94263          	blt	s2,a5,6596 <USART1_IRQHandler+0x24a>
    6576:	42042703          	lw	a4,1056(s0)
    657a:	40042223          	sw	zero,1028(s0)
    657e:	e40714e3          	bnez	a4,63c6 <USART1_IRQHandler+0x7a>
    6582:	40040713          	addi	a4,s0,1024
    6586:	4b0c                	lw	a1,16(a4)
    6588:	4f50                	lw	a2,28(a4)
    658a:	cf4c                	sw	a1,28(a4)
    658c:	42d40423          	sb	a3,1064(s0)
    6590:	cb10                	sw	a2,16(a4)
    6592:	d31c                	sw	a5,32(a4)
    6594:	bd0d                	j	63c6 <USART1_IRQHandler+0x7a>
    6596:	41242223          	sw	s2,1028(s0)
    659a:	b535                	j	63c6 <USART1_IRQHandler+0x7a>

0000659c <main>:
    659c:	b8bf92ef          	jal	t0,126 <__riscv_save_12>
    65a0:	7119                	addi	sp,sp,-128
    65a2:	d03ff0ef          	jal	ra,62a4 <SystemInit>
    65a6:	40021737          	lui	a4,0x40021
    65aa:	435c                	lw	a5,4(a4)
    65ac:	46a1                	li	a3,8
    65ae:	8bb1                	andi	a5,a5,12
    65b0:	58d79ee3          	bne	a5,a3,734c <main+0xdb0>
    65b4:	435c                	lw	a5,4(a4)
    65b6:	4358                	lw	a4,4(a4)
    65b8:	66c1                	lui	a3,0x10
    65ba:	83c9                	srli	a5,a5,0x12
    65bc:	8bbd                	andi	a5,a5,15
    65be:	8f75                	and	a4,a4,a3
    65c0:	0789                	addi	a5,a5,2
    65c2:	46c5                	li	a3,17
    65c4:	00d79363          	bne	a5,a3,65ca <main+0x2e>
    65c8:	47c9                	li	a5,18
    65ca:	ef01                	bnez	a4,65e2 <main+0x46>
    65cc:	40024737          	lui	a4,0x40024
    65d0:	80072703          	lw	a4,-2048(a4) # 40023800 <__freertos_irq_stack_top+0x2001e800>
    65d4:	8b41                	andi	a4,a4,16
    65d6:	cf09                	beqz	a4,65f0 <main+0x54>
    65d8:	007a1737          	lui	a4,0x7a1
    65dc:	20070713          	addi	a4,a4,512 # 7a1200 <ch32v20x_wwdg.c.13394d49+0x7834ab>
    65e0:	a821                	j	65f8 <main+0x5c>
    65e2:	40021737          	lui	a4,0x40021
    65e6:	4358                	lw	a4,4(a4)
    65e8:	000206b7          	lui	a3,0x20
    65ec:	8f75                	and	a4,a4,a3
    65ee:	d76d                	beqz	a4,65d8 <main+0x3c>
    65f0:	003d1737          	lui	a4,0x3d1
    65f4:	90070713          	addi	a4,a4,-1792 # 3d0900 <ch32v20x_wwdg.c.13394d49+0x3b2bab>
    65f8:	02e787b3          	mul	a5,a5,a4
    65fc:	40021737          	lui	a4,0x40021
    6600:	4354                	lw	a3,4(a4)
    6602:	20000737          	lui	a4,0x20000
    6606:	00070713          	mv	a4,a4
    660a:	8291                	srli	a3,a3,0x4
    660c:	8abd                	andi	a3,a3,15
    660e:	9736                	add	a4,a4,a3
    6610:	2314                	lbu	a3,0(a4)
    6612:	20000737          	lui	a4,0x20000
    6616:	4485                	li	s1,1
    6618:	00d7d7b3          	srl	a5,a5,a3
    661c:	18f72823          	sw	a5,400(a4) # 20000190 <SystemCoreClock>
    6620:	e000f7b7          	lui	a5,0xe000f
    6624:	0007a023          	sw	zero,0(a5) # e000f000 <__freertos_irq_stack_top+0xc000a000>
    6628:	0007a223          	sw	zero,4(a5)
    662c:	0007a423          	sw	zero,8(a5)
    6630:	0007a623          	sw	zero,12(a5)
    6634:	56fd                	li	a3,-1
    6636:	cb94                	sw	a3,16(a5)
    6638:	cbd4                	sw	a3,20(a5)
    663a:	46a5                	li	a3,9
    663c:	c394                	sw	a3,0(a5)
    663e:	19072703          	lw	a4,400(a4)
    6642:	007a17b7          	lui	a5,0x7a1
    6646:	1ff78693          	addi	a3,a5,511 # 7a11ff <ch32v20x_wwdg.c.13394d49+0x7834aa>
    664a:	00e6f663          	bgeu	a3,a4,6656 <main+0xba>
    664e:	20078793          	addi	a5,a5,512
    6652:	02f754b3          	divu	s1,a4,a5
    6656:	8091ae23          	sw	s1,-2020(gp) # 200001ac <time_hw_tpus>
    665a:	3e800793          	li	a5,1000
    665e:	02f487b3          	mul	a5,s1,a5
    6662:	82f1a623          	sw	a5,-2004(gp) # 200001bc <time_hw_tpms>
    6666:	08800793          	li	a5,136
    666a:	8007a073          	csrs	0x800,a5
    666e:	400217b7          	lui	a5,0x40021
    6672:	4b98                	lw	a4,16(a5)
    6674:	6685                	lui	a3,0x1
    6676:	80068693          	addi	a3,a3,-2048 # 800 <__stack_size>
    667a:	8f55                	or	a4,a4,a3
    667c:	cb98                	sw	a4,16(a5)
    667e:	4b94                	lw	a3,16(a5)
    6680:	777d                	lui	a4,0xfffff
    6682:	7ff70713          	addi	a4,a4,2047 # fffff7ff <__freertos_irq_stack_top+0xdfffa7ff>
    6686:	8ef9                	and	a3,a3,a4
    6688:	cb94                	sw	a3,16(a5)
    668a:	4fd4                	lw	a3,28(a5)
    668c:	8f75                	and	a4,a4,a3
    668e:	cfd8                	sw	a4,28(a5)
    6690:	4f98                	lw	a4,24(a5)
    6692:	00176713          	ori	a4,a4,1
    6696:	cf98                	sw	a4,24(a5)
    6698:	4705                	li	a4,1
    669a:	9ee1a023          	sw	a4,-1568(gp) # 20000370 <NVIC_Priority_Group>
    669e:	40022737          	lui	a4,0x40022
    66a2:	5b14                	lw	a3,48(a4)
    66a4:	400107b7          	lui	a5,0x40010
    66a8:	0f000737          	lui	a4,0xf000
    66ac:	43dc                	lw	a5,4(a5)
    66ae:	8f75                	and	a4,a4,a3
    66b0:	eb01                	bnez	a4,66c0 <main+0x124>
    66b2:	0017d713          	srli	a4,a5,0x1
    66b6:	76f9                	lui	a3,0xffffe
    66b8:	07ce                	slli	a5,a5,0x13
    66ba:	8f75                	and	a4,a4,a3
    66bc:	83cd                	srli	a5,a5,0x13
    66be:	8fd9                	or	a5,a5,a4
    66c0:	7761                	lui	a4,0xffff8
    66c2:	177d                	addi	a4,a4,-1 # ffff7fff <__freertos_irq_stack_top+0xdfff2fff>
    66c4:	8ff9                	and	a5,a5,a4
    66c6:	0f008737          	lui	a4,0xf008
    66ca:	8fd9                	or	a5,a5,a4
    66cc:	400119b7          	lui	s3,0x40011
    66d0:	40010737          	lui	a4,0x40010
    66d4:	c35c                	sw	a5,4(a4)
    66d6:	4689                	li	a3,2
    66d8:	40098613          	addi	a2,s3,1024 # 40011400 <__freertos_irq_stack_top+0x2000c400>
    66dc:	4585                	li	a1,1
    66de:	aec18513          	addi	a0,gp,-1300 # 2000047c <SYS_RGB>
    66e2:	c59fb0ef          	jal	ra,233a <_ZN12WS2812_class4initEhP12GPIO_TypeDeft>
    66e6:	6a05                	lui	s4,0x1
    66e8:	20002437          	lui	s0,0x20002
    66ec:	800a0693          	addi	a3,s4,-2048 # 800 <__stack_size>
    66f0:	80098613          	addi	a2,s3,-2048
    66f4:	4589                	li	a1,2
    66f6:	23040513          	addi	a0,s0,560 # 20002230 <RGBOUT>
    66fa:	c41fb0ef          	jal	ra,233a <_ZN12WS2812_class4initEhP12GPIO_TypeDeft>
    66fe:	20002537          	lui	a0,0x20002
    6702:	10000693          	li	a3,256
    6706:	80098613          	addi	a2,s3,-2048
    670a:	4589                	li	a1,2
    670c:	26050513          	addi	a0,a0,608 # 20002260 <RGBOUT+0x30>
    6710:	c2bfb0ef          	jal	ra,233a <_ZN12WS2812_class4initEhP12GPIO_TypeDeft>
    6714:	20002537          	lui	a0,0x20002
    6718:	4689                	li	a3,2
    671a:	c0098613          	addi	a2,s3,-1024
    671e:	4589                	li	a1,2
    6720:	29050513          	addi	a0,a0,656 # 20002290 <RGBOUT+0x60>
    6724:	c17fb0ef          	jal	ra,233a <_ZN12WS2812_class4initEhP12GPIO_TypeDeft>
    6728:	20002537          	lui	a0,0x20002
    672c:	4685                	li	a3,1
    672e:	c0098613          	addi	a2,s3,-1024
    6732:	4589                	li	a1,2
    6734:	2c050513          	addi	a0,a0,704 # 200022c0 <RGBOUT+0x90>
    6738:	c03fb0ef          	jal	ra,233a <_ZN12WS2812_class4initEhP12GPIO_TypeDeft>
    673c:	4529                	li	a0,10
    673e:	aadfa0ef          	jal	ra,11ea <delay.part.0>
    6742:	aec18793          	addi	a5,gp,-1300 # 2000047c <SYS_RGB>
    6746:	23f8                	lbu	a4,6(a5)
    6748:	cb09                	beqz	a4,675a <main+0x1be>
    674a:	4798                	lw	a4,8(a5)
    674c:	01470763          	beq	a4,s4,675a <main+0x1be>
    6750:	4705                	li	a4,1
    6752:	0147a423          	sw	s4,8(a5) # 40010008 <__freertos_irq_stack_top+0x2000b008>
    6756:	02e78623          	sb	a4,44(a5)
    675a:	23040793          	addi	a5,s0,560
    675e:	4705                	li	a4,1
    6760:	23f4                	lbu	a3,6(a5)
    6762:	c699                	beqz	a3,6770 <main+0x1d4>
    6764:	4794                	lw	a3,8(a5)
    6766:	c689                	beqz	a3,6770 <main+0x1d4>
    6768:	0007a423          	sw	zero,8(a5)
    676c:	02e78623          	sb	a4,44(a5)
    6770:	200026b7          	lui	a3,0x20002
    6774:	03078793          	addi	a5,a5,48
    6778:	2f068693          	addi	a3,a3,752 # 200022f0 <_ZL10g_fil_last>
    677c:	fed792e3          	bne	a5,a3,6760 <main+0x1c4>
    6780:	91efb0ef          	jal	ra,189e <_Z10RGB_updatev>
    6784:	03200513          	li	a0,50
    6788:	a63fa0ef          	jal	ra,11ea <delay.part.0>
    678c:	8741a403          	lw	s0,-1932(gp) # 20000204 <_ZL7g_scale+0x44>
    6790:	200029b7          	lui	s3,0x20002
    6794:	db098713          	addi	a4,s3,-592 # 20001db0 <ams>
    6798:	4501                	li	a0,0
    679a:	db098993          	addi	s3,s3,-592
    679e:	56fd                	li	a3,-1
    67a0:	11400313          	li	t1,276
    67a4:	04700813          	li	a6,71
    67a8:	04600e13          	li	t3,70
    67ac:	03000893          	li	a7,48
    67b0:	0dc00e93          	li	t4,220
    67b4:	0f000f13          	li	t5,240
    67b8:	05000f93          	li	t6,80
    67bc:	04500293          	li	t0,69
    67c0:	05400393          	li	t2,84
    67c4:	4905                	li	s2,1
    67c6:	4a59                	li	s4,22
    67c8:	4ad1                	li	s5,20
    67ca:	4b11                	li	s6,4
    67cc:	02650bb3          	mul	s7,a0,t1
    67d0:	10d70223          	sb	a3,260(a4) # 40010104 <__freertos_irq_stack_top+0x2000b104>
    67d4:	100706a3          	sb	zero,269(a4)
    67d8:	10d71723          	sh	a3,270(a4)
    67dc:	10070823          	sb	zero,272(a4)
    67e0:	87ba                	mv	a5,a4
    67e2:	4581                	li	a1,0
    67e4:	00659613          	slli	a2,a1,0x6
    67e8:	965e                	add	a2,a2,s7
    67ea:	964e                	add	a2,a2,s3
    67ec:	02062423          	sw	zero,40(a2) # e000f028 <__freertos_irq_stack_top+0xc000a028>
    67f0:	02062623          	sw	zero,44(a2)
    67f4:	00000613          	li	a2,0
    67f8:	01078223          	sb	a6,4(a5)
    67fc:	01c782a3          	sb	t3,5(a5)
    6800:	01078323          	sb	a6,6(a5)
    6804:	011783a3          	sb	a7,7(a5)
    6808:	01178423          	sb	a7,8(a5)
    680c:	000784a3          	sb	zero,9(a5)
    6810:	a7d4                	sb	a3,12(a5)
    6812:	b7d4                	sb	a3,13(a5)
    6814:	a7f4                	sb	a3,14(a5)
    6816:	b7f4                	sb	a3,15(a5)
    6818:	01d79823          	sh	t4,16(a5)
    681c:	01e79923          	sh	t5,18(a5)
    6820:	01f78a23          	sb	t6,20(a5)
    6824:	00578aa3          	sb	t0,21(a5)
    6828:	00778b23          	sb	t2,22(a5)
    682c:	01078ba3          	sb	a6,23(a5)
    6830:	00078c23          	sb	zero,24(a5)
    6834:	dfc0                	sw	s0,60(a5)
    6836:	c3b0                	sw	a2,64(a5)
    6838:	03278a23          	sb	s2,52(a5)
    683c:	02078aa3          	sb	zero,53(a5)
    6840:	03478ba3          	sb	s4,55(a5)
    6844:	03578c23          	sb	s5,56(a5)
    6848:	0585                	addi	a1,a1,1
    684a:	04078793          	addi	a5,a5,64
    684e:	f9659be3          	bne	a1,s6,67e4 <main+0x248>
    6852:	0505                	addi	a0,a0,1
    6854:	11470713          	addi	a4,a4,276
    6858:	f6b51ae3          	bne	a0,a1,67cc <main+0x230>
    685c:	d0efe0ef          	jal	ra,4d6a <_Z16Flash_saves_initv>
    6860:	aa41c783          	lbu	a5,-1372(gp) # 20000434 <_ZL16g_adc_dma_inited>
    6864:	2e078ae3          	beqz	a5,7358 <main+0xdbc>
    6868:	f1cfb0ef          	jal	ra,1f84 <_Z19ADC_DMA_gpio_analogv>
    686c:	bcff90ef          	jal	ra,43a <_Z20ADC_DMA_filter_resetv>
    6870:	9adfa0ef          	jal	ra,121c <_Z17ADC_DMA_wait_fullv>
    6874:	9a9fa0ef          	jal	ra,121c <_Z17ADC_DMA_wait_fullv>
    6878:	923fe0ef          	jal	ra,519a <_Z24MC_PULL_calibration_bootv>
    687c:	20002937          	lui	s2,0x20002
    6880:	200027b7          	lui	a5,0x20002
    6884:	2f090913          	addi	s2,s2,752 # 200022f0 <_ZL10g_fil_last>
    6888:	db078413          	addi	s0,a5,-592 # 20001db0 <ams>
    688c:	4a01                	li	s4,0
    688e:	aa018a93          	addi	s5,gp,-1376 # 20000430 <_ZL10g_fil_have>
    6892:	4b11                	li	s6,4
    6894:	015a07b3          	add	a5,s4,s5
    6898:	239c                	lbu	a5,0(a5)
    689a:	cfb9                	beqz	a5,68f8 <main+0x35c>
    689c:	02000613          	li	a2,32
    68a0:	85ca                	mv	a1,s2
    68a2:	08a8                	addi	a0,sp,88
    68a4:	85df90ef          	jal	ra,100 <memcpy>
    68a8:	4866                	lw	a6,88(sp)
    68aa:	00894503          	lbu	a0,8(s2)
    68ae:	00994583          	lbu	a1,9(s2)
    68b2:	00a94603          	lbu	a2,10(s2)
    68b6:	00b94683          	lbu	a3,11(s2)
    68ba:	00c95703          	lhu	a4,12(s2)
    68be:	00e95783          	lhu	a5,14(s2)
    68c2:	11042c23          	sw	a6,280(s0)
    68c6:	4876                	lw	a6,92(sp)
    68c8:	12a40023          	sb	a0,288(s0)
    68cc:	12b400a3          	sb	a1,289(s0)
    68d0:	12c40123          	sb	a2,290(s0)
    68d4:	11042e23          	sw	a6,284(s0)
    68d8:	12d401a3          	sb	a3,291(s0)
    68dc:	12e41223          	sh	a4,292(s0)
    68e0:	12f41323          	sh	a5,294(s0)
    68e4:	12042c23          	sw	zero,312(s0)
    68e8:	4641                	li	a2,16
    68ea:	10ac                	addi	a1,sp,104
    68ec:	12840513          	addi	a0,s0,296
    68f0:	811f90ef          	jal	ra,100 <memcpy>
    68f4:	12040da3          	sb	zero,315(s0)
    68f8:	0a05                	addi	s4,s4,1
    68fa:	02090913          	addi	s2,s2,32
    68fe:	04040413          	addi	s0,s0,64
    6902:	f96a19e3          	bne	s4,s6,6894 <main+0x2f8>
    6906:	000808b7          	lui	a7,0x80
    690a:	e339e337          	lui	t1,0xe339e
    690e:	31415e37          	lui	t3,0x31415
    6912:	4701                	li	a4,0
    6914:	0ff00793          	li	a5,255
    6918:	4681                	li	a3,0
    691a:	4801                	li	a6,0
    691c:	4501                	li	a0,0
    691e:	0f688893          	addi	a7,a7,246 # 800f6 <ch32v20x_wwdg.c.13394d49+0x623a1>
    6922:	33930313          	addi	t1,t1,825 # e339e339 <__freertos_irq_stack_top+0xc3399339>
    6926:	5ffd                	li	t6,-1
    6928:	0a500293          	li	t0,165
    692c:	453e0e13          	addi	t3,t3,1107 # 31415453 <__freertos_irq_stack_top+0x11410453>
    6930:	14000f13          	li	t5,320
    6934:	00555613          	srli	a2,a0,0x5
    6938:	9646                	add	a2,a2,a7
    693a:	01f57593          	andi	a1,a0,31
    693e:	058e                	slli	a1,a1,0x3
    6940:	0622                	slli	a2,a2,0x8
    6942:	962e                	add	a2,a2,a1
    6944:	420c                	lw	a1,0(a2)
    6946:	4250                	lw	a2,4(a2)
    6948:	02658d63          	beq	a1,t1,6982 <main+0x3e6>
    694c:	03f58b63          	beq	a1,t6,6982 <main+0x3e6>
    6950:	0185de93          	srli	t4,a1,0x18
    6954:	025e9763          	bne	t4,t0,6982 <main+0x3e6>
    6958:	8e2d                	xor	a2,a2,a1
    695a:	03c61463          	bne	a2,t3,6982 <main+0x3e6>
    695e:	0085d613          	srli	a2,a1,0x8
    6962:	0642                	slli	a2,a2,0x10
    6964:	8241                	srli	a2,a2,0x10
    6966:	00080963          	beqz	a6,6978 <main+0x3dc>
    696a:	40d60eb3          	sub	t4,a2,a3
    696e:	0ec2                	slli	t4,t4,0x10
    6970:	410ede93          	srai	t4,t4,0x10
    6974:	01d05763          	blez	t4,6982 <main+0x3e6>
    6978:	0ff5f793          	zext.b	a5,a1
    697c:	872a                	mv	a4,a0
    697e:	86b2                	mv	a3,a2
    6980:	4805                	li	a6,1
    6982:	0505                	addi	a0,a0,1
    6984:	fbe518e3          	bne	a0,t5,6934 <main+0x398>
    6988:	1c080ce3          	beqz	a6,7360 <main+0xdc4>
    698c:	0705                	addi	a4,a4,1
    698e:	02a77733          	remu	a4,a4,a0
    6992:	0685                	addi	a3,a3,1
    6994:	06c2                	slli	a3,a3,0x10
    6996:	82c1                	srli	a3,a3,0x10
    6998:	863e                	mv	a2,a5
    699a:	0742                	slli	a4,a4,0x10
    699c:	8341                	srli	a4,a4,0x10
    699e:	a8d19c23          	sh	a3,-1384(gp) # 20000428 <_ZL9g_sta_seq>
    69a2:	a8e19b23          	sh	a4,-1386(gp) # 20000426 <_ZL10g_sta_slot>
    69a6:	a9018a23          	sb	a6,-1388(gp) # 20000424 <_ZL16g_sta_have_saved>
    69aa:	82c18423          	sb	a2,-2008(gp) # 200001b8 <_ZL18g_sta_saved_loaded>
    69ae:	80f18a23          	sb	a5,-2028(gp) # 200001a4 <_ZL11g_loaded_ch>
    69b2:	470d                	li	a4,3
    69b4:	02f76963          	bltu	a4,a5,69e6 <main+0x44a>
    69b8:	4711                	li	a4,4
    69ba:	22e980a3          	sb	a4,545(s3)
    69be:	670d                	lui	a4,0x3
    69c0:	b0070713          	addi	a4,a4,-1280 # 2b00 <_ZL16motor_motion_runiym+0x626>
    69c4:	20f98c23          	sb	a5,536(s3)
    69c8:	079a                	slli	a5,a5,0x6
    69ca:	22e99123          	sh	a4,546(s3)
    69ce:	140984a3          	sb	zero,329(s3)
    69d2:	180984a3          	sb	zero,393(s3)
    69d6:	1c0984a3          	sb	zero,457(s3)
    69da:	200984a3          	sb	zero,521(s3)
    69de:	97ce                	add	a5,a5,s3
    69e0:	4709                	li	a4,2
    69e2:	14e784a3          	sb	a4,329(a5)
    69e6:	4785                	li	a5,1
    69e8:	22f98223          	sb	a5,548(s3)
    69ec:	478d                	li	a5,3
    69ee:	10f98a23          	sb	a5,276(s3)
    69f2:	dc4fe0ef          	jal	ra,4fb6 <_ZL19Motion_control_readv>
    69f6:	dcafb0ef          	jal	ra,1fc0 <_Z32MC_PULL_detect_channels_insertedv>
    69fa:	e000f7b7          	lui	a5,0xe000f
    69fe:	4788                	lw	a0,8(a5)
    6a00:	4405                	li	s0,1
    6a02:	bf9f90ef          	jal	ra,5fa <_ZL19MC_PULL_ONLINE_readm>
    6a06:	20002537          	lui	a0,0x20002
    6a0a:	200025b7          	lui	a1,0x20002
    6a0e:	20002637          	lui	a2,0x20002
    6a12:	200026b7          	lui	a3,0x20002
    6a16:	81818e13          	addi	t3,gp,-2024 # 200001a8 <_ZL9dm_loaded>
    6a1a:	a8018313          	addi	t1,gp,-1408 # 20000410 <_ZL13dm_fail_latch>
    6a1e:	a5018893          	addi	a7,gp,-1456 # 200003e0 <_ZL13dm_auto_state>
    6a22:	a4c18813          	addi	a6,gp,-1460 # 200003dc <_ZL11dm_auto_try>
    6a26:	c8850513          	addi	a0,a0,-888 # 20001c88 <_ZL13dm_auto_t0_ms>
    6a2a:	c7858593          	addi	a1,a1,-904 # 20001c78 <_ZL16dm_auto_remain_m>
    6a2e:	c6860613          	addi	a2,a2,-920 # 20001c68 <_ZL14dm_auto_last_m>
    6a32:	c4868693          	addi	a3,a3,-952 # 20001c48 <_ZL20dm_loaded_drop_t0_ms>
    6a36:	a4818713          	addi	a4,gp,-1464 # 200003d8 <_ZL16dm_autoload_gate>
    6a3a:	4781                	li	a5,0
    6a3c:	a9018f13          	addi	t5,gp,-1392 # 20000420 <filament_channel_inserted>
    6a40:	a8418f93          	addi	t6,gp,-1404 # 20000414 <_ZL17MC_ONLINE_key_stu>
    6a44:	4391                	li	t2,4
    6a46:	01e78eb3          	add	t4,a5,t5
    6a4a:	000ece83          	lbu	t4,0(t4)
    6a4e:	100e9fe3          	bnez	t4,736c <main+0xdd0>
    6a52:	4901                	li	s2,0
    6a54:	4981                	li	s3,0
    6a56:	00000e93          	li	t4,0
    6a5a:	008e0023          	sb	s0,0(t3)
    6a5e:	00030023          	sb	zero,0(t1)
    6a62:	00088023          	sb	zero,0(a7)
    6a66:	00080023          	sb	zero,0(a6)
    6a6a:	01252023          	sw	s2,0(a0)
    6a6e:	01352223          	sw	s3,4(a0)
    6a72:	01d5a023          	sw	t4,0(a1)
    6a76:	01d62023          	sw	t4,0(a2)
    6a7a:	0126a023          	sw	s2,0(a3)
    6a7e:	0136a223          	sw	s3,4(a3)
    6a82:	00070023          	sb	zero,0(a4)
    6a86:	0785                	addi	a5,a5,1 # e000f001 <__freertos_irq_stack_top+0xc000a001>
    6a88:	0e05                	addi	t3,t3,1
    6a8a:	0305                	addi	t1,t1,1
    6a8c:	0885                	addi	a7,a7,1
    6a8e:	0805                	addi	a6,a6,1
    6a90:	0521                	addi	a0,a0,8
    6a92:	0591                	addi	a1,a1,4
    6a94:	0611                	addi	a2,a2,4
    6a96:	06a1                	addi	a3,a3,8
    6a98:	0705                	addi	a4,a4,1
    6a9a:	fa7796e3          	bne	a5,t2,6a46 <main+0x4aa>
    6a9e:	20002437          	lui	s0,0x20002
    6aa2:	cc840713          	addi	a4,s0,-824 # 20001cc8 <MC_AS5600>
    6aa6:	048a                	slli	s1,s1,0x2
    6aa8:	cb1c                	sw	a5,16(a4)
    6aaa:	6a2d                	lui	s4,0xb
    6aac:	200007b7          	lui	a5,0x20000
    6ab0:	69ad                	lui	s3,0xb
    6ab2:	1897aa23          	sw	s1,404(a5) # 20000194 <_ZL17g_iic_delay_ticks>
    6ab6:	6cca0a13          	addi	s4,s4,1740 # b6cc <_ZL15AS5600_SCL_PORT>
    6aba:	6bc98993          	addi	s3,s3,1724 # b6bc <_ZL15AS5600_SDA_PORT>
    6abe:	4481                	li	s1,0
    6ac0:	4901                	li	s2,0
    6ac2:	cc840413          	addi	s0,s0,-824
    6ac6:	9bc18a93          	addi	s5,gp,-1604 # 2000034c <_ZL14AS5600_SCL_PIN>
    6aca:	9b418b13          	addi	s6,gp,-1612 # 20000344 <_ZL14AS5600_SDA_PIN>
    6ace:	5c7d                	li	s8,-1
    6ad0:	481c                	lw	a5,16(s0)
    6ad2:	0ef944e3          	blt	s2,a5,73ba <main+0xe1e>
    6ad6:	4a01                	li	s4,0
    6ad8:	4b0d                	li	s6,3
    6ada:	4bc1                	li	s7,16
    6adc:	49d1                	li	s3,20
    6ade:	481c                	lw	a5,16(s0)
    6ae0:	14fa48e3          	blt	s4,a5,7430 <main+0xe94>
    6ae4:	b00ff0ef          	jal	ra,5de4 <_ZN20AS5600_soft_IIC_many10updata_stuEv.constprop.0>
    6ae8:	b88ff0ef          	jal	ra,5e70 <_ZN20AS5600_soft_IIC_many12updata_angleEv.constprop.0>
    6aec:	af8ff0ef          	jal	ra,5de4 <_ZN20AS5600_soft_IIC_many10updata_stuEv.constprop.0>
    6af0:	00042e03          	lw	t3,0(s0)
    6af4:	00442e83          	lw	t4,4(s0)
    6af8:	4781                	li	a5,0
    6afa:	5f7d                	li	t5,-1
    6afc:	a5818813          	addi	a6,gp,-1448 # 200003e8 <_ZL13g_as5600_good>
    6b00:	a6018593          	addi	a1,gp,-1440 # 200003f0 <_ZL13g_as5600_fail>
    6b04:	a5c18693          	addi	a3,gp,-1444 # 200003ec <_ZL17g_as5600_okstreak>
    6b08:	4891                	li	a7,4
    6b0a:	00fe0733          	add	a4,t3,a5
    6b0e:	2318                	lbu	a4,0(a4)
    6b10:	18070de3          	beqz	a4,74aa <main+0xf0e>
    6b14:	00279713          	slli	a4,a5,0x2
    6b18:	9776                	add	a4,a4,t4
    6b1a:	4318                	lw	a4,0(a4)
    6b1c:	19e707e3          	beq	a4,t5,74aa <main+0xf0e>
    6b20:	4505                	li	a0,1
    6b22:	4601                	li	a2,0
    6b24:	4709                	li	a4,2
    6b26:	01078333          	add	t1,a5,a6
    6b2a:	00a30023          	sb	a0,0(t1)
    6b2e:	00b78533          	add	a0,a5,a1
    6b32:	a110                	sb	a2,0(a0)
    6b34:	00d78633          	add	a2,a5,a3
    6b38:	a218                	sb	a4,0(a2)
    6b3a:	0785                	addi	a5,a5,1
    6b3c:	fd1797e3          	bne	a5,a7,6b0a <main+0x56e>
    6b40:	4418                	lw	a4,8(s0)
    6b42:	200026b7          	lui	a3,0x20002
    6b46:	200027b7          	lui	a5,0x20002
    6b4a:	ca868693          	addi	a3,a3,-856 # 20001ca8 <as5600_distance_save>
    6b4e:	00870613          	addi	a2,a4,8
    6b52:	c3878793          	addi	a5,a5,-968 # 20001c38 <_ZL21filament_now_position>
    6b56:	230e                	lhu	a1,0(a4)
    6b58:	0007a023          	sw	zero,0(a5)
    6b5c:	0709                	addi	a4,a4,2
    6b5e:	c28c                	sw	a1,0(a3)
    6b60:	0791                	addi	a5,a5,4
    6b62:	0691                	addi	a3,a3,4
    6b64:	fec719e3          	bne	a4,a2,6b56 <main+0x5ba>
    6b68:	40021437          	lui	s0,0x40021
    6b6c:	4c1c                	lw	a5,24(s0)
    6b6e:	400114b7          	lui	s1,0x40011
    6b72:	08ac                	addi	a1,sp,88
    6b74:	00c7e793          	ori	a5,a5,12
    6b78:	cc1c                	sw	a5,24(s0)
    6b7a:	3f800793          	li	a5,1016
    6b7e:	04f11c23          	sh	a5,88(sp)
    6b82:	47e1                	li	a5,24
    6b84:	d0be                	sw	a5,96(sp)
    6b86:	c0048513          	addi	a0,s1,-1024 # 40010c00 <__freertos_irq_stack_top+0x2000bc00>
    6b8a:	478d                	li	a5,3
    6b8c:	cebe                	sw	a5,92(sp)
    6b8e:	f4ffa0ef          	jal	ra,1adc <GPIO_Init>
    6b92:	77e1                	lui	a5,0xffff8
    6b94:	08ac                	addi	a1,sp,88
    6b96:	80048513          	addi	a0,s1,-2048
    6b9a:	04f11c23          	sh	a5,88(sp)
    6b9e:	f3ffa0ef          	jal	ra,1adc <GPIO_Init>
    6ba2:	4c1c                	lw	a5,24(s0)
    6ba4:	40000737          	lui	a4,0x40000
    6ba8:	3e700513          	li	a0,999
    6bac:	0017e793          	ori	a5,a5,1
    6bb0:	cc1c                	sw	a5,24(s0)
    6bb2:	4c5c                	lw	a5,28(s0)
    6bb4:	4585                	li	a1,1
    6bb6:	40070693          	addi	a3,a4,1024 # 40000400 <__freertos_irq_stack_top+0x1fffb400>
    6bba:	0017e793          	ori	a5,a5,1
    6bbe:	cc5c                	sw	a5,28(s0)
    6bc0:	4c5c                	lw	a5,28(s0)
    6bc2:	40001837          	lui	a6,0x40001
    6bc6:	78e5                	lui	a7,0xffff9
    6bc8:	0027e793          	ori	a5,a5,2
    6bcc:	cc5c                	sw	a5,28(s0)
    6bce:	4c5c                	lw	a5,28(s0)
    6bd0:	cff88893          	addi	a7,a7,-769 # ffff8cff <__freertos_irq_stack_top+0xdfff3cff>
    6bd4:	0047e793          	ori	a5,a5,4
    6bd8:	cc5c                	sw	a5,28(s0)
    6bda:	231e                	lhu	a5,0(a4)
    6bdc:	07c2                	slli	a5,a5,0x10
    6bde:	83c1                	srli	a5,a5,0x10
    6be0:	c8f7f793          	andi	a5,a5,-881
    6be4:	07c2                	slli	a5,a5,0x10
    6be6:	83c1                	srli	a5,a5,0x10
    6be8:	a31e                	sh	a5,0(a4)
    6bea:	b74a                	sh	a0,44(a4)
    6bec:	b70e                	sh	a1,40(a4)
    6bee:	ab4e                	sh	a1,20(a4)
    6bf0:	40075783          	lhu	a5,1024(a4)
    6bf4:	07c2                	slli	a5,a5,0x10
    6bf6:	83c1                	srli	a5,a5,0x10
    6bf8:	c8f7f793          	andi	a5,a5,-881
    6bfc:	07c2                	slli	a5,a5,0x10
    6bfe:	83c1                	srli	a5,a5,0x10
    6c00:	40f71023          	sh	a5,1024(a4)
    6c04:	b6ca                	sh	a0,44(a3)
    6c06:	b68e                	sh	a1,40(a3)
    6c08:	aace                	sh	a1,20(a3)
    6c0a:	80085603          	lhu	a2,-2048(a6) # 40000800 <__freertos_irq_stack_top+0x1fffb800>
    6c0e:	80080793          	addi	a5,a6,-2048
    6c12:	0642                	slli	a2,a2,0x10
    6c14:	8241                	srli	a2,a2,0x10
    6c16:	c8f67613          	andi	a2,a2,-881
    6c1a:	0642                	slli	a2,a2,0x10
    6c1c:	8241                	srli	a2,a2,0x10
    6c1e:	80c81023          	sh	a2,-2048(a6)
    6c22:	b7ca                	sh	a0,44(a5)
    6c24:	b78e                	sh	a1,40(a5)
    6c26:	abce                	sh	a1,20(a5)
    6c28:	3312                	lhu	a2,32(a4)
    6c2a:	6819                	lui	a6,0x6
    6c2c:	0642                	slli	a2,a2,0x10
    6c2e:	8241                	srli	a2,a2,0x10
    6c30:	9a79                	andi	a2,a2,-2
    6c32:	0642                	slli	a2,a2,0x10
    6c34:	8241                	srli	a2,a2,0x10
    6c36:	b312                	sh	a2,32(a4)
    6c38:	3312                	lhu	a2,32(a4)
    6c3a:	234a                	lhu	a0,4(a4)
    6c3c:	2f0e                	lhu	a1,24(a4)
    6c3e:	0642                	slli	a2,a2,0x10
    6c40:	0542                	slli	a0,a0,0x10
    6c42:	05c2                	slli	a1,a1,0x10
    6c44:	81c1                	srli	a1,a1,0x10
    6c46:	8141                	srli	a0,a0,0x10
    6c48:	f8c5f593          	andi	a1,a1,-116
    6c4c:	a34a                	sh	a0,4(a4)
    6c4e:	0605e593          	ori	a1,a1,96
    6c52:	8241                	srli	a2,a2,0x10
    6c54:	af0e                	sh	a1,24(a4)
    6c56:	9a75                	andi	a2,a2,-3
    6c58:	02071a23          	sh	zero,52(a4)
    6c5c:	00166613          	ori	a2,a2,1
    6c60:	b312                	sh	a2,32(a4)
    6c62:	3312                	lhu	a2,32(a4)
    6c64:	0642                	slli	a2,a2,0x10
    6c66:	8241                	srli	a2,a2,0x10
    6c68:	9a3d                	andi	a2,a2,-17
    6c6a:	0642                	slli	a2,a2,0x10
    6c6c:	8241                	srli	a2,a2,0x10
    6c6e:	b312                	sh	a2,32(a4)
    6c70:	3312                	lhu	a2,32(a4)
    6c72:	234a                	lhu	a0,4(a4)
    6c74:	2f0e                	lhu	a1,24(a4)
    6c76:	0642                	slli	a2,a2,0x10
    6c78:	0542                	slli	a0,a0,0x10
    6c7a:	0115f5b3          	and	a1,a1,a7
    6c7e:	0105e5b3          	or	a1,a1,a6
    6c82:	8141                	srli	a0,a0,0x10
    6c84:	05c2                	slli	a1,a1,0x10
    6c86:	a34a                	sh	a0,4(a4)
    6c88:	81c1                	srli	a1,a1,0x10
    6c8a:	8241                	srli	a2,a2,0x10
    6c8c:	af0e                	sh	a1,24(a4)
    6c8e:	fdf67613          	andi	a2,a2,-33
    6c92:	02071c23          	sh	zero,56(a4)
    6c96:	01066613          	ori	a2,a2,16
    6c9a:	b312                	sh	a2,32(a4)
    6c9c:	3292                	lhu	a2,32(a3)
    6c9e:	0642                	slli	a2,a2,0x10
    6ca0:	8241                	srli	a2,a2,0x10
    6ca2:	9a79                	andi	a2,a2,-2
    6ca4:	0642                	slli	a2,a2,0x10
    6ca6:	8241                	srli	a2,a2,0x10
    6ca8:	b292                	sh	a2,32(a3)
    6caa:	3292                	lhu	a2,32(a3)
    6cac:	22ca                	lhu	a0,4(a3)
    6cae:	2e8e                	lhu	a1,24(a3)
    6cb0:	0642                	slli	a2,a2,0x10
    6cb2:	0542                	slli	a0,a0,0x10
    6cb4:	05c2                	slli	a1,a1,0x10
    6cb6:	81c1                	srli	a1,a1,0x10
    6cb8:	8141                	srli	a0,a0,0x10
    6cba:	f8c5f593          	andi	a1,a1,-116
    6cbe:	a2ca                	sh	a0,4(a3)
    6cc0:	0605e593          	ori	a1,a1,96
    6cc4:	8241                	srli	a2,a2,0x10
    6cc6:	ae8e                	sh	a1,24(a3)
    6cc8:	9a75                	andi	a2,a2,-3
    6cca:	02069a23          	sh	zero,52(a3)
    6cce:	00166613          	ori	a2,a2,1
    6cd2:	b292                	sh	a2,32(a3)
    6cd4:	3292                	lhu	a2,32(a3)
    6cd6:	0642                	slli	a2,a2,0x10
    6cd8:	8241                	srli	a2,a2,0x10
    6cda:	9a3d                	andi	a2,a2,-17
    6cdc:	0642                	slli	a2,a2,0x10
    6cde:	8241                	srli	a2,a2,0x10
    6ce0:	b292                	sh	a2,32(a3)
    6ce2:	3292                	lhu	a2,32(a3)
    6ce4:	22ca                	lhu	a0,4(a3)
    6ce6:	2e8e                	lhu	a1,24(a3)
    6ce8:	0642                	slli	a2,a2,0x10
    6cea:	0542                	slli	a0,a0,0x10
    6cec:	0115f5b3          	and	a1,a1,a7
    6cf0:	0105e5b3          	or	a1,a1,a6
    6cf4:	8141                	srli	a0,a0,0x10
    6cf6:	05c2                	slli	a1,a1,0x10
    6cf8:	a2ca                	sh	a0,4(a3)
    6cfa:	81c1                	srli	a1,a1,0x10
    6cfc:	8241                	srli	a2,a2,0x10
    6cfe:	ae8e                	sh	a1,24(a3)
    6d00:	fdf67613          	andi	a2,a2,-33
    6d04:	02069c23          	sh	zero,56(a3)
    6d08:	01066613          	ori	a2,a2,16
    6d0c:	b292                	sh	a2,32(a3)
    6d0e:	3392                	lhu	a2,32(a5)
    6d10:	0642                	slli	a2,a2,0x10
    6d12:	8241                	srli	a2,a2,0x10
    6d14:	9a79                	andi	a2,a2,-2
    6d16:	0642                	slli	a2,a2,0x10
    6d18:	8241                	srli	a2,a2,0x10
    6d1a:	b392                	sh	a2,32(a5)
    6d1c:	3392                	lhu	a2,32(a5)
    6d1e:	23ca                	lhu	a0,4(a5)
    6d20:	2f8e                	lhu	a1,24(a5)
    6d22:	0642                	slli	a2,a2,0x10
    6d24:	0542                	slli	a0,a0,0x10
    6d26:	05c2                	slli	a1,a1,0x10
    6d28:	81c1                	srli	a1,a1,0x10
    6d2a:	f8c5f593          	andi	a1,a1,-116
    6d2e:	8141                	srli	a0,a0,0x10
    6d30:	0605e593          	ori	a1,a1,96
    6d34:	8241                	srli	a2,a2,0x10
    6d36:	a3ca                	sh	a0,4(a5)
    6d38:	9a75                	andi	a2,a2,-3
    6d3a:	af8e                	sh	a1,24(a5)
    6d3c:	02079a23          	sh	zero,52(a5) # ffff8034 <__freertos_irq_stack_top+0xdfff3034>
    6d40:	00166613          	ori	a2,a2,1
    6d44:	b392                	sh	a2,32(a5)
    6d46:	3392                	lhu	a2,32(a5)
    6d48:	0642                	slli	a2,a2,0x10
    6d4a:	8241                	srli	a2,a2,0x10
    6d4c:	9a3d                	andi	a2,a2,-17
    6d4e:	0642                	slli	a2,a2,0x10
    6d50:	8241                	srli	a2,a2,0x10
    6d52:	b392                	sh	a2,32(a5)
    6d54:	3392                	lhu	a2,32(a5)
    6d56:	23ca                	lhu	a0,4(a5)
    6d58:	2f8e                	lhu	a1,24(a5)
    6d5a:	0642                	slli	a2,a2,0x10
    6d5c:	0542                	slli	a0,a0,0x10
    6d5e:	0115f5b3          	and	a1,a1,a7
    6d62:	0105e5b3          	or	a1,a1,a6
    6d66:	8141                	srli	a0,a0,0x10
    6d68:	05c2                	slli	a1,a1,0x10
    6d6a:	a3ca                	sh	a0,4(a5)
    6d6c:	81c1                	srli	a1,a1,0x10
    6d6e:	8241                	srli	a2,a2,0x10
    6d70:	af8e                	sh	a1,24(a5)
    6d72:	fdf67613          	andi	a2,a2,-33
    6d76:	02079c23          	sh	zero,56(a5)
    6d7a:	01066613          	ori	a2,a2,16
    6d7e:	b392                	sh	a2,32(a5)
    6d80:	3392                	lhu	a2,32(a5)
    6d82:	0642                	slli	a2,a2,0x10
    6d84:	8241                	srli	a2,a2,0x10
    6d86:	eff67613          	andi	a2,a2,-257
    6d8a:	0642                	slli	a2,a2,0x10
    6d8c:	8241                	srli	a2,a2,0x10
    6d8e:	b392                	sh	a2,32(a5)
    6d90:	3392                	lhu	a2,32(a5)
    6d92:	23ca                	lhu	a0,4(a5)
    6d94:	2fce                	lhu	a1,28(a5)
    6d96:	0642                	slli	a2,a2,0x10
    6d98:	0542                	slli	a0,a0,0x10
    6d9a:	05c2                	slli	a1,a1,0x10
    6d9c:	81c1                	srli	a1,a1,0x10
    6d9e:	8141                	srli	a0,a0,0x10
    6da0:	f8c5f593          	andi	a1,a1,-116
    6da4:	a3ca                	sh	a0,4(a5)
    6da6:	0605e593          	ori	a1,a1,96
    6daa:	8241                	srli	a2,a2,0x10
    6dac:	afce                	sh	a1,28(a5)
    6dae:	dff67613          	andi	a2,a2,-513
    6db2:	02079e23          	sh	zero,60(a5)
    6db6:	10066613          	ori	a2,a2,256
    6dba:	b392                	sh	a2,32(a5)
    6dbc:	338e                	lhu	a1,32(a5)
    6dbe:	767d                	lui	a2,0xfffff
    6dc0:	fff60513          	addi	a0,a2,-1 # ffffefff <__freertos_irq_stack_top+0xdfff9fff>
    6dc4:	8de9                	and	a1,a1,a0
    6dc6:	b38e                	sh	a1,32(a5)
    6dc8:	0207d303          	lhu	t1,32(a5)
    6dcc:	0047de03          	lhu	t3,4(a5)
    6dd0:	2fca                	lhu	a0,28(a5)
    6dd2:	75f9                	lui	a1,0xffffe
    6dd4:	0e42                	slli	t3,t3,0x10
    6dd6:	01157533          	and	a0,a0,a7
    6dda:	01056533          	or	a0,a0,a6
    6dde:	010e5e13          	srli	t3,t3,0x10
    6de2:	0542                	slli	a0,a0,0x10
    6de4:	01c79223          	sh	t3,4(a5)
    6de8:	8141                	srli	a0,a0,0x10
    6dea:	fff58813          	addi	a6,a1,-1 # ffffdfff <__freertos_irq_stack_top+0xdfff8fff>
    6dee:	afca                	sh	a0,28(a5)
    6df0:	01037833          	and	a6,t1,a6
    6df4:	6885                	lui	a7,0x1
    6df6:	04079023          	sh	zero,64(a5)
    6dfa:	01186833          	or	a6,a6,a7
    6dfe:	03079023          	sh	a6,32(a5)
    6e02:	2f0a                	lhu	a0,24(a4)
    6e04:	7ff60613          	addi	a2,a2,2047
    6e08:	0542                	slli	a0,a0,0x10
    6e0a:	8141                	srli	a0,a0,0x10
    6e0c:	995d                	andi	a0,a0,-9
    6e0e:	00856513          	ori	a0,a0,8
    6e12:	af0a                	sh	a0,24(a4)
    6e14:	01875803          	lhu	a6,24(a4)
    6e18:	6505                	lui	a0,0x1
    6e1a:	80050513          	addi	a0,a0,-2048 # 800 <__stack_size>
    6e1e:	00c87833          	and	a6,a6,a2
    6e22:	00a86833          	or	a6,a6,a0
    6e26:	0842                	slli	a6,a6,0x10
    6e28:	01085813          	srli	a6,a6,0x10
    6e2c:	01071c23          	sh	a6,24(a4)
    6e30:	2e9a                	lhu	a4,24(a3)
    6e32:	0742                	slli	a4,a4,0x10
    6e34:	8341                	srli	a4,a4,0x10
    6e36:	9b5d                	andi	a4,a4,-9
    6e38:	00876713          	ori	a4,a4,8
    6e3c:	ae9a                	sh	a4,24(a3)
    6e3e:	2e9a                	lhu	a4,24(a3)
    6e40:	8f71                	and	a4,a4,a2
    6e42:	8f49                	or	a4,a4,a0
    6e44:	0742                	slli	a4,a4,0x10
    6e46:	8341                	srli	a4,a4,0x10
    6e48:	ae9a                	sh	a4,24(a3)
    6e4a:	2f9a                	lhu	a4,24(a5)
    6e4c:	0742                	slli	a4,a4,0x10
    6e4e:	8341                	srli	a4,a4,0x10
    6e50:	9b5d                	andi	a4,a4,-9
    6e52:	00876713          	ori	a4,a4,8
    6e56:	af9a                	sh	a4,24(a5)
    6e58:	2f9a                	lhu	a4,24(a5)
    6e5a:	8f71                	and	a4,a4,a2
    6e5c:	8f49                	or	a4,a4,a0
    6e5e:	0742                	slli	a4,a4,0x10
    6e60:	8341                	srli	a4,a4,0x10
    6e62:	af9a                	sh	a4,24(a5)
    6e64:	2fda                	lhu	a4,28(a5)
    6e66:	0742                	slli	a4,a4,0x10
    6e68:	8341                	srli	a4,a4,0x10
    6e6a:	9b5d                	andi	a4,a4,-9
    6e6c:	00876713          	ori	a4,a4,8
    6e70:	afda                	sh	a4,28(a5)
    6e72:	2fda                	lhu	a4,28(a5)
    6e74:	8f71                	and	a4,a4,a2
    6e76:	8f49                	or	a4,a4,a0
    6e78:	0742                	slli	a4,a4,0x10
    6e7a:	8341                	srli	a4,a4,0x10
    6e7c:	afda                	sh	a4,28(a5)
    6e7e:	40022737          	lui	a4,0x40022
    6e82:	5b14                	lw	a3,48(a4)
    6e84:	400107b7          	lui	a5,0x40010
    6e88:	0f000737          	lui	a4,0xf000
    6e8c:	43dc                	lw	a5,4(a5)
    6e8e:	8f75                	and	a4,a4,a3
    6e90:	e719                	bnez	a4,6e9e <main+0x902>
    6e92:	0017d713          	srli	a4,a5,0x1
    6e96:	07ce                	slli	a5,a5,0x13
    6e98:	8f6d                	and	a4,a4,a1
    6e9a:	83cd                	srli	a5,a5,0x13
    6e9c:	8fd9                	or	a5,a5,a4
    6e9e:	0f000737          	lui	a4,0xf000
    6ea2:	30070693          	addi	a3,a4,768 # f000300 <ch32v20x_wwdg.c.13394d49+0xefe25ab>
    6ea6:	cff7f793          	andi	a5,a5,-769
    6eaa:	8fd5                	or	a5,a5,a3
    6eac:	400106b7          	lui	a3,0x40010
    6eb0:	c2dc                	sw	a5,4(a3)
    6eb2:	42dc                	lw	a5,4(a3)
    6eb4:	400226b7          	lui	a3,0x40022
    6eb8:	5a94                	lw	a3,48(a3)
    6eba:	8f75                	and	a4,a4,a3
    6ebc:	eb01                	bnez	a4,6ecc <main+0x930>
    6ebe:	0017d713          	srli	a4,a5,0x1
    6ec2:	76f9                	lui	a3,0xffffe
    6ec4:	07ce                	slli	a5,a5,0x13
    6ec6:	8f75                	and	a4,a4,a3
    6ec8:	83cd                	srli	a5,a5,0x13
    6eca:	8fd9                	or	a5,a5,a4
    6ecc:	777d                	lui	a4,0xfffff
    6ece:	3ff70713          	addi	a4,a4,1023 # fffff3ff <__freertos_irq_stack_top+0xdfffa3ff>
    6ed2:	8ff9                	and	a5,a5,a4
    6ed4:	0f001737          	lui	a4,0xf001
    6ed8:	80070713          	addi	a4,a4,-2048 # f000800 <ch32v20x_wwdg.c.13394d49+0xefe2aab>
    6edc:	8fd9                	or	a5,a5,a4
    6ede:	40010737          	lui	a4,0x40010
    6ee2:	c35c                	sw	a5,4(a4)
    6ee4:	435c                	lw	a5,4(a4)
    6ee6:	40022737          	lui	a4,0x40022
    6eea:	5b14                	lw	a3,48(a4)
    6eec:	0f000737          	lui	a4,0xf000
    6ef0:	8f75                	and	a4,a4,a3
    6ef2:	eb01                	bnez	a4,6f02 <main+0x966>
    6ef4:	0017d713          	srli	a4,a5,0x1
    6ef8:	76f9                	lui	a3,0xffffe
    6efa:	07ce                	slli	a5,a5,0x13
    6efc:	8f75                	and	a4,a4,a3
    6efe:	83cd                	srli	a5,a5,0x13
    6f00:	8fd9                	or	a5,a5,a4
    6f02:	777d                	lui	a4,0xfffff
    6f04:	177d                	addi	a4,a4,-1 # ffffefff <__freertos_irq_stack_top+0xdfff9fff>
    6f06:	8ff9                	and	a5,a5,a4
    6f08:	0f000737          	lui	a4,0xf000
    6f0c:	8fd9                	or	a5,a5,a4
    6f0e:	40010737          	lui	a4,0x40010
    6f12:	c35c                	sw	a5,4(a4)
    6f14:	400007b7          	lui	a5,0x40000
    6f18:	0447d703          	lhu	a4,68(a5) # 40000044 <__freertos_irq_stack_top+0x1fffb044>
    6f1c:	76e1                	lui	a3,0xffff8
    6f1e:	200024b7          	lui	s1,0x20002
    6f22:	8f55                	or	a4,a4,a3
    6f24:	0742                	slli	a4,a4,0x10
    6f26:	8341                	srli	a4,a4,0x10
    6f28:	04e79223          	sh	a4,68(a5)
    6f2c:	239a                	lhu	a4,0(a5)
    6f2e:	20002937          	lui	s2,0x20002
    6f32:	d9890913          	addi	s2,s2,-616 # 20001d98 <Motion_control_data_save>
    6f36:	08076713          	ori	a4,a4,128
    6f3a:	a39a                	sh	a4,0(a5)
    6f3c:	239a                	lhu	a4,0(a5)
    6f3e:	9d848493          	addi	s1,s1,-1576 # 200019d8 <MOTOR_CONTROL>
    6f42:	4991                	li	s3,4
    6f44:	00176713          	ori	a4,a4,1
    6f48:	a39a                	sh	a4,0(a5)
    6f4a:	4447d703          	lhu	a4,1092(a5)
    6f4e:	8f55                	or	a4,a4,a3
    6f50:	0742                	slli	a4,a4,0x10
    6f52:	8341                	srli	a4,a4,0x10
    6f54:	44e79223          	sh	a4,1092(a5)
    6f58:	4007d703          	lhu	a4,1024(a5)
    6f5c:	08076713          	ori	a4,a4,128
    6f60:	40e79023          	sh	a4,1024(a5)
    6f64:	4007d703          	lhu	a4,1024(a5)
    6f68:	00176713          	ori	a4,a4,1
    6f6c:	40e79023          	sh	a4,1024(a5)
    6f70:	400017b7          	lui	a5,0x40001
    6f74:	8447d703          	lhu	a4,-1980(a5) # 40000844 <__freertos_irq_stack_top+0x1fffb844>
    6f78:	8f55                	or	a4,a4,a3
    6f7a:	0742                	slli	a4,a4,0x10
    6f7c:	8341                	srli	a4,a4,0x10
    6f7e:	84e79223          	sh	a4,-1980(a5)
    6f82:	8007d703          	lhu	a4,-2048(a5)
    6f86:	08076713          	ori	a4,a4,128
    6f8a:	80e79023          	sh	a4,-2048(a5)
    6f8e:	8007d703          	lhu	a4,-2048(a5)
    6f92:	00176713          	ori	a4,a4,1
    6f96:	80e79023          	sh	a4,-2048(a5)
    6f9a:	40021737          	lui	a4,0x40021
    6f9e:	4f1c                	lw	a5,24(a4)
    6fa0:	0307e793          	ori	a5,a5,48
    6fa4:	cf1c                	sw	a5,24(a4)
    6fa6:	92eff0ef          	jal	ra,60d4 <_ZL13MOTOR_get_dirv>
    6faa:	8bc1a403          	lw	s0,-1860(gp) # 2000024c <_ZL7g_scale+0x8c>
    6fae:	c802                	sw	zero,16(sp)
    6fb0:	4542                	lw	a0,16(sp)
    6fb2:	4581                	li	a1,0
    6fb4:	09848493          	addi	s1,s1,152
    6fb8:	86efa0ef          	jal	ra,1026 <_Z22Motion_control_set_PWMhi>
    6fbc:	00092503          	lw	a0,0(s2)
    6fc0:	fe84aa23          	sw	s0,-12(s1)
    6fc4:	0911                	addi	s2,s2,4
    6fc6:	04a040ef          	jal	ra,b010 <__floatsisf>
    6fca:	47c2                	lw	a5,16(sp)
    6fcc:	fea4ac23          	sw	a0,-8(s1)
    6fd0:	0785                	addi	a5,a5,1
    6fd2:	0ff7f793          	zext.b	a5,a5
    6fd6:	c83e                	sw	a5,16(sp)
    6fd8:	fd379ce3          	bne	a5,s3,6fb0 <main+0xa14>
    6fdc:	8401a703          	lw	a4,-1984(gp) # 200001d0 <_ZL7g_scale+0x10>
    6fe0:	8441a783          	lw	a5,-1980(gp) # 200001d4 <_ZL7g_scale+0x14>
    6fe4:	1ffff6b7          	lui	a3,0x1ffff
    6fe8:	7e868613          	addi	a2,a3,2024 # 1ffff7e8 <ch32v20x_wwdg.c.13394d49+0x1ffe1a93>
    6fec:	1b300513          	li	a0,435
    6ff0:	7f468693          	addi	a3,a3,2036
    6ff4:	02f507b3          	mul	a5,a0,a5
    6ff8:	220c                	lbu	a1,0(a2)
    6ffa:	0605                	addi	a2,a2,1
    6ffc:	8f2d                	xor	a4,a4,a1
    6ffe:	00871593          	slli	a1,a4,0x8
    7002:	95be                	add	a1,a1,a5
    7004:	02e537b3          	mulhu	a5,a0,a4
    7008:	02e50733          	mul	a4,a0,a4
    700c:	97ae                	add	a5,a5,a1
    700e:	fed613e3          	bne	a2,a3,6ff4 <main+0xa58>
    7012:	00279613          	slli	a2,a5,0x2
    7016:	01e75693          	srli	a3,a4,0x1e
    701a:	8ed1                	or	a3,a3,a2
    701c:	01e7d613          	srli	a2,a5,0x1e
    7020:	8f35                	xor	a4,a4,a3
    7022:	8fb1                	xor	a5,a5,a2
    7024:	bf5846b7          	lui	a3,0xbf584
    7028:	1ce4e637          	lui	a2,0x1ce4e
    702c:	5b960613          	addi	a2,a2,1465 # 1ce4e5b9 <ch32v20x_wwdg.c.13394d49+0x1ce30864>
    7030:	76d68693          	addi	a3,a3,1901 # bf58476d <__freertos_irq_stack_top+0x9f57f76d>
    7034:	02d706b3          	mul	a3,a4,a3
    7038:	200004b7          	lui	s1,0x20000
    703c:	4405                	li	s0,1
    703e:	40021937          	lui	s2,0x40021
    7042:	200009b7          	lui	s3,0x20000
    7046:	6a05                	lui	s4,0x1
    7048:	4a8d                	li	s5,3
    704a:	02c787b3          	mul	a5,a5,a2
    704e:	97b6                	add	a5,a5,a3
    7050:	02c706b3          	mul	a3,a4,a2
    7054:	02c73733          	mulhu	a4,a4,a2
    7058:	97ba                	add	a5,a5,a4
    705a:	00579613          	slli	a2,a5,0x5
    705e:	01b6d713          	srli	a4,a3,0x1b
    7062:	8f51                	or	a4,a4,a2
    7064:	01b7d613          	srli	a2,a5,0x1b
    7068:	8f35                	xor	a4,a4,a3
    706a:	8fb1                	xor	a5,a5,a2
    706c:	133116b7          	lui	a3,0x13311
    7070:	94d05637          	lui	a2,0x94d05
    7074:	1eb68693          	addi	a3,a3,491 # 133111eb <ch32v20x_wwdg.c.13394d49+0x132f3496>
    7078:	9bb60613          	addi	a2,a2,-1605 # 94d049bb <__freertos_irq_stack_top+0x74cff9bb>
    707c:	02c70633          	mul	a2,a4,a2
    7080:	02d787b3          	mul	a5,a5,a3
    7084:	02d705b3          	mul	a1,a4,a3
    7088:	97b2                	add	a5,a5,a2
    708a:	662d                	lui	a2,0xb
    708c:	6dc60613          	addi	a2,a2,1756 # b6dc <_ZZL28bambubus_build_static_serialvE3hex>
    7090:	02d73733          	mulhu	a4,a4,a3
    7094:	97ba                	add	a5,a5,a4
    7096:	00179693          	slli	a3,a5,0x1
    709a:	01f5d713          	srli	a4,a1,0x1f
    709e:	8f55                	or	a4,a4,a3
    70a0:	8db9                	xor	a1,a1,a4
    70a2:	41453737          	lui	a4,0x41453
    70a6:	01f7d693          	srli	a3,a5,0x1f
    70aa:	073d                	addi	a4,a4,15 # 4145300f <__freertos_irq_stack_top+0x2144e00f>
    70ac:	8fb5                	xor	a5,a5,a3
    70ae:	0ce4ae23          	sw	a4,220(s1) # 200000dc <long_packge_version_serial_number>
    70b2:	0dc48693          	addi	a3,s1,220
    70b6:	03100713          	li	a4,49
    70ba:	a2d8                	sb	a4,4(a3)
    70bc:	01c7d713          	srli	a4,a5,0x1c
    70c0:	9732                	add	a4,a4,a2
    70c2:	0ff7fe13          	zext.b	t3,a5
    70c6:	0187de93          	srli	t4,a5,0x18
    70ca:	0107d893          	srli	a7,a5,0x10
    70ce:	0087d813          	srli	a6,a5,0x8
    70d2:	231c                	lbu	a5,0(a4)
    70d4:	0ff8f893          	zext.b	a7,a7
    70d8:	0ff87813          	zext.b	a6,a6
    70dc:	b2dc                	sb	a5,5(a3)
    70de:	00fef793          	andi	a5,t4,15
    70e2:	97b2                	add	a5,a5,a2
    70e4:	239c                	lbu	a5,0(a5)
    70e6:	0185d313          	srli	t1,a1,0x18
    70ea:	0105d513          	srli	a0,a1,0x10
    70ee:	a2fc                	sb	a5,6(a3)
    70f0:	0048d793          	srli	a5,a7,0x4
    70f4:	97b2                	add	a5,a5,a2
    70f6:	239c                	lbu	a5,0(a5)
    70f8:	0ff57513          	zext.b	a0,a0
    70fc:	03d681a3          	sb	t4,35(a3)
    7100:	b2fc                	sb	a5,7(a3)
    7102:	00f8f793          	andi	a5,a7,15
    7106:	97b2                	add	a5,a5,a2
    7108:	239c                	lbu	a5,0(a5)
    710a:	03168223          	sb	a7,36(a3)
    710e:	030682a3          	sb	a6,37(a3)
    7112:	a69c                	sb	a5,8(a3)
    7114:	00485793          	srli	a5,a6,0x4
    7118:	97b2                	add	a5,a5,a2
    711a:	239c                	lbu	a5,0(a5)
    711c:	03c68323          	sb	t3,38(a3)
    7120:	026683a3          	sb	t1,39(a3)
    7124:	b69c                	sb	a5,9(a3)
    7126:	00f87793          	andi	a5,a6,15
    712a:	97b2                	add	a5,a5,a2
    712c:	239c                	lbu	a5,0(a5)
    712e:	02a68423          	sb	a0,40(a3)
    7132:	a6bc                	sb	a5,10(a3)
    7134:	004e5793          	srli	a5,t3,0x4
    7138:	97b2                	add	a5,a5,a2
    713a:	239c                	lbu	a5,0(a5)
    713c:	b6bc                	sb	a5,11(a3)
    713e:	00fe7793          	andi	a5,t3,15
    7142:	97b2                	add	a5,a5,a2
    7144:	239c                	lbu	a5,0(a5)
    7146:	a6dc                	sb	a5,12(a3)
    7148:	01c5d793          	srli	a5,a1,0x1c
    714c:	97b2                	add	a5,a5,a2
    714e:	239c                	lbu	a5,0(a5)
    7150:	b6dc                	sb	a5,13(a3)
    7152:	00f37793          	andi	a5,t1,15
    7156:	97b2                	add	a5,a5,a2
    7158:	239c                	lbu	a5,0(a5)
    715a:	a6fc                	sb	a5,14(a3)
    715c:	00455793          	srli	a5,a0,0x4
    7160:	97b2                	add	a5,a5,a2
    7162:	239c                	lbu	a5,0(a5)
    7164:	4641                	li	a2,16
    7166:	b6fc                	sb	a5,15(a3)
    7168:	47b9                	li	a5,14
    716a:	02f680a3          	sb	a5,33(a3)
    716e:	fa100793          	li	a5,-95
    7172:	02f68123          	sb	a5,34(a3)
    7176:	0085d793          	srli	a5,a1,0x8
    717a:	026684a3          	sb	t1,41(a3)
    717e:	02f685a3          	sb	a5,43(a3)
    7182:	57fd                	li	a5,-1
    7184:	02f686a3          	sb	a5,45(a3)
    7188:	b6fe                	sh	a5,46(a3)
    718a:	02f68823          	sb	a5,48(a3)
    718e:	9e018623          	sb	zero,-1556(gp) # 2000037c <_ZL15have_registered>
    7192:	47b1                	li	a5,12
    7194:	02a68523          	sb	a0,42(a3)
    7198:	02b68623          	sb	a1,44(a3)
    719c:	80f186a3          	sb	a5,-2035(gp) # 2000019d <_ZL24online_detect_prefix_now>
    71a0:	200005b7          	lui	a1,0x20000
    71a4:	20000537          	lui	a0,0x20000
    71a8:	9e0185a3          	sb	zero,-1557(gp) # 2000037b <_ZL19online_detect_phase>
    71ac:	0fd58593          	addi	a1,a1,253 # 200000fd <long_packge_version_serial_number+0x21>
    71b0:	200007b7          	lui	a5,0x20000
    71b4:	02850513          	addi	a0,a0,40 # 20000028 <online_detect_res+0x8>
    71b8:	048680a3          	sb	s0,65(a3)
    71bc:	02878323          	sb	s0,38(a5) # 20000026 <online_detect_res+0x6>
    71c0:	f41f80ef          	jal	ra,100 <memcpy>
    71c4:	a201a423          	sw	zero,-1496(gp) # 200003b8 <_ZL27bambubus_heartbeat_deadline>
    71c8:	01492783          	lw	a5,20(s2) # 40021014 <__freertos_irq_stack_top+0x2001c014>
    71cc:	3e700693          	li	a3,999
    71d0:	182c                	addi	a1,sp,56
    71d2:	0407e793          	ori	a5,a5,64
    71d6:	00f92a23          	sw	a5,20(s2)
    71da:	4bc98793          	addi	a5,s3,1212 # 200004bc <bus_port_to_host>
    71de:	97d2                	add	a5,a5,s4
    71e0:	40078713          	addi	a4,a5,1024
    71e4:	c714                	sw	a3,8(a4)
    71e6:	200016b7          	lui	a3,0x20001
    71ea:	ebc68693          	addi	a3,a3,-324 # 20000ebc <__global_pointer$+0x52c>
    71ee:	cb14                	sw	a3,16(a4)
    71f0:	200016b7          	lui	a3,0x20001
    71f4:	3bc68693          	addi	a3,a3,956 # 200013bc <__global_pointer$+0xa2c>
    71f8:	cf54                	sw	a3,28(a4)
    71fa:	428784a3          	sb	s0,1065(a5)
    71fe:	4207a223          	sw	zero,1060(a5)
    7202:	4007a223          	sw	zero,1028(a5)
    7206:	40079623          	sh	zero,1036(a5)
    720a:	40078723          	sb	zero,1038(a5)
    720e:	4007aa23          	sw	zero,1044(a5)
    7212:	4207a023          	sw	zero,1056(a5)
    7216:	40078023          	sb	zero,1024(a5)
    721a:	6785                	lui	a5,0x1
    721c:	02011d23          	sh	zero,58(sp)
    7220:	04011f23          	sh	zero,94(sp)
    7224:	06011023          	sh	zero,96(sp)
    7228:	06011123          	sh	zero,98(sp)
    722c:	06011223          	sh	zero,100(sp)
    7230:	06011323          	sh	zero,102(sp)
    7234:	d802                	sw	zero,48(sp)
    7236:	da02                	sw	zero,52(sp)
    7238:	08678793          	addi	a5,a5,134 # 1086 <_Z18bus_uart1_dma_sendPht>
    723c:	cf1c                	sw	a5,24(a4)
    723e:	01892783          	lw	a5,24(s2)
    7242:	6711                	lui	a4,0x4
    7244:	40011437          	lui	s0,0x40011
    7248:	8fd9                	or	a5,a5,a4
    724a:	00f92c23          	sw	a5,24(s2)
    724e:	01892783          	lw	a5,24(s2)
    7252:	80040513          	addi	a0,s0,-2048 # 40010800 <__freertos_irq_stack_top+0x2000b800>
    7256:	0047e793          	ori	a5,a5,4
    725a:	00f92c23          	sw	a5,24(s2)
    725e:	01492783          	lw	a5,20(s2)
    7262:	0017e793          	ori	a5,a5,1
    7266:	00f92a23          	sw	a5,20(s2)
    726a:	20000793          	li	a5,512
    726e:	02f11c23          	sh	a5,56(sp)
    7272:	47e1                	li	a5,24
    7274:	c0be                	sw	a5,64(sp)
    7276:	de56                	sw	s5,60(sp)
    7278:	865fa0ef          	jal	ra,1adc <GPIO_Init>
    727c:	40000793          	li	a5,1024
    7280:	80040513          	addi	a0,s0,-2048
    7284:	02f11c23          	sh	a5,56(sp)
    7288:	182c                	addi	a1,sp,56
    728a:	04800793          	li	a5,72
    728e:	c0be                	sw	a5,64(sp)
    7290:	84dfa0ef          	jal	ra,1adc <GPIO_Init>
    7294:	47c1                	li	a5,16
    7296:	80040513          	addi	a0,s0,-2048
    729a:	182c                	addi	a1,sp,56
    729c:	c0be                	sw	a5,64(sp)
    729e:	03411c23          	sh	s4,56(sp)
    72a2:	de56                	sw	s5,60(sp)
    72a4:	839fa0ef          	jal	ra,1adc <GPIO_Init>
    72a8:	80040413          	addi	s0,s0,-2048
    72ac:	001317b7          	lui	a5,0x131
    72b0:	01442a23          	sw	s4,20(s0)
    72b4:	400146b7          	lui	a3,0x40014
    72b8:	2d078793          	addi	a5,a5,720 # 1312d0 <ch32v20x_wwdg.c.13394d49+0x11357b>
    72bc:	ccbe                	sw	a5,88(sp)
    72be:	8106d783          	lhu	a5,-2032(a3) # 40013810 <__freertos_irq_stack_top+0x2000e810>
    72c2:	7775                	lui	a4,0xffffd
    72c4:	177d                	addi	a4,a4,-1 # ffffcfff <__freertos_irq_stack_top+0xdfff7fff>
    72c6:	8ff9                	and	a5,a5,a4
    72c8:	80f69823          	sh	a5,-2032(a3)
    72cc:	80c6d703          	lhu	a4,-2036(a3)
    72d0:	77fd                	lui	a5,0xfffff
    72d2:	9f378793          	addi	a5,a5,-1549 # ffffe9f3 <__freertos_irq_stack_top+0xdfff99f3>
    72d6:	8f7d                	and	a4,a4,a5
    72d8:	40ca0793          	addi	a5,s4,1036 # 140c <_Z10set_motionhhhh.part.0+0x16a>
    72dc:	8fd9                	or	a5,a5,a4
    72de:	80f69623          	sh	a5,-2036(a3)
    72e2:	8146d783          	lhu	a5,-2028(a3)
    72e6:	20001437          	lui	s0,0x20001
    72ea:	4721                	li	a4,8
    72ec:	07c2                	slli	a5,a5,0x10
    72ee:	83c1                	srli	a5,a5,0x10
    72f0:	cff7f793          	andi	a5,a5,-769
    72f4:	07c2                	slli	a5,a5,0x10
    72f6:	83c1                	srli	a5,a5,0x10
    72f8:	80f69a23          	sh	a5,-2028(a3)
    72fc:	00492783          	lw	a5,4(s2)
    7300:	0dc48693          	addi	a3,s1,220
    7304:	d036                	sw	a3,32(sp)
    7306:	4bc98693          	addi	a3,s3,1212
    730a:	8bb1                	andi	a5,a5,12
    730c:	c636                	sw	a3,12(sp)
    730e:	4bc40413          	addi	s0,s0,1212 # 200014bc <__global_pointer$+0xb2c>
    7312:	3ce79263          	bne	a5,a4,76d6 <main+0x113a>
    7316:	00492783          	lw	a5,4(s2)
    731a:	00492703          	lw	a4,4(s2)
    731e:	66c1                	lui	a3,0x10
    7320:	83c9                	srli	a5,a5,0x12
    7322:	8bbd                	andi	a5,a5,15
    7324:	8f75                	and	a4,a4,a3
    7326:	0789                	addi	a5,a5,2
    7328:	46c5                	li	a3,17
    732a:	00d79363          	bne	a5,a3,7330 <main+0xd94>
    732e:	47c9                	li	a5,18
    7330:	18071263          	bnez	a4,74b4 <main+0xf18>
    7334:	40024737          	lui	a4,0x40024
    7338:	80072703          	lw	a4,-2048(a4) # 40023800 <__freertos_irq_stack_top+0x2001e800>
    733c:	8b41                	andi	a4,a4,16
    733e:	18070363          	beqz	a4,74c4 <main+0xf28>
    7342:	007a1737          	lui	a4,0x7a1
    7346:	20070713          	addi	a4,a4,512 # 7a1200 <ch32v20x_wwdg.c.13394d49+0x7834ab>
    734a:	a249                	j	74cc <main+0xf30>
    734c:	007a17b7          	lui	a5,0x7a1
    7350:	20078793          	addi	a5,a5,512 # 7a1200 <ch32v20x_wwdg.c.13394d49+0x7834ab>
    7354:	aa8ff06f          	j	65fc <main+0x60>
    7358:	d4ffa0ef          	jal	ra,20a6 <_Z12ADC_DMA_initv.part.0>
    735c:	d18ff06f          	j	6874 <main+0x2d8>
    7360:	4681                	li	a3,0
    7362:	4701                	li	a4,0
    7364:	0ff00613          	li	a2,255
    7368:	e36ff06f          	j	699e <main+0x402>
    736c:	01f78eb3          	add	t4,a5,t6
    7370:	000ece83          	lbu	t4,0(t4)
    7374:	4281                	li	t0,0
    7376:	000e8663          	beqz	t4,7382 <main+0xde6>
    737a:	1efd                	addi	t4,t4,-1
    737c:	001ebe93          	seqz	t4,t4
    7380:	4285                	li	t0,1
    7382:	4901                	li	s2,0
    7384:	4981                	li	s3,0
    7386:	01de0023          	sb	t4,0(t3)
    738a:	00000e93          	li	t4,0
    738e:	00570023          	sb	t0,0(a4)
    7392:	00030023          	sb	zero,0(t1)
    7396:	00088023          	sb	zero,0(a7) # 1000 <_ZN14_MOTOR_CONTROL10set_motionE20filament_motion_enumyy+0x50c>
    739a:	00080023          	sb	zero,0(a6) # 6000 <_Z22AS5600_distance_updatam+0x10e>
    739e:	01252023          	sw	s2,0(a0)
    73a2:	01352223          	sw	s3,4(a0)
    73a6:	01d5a023          	sw	t4,0(a1)
    73aa:	01d62023          	sw	t4,0(a2)
    73ae:	0126a023          	sw	s2,0(a3) # 10000 <MC_PULL_calibration.cpp.947435e8+0x736>
    73b2:	0136a223          	sw	s3,4(a3)
    73b6:	ed0ff06f          	j	6a86 <main+0x4ea>
    73ba:	08040693          	addi	a3,s0,128
    73be:	429c                	lw	a5,0(a3)
    73c0:	000a2603          	lw	a2,0(s4)
    73c4:	00291713          	slli	a4,s2,0x2
    73c8:	97ba                	add	a5,a5,a4
    73ca:	c390                	sw	a2,0(a5)
    73cc:	01548633          	add	a2,s1,s5
    73d0:	220e                	lhu	a1,0(a2)
    73d2:	4690                	lw	a2,8(a3)
    73d4:	0009ab83          	lw	s7,0(s3)
    73d8:	42d4                	lw	a3,4(a3)
    73da:	9626                	add	a2,a2,s1
    73dc:	a20e                	sh	a1,0(a2)
    73de:	5c70                	lw	a2,124(s0)
    73e0:	96a6                	add	a3,a3,s1
    73e2:	0a11                	addi	s4,s4,4
    73e4:	963a                	add	a2,a2,a4
    73e6:	01762023          	sw	s7,0(a2)
    73ea:	01648633          	add	a2,s1,s6
    73ee:	2212                	lhu	a2,0(a2)
    73f0:	4388                	lw	a0,0(a5)
    73f2:	0991                	addi	s3,s3,4
    73f4:	a292                	sh	a2,0(a3)
    73f6:	4054                	lw	a3,4(s0)
    73f8:	96ba                	add	a3,a3,a4
    73fa:	0186a023          	sw	s8,0(a3)
    73fe:	4014                	lw	a3,0(s0)
    7400:	96ca                	add	a3,a3,s2
    7402:	00068023          	sb	zero,0(a3)
    7406:	4414                	lw	a3,8(s0)
    7408:	0905                	addi	s2,s2,1
    740a:	96a6                	add	a3,a3,s1
    740c:	00069023          	sh	zero,0(a3)
    7410:	4454                	lw	a3,12(s0)
    7412:	96a6                	add	a3,a3,s1
    7414:	00069023          	sh	zero,0(a3)
    7418:	5c34                	lw	a3,120(s0)
    741a:	0489                	addi	s1,s1,2
    741c:	9736                	add	a4,a4,a3
    741e:	00072023          	sw	zero,0(a4)
    7422:	fe9fa0ef          	jal	ra,240a <_ZN20AS5600_soft_IIC_many17enable_gpio_clockEP12GPIO_TypeDef.constprop.0>
    7426:	855e                	mv	a0,s7
    7428:	fe3fa0ef          	jal	ra,240a <_ZN20AS5600_soft_IIC_many17enable_gpio_clockEP12GPIO_TypeDef.constprop.0>
    742c:	ea4ff06f          	j	6ad0 <main+0x534>
    7430:	08040493          	addi	s1,s0,128
    7434:	409c                	lw	a5,0(s1)
    7436:	002a1913          	slli	s2,s4,0x2
    743a:	001a1a93          	slli	s5,s4,0x1
    743e:	97ca                	add	a5,a5,s2
    7440:	4388                	lw	a0,0(a5)
    7442:	449c                	lw	a5,8(s1)
    7444:	08ac                	addi	a1,sp,88
    7446:	0a05                	addi	s4,s4,1
    7448:	97d6                	add	a5,a5,s5
    744a:	239a                	lhu	a4,0(a5)
    744c:	5c7c                	lw	a5,124(s0)
    744e:	c918                	sw	a4,16(a0)
    7450:	97ca                	add	a5,a5,s2
    7452:	4394                	lw	a3,0(a5)
    7454:	40dc                	lw	a5,4(s1)
    7456:	97d6                	add	a5,a5,s5
    7458:	239e                	lhu	a5,0(a5)
    745a:	ca9c                	sw	a5,16(a3)
    745c:	cc82                	sw	zero,88(sp)
    745e:	04e11c23          	sh	a4,88(sp)
    7462:	ceda                	sw	s6,92(sp)
    7464:	d0de                	sw	s7,96(sp)
    7466:	e76fa0ef          	jal	ra,1adc <GPIO_Init>
    746a:	40dc                	lw	a5,4(s1)
    746c:	08ac                	addi	a1,sp,88
    746e:	d0ce                	sw	s3,96(sp)
    7470:	97d6                	add	a5,a5,s5
    7472:	239e                	lhu	a5,0(a5)
    7474:	04f11c23          	sh	a5,88(sp)
    7478:	5c7c                	lw	a5,124(s0)
    747a:	97ca                	add	a5,a5,s2
    747c:	4388                	lw	a0,0(a5)
    747e:	e5efa0ef          	jal	ra,1adc <GPIO_Init>
    7482:	409c                	lw	a5,0(s1)
    7484:	97ca                	add	a5,a5,s2
    7486:	4398                	lw	a4,0(a5)
    7488:	449c                	lw	a5,8(s1)
    748a:	97d6                	add	a5,a5,s5
    748c:	239e                	lhu	a5,0(a5)
    748e:	cb1c                	sw	a5,16(a4)
    7490:	5c7c                	lw	a5,124(s0)
    7492:	97ca                	add	a5,a5,s2
    7494:	4398                	lw	a4,0(a5)
    7496:	40dc                	lw	a5,4(s1)
    7498:	97d6                	add	a5,a5,s5
    749a:	239e                	lhu	a5,0(a5)
    749c:	cb1c                	sw	a5,16(a4)
    749e:	5c3c                	lw	a5,120(s0)
    74a0:	97ca                	add	a5,a5,s2
    74a2:	0007a023          	sw	zero,0(a5)
    74a6:	e38ff06f          	j	6ade <main+0x542>
    74aa:	4501                	li	a0,0
    74ac:	460d                	li	a2,3
    74ae:	4701                	li	a4,0
    74b0:	e76ff06f          	j	6b26 <main+0x58a>
    74b4:	40021737          	lui	a4,0x40021
    74b8:	4358                	lw	a4,4(a4)
    74ba:	000206b7          	lui	a3,0x20
    74be:	8f75                	and	a4,a4,a3
    74c0:	e80701e3          	beqz	a4,7342 <main+0xda6>
    74c4:	003d1737          	lui	a4,0x3d1
    74c8:	90070713          	addi	a4,a4,-1792 # 3d0900 <ch32v20x_wwdg.c.13394d49+0x3b2bab>
    74cc:	02e787b3          	mul	a5,a5,a4
    74d0:	40021637          	lui	a2,0x40021
    74d4:	4254                	lw	a3,4(a2)
    74d6:	20000737          	lui	a4,0x20000
    74da:	01070713          	addi	a4,a4,16 # 20000010 <APBAHBPrescTable>
    74de:	8291                	srli	a3,a3,0x4
    74e0:	8abd                	andi	a3,a3,15
    74e2:	96ba                	add	a3,a3,a4
    74e4:	228c                	lbu	a1,0(a3)
    74e6:	4254                	lw	a3,4(a2)
    74e8:	00b7d7b3          	srl	a5,a5,a1
    74ec:	82a1                	srli	a3,a3,0x8
    74ee:	8a9d                	andi	a3,a3,7
    74f0:	96ba                	add	a3,a3,a4
    74f2:	2294                	lbu	a3,0(a3)
    74f4:	4254                	lw	a3,4(a2)
    74f6:	82ad                	srli	a3,a3,0xb
    74f8:	8a9d                	andi	a3,a3,7
    74fa:	9736                	add	a4,a4,a3
    74fc:	2308                	lbu	a0,0(a4)
    74fe:	4258                	lw	a4,4(a2)
    7500:	200006b7          	lui	a3,0x20000
    7504:	19868693          	addi	a3,a3,408 # 20000198 <ADCPrescTable>
    7508:	8339                	srli	a4,a4,0xe
    750a:	8b0d                	andi	a4,a4,3
    750c:	9736                	add	a4,a4,a3
    750e:	2318                	lbu	a4,0(a4)
    7510:	00a7d7b3          	srl	a5,a5,a0
    7514:	4765                	li	a4,25
    7516:	02e787b3          	mul	a5,a5,a4
    751a:	004c5737          	lui	a4,0x4c5
    751e:	b4070713          	addi	a4,a4,-1216 # 4c4b40 <ch32v20x_wwdg.c.13394d49+0x4a6deb>
    7522:	06400693          	li	a3,100
    7526:	02e7d7b3          	divu	a5,a5,a4
    752a:	02d7d733          	divu	a4,a5,a3
    752e:	02d7f7b3          	remu	a5,a5,a3
    7532:	0712                	slli	a4,a4,0x4
    7534:	0792                	slli	a5,a5,0x4
    7536:	03278793          	addi	a5,a5,50
    753a:	02d7d7b3          	divu	a5,a5,a3
    753e:	8bbd                	andi	a5,a5,15
    7540:	8fd9                	or	a5,a5,a4
    7542:	07c2                	slli	a5,a5,0x10
    7544:	40014737          	lui	a4,0x40014
    7548:	83c1                	srli	a5,a5,0x10
    754a:	80f71423          	sh	a5,-2040(a4) # 40013808 <__freertos_irq_stack_top+0x2000e808>
    754e:	80c70793          	addi	a5,a4,-2036
    7552:	4398                	lw	a4,0(a5)
    7554:	02076713          	ori	a4,a4,32
    7558:	c398                	sw	a4,0(a5)
    755a:	4398                	lw	a4,0(a5)
    755c:	04076713          	ori	a4,a4,64
    7560:	c398                	sw	a4,0(a5)
    7562:	9e01a703          	lw	a4,-1568(gp) # 20000370 <NVIC_Priority_Group>
    7566:	4785                	li	a5,1
    7568:	00f71663          	bne	a4,a5,7574 <main+0xfd8>
    756c:	e000e7b7          	lui	a5,0xe000e
    7570:	42078aa3          	sb	zero,1077(a5) # e000e435 <__freertos_irq_stack_top+0xc0009435>
    7574:	e000e7b7          	lui	a5,0xe000e
    7578:	00200737          	lui	a4,0x200
    757c:	10e7a223          	sw	a4,260(a5) # e000e104 <__freertos_irq_stack_top+0xc0009104>
    7580:	aac18793          	addi	a5,gp,-1364 # 2000043c <bus_uart1_dma_init_structure>
    7584:	46c1                	li	a3,16
    7586:	c794                	sw	a3,8(a5)
    7588:	40014737          	lui	a4,0x40014
    758c:	08000693          	li	a3,128
    7590:	cbd4                	sw	a3,20(a5)
    7592:	80470813          	addi	a6,a4,-2044 # 40013804 <__freertos_irq_stack_top+0x2000e804>
    7596:	668d                	lui	a3,0x3
    7598:	d3d4                	sw	a3,36(a5)
    759a:	0007a623          	sw	zero,12(a5)
    759e:	0107a023          	sw	a6,0(a5)
    75a2:	0007a223          	sw	zero,4(a5)
    75a6:	0207a023          	sw	zero,32(a5)
    75aa:	0007a823          	sw	zero,16(a5)
    75ae:	0207a423          	sw	zero,40(a5)
    75b2:	0007ae23          	sw	zero,28(a5)
    75b6:	0007ac23          	sw	zero,24(a5)
    75ba:	400205b7          	lui	a1,0x40020
    75be:	41fc                	lw	a5,68(a1)
    75c0:	7561                	lui	a0,0xffff8
    75c2:	053d                	addi	a0,a0,15 # ffff800f <__freertos_irq_stack_top+0xdfff300f>
    75c4:	09068693          	addi	a3,a3,144 # 3090 <_ZL16motor_motion_runiym+0xbb6>
    75c8:	8fe9                	and	a5,a5,a0
    75ca:	8fd5                	or	a5,a5,a3
    75cc:	c1fc                	sw	a5,68(a1)
    75ce:	0405a423          	sw	zero,72(a1) # 40020048 <__freertos_irq_stack_top+0x2001b048>
    75d2:	0505a623          	sw	a6,76(a1)
    75d6:	0405a823          	sw	zero,80(a1)
    75da:	80070793          	addi	a5,a4,-2048
    75de:	80c75703          	lhu	a4,-2036(a4)
    75e2:	6689                	lui	a3,0x2
    75e4:	8f55                	or	a4,a4,a3
    75e6:	a7da                	sh	a4,12(a5)
    75e8:	200027b7          	lui	a5,0x20002
    75ec:	db078793          	addi	a5,a5,-592 # 20001db0 <ams>
    75f0:	cc3e                	sw	a5,24(sp)
    75f2:	86c1a783          	lw	a5,-1940(gp) # 200001fc <_ZL7g_scale+0x3c>
    75f6:	d43e                	sw	a5,40(sp)
    75f8:	9b01a783          	lw	a5,-1616(gp) # 20000340 <_ZL7g_scale+0x180>
    75fc:	d63e                	sw	a5,44(sp)
    75fe:	e000f7b7          	lui	a5,0xe000f
    7602:	0087aa03          	lw	s4,8(a5) # e000f008 <__freertos_irq_stack_top+0xc000a008>
    7606:	80002773          	csrr	a4,0x800
    760a:	08800613          	li	a2,136
    760e:	80063073          	csrc	0x800,a2
    7612:	42042683          	lw	a3,1056(s0)
    7616:	42844783          	lbu	a5,1064(s0)
    761a:	41c42583          	lw	a1,1052(s0)
    761e:	0ff7f793          	zext.b	a5,a5
    7622:	80063073          	csrc	0x800,a2
    7626:	08877713          	andi	a4,a4,136
    762a:	80072073          	csrs	0x800,a4
    762e:	44c2                	lw	s1,16(sp)
    7630:	02d05863          	blez	a3,7660 <main+0x10c4>
    7634:	03300713          	li	a4,51
    7638:	02e79463          	bne	a5,a4,7660 <main+0x10c4>
    763c:	e1d5                	bnez	a1,76e0 <main+0x1144>
    763e:	44c2                	lw	s1,16(sp)
    7640:	800027f3          	csrr	a5,0x800
    7644:	08800713          	li	a4,136
    7648:	80073073          	csrc	0x800,a4
    764c:	42042023          	sw	zero,1056(s0)
    7650:	42040423          	sb	zero,1064(s0)
    7654:	80073073          	csrc	0x800,a4
    7658:	0887f793          	andi	a5,a5,136
    765c:	8007a073          	csrs	0x800,a5
    7660:	9e41a783          	lw	a5,-1564(gp) # 20000374 <_ZZ10ahubus_runvE8deadline>
    7664:	40fa0a33          	sub	s4,s4,a5
    7668:	01405363          	blez	s4,766e <main+0x10d2>
    766c:	4495                	li	s1,5
    766e:	e000f7b7          	lui	a5,0xe000f
    7672:	479c                	lw	a5,8(a5)
    7674:	ca3e                	sw	a5,20(sp)
    7676:	800026f3          	csrr	a3,0x800
    767a:	08800713          	li	a4,136
    767e:	80073073          	csrc	0x800,a4
    7682:	42042a83          	lw	s5,1056(s0)
    7686:	42844783          	lbu	a5,1064(s0)
    768a:	41c42903          	lw	s2,1052(s0)
    768e:	0ff7f793          	zext.b	a5,a5
    7692:	80073073          	csrc	0x800,a4
    7696:	0886f693          	andi	a3,a3,136
    769a:	8006a073          	csrs	0x800,a3
    769e:	59504663          	bgtz	s5,7c2a <main+0x168e>
    76a2:	800026f3          	csrr	a3,0x800
    76a6:	80073073          	csrc	0x800,a4
    76aa:	a281a783          	lw	a5,-1496(gp) # 200003b8 <_ZL27bambubus_heartbeat_deadline>
    76ae:	80073073          	csrc	0x800,a4
    76b2:	0886f713          	andi	a4,a3,136
    76b6:	80072073          	csrs	0x800,a4
    76ba:	9f41a683          	lw	a3,-1548(gp) # 20000384 <_ZZ12bambubus_runvE16last_hb_deadline>
    76be:	4a01                	li	s4,0
    76c0:	5ed78563          	beq	a5,a3,7caa <main+0x170e>
    76c4:	9ef1aa23          	sw	a5,-1548(gp) # 20000384 <_ZZ12bambubus_runvE16last_hb_deadline>
    76c8:	4752                	lw	a4,20(sp)
    76ca:	40e78733          	sub	a4,a5,a4
    76ce:	5ce05e63          	blez	a4,7caa <main+0x170e>
    76d2:	4a31                	li	s4,12
    76d4:	abd9                	j	7caa <main+0x170e>
    76d6:	007a17b7          	lui	a5,0x7a1
    76da:	20078793          	addi	a5,a5,512 # 7a1200 <ch32v20x_wwdg.c.13394d49+0x7834ab>
    76de:	bbcd                	j	74d0 <main+0xf34>
    76e0:	50000713          	li	a4,1280
    76e4:	f4d74de3          	blt	a4,a3,763e <main+0x10a2>
    76e8:	2198                	lbu	a4,0(a1)
    76ea:	f4f71ae3          	bne	a4,a5,763e <main+0x10a2>
    76ee:	21bc                	lbu	a5,2(a1)
    76f0:	40023737          	lui	a4,0x40023
    76f4:	4685                	li	a3,1
    76f6:	c714                	sw	a3,8(a4)
    76f8:	0789                	addi	a5,a5,2
    76fa:	4701                	li	a4,0
    76fc:	40023637          	lui	a2,0x40023
    7700:	00271693          	slli	a3,a4,0x2
    7704:	96ae                	add	a3,a3,a1
    7706:	4294                	lw	a3,0(a3)
    7708:	0705                	addi	a4,a4,1 # 40023001 <__freertos_irq_stack_top+0x2001e001>
    770a:	c214                	sw	a3,0(a2)
    770c:	fef76ae3          	bltu	a4,a5,7700 <main+0x1164>
    7710:	078a                	slli	a5,a5,0x2
    7712:	97ae                	add	a5,a5,a1
    7714:	4218                	lw	a4,0(a2)
    7716:	439c                	lw	a5,0(a5)
    7718:	f2f713e3          	bne	a4,a5,763e <main+0x10a2>
    771c:	21c4                	lbu	s1,4(a1)
    771e:	4789                	li	a5,2
    7720:	0af48463          	beq	s1,a5,77c8 <main+0x122c>
    7724:	478d                	li	a5,3
    7726:	3cf48e63          	beq	s1,a5,7b02 <main+0x1566>
    772a:	4785                	li	a5,1
    772c:	f0f49ae3          	bne	s1,a5,7640 <main+0x10a4>
    7730:	42442783          	lw	a5,1060(s0)
    7734:	ebbd                	bnez	a5,77aa <main+0x120e>
    7736:	40044783          	lbu	a5,1024(s0)
    773a:	4532                	lw	a0,12(sp)
    773c:	c789                	beqz	a5,7746 <main+0x11aa>
    773e:	20001537          	lui	a0,0x20001
    7742:	9bc50513          	addi	a0,a0,-1604 # 200009bc <__global_pointer$+0x2c>
    7746:	03300793          	li	a5,51
    774a:	a11c                	sb	a5,0(a0)
    774c:	319c                	lbu	a5,1(a1)
    774e:	20002737          	lui	a4,0x20002
    7752:	db070613          	addi	a2,a4,-592 # 20001db0 <ams>
    7756:	b11c                	sb	a5,1(a0)
    7758:	4785                	li	a5,1
    775a:	a15c                	sb	a5,4(a0)
    775c:	4681                	li	a3,0
    775e:	00650793          	addi	a5,a0,6
    7762:	4701                	li	a4,0
    7764:	45c1                	li	a1,16
    7766:	11064803          	lbu	a6,272(a2) # 40023110 <__freertos_irq_stack_top+0x2001e110>
    776a:	00080b63          	beqz	a6,7780 <main+0x11e4>
    776e:	00064803          	lbu	a6,0(a2)
    7772:	0705                	addi	a4,a4,1
    7774:	a394                	sb	a3,0(a5)
    7776:	010780a3          	sb	a6,1(a5)
    777a:	0ff77713          	zext.b	a4,a4
    777e:	0789                	addi	a5,a5,2
    7780:	0691                	addi	a3,a3,4 # 2004 <_Z32MC_PULL_detect_channels_insertedv+0x44>
    7782:	0ff6f693          	zext.b	a3,a3
    7786:	11460613          	addi	a2,a2,276
    778a:	fcb69ee3          	bne	a3,a1,7766 <main+0x11ca>
    778e:	b158                	sb	a4,5(a0)
    7790:	8b05                	andi	a4,a4,1
    7792:	e701                	bnez	a4,779a <main+0x11fe>
    7794:	00079023          	sh	zero,0(a5)
    7798:	0789                	addi	a5,a5,2
    779a:	8f89                	sub	a5,a5,a0
    779c:	8789                	srai	a5,a5,0x2
    779e:	17f9                	addi	a5,a5,-2
    77a0:	a13c                	sb	a5,2(a0)
    77a2:	99ff90ef          	jal	ra,1140 <_Z22ahubus_package_add_crcPh>
    77a6:	42a42223          	sw	a0,1060(s0)
    77aa:	82c1a783          	lw	a5,-2004(gp) # 200001bc <time_hw_tpms>
    77ae:	cb89                	beqz	a5,77c0 <main+0x1224>
    77b0:	3e800713          	li	a4,1000
    77b4:	02e7b6b3          	mulhu	a3,a5,a4
    77b8:	02e787b3          	mul	a5,a5,a4
    77bc:	c291                	beqz	a3,77c0 <main+0x1224>
    77be:	57fd                	li	a5,-1
    77c0:	97d2                	add	a5,a5,s4
    77c2:	9ef1a223          	sw	a5,-1564(gp) # 20000374 <_ZZ10ahubus_runvE8deadline>
    77c6:	bdad                	j	7640 <main+0x10a4>
    77c8:	42442783          	lw	a5,1060(s0)
    77cc:	e6079ae3          	bnez	a5,7640 <main+0x10a4>
    77d0:	40044783          	lbu	a5,1024(s0)
    77d4:	4ab2                	lw	s5,12(sp)
    77d6:	c789                	beqz	a5,77e0 <main+0x1244>
    77d8:	20001ab7          	lui	s5,0x20001
    77dc:	9bca8a93          	addi	s5,s5,-1604 # 200009bc <__global_pointer$+0x2c>
    77e0:	9c418793          	addi	a5,gp,-1596 # 20000354 <_ZL30ahubus_host_package_query_init>
    77e4:	4398                	lw	a4,0(a5)
    77e6:	43dc                	lw	a5,4(a5)
    77e8:	0055c983          	lbu	s3,5(a1)
    77ec:	0065c903          	lbu	s2,6(a1)
    77f0:	00faa223          	sw	a5,4(s5)
    77f4:	00eaa023          	sw	a4,0(s5)
    77f8:	013a82a3          	sb	s3,5(s5)
    77fc:	012a8323          	sb	s2,6(s5)
    7800:	4799                	li	a5,6
    7802:	22f98f63          	beq	s3,a5,7a40 <main+0x14a4>
    7806:	00495913          	srli	s2,s2,0x4
    780a:	478d                	li	a5,3
    780c:	e327eae3          	bltu	a5,s2,7640 <main+0x10a4>
    7810:	4791                	li	a5,4
    7812:	0ef98f63          	beq	s3,a5,7910 <main+0x1374>
    7816:	0737e863          	bltu	a5,s3,7886 <main+0x12ea>
    781a:	4785                	li	a5,1
    781c:	0af98f63          	beq	s3,a5,78da <main+0x133e>
    7820:	4789                	li	a5,2
    7822:	e0f99fe3          	bne	s3,a5,7640 <main+0x10a4>
    7826:	11400793          	li	a5,276
    782a:	02f90933          	mul	s2,s2,a5
    782e:	200029b7          	lui	s3,0x20002
    7832:	db098993          	addi	s3,s3,-592 # 20001db0 <ams>
    7836:	02c00613          	li	a2,44
    783a:	008a8513          	addi	a0,s5,8
    783e:	00490593          	addi	a1,s2,4
    7842:	95ce                	add	a1,a1,s3
    7844:	8bdf80ef          	jal	ra,100 <memcpy>
    7848:	04490593          	addi	a1,s2,68
    784c:	02c00613          	li	a2,44
    7850:	95ce                	add	a1,a1,s3
    7852:	034a8513          	addi	a0,s5,52
    7856:	8abf80ef          	jal	ra,100 <memcpy>
    785a:	08490593          	addi	a1,s2,132
    785e:	02c00613          	li	a2,44
    7862:	95ce                	add	a1,a1,s3
    7864:	060a8513          	addi	a0,s5,96
    7868:	899f80ef          	jal	ra,100 <memcpy>
    786c:	0c490593          	addi	a1,s2,196
    7870:	02c00613          	li	a2,44
    7874:	95ce                	add	a1,a1,s3
    7876:	08ca8513          	addi	a0,s5,140
    787a:	887f80ef          	jal	ra,100 <memcpy>
    787e:	02c00793          	li	a5,44
    7882:	4985                	li	s3,1
    7884:	a8a5                	j	78fc <main+0x1360>
    7886:	4795                	li	a5,5
    7888:	daf99ce3          	bne	s3,a5,7640 <main+0x10a4>
    788c:	11400793          	li	a5,276
    7890:	02f90933          	mul	s2,s2,a5
    7894:	200027b7          	lui	a5,0x20002
    7898:	de078793          	addi	a5,a5,-544 # 20001de0 <ams+0x30>
    789c:	97ca                	add	a5,a5,s2
    789e:	439c                	lw	a5,0(a5)
    78a0:	00faa423          	sw	a5,8(s5)
    78a4:	200027b7          	lui	a5,0x20002
    78a8:	e2078793          	addi	a5,a5,-480 # 20001e20 <ams+0x70>
    78ac:	97ca                	add	a5,a5,s2
    78ae:	439c                	lw	a5,0(a5)
    78b0:	00faa623          	sw	a5,12(s5)
    78b4:	200027b7          	lui	a5,0x20002
    78b8:	e6078793          	addi	a5,a5,-416 # 20001e60 <ams+0xb0>
    78bc:	97ca                	add	a5,a5,s2
    78be:	439c                	lw	a5,0(a5)
    78c0:	00faa823          	sw	a5,16(s5)
    78c4:	200027b7          	lui	a5,0x20002
    78c8:	ea078793          	addi	a5,a5,-352 # 20001ea0 <ams+0xf0>
    78cc:	993e                	add	s2,s2,a5
    78ce:	00092783          	lw	a5,0(s2)
    78d2:	00faaa23          	sw	a5,20(s5)
    78d6:	47c2                	lw	a5,16(sp)
    78d8:	b76d                	j	7882 <main+0x12e6>
    78da:	11400793          	li	a5,276
    78de:	02f907b3          	mul	a5,s2,a5
    78e2:	200025b7          	lui	a1,0x20002
    78e6:	db058593          	addi	a1,a1,-592 # 20001db0 <ams>
    78ea:	4621                	li	a2,8
    78ec:	008a8513          	addi	a0,s5,8
    78f0:	10578793          	addi	a5,a5,261
    78f4:	95be                	add	a1,a1,a5
    78f6:	80bf80ef          	jal	ra,100 <memcpy>
    78fa:	87a6                	mv	a5,s1
    78fc:	00fa8123          	sb	a5,2(s5)
    7900:	013a83a3          	sb	s3,7(s5)
    7904:	8556                	mv	a0,s5
    7906:	83bf90ef          	jal	ra,1140 <_Z22ahubus_package_add_crcPh>
    790a:	42a42223          	sw	a0,1060(s0)
    790e:	bb0d                	j	7640 <main+0x10a4>
    7910:	11400693          	li	a3,276
    7914:	02d906b3          	mul	a3,s2,a3
    7918:	200027b7          	lui	a5,0x20002
    791c:	db078713          	addi	a4,a5,-592 # 20001db0 <ams>
    7920:	db078793          	addi	a5,a5,-592
    7924:	9736                	add	a4,a4,a3
    7926:	03574683          	lbu	a3,53(a4)
    792a:	03474703          	lbu	a4,52(a4)
    792e:	c319                	beqz	a4,7934 <main+0x1398>
    7930:	0806e693          	ori	a3,a3,128
    7934:	11400713          	li	a4,276
    7938:	02e90733          	mul	a4,s2,a4
    793c:	00da8423          	sb	a3,8(s5)
    7940:	00e786b3          	add	a3,a5,a4
    7944:	0366c603          	lbu	a2,54(a3)
    7948:	00ca84a3          	sb	a2,9(s5)
    794c:	0376c603          	lbu	a2,55(a3)
    7950:	00ca8523          	sb	a2,10(s5)
    7954:	0386c603          	lbu	a2,56(a3)
    7958:	00ca85a3          	sb	a2,11(s5)
    795c:	20002637          	lui	a2,0x20002
    7960:	dd060613          	addi	a2,a2,-560 # 20001dd0 <ams+0x20>
    7964:	9732                	add	a4,a4,a2
    7966:	4b18                	lw	a4,16(a4)
    7968:	00eaa623          	sw	a4,12(s5)
    796c:	0756c703          	lbu	a4,117(a3)
    7970:	0746c683          	lbu	a3,116(a3)
    7974:	c299                	beqz	a3,797a <main+0x13de>
    7976:	08076713          	ori	a4,a4,128
    797a:	00ea8823          	sb	a4,16(s5)
    797e:	11400713          	li	a4,276
    7982:	02e90733          	mul	a4,s2,a4
    7986:	00e786b3          	add	a3,a5,a4
    798a:	0766c603          	lbu	a2,118(a3)
    798e:	00ca88a3          	sb	a2,17(s5)
    7992:	0776c603          	lbu	a2,119(a3)
    7996:	00ca8923          	sb	a2,18(s5)
    799a:	0786c603          	lbu	a2,120(a3)
    799e:	00ca89a3          	sb	a2,19(s5)
    79a2:	20002637          	lui	a2,0x20002
    79a6:	e1060613          	addi	a2,a2,-496 # 20001e10 <ams+0x60>
    79aa:	9732                	add	a4,a4,a2
    79ac:	4b18                	lw	a4,16(a4)
    79ae:	00eaaa23          	sw	a4,20(s5)
    79b2:	0b56c703          	lbu	a4,181(a3)
    79b6:	0b46c683          	lbu	a3,180(a3)
    79ba:	c299                	beqz	a3,79c0 <main+0x1424>
    79bc:	08076713          	ori	a4,a4,128
    79c0:	00ea8c23          	sb	a4,24(s5)
    79c4:	11400713          	li	a4,276
    79c8:	02e90733          	mul	a4,s2,a4
    79cc:	00e786b3          	add	a3,a5,a4
    79d0:	0b66c603          	lbu	a2,182(a3)
    79d4:	00ca8ca3          	sb	a2,25(s5)
    79d8:	0b76c603          	lbu	a2,183(a3)
    79dc:	00ca8d23          	sb	a2,26(s5)
    79e0:	0b86c603          	lbu	a2,184(a3)
    79e4:	00ca8da3          	sb	a2,27(s5)
    79e8:	20002637          	lui	a2,0x20002
    79ec:	e5060613          	addi	a2,a2,-432 # 20001e50 <ams+0xa0>
    79f0:	9732                	add	a4,a4,a2
    79f2:	4b18                	lw	a4,16(a4)
    79f4:	00eaae23          	sw	a4,28(s5)
    79f8:	0f56c703          	lbu	a4,245(a3)
    79fc:	0f46c683          	lbu	a3,244(a3)
    7a00:	c299                	beqz	a3,7a06 <main+0x146a>
    7a02:	08076713          	ori	a4,a4,128
    7a06:	02ea8023          	sb	a4,32(s5)
    7a0a:	11400713          	li	a4,276
    7a0e:	02e90733          	mul	a4,s2,a4
    7a12:	97ba                	add	a5,a5,a4
    7a14:	0f67c683          	lbu	a3,246(a5)
    7a18:	02da80a3          	sb	a3,33(s5)
    7a1c:	0f77c683          	lbu	a3,247(a5)
    7a20:	0f87c783          	lbu	a5,248(a5)
    7a24:	02da8123          	sb	a3,34(s5)
    7a28:	02fa81a3          	sb	a5,35(s5)
    7a2c:	200027b7          	lui	a5,0x20002
    7a30:	e9078793          	addi	a5,a5,-368 # 20001e90 <ams+0xe0>
    7a34:	973e                	add	a4,a4,a5
    7a36:	4b1c                	lw	a5,16(a4)
    7a38:	02faa223          	sw	a5,36(s5)
    7a3c:	47a1                	li	a5,8
    7a3e:	b591                	j	7882 <main+0x12e6>
    7a40:	200027b7          	lui	a5,0x20002
    7a44:	008a8713          	addi	a4,s5,8
    7a48:	db078793          	addi	a5,a5,-592 # 20001db0 <ams>
    7a4c:	4681                	li	a3,0
    7a4e:	4981                	li	s3,0
    7a50:	4305                	li	t1,1
    7a52:	04000893          	li	a7,64
    7a56:	1107c603          	lbu	a2,272(a5)
    7a5a:	ce2d                	beqz	a2,7ad4 <main+0x1538>
    7a5c:	0367c603          	lbu	a2,54(a5)
    7a60:	0f67ce03          	lbu	t3,246(a5)
    7a64:	0357c803          	lbu	a6,53(a5)
    7a68:	b330                	sb	a2,3(a4)
    7a6a:	0767c603          	lbu	a2,118(a5)
    7a6e:	0757c503          	lbu	a0,117(a5)
    7a72:	0b57c583          	lbu	a1,181(a5)
    7a76:	b350                	sb	a2,5(a4)
    7a78:	0b67c603          	lbu	a2,182(a5)
    7a7c:	01c704a3          	sb	t3,9(a4)
    7a80:	0347ce03          	lbu	t3,52(a5)
    7a84:	b370                	sb	a2,7(a4)
    7a86:	0f57c603          	lbu	a2,245(a5)
    7a8a:	a314                	sb	a3,0(a4)
    7a8c:	006700a3          	sb	t1,1(a4)
    7a90:	01070123          	sb	a6,2(a4)
    7a94:	a348                	sb	a0,4(a4)
    7a96:	a36c                	sb	a1,6(a4)
    7a98:	a710                	sb	a2,8(a4)
    7a9a:	000e0663          	beqz	t3,7aa6 <main+0x150a>
    7a9e:	f8086813          	ori	a6,a6,-128
    7aa2:	01070123          	sb	a6,2(a4)
    7aa6:	0747c803          	lbu	a6,116(a5)
    7aaa:	00080563          	beqz	a6,7ab4 <main+0x1518>
    7aae:	f8056513          	ori	a0,a0,-128
    7ab2:	a348                	sb	a0,4(a4)
    7ab4:	0b47c503          	lbu	a0,180(a5)
    7ab8:	c501                	beqz	a0,7ac0 <main+0x1524>
    7aba:	f805e593          	ori	a1,a1,-128
    7abe:	a36c                	sb	a1,6(a4)
    7ac0:	0f47c583          	lbu	a1,244(a5)
    7ac4:	c581                	beqz	a1,7acc <main+0x1530>
    7ac6:	f8066613          	ori	a2,a2,-128
    7aca:	a710                	sb	a2,8(a4)
    7acc:	0985                	addi	s3,s3,1
    7ace:	0729                	addi	a4,a4,10
    7ad0:	0ff9f993          	zext.b	s3,s3
    7ad4:	06c1                	addi	a3,a3,16
    7ad6:	0ff6f693          	zext.b	a3,a3
    7ada:	11478793          	addi	a5,a5,276
    7ade:	f7169ce3          	bne	a3,a7,7a56 <main+0x14ba>
    7ae2:	004a8613          	addi	a2,s5,4
    7ae6:	40c707b3          	sub	a5,a4,a2
    7aea:	0037f693          	andi	a3,a5,3
    7aee:	e691                	bnez	a3,7afa <main+0x155e>
    7af0:	8789                	srai	a5,a5,0x2
    7af2:	17fd                	addi	a5,a5,-1
    7af4:	0ff7f793          	zext.b	a5,a5
    7af8:	b511                	j	78fc <main+0x1360>
    7afa:	0705                	addi	a4,a4,1
    7afc:	fe070fa3          	sb	zero,-1(a4)
    7b00:	b7dd                	j	7ae6 <main+0x154a>
    7b02:	42442783          	lw	a5,1060(s0)
    7b06:	b2079de3          	bnez	a5,7640 <main+0x10a4>
    7b0a:	40044783          	lbu	a5,1024(s0)
    7b0e:	4ab2                	lw	s5,12(sp)
    7b10:	c789                	beqz	a5,7b1a <main+0x157e>
    7b12:	20001ab7          	lui	s5,0x20001
    7b16:	9bca8a93          	addi	s5,s5,-1604 # 200009bc <__global_pointer$+0x2c>
    7b1a:	0065c983          	lbu	s3,6(a1)
    7b1e:	470d                	li	a4,3
    7b20:	0049db13          	srli	s6,s3,0x4
    7b24:	b1676ee3          	bltu	a4,s6,7640 <main+0x10a4>
    7b28:	0055c903          	lbu	s2,5(a1)
    7b2c:	4795                	li	a5,5
    7b2e:	06f90563          	beq	s2,a5,7b98 <main+0x15fc>
    7b32:	4799                	li	a5,6
    7b34:	08f90763          	beq	s2,a5,7bc2 <main+0x1626>
    7b38:	4789                	li	a5,2
    7b3a:	b0f913e3          	bne	s2,a5,7640 <main+0x10a4>
    7b3e:	0345cb83          	lbu	s7,52(a1)
    7b42:	af776fe3          	bltu	a4,s7,7640 <main+0x10a4>
    7b46:	11400713          	li	a4,276
    7b4a:	02eb0733          	mul	a4,s6,a4
    7b4e:	006b9793          	slli	a5,s7,0x6
    7b52:	0791                	addi	a5,a5,4
    7b54:	20002537          	lui	a0,0x20002
    7b58:	db050513          	addi	a0,a0,-592 # 20001db0 <ams>
    7b5c:	02c00613          	li	a2,44
    7b60:	05a1                	addi	a1,a1,8
    7b62:	97ba                	add	a5,a5,a4
    7b64:	953e                	add	a0,a0,a5
    7b66:	d9af80ef          	jal	ra,100 <memcpy>
    7b6a:	4785                	li	a5,1
    7b6c:	00fb1563          	bne	s6,a5,7b76 <main+0x15da>
    7b70:	855e                	mv	a0,s7
    7b72:	ef4f90ef          	jal	ra,1266 <_Z35ams_datas_set_need_to_save_filamenth>
    7b76:	9cc18793          	addi	a5,gp,-1588 # 2000035c <_ZL28ahubus_host_package_set_init>
    7b7a:	4398                	lw	a4,0(a5)
    7b7c:	43dc                	lw	a5,4(a5)
    7b7e:	00eaa023          	sw	a4,0(s5)
    7b82:	00faa223          	sw	a5,4(s5)
    7b86:	012a82a3          	sb	s2,5(s5)
    7b8a:	013a8323          	sb	s3,6(s5)
    7b8e:	000a83a3          	sb	zero,7(s5)
    7b92:	000a8123          	sb	zero,2(s5)
    7b96:	b3bd                	j	7904 <main+0x1368>
    7b98:	25dc                	lbu	a5,12(a1)
    7b9a:	aaf763e3          	bltu	a4,a5,7640 <main+0x10a4>
    7b9e:	11400713          	li	a4,276
    7ba2:	02eb0733          	mul	a4,s6,a4
    7ba6:	079a                	slli	a5,a5,0x6
    7ba8:	03078793          	addi	a5,a5,48
    7bac:	20002537          	lui	a0,0x20002
    7bb0:	db050513          	addi	a0,a0,-592 # 20001db0 <ams>
    7bb4:	4611                	li	a2,4
    7bb6:	05a1                	addi	a1,a1,8
    7bb8:	97ba                	add	a5,a5,a4
    7bba:	953e                	add	a0,a0,a5
    7bbc:	d44f80ef          	jal	ra,100 <memcpy>
    7bc0:	bf5d                	j	7b76 <main+0x15da>
    7bc2:	200026b7          	lui	a3,0x20002
    7bc6:	31e8                	lbu	a0,7(a1)
    7bc8:	4701                	li	a4,0
    7bca:	05a1                	addi	a1,a1,8
    7bcc:	480d                	li	a6,3
    7bce:	db068693          	addi	a3,a3,-592 # 20001db0 <ams>
    7bd2:	11400893          	li	a7,276
    7bd6:	fae500e3          	beq	a0,a4,7b76 <main+0x15da>
    7bda:	219c                	lbu	a5,0(a1)
    7bdc:	0599                	addi	a1,a1,6
    7bde:	8391                	srli	a5,a5,0x4
    7be0:	04f86163          	bltu	a6,a5,7c22 <main+0x1686>
    7be4:	031787b3          	mul	a5,a5,a7
    7be8:	ffb5c603          	lbu	a2,-5(a1)
    7bec:	97b6                	add	a5,a5,a3
    7bee:	10c78223          	sb	a2,260(a5)
    7bf2:	ffc5c603          	lbu	a2,-4(a1)
    7bf6:	07f67613          	andi	a2,a2,127
    7bfa:	02c78aa3          	sb	a2,53(a5)
    7bfe:	ffd5c603          	lbu	a2,-3(a1)
    7c02:	07f67613          	andi	a2,a2,127
    7c06:	06c78aa3          	sb	a2,117(a5)
    7c0a:	ffe5c603          	lbu	a2,-2(a1)
    7c0e:	07f67613          	andi	a2,a2,127
    7c12:	0ac78aa3          	sb	a2,181(a5)
    7c16:	fff5c603          	lbu	a2,-1(a1)
    7c1a:	07f67613          	andi	a2,a2,127
    7c1e:	0ec78aa3          	sb	a2,245(a5)
    7c22:	0705                	addi	a4,a4,1
    7c24:	0ff77713          	zext.b	a4,a4
    7c28:	b77d                	j	7bd6 <main+0x163a>
    7c2a:	03d00693          	li	a3,61
    7c2e:	a6d79ae3          	bne	a5,a3,76a2 <main+0x1106>
    7c32:	4a01                	li	s4,0
    7c34:	02090d63          	beqz	s2,7c6e <main+0x16d2>
    7c38:	50000713          	li	a4,1280
    7c3c:	03574963          	blt	a4,s5,7c6e <main+0x16d2>
    7c40:	00094703          	lbu	a4,0(s2)
    7c44:	02f71563          	bne	a4,a5,7c6e <main+0x16d2>
    7c48:	4795                	li	a5,5
    7c4a:	3357c763          	blt	a5,s5,7f78 <main+0x19dc>
    7c4e:	4a01                	li	s4,0
    7c50:	42442783          	lw	a5,1060(s0)
    7c54:	cf89                	beqz	a5,7c6e <main+0x16d2>
    7c56:	81c1a683          	lw	a3,-2020(gp) # 200001ac <time_hw_tpus>
    7c5a:	03200713          	li	a4,50
    7c5e:	02d707b3          	mul	a5,a4,a3
    7c62:	02d73733          	mulhu	a4,a4,a3
    7c66:	5c0715e3          	bnez	a4,8a30 <main+0x2494>
    7c6a:	5c0794e3          	bnez	a5,8a32 <main+0x2496>
    7c6e:	800027f3          	csrr	a5,0x800
    7c72:	08800713          	li	a4,136
    7c76:	80073073          	csrc	0x800,a4
    7c7a:	42042023          	sw	zero,1056(s0)
    7c7e:	42040423          	sb	zero,1064(s0)
    7c82:	80073073          	csrc	0x800,a4
    7c86:	0887f793          	andi	a5,a5,136
    7c8a:	8007a073          	csrs	0x800,a5
    7c8e:	800026f3          	csrr	a3,0x800
    7c92:	80073073          	csrc	0x800,a4
    7c96:	a281a783          	lw	a5,-1496(gp) # 200003b8 <_ZL27bambubus_heartbeat_deadline>
    7c9a:	80073073          	csrc	0x800,a4
    7c9e:	0886f713          	andi	a4,a3,136
    7ca2:	80072073          	csrs	0x800,a4
    7ca6:	a00a0ae3          	beqz	s4,76ba <main+0x111e>
    7caa:	4752                	lw	a4,20(sp)
    7cac:	42442583          	lw	a1,1060(s0)
    7cb0:	40f707b3          	sub	a5,a4,a5
    7cb4:	fff58713          	addi	a4,a1,-1
    7cb8:	58f058e3          	blez	a5,8a48 <main+0x24ac>
    7cbc:	4ff00793          	li	a5,1279
    7cc0:	60e7e5e3          	bltu	a5,a4,8aca <main+0x252e>
    7cc4:	42944783          	lbu	a5,1065(s0)
    7cc8:	5a7d                	li	s4,-1
    7cca:	5c0792e3          	bnez	a5,8a8e <main+0x24f2>
    7cce:	4791                	li	a5,4
    7cd0:	5ef49de3          	bne	s1,a5,8aca <main+0x252e>
    7cd4:	a001ac23          	sw	zero,-1512(gp) # 200003a8 <_ZZ4mainE5error>
    7cd8:	a1c1c483          	lbu	s1,-1508(gp) # 200003ac <_ZL11g_fil_dirty>
    7cdc:	c485                	beqz	s1,7d04 <main+0x1768>
    7cde:	0014f793          	andi	a5,s1,1
    7ce2:	600799e3          	bnez	a5,8af4 <main+0x2558>
    7ce6:	0024f793          	andi	a5,s1,2
    7cea:	c399                	beqz	a5,7cf0 <main+0x1754>
    7cec:	7150006f          	j	8c00 <main+0x2664>
    7cf0:	0044f793          	andi	a5,s1,4
    7cf4:	c399                	beqz	a5,7cfa <main+0x175e>
    7cf6:	70f0006f          	j	8c04 <main+0x2668>
    7cfa:	0084f793          	andi	a5,s1,8
    7cfe:	4c0d                	li	s8,3
    7d00:	5e079be3          	bnez	a5,8af6 <main+0x255a>
    7d04:	8141ca83          	lbu	s5,-2028(gp) # 200001a4 <_ZL11g_loaded_ch>
    7d08:	a241c783          	lbu	a5,-1500(gp) # 200003b4 <_ZL13g_state_dirty>
    7d0c:	c7d9                	beqz	a5,7d9a <main+0x17fe>
    7d0e:	a941c783          	lbu	a5,-1388(gp) # 20000424 <_ZL16g_sta_have_saved>
    7d12:	c789                	beqz	a5,7d1c <main+0x1780>
    7d14:	8281c783          	lbu	a5,-2008(gp) # 200001b8 <_ZL18g_sta_saved_loaded>
    7d18:	07578f63          	beq	a5,s5,7d96 <main+0x17fa>
    7d1c:	a961d483          	lhu	s1,-1386(gp) # 20000426 <_ZL10g_sta_slot>
    7d20:	a981da03          	lhu	s4,-1384(gp) # 20000428 <_ZL9g_sta_seq>
    7d24:	00080737          	lui	a4,0x80
    7d28:	0f670713          	addi	a4,a4,246 # 800f6 <ch32v20x_wwdg.c.13394d49+0x623a1>
    7d2c:	008a1793          	slli	a5,s4,0x8
    7d30:	0054db93          	srli	s7,s1,0x5
    7d34:	0157e7b3          	or	a5,a5,s5
    7d38:	9bba                	add	s7,s7,a4
    7d3a:	a5000737          	lui	a4,0xa5000
    7d3e:	8f5d                	or	a4,a4,a5
    7d40:	01f4f913          	andi	s2,s1,31
    7d44:	0ba2                	slli	s7,s7,0x8
    7d46:	090e                	slli	s2,s2,0x3
    7d48:	ccba                	sw	a4,88(sp)
    7d4a:	94415737          	lui	a4,0x94415
    7d4e:	995e                	add	s2,s2,s7
    7d50:	45370713          	addi	a4,a4,1107 # 94415453 <__freertos_irq_stack_top+0x74410453>
    7d54:	8fb9                	xor	a5,a5,a4
    7d56:	4609                	li	a2,2
    7d58:	08ac                	addi	a1,sp,88
    7d5a:	854a                	mv	a0,s2
    7d5c:	cebe                	sw	a5,92(sp)
    7d5e:	c07f90ef          	jal	ra,1964 <_ZL16flash_prog_wordsmPKmm>
    7d62:	e919                	bnez	a0,7d78 <main+0x17dc>
    7d64:	855e                	mv	a0,s7
    7d66:	d09f90ef          	jal	ra,1a6e <_ZL14flash256_erasem.part.0>
    7d6a:	c905                	beqz	a0,7d9a <main+0x17fe>
    7d6c:	4609                	li	a2,2
    7d6e:	08ac                	addi	a1,sp,88
    7d70:	854a                	mv	a0,s2
    7d72:	bf3f90ef          	jal	ra,1964 <_ZL16flash_prog_wordsmPKmm>
    7d76:	c115                	beqz	a0,7d9a <main+0x17fe>
    7d78:	0a05                	addi	s4,s4,1
    7d7a:	a9419c23          	sh	s4,-1384(gp) # 20000428 <_ZL9g_sta_seq>
    7d7e:	0485                	addi	s1,s1,1
    7d80:	14000793          	li	a5,320
    7d84:	02f4f4b3          	remu	s1,s1,a5
    7d88:	4705                	li	a4,1
    7d8a:	a8919b23          	sh	s1,-1386(gp) # 20000426 <_ZL10g_sta_slot>
    7d8e:	a8e18a23          	sb	a4,-1388(gp) # 20000424 <_ZL16g_sta_have_saved>
    7d92:	83518423          	sb	s5,-2008(gp) # 200001b8 <_ZL18g_sta_saved_loaded>
    7d96:	a2018223          	sb	zero,-1500(gp) # 200003b4 <_ZL13g_state_dirty>
    7d9a:	a181a783          	lw	a5,-1512(gp) # 200003a8 <_ZZ4mainE5error>
    7d9e:	ce3e                	sw	a5,28(sp)
    7da0:	e000f7b7          	lui	a5,0xe000f
    7da4:	47cc                	lw	a1,12(a5)
    7da6:	0087a903          	lw	s2,8(a5) # e000f008 <__freertos_irq_stack_top+0xc000a008>
    7daa:	47d8                	lw	a4,12(a5)
    7dac:	fee59ce3          	bne	a1,a4,7da4 <main+0x1808>
    7db0:	82c1a783          	lw	a5,-2004(gp) # 200001bc <time_hw_tpms>
    7db4:	ca3e                	sw	a5,20(sp)
    7db6:	8a3e                	mv	s4,a5
    7db8:	e391                	bnez	a5,7dbc <main+0x1820>
    7dba:	4a05                	li	s4,1
    7dbc:	a141c603          	lbu	a2,-1516(gp) # 200003a4 <_ZL13g_time_inited>
    7dc0:	c609                	beqz	a2,7dca <main+0x182e>
    7dc2:	a101a603          	lw	a2,-1520(gp) # 200003a0 <_ZL15g_time_tpm_last>
    7dc6:	64ca01e3          	beq	s4,a2,8c08 <main+0x266c>
    7dca:	4605                	li	a2,1
    7dcc:	a0c18a23          	sb	a2,-1516(gp) # 200003a4 <_ZL13g_time_inited>
    7dd0:	a141a823          	sw	s4,-1520(gp) # 200003a0 <_ZL15g_time_tpm_last>
    7dd4:	a121a423          	sw	s2,-1528(gp) # 20000398 <_ZL19g_time_last_ticks64>
    7dd8:	a0b1a623          	sw	a1,-1524(gp) # 2000039c <_ZL19g_time_last_ticks64+0x4>
    7ddc:	8652                	mv	a2,s4
    7dde:	4681                	li	a3,0
    7de0:	854a                	mv	a0,s2
    7de2:	2fa010ef          	jal	ra,90dc <__udivdi3>
    7de6:	84aa                	mv	s1,a0
    7de8:	a0a1a023          	sw	a0,-1536(gp) # 20000390 <_ZL11g_time_ms64>
    7dec:	02aa0533          	mul	a0,s4,a0
    7df0:	8aae                	mv	s5,a1
    7df2:	a0b1a223          	sw	a1,-1532(gp) # 20000394 <_ZL11g_time_ms64+0x4>
    7df6:	40a90533          	sub	a0,s2,a0
    7dfa:	9ea1ae23          	sw	a0,-1540(gp) # 2000038c <_ZL18g_time_rem_ticks32>
    7dfe:	854a                	mv	a0,s2
    7e00:	ffaf80ef          	jal	ra,5fa <_ZL19MC_PULL_ONLINE_readm>
    7e04:	8141c503          	lbu	a0,-2028(gp) # 200001a4 <_ZL11g_loaded_ch>
    7e08:	478d                	li	a5,3
    7e0a:	a8418b13          	addi	s6,gp,-1404 # 20000414 <_ZL17MC_ONLINE_key_stu>
    7e0e:	00a7e863          	bltu	a5,a0,7e1e <main+0x1882>
    7e12:	00ab07b3          	add	a5,s6,a0
    7e16:	239c                	lbu	a5,0(a5)
    7e18:	e399                	bnez	a5,7e1e <main+0x1882>
    7e1a:	c64f90ef          	jal	ra,127e <_Z22ams_state_set_unloadedh>
    7e1e:	200027b7          	lui	a5,0x20002
    7e22:	20002cb7          	lui	s9,0x20002
    7e26:	db078d93          	addi	s11,a5,-592 # 20001db0 <ams>
    7e2a:	200027b7          	lui	a5,0x20002
    7e2e:	d88c8c93          	addi	s9,s9,-632 # 20001d88 <_ZL18g_on_use_hi_pwm_us>
    7e32:	a7418d13          	addi	s10,gp,-1420 # 20000404 <_ZL18g_on_use_jam_latch>
    7e36:	9d878513          	addi	a0,a5,-1576 # 200019d8 <MOTOR_CONTROL>
    7e3a:	4c01                	li	s8,0
    7e3c:	a7418b93          	addi	s7,gp,-1420 # 20000404 <_ZL18g_on_use_jam_latch>
    7e40:	a7818813          	addi	a6,gp,-1416 # 20000408 <_ZL18g_on_use_low_latch>
    7e44:	4891                	li	a7,4
    7e46:	018b07b3          	add	a5,s6,s8
    7e4a:	239c                	lbu	a5,0(a5)
    7e4c:	e7b9                	bnez	a5,7e9a <main+0x18fe>
    7e4e:	47f2                	lw	a5,28(sp)
    7e50:	eb95                	bnez	a5,7e84 <main+0x18e8>
    7e52:	47e2                	lw	a5,24(sp)
    7e54:	2187c703          	lbu	a4,536(a5)
    7e58:	0ffc7793          	zext.b	a5,s8
    7e5c:	02f71463          	bne	a4,a5,7e84 <main+0x18e8>
    7e60:	149dc703          	lbu	a4,329(s11)
    7e64:	4785                	li	a5,1
    7e66:	00f71f63          	bne	a4,a5,7e84 <main+0x18e8>
    7e6a:	87d6                	mv	a5,s5
    7e6c:	8726                	mv	a4,s1
    7e6e:	06400613          	li	a2,100
    7e72:	4681                	li	a3,0
    7e74:	458d                	li	a1,3
    7e76:	d22a                	sw	a0,36(sp)
    7e78:	c7df80ef          	jal	ra,af4 <_ZN14_MOTOR_CONTROL10set_motionE20filament_motion_enumyy>
    7e7c:	5512                	lw	a0,36(sp)
    7e7e:	a7818813          	addi	a6,gp,-1416 # 20000408 <_ZL18g_on_use_low_latch>
    7e82:	4891                	li	a7,4
    7e84:	000d4783          	lbu	a5,0(s10)
    7e88:	c799                	beqz	a5,7e96 <main+0x18fa>
    7e8a:	010c07b3          	add	a5,s8,a6
    7e8e:	00078023          	sb	zero,0(a5)
    7e92:	000d0023          	sb	zero,0(s10)
    7e96:	000ca023          	sw	zero,0(s9)
    7e9a:	0c05                	addi	s8,s8,1
    7e9c:	0c91                	addi	s9,s9,4
    7e9e:	0d05                	addi	s10,s10,1
    7ea0:	09850513          	addi	a0,a0,152
    7ea4:	040d8d93          	addi	s11,s11,64
    7ea8:	f91c1fe3          	bne	s8,a7,7e46 <main+0x18aa>
    7eac:	47f2                	lw	a5,28(sp)
    7eae:	5c0796e3          	bnez	a5,8c7a <main+0x26de>
    7eb2:	47e2                	lw	a5,24(sp)
    7eb4:	470d                	li	a4,3
    7eb6:	2187c783          	lbu	a5,536(a5)
    7eba:	02f76c63          	bltu	a4,a5,7ef2 <main+0x1956>
    7ebe:	a9018713          	addi	a4,gp,-1392 # 20000420 <filament_channel_inserted>
    7ec2:	973e                	add	a4,a4,a5
    7ec4:	2318                	lbu	a4,0(a4)
    7ec6:	c715                	beqz	a4,7ef2 <main+0x1956>
    7ec8:	00fb8733          	add	a4,s7,a5
    7ecc:	2318                	lbu	a4,0(a4)
    7ece:	c315                	beqz	a4,7ef2 <main+0x1956>
    7ed0:	4762                	lw	a4,24(sp)
    7ed2:	079a                	slli	a5,a5,0x6
    7ed4:	97ba                	add	a5,a5,a4
    7ed6:	1497c783          	lbu	a5,329(a5)
    7eda:	4705                	li	a4,1
    7edc:	17fd                	addi	a5,a5,-1
    7ede:	0ff7f793          	zext.b	a5,a5
    7ee2:	00f76863          	bltu	a4,a5,7ef2 <main+0x1956>
    7ee6:	4762                	lw	a4,24(sp)
    7ee8:	77fd                	lui	a5,0xfffff
    7eea:	06f78793          	addi	a5,a5,111 # fffff06f <__freertos_irq_stack_top+0xdfffa06f>
    7eee:	22f71123          	sh	a5,546(a4)
    7ef2:	001b4783          	lbu	a5,1(s6)
    7ef6:	a841c983          	lbu	s3,-1404(gp) # 20000414 <_ZL17MC_ONLINE_key_stu>
    7efa:	00f9e9b3          	or	s3,s3,a5
    7efe:	002b4783          	lbu	a5,2(s6)
    7f02:	00f9e9b3          	or	s3,s3,a5
    7f06:	003b4783          	lbu	a5,3(s6)
    7f0a:	00f9e9b3          	or	s3,s3,a5
    7f0e:	560999e3          	bnez	s3,8c80 <main+0x26e4>
    7f12:	20000737          	lui	a4,0x20000
    7f16:	200007b7          	lui	a5,0x20000
    7f1a:	18070d93          	addi	s11,a4,384 # 20000180 <MC_PULL_V_MIN>
    7f1e:	15078d13          	addi	s10,a5,336 # 20000150 <_ZL15MC_PULL_stu_raw>
    7f22:	4c81                	li	s9,0
    7f24:	a9018b93          	addi	s7,gp,-1392 # 20000420 <filament_channel_inserted>
    7f28:	82018c13          	addi	s8,gp,-2016 # 200001b0 <MC_PULL_pct>
    7f2c:	017c8633          	add	a2,s9,s7
    7f30:	2210                	lbu	a2,0(a2)
    7f32:	ca1d                	beqz	a2,7f68 <main+0x19cc>
    7f34:	000d2783          	lw	a5,0(s10)
    7f38:	018c8633          	add	a2,s9,s8
    7f3c:	2210                	lbu	a2,0(a2)
    7f3e:	d23e                	sw	a5,36(sp)
    7f40:	47bd                	li	a5,15
    7f42:	64c7f0e3          	bgeu	a5,a2,8d82 <main+0x27e6>
    7f46:	55a2                	lw	a1,40(sp)
    7f48:	5512                	lw	a0,36(sp)
    7f4a:	115020ef          	jal	ra,a85e <__lesf2>
    7f4e:	62a05ae3          	blez	a0,8d82 <main+0x27e6>
    7f52:	55b2                	lw	a1,44(sp)
    7f54:	000da503          	lw	a0,0(s11)
    7f58:	1c0020ef          	jal	ra,a118 <__addsf3>
    7f5c:	85aa                	mv	a1,a0
    7f5e:	5512                	lw	a0,36(sp)
    7f60:	0ff020ef          	jal	ra,a85e <__lesf2>
    7f64:	60a05fe3          	blez	a0,8d82 <main+0x27e6>
    7f68:	0c85                	addi	s9,s9,1
    7f6a:	4791                	li	a5,4
    7f6c:	0d91                	addi	s11,s11,4
    7f6e:	0d11                	addi	s10,s10,4
    7f70:	fafc9ee3          	bne	s9,a5,7f2c <main+0x1990>
    7f74:	50d0006f          	j	8c80 <main+0x26e4>
    7f78:	6725                	lui	a4,0x9
    7f7a:	65b1                	lui	a1,0xc
    7f7c:	ffea8693          	addi	a3,s5,-2
    7f80:	4601                	li	a2,0
    7f82:	13d70713          	addi	a4,a4,317 # 913d <__udivdi3+0x61>
    7f86:	c9058593          	addi	a1,a1,-880 # bc90 <g_crc16_tbl>
    7f8a:	00c90533          	add	a0,s2,a2
    7f8e:	2108                	lbu	a0,0(a0)
    7f90:	00875793          	srli	a5,a4,0x8
    7f94:	0722                	slli	a4,a4,0x8
    7f96:	8fa9                	xor	a5,a5,a0
    7f98:	0786                	slli	a5,a5,0x1
    7f9a:	97ae                	add	a5,a5,a1
    7f9c:	239e                	lhu	a5,0(a5)
    7f9e:	0742                	slli	a4,a4,0x10
    7fa0:	8341                	srli	a4,a4,0x10
    7fa2:	0605                	addi	a2,a2,1
    7fa4:	8f3d                	xor	a4,a4,a5
    7fa6:	fed662e3          	bltu	a2,a3,7f8a <main+0x19ee>
    7faa:	96ca                	add	a3,a3,s2
    7fac:	2294                	lbu	a3,0(a3)
    7fae:	0ff77793          	zext.b	a5,a4
    7fb2:	c8f69ee3          	bne	a3,a5,7c4e <main+0x16b2>
    7fb6:	015907b3          	add	a5,s2,s5
    7fba:	fff7c783          	lbu	a5,-1(a5)
    7fbe:	8321                	srli	a4,a4,0x8
    7fc0:	c8e797e3          	bne	a5,a4,7c4e <main+0x16b2>
    7fc4:	00194783          	lbu	a5,1(s2)
    7fc8:	0c500713          	li	a4,197
    7fcc:	04e79063          	bne	a5,a4,800c <main+0x1a70>
    7fd0:	00494783          	lbu	a5,4(s2)
    7fd4:	4721                	li	a4,8
    7fd6:	02f76463          	bltu	a4,a5,7ffe <main+0x1a62>
    7fda:	4709                	li	a4,2
    7fdc:	02f77663          	bgeu	a4,a5,8008 <main+0x1a6c>
    7fe0:	17f1                	addi	a5,a5,-4
    7fe2:	0ff7f793          	zext.b	a5,a5
    7fe6:	4711                	li	a4,4
    7fe8:	32f76663          	bltu	a4,a5,8314 <main+0x1d78>
    7fec:	672d                	lui	a4,0xb
    7fee:	078a                	slli	a5,a5,0x2
    7ff0:	6a870713          	addi	a4,a4,1704 # b6a8 <__clzsi2+0x1d0>
    7ff4:	97ba                	add	a5,a5,a4
    7ff6:	439c                	lw	a5,0(a5)
    7ff8:	8782                	jr	a5
    7ffa:	4a11                	li	s4,4
    7ffc:	b991                	j	7c50 <main+0x16b4>
    7ffe:	02000713          	li	a4,32
    8002:	4a31                	li	s4,12
    8004:	c4e786e3          	beq	a5,a4,7c50 <main+0x16b4>
    8008:	4a35                	li	s4,13
    800a:	b199                	j	7c50 <main+0x16b4>
    800c:	17f1                	addi	a5,a5,-4
    800e:	0ff7f793          	zext.b	a5,a5
    8012:	4b85                	li	s7,1
    8014:	c2fbede3          	bltu	s7,a5,7c4e <main+0x16b2>
    8018:	47b9                	li	a5,14
    801a:	c357dae3          	bge	a5,s5,7c4e <main+0x16b2>
    801e:	ad818513          	addi	a0,gp,-1320 # 20000468 <printer_data_long>
    8022:	462d                	li	a2,11
    8024:	00290593          	addi	a1,s2,2
    8028:	8d8f80ef          	jal	ra,100 <memcpy>
    802c:	00d90793          	addi	a5,s2,13
    8030:	ad818a13          	addi	s4,gp,-1320 # 20000468 <printer_data_long>
    8034:	0087d713          	srli	a4,a5,0x8
    8038:	00fa05a3          	sb	a5,11(s4)
    803c:	00ea0623          	sb	a4,12(s4)
    8040:	0107d713          	srli	a4,a5,0x10
    8044:	83e1                	srli	a5,a5,0x18
    8046:	00fa0723          	sb	a5,14(s4)
    804a:	ff1a8793          	addi	a5,s5,-15
    804e:	00ea06a3          	sb	a4,13(s4)
    8052:	01079713          	slli	a4,a5,0x10
    8056:	8341                	srli	a4,a4,0x10
    8058:	00fa07a3          	sb	a5,15(s4)
    805c:	00875793          	srli	a5,a4,0x8
    8060:	00fa0823          	sb	a5,16(s4)
    8064:	004a2783          	lw	a5,4(s4)
    8068:	70000693          	li	a3,1792
    806c:	ad818993          	addi	s3,gp,-1320 # 20000468 <printer_data_long>
    8070:	83a1                	srli	a5,a5,0x8
    8072:	07c2                	slli	a5,a5,0x10
    8074:	83c1                	srli	a5,a5,0x10
    8076:	bcd79ce3          	bne	a5,a3,7c4e <main+0x16b2>
    807a:	0089a783          	lw	a5,8(s3)
    807e:	21800693          	li	a3,536
    8082:	83a1                	srli	a5,a5,0x8
    8084:	07c2                	slli	a5,a5,0x10
    8086:	83c1                	srli	a5,a5,0x10
    8088:	22d78063          	beq	a5,a3,82a8 <main+0x1d0c>
    808c:	12f6e163          	bltu	a3,a5,81ae <main+0x1c12>
    8090:	10300713          	li	a4,259
    8094:	18e78e63          	beq	a5,a4,8230 <main+0x1c94>
    8098:	21100713          	li	a4,529
    809c:	f6e796e3          	bne	a5,a4,8008 <main+0x1a6c>
    80a0:	00d94683          	lbu	a3,13(s2)
    80a4:	4785                	li	a5,1
    80a6:	10f69263          	bne	a3,a5,81aa <main+0x1c0e>
    80aa:	00e94703          	lbu	a4,14(s2)
    80ae:	478d                	li	a5,3
    80b0:	0ee7ed63          	bltu	a5,a4,81aa <main+0x1c0e>
    80b4:	20002ab7          	lui	s5,0x20002
    80b8:	db0a8a93          	addi	s5,s5,-592 # 20001db0 <ams>
    80bc:	224ac783          	lbu	a5,548(s5)
    80c0:	c7ed                	beqz	a5,81aa <main+0x1c0e>
    80c2:	00671a13          	slli	s4,a4,0x6
    80c6:	200007b7          	lui	a5,0x20000
    80ca:	118a0593          	addi	a1,s4,280
    80ce:	20000537          	lui	a0,0x20000
    80d2:	04078913          	addi	s2,a5,64 # 20000040 <long_packge_filament>
    80d6:	4621                	li	a2,8
    80d8:	95d6                	add	a1,a1,s5
    80da:	05350513          	addi	a0,a0,83 # 20000053 <long_packge_filament+0x13>
    80de:	00d90023          	sb	a3,0(s2)
    80e2:	00e900a3          	sb	a4,1(s2)
    80e6:	81af80ef          	jal	ra,100 <memcpy>
    80ea:	128a0593          	addi	a1,s4,296
    80ee:	20000537          	lui	a0,0x20000
    80f2:	4651                	li	a2,20
    80f4:	95d6                	add	a1,a1,s5
    80f6:	05b50513          	addi	a0,a0,91 # 2000005b <long_packge_filament+0x1b>
    80fa:	806f80ef          	jal	ra,100 <memcpy>
    80fe:	014a87b3          	add	a5,s5,s4
    8102:	1207c703          	lbu	a4,288(a5)
    8106:	072101a3          	sb	s2,99(sp)
    810a:	06010423          	sb	zero,104(sp)
    810e:	02e90da3          	sb	a4,59(s2)
    8112:	1217c703          	lbu	a4,289(a5)
    8116:	04010fa3          	sb	zero,95(sp)
    811a:	08a8                	addi	a0,sp,88
    811c:	02e90e23          	sb	a4,60(s2)
    8120:	1227c703          	lbu	a4,290(a5)
    8124:	1237c783          	lbu	a5,291(a5)
    8128:	02e90ea3          	sb	a4,61(s2)
    812c:	126a0713          	addi	a4,s4,294
    8130:	9756                	add	a4,a4,s5
    8132:	2314                	lbu	a3,0(a4)
    8134:	3318                	lbu	a4,1(a4)
    8136:	02f90f23          	sb	a5,62(s2)
    813a:	200007b7          	lui	a5,0x20000
    813e:	08f78793          	addi	a5,a5,143 # 2000008f <long_packge_filament+0x4f>
    8142:	b398                	sb	a4,1(a5)
    8144:	124a0713          	addi	a4,s4,292
    8148:	9756                	add	a4,a4,s5
    814a:	a394                	sb	a3,0(a5)
    814c:	2314                	lbu	a3,0(a4)
    814e:	3318                	lbu	a4,1(a4)
    8150:	200007b7          	lui	a5,0x20000
    8154:	09178793          	addi	a5,a5,145 # 20000091 <long_packge_filament+0x51>
    8158:	a394                	sb	a3,0(a5)
    815a:	b398                	sb	a4,1(a5)
    815c:	00895793          	srli	a5,s2,0x8
    8160:	06f10223          	sb	a5,100(sp)
    8164:	01095793          	srli	a5,s2,0x10
    8168:	06f102a3          	sb	a5,101(sp)
    816c:	01895793          	srli	a5,s2,0x18
    8170:	06f10323          	sb	a5,102(sp)
    8174:	f8300793          	li	a5,-125
    8178:	06f103a3          	sb	a5,103(sp)
    817c:	0009d783          	lhu	a5,0(s3)
    8180:	04f11c23          	sh	a5,88(sp)
    8184:	47c5                	li	a5,17
    8186:	06f100a3          	sb	a5,97(sp)
    818a:	4789                	li	a5,2
    818c:	06f10123          	sb	a5,98(sp)
    8190:	479d                	li	a5,7
    8192:	06f10023          	sb	a5,96(sp)
    8196:	0079c783          	lbu	a5,7(s3)
    819a:	04f10ea3          	sb	a5,93(sp)
    819e:	0089c783          	lbu	a5,8(s3)
    81a2:	04f10f23          	sb	a5,94(sp)
    81a6:	cb3fc0ef          	jal	ra,4e58 <_Z25bambubus_long_package_getP25bambubus_long_packge_data>
    81aa:	4a21                	li	s4,8
    81ac:	b455                	j	7c50 <main+0x16b4>
    81ae:	21a00693          	li	a3,538
    81b2:	10d78f63          	beq	a5,a3,82d0 <main+0x1d34>
    81b6:	40200693          	li	a3,1026
    81ba:	e4d797e3          	bne	a5,a3,8008 <main+0x1a6c>
    81be:	02100793          	li	a5,33
    81c2:	68e7e063          	bltu	a5,a4,8842 <main+0x22a6>
    81c6:	200027b7          	lui	a5,0x20002
    81ca:	fd47c783          	lbu	a5,-44(a5) # 20001fd4 <ams+0x224>
    81ce:	66078f63          	beqz	a5,884c <main+0x22b0>
    81d2:	5782                	lw	a5,32(sp)
    81d4:	06010423          	sb	zero,104(sp)
    81d8:	04010fa3          	sb	zero,95(sp)
    81dc:	06f101a3          	sb	a5,99(sp)
    81e0:	83a1                	srli	a5,a5,0x8
    81e2:	06f10223          	sb	a5,100(sp)
    81e6:	5782                	lw	a5,32(sp)
    81e8:	08a8                	addi	a0,sp,88
    81ea:	83c1                	srli	a5,a5,0x10
    81ec:	06f102a3          	sb	a5,101(sp)
    81f0:	5782                	lw	a5,32(sp)
    81f2:	83e1                	srli	a5,a5,0x18
    81f4:	06f10323          	sb	a5,102(sp)
    81f8:	04200793          	li	a5,66
    81fc:	06f103a3          	sb	a5,103(sp)
    8200:	0009d783          	lhu	a5,0(s3)
    8204:	04f11c23          	sh	a5,88(sp)
    8208:	4789                	li	a5,2
    820a:	06f100a3          	sb	a5,97(sp)
    820e:	4791                	li	a5,4
    8210:	06f10123          	sb	a5,98(sp)
    8214:	479d                	li	a5,7
    8216:	06f10023          	sb	a5,96(sp)
    821a:	0079c783          	lbu	a5,7(s3)
    821e:	04f10ea3          	sb	a5,93(sp)
    8222:	0089c783          	lbu	a5,8(s3)
    8226:	04f10f23          	sb	a5,94(sp)
    822a:	c2ffc0ef          	jal	ra,4e58 <_Z25bambubus_long_package_getP25bambubus_long_packge_data>
    822e:	ad39                	j	884c <main+0x22b0>
    8230:	00d94703          	lbu	a4,13(s2)
    8234:	4785                	li	a5,1
    8236:	06f71763          	bne	a4,a5,82a4 <main+0x1d08>
    823a:	200027b7          	lui	a5,0x20002
    823e:	fd47c783          	lbu	a5,-44(a5) # 20001fd4 <ams+0x224>
    8242:	c3ad                	beqz	a5,82a4 <main+0x1d08>
    8244:	200007b7          	lui	a5,0x20000
    8248:	0c478793          	addi	a5,a5,196 # 200000c4 <long_packge_version_version_and_name_AMS08>
    824c:	0087d693          	srli	a3,a5,0x8
    8250:	abd8                	sb	a4,20(a5)
    8252:	06f101a3          	sb	a5,99(sp)
    8256:	06d10223          	sb	a3,100(sp)
    825a:	0107d693          	srli	a3,a5,0x10
    825e:	83e1                	srli	a5,a5,0x18
    8260:	06f10323          	sb	a5,102(sp)
    8264:	47d5                	li	a5,21
    8266:	06f103a3          	sb	a5,103(sp)
    826a:	0009d783          	lhu	a5,0(s3)
    826e:	06d102a3          	sb	a3,101(sp)
    8272:	06010423          	sb	zero,104(sp)
    8276:	04f11c23          	sh	a5,88(sp)
    827a:	478d                	li	a5,3
    827c:	06f100a3          	sb	a5,97(sp)
    8280:	479d                	li	a5,7
    8282:	06e10123          	sb	a4,98(sp)
    8286:	04010fa3          	sb	zero,95(sp)
    828a:	06f10023          	sb	a5,96(sp)
    828e:	0079c783          	lbu	a5,7(s3)
    8292:	08a8                	addi	a0,sp,88
    8294:	04f10ea3          	sb	a5,93(sp)
    8298:	0089c783          	lbu	a5,8(s3)
    829c:	04f10f23          	sb	a5,94(sp)
    82a0:	bb9fc0ef          	jal	ra,4e58 <_Z25bambubus_long_package_getP25bambubus_long_packge_data>
    82a4:	4a29                	li	s4,10
    82a6:	b26d                	j	7c50 <main+0x16b4>
    82a8:	42442783          	lw	a5,1060(s0)
    82ac:	66078263          	beqz	a5,8910 <main+0x2374>
    82b0:	00c9a783          	lw	a5,12(s3)
    82b4:	00b9c703          	lbu	a4,11(s3)
    82b8:	07a2                	slli	a5,a5,0x8
    82ba:	8fd9                	or	a5,a5,a4
    82bc:	2394                	lbu	a3,0(a5)
    82be:	4705                	li	a4,1
    82c0:	00e69663          	bne	a3,a4,82cc <main+0x1d30>
    82c4:	3388                	lbu	a0,1(a5)
    82c6:	478d                	li	a5,3
    82c8:	74a7fd63          	bgeu	a5,a0,8a22 <main+0x2486>
    82cc:	4a25                	li	s4,9
    82ce:	b249                	j	7c50 <main+0x16b4>
    82d0:	4e071d63          	bnez	a4,87ca <main+0x222e>
    82d4:	4a1d                	li	s4,7
    82d6:	baad                	j	7c50 <main+0x16b4>
    82d8:	00594783          	lbu	a5,5(s2)
    82dc:	42442683          	lw	a3,1060(s0)
    82e0:	0047d713          	srli	a4,a5,0x4
    82e4:	00f7fa13          	andi	s4,a5,15
    82e8:	56068563          	beqz	a3,8852 <main+0x22b6>
    82ec:	4685                	li	a3,1
    82ee:	00d71563          	bne	a4,a3,82f8 <main+0x1d5c>
    82f2:	8bb1                	andi	a5,a5,12
    82f4:	60078a63          	beqz	a5,8908 <main+0x236c>
    82f8:	4a19                	li	s4,6
    82fa:	ba99                	j	7c50 <main+0x16b4>
    82fc:	42442783          	lw	a5,1060(s0)
    8300:	42078163          	beqz	a5,8722 <main+0x2186>
    8304:	4a0d                	li	s4,3
    8306:	b2a9                	j	7c50 <main+0x16b4>
    8308:	42442783          	lw	a5,1060(s0)
    830c:	24078a63          	beqz	a5,8560 <main+0x1fc4>
    8310:	4a09                	li	s4,2
    8312:	ba3d                	j	7c50 <main+0x16b4>
    8314:	42442783          	lw	a5,1060(s0)
    8318:	22079363          	bnez	a5,853e <main+0x1fa2>
    831c:	40044783          	lbu	a5,1024(s0)
    8320:	4c32                	lw	s8,12(sp)
    8322:	c789                	beqz	a5,832c <main+0x1d90>
    8324:	20001c37          	lui	s8,0x20001
    8328:	9bcc0c13          	addi	s8,s8,-1604 # 200009bc <__global_pointer$+0x2c>
    832c:	00594c83          	lbu	s9,5(s2)
    8330:	4785                	li	a5,1
    8332:	00694583          	lbu	a1,6(s2)
    8336:	00794503          	lbu	a0,7(s2)
    833a:	00894603          	lbu	a2,8(s2)
    833e:	20fc9063          	bne	s9,a5,853e <main+0x1fa2>
    8342:	20002d37          	lui	s10,0x20002
    8346:	db0d0d13          	addi	s10,s10,-592 # 20001db0 <ams>
    834a:	224d4783          	lbu	a5,548(s10)
    834e:	1e078863          	beqz	a5,853e <main+0x1fa2>
    8352:	f51f80ef          	jal	ra,12a2 <_Z10set_motionhhhh.part.0>
    8356:	1e050463          	beqz	a0,853e <main+0x1fa2>
    835a:	65b1                	lui	a1,0xc
    835c:	02c00613          	li	a2,44
    8360:	b2858593          	addi	a1,a1,-1240 # bb28 <_ZL45_bambubus_ams_motion_package_struct_init_data>
    8364:	8562                	mv	a0,s8
    8366:	d9bf70ef          	jal	ra,100 <memcpy>
    836a:	9ea1c903          	lbu	s2,-1558(gp) # 2000037a <package_num>
    836e:	218d4d83          	lbu	s11,536(s10)
    8372:	0ff00713          	li	a4,255
    8376:	00391793          	slli	a5,s2,0x3
    837a:	fc07e793          	ori	a5,a5,-64
    837e:	00dc0693          	addi	a3,s8,13
    8382:	0ff7f793          	zext.b	a5,a5
    8386:	20002837          	lui	a6,0x20002
    838a:	04ed8263          	beq	s11,a4,83ce <main+0x1e32>
    838e:	222d5b03          	lhu	s6,546(s10)
    8392:	00fc00a3          	sb	a5,1(s8)
    8396:	221d4783          	lbu	a5,545(s10)
    839a:	05611c23          	sh	s6,88(sp)
    839e:	019c02a3          	sb	s9,5(s8)
    83a2:	00fc03a3          	sb	a5,7(s8)
    83a6:	01bc0423          	sb	s11,8(s8)
    83aa:	03bc0323          	sb	s11,38(s8)
    83ae:	478d                	li	a5,3
    83b0:	09b7f663          	bgeu	a5,s11,843c <main+0x1ea0>
    83b4:	05814783          	lbu	a5,88(sp)
    83b8:	ec480513          	addi	a0,a6,-316 # 20001ec4 <ams+0x114>
    83bc:	a29c                	sb	a5,0(a3)
    83be:	05914783          	lbu	a5,89(sp)
    83c2:	b29c                	sb	a5,1(a3)
    83c4:	d19f80ef          	jal	ra,10dc <_Z22get_filament_left_charPK4_ams>
    83c8:	00ac0ea3          	sb	a0,29(s8)
    83cc:	a081                	j	840c <main+0x1e70>
    83ce:	f7400713          	li	a4,-140
    83d2:	00fc00a3          	sb	a5,1(s8)
    83d6:	57fd                	li	a5,-1
    83d8:	00fc0423          	sb	a5,8(s8)
    83dc:	02fc0323          	sb	a5,38(s8)
    83e0:	00ec06a3          	sb	a4,13(s8)
    83e4:	04e11c23          	sh	a4,88(sp)
    83e8:	019c02a3          	sb	s9,5(s8)
    83ec:	8361                	srli	a4,a4,0x18
    83ee:	b298                	sb	a4,1(a3)
    83f0:	47a1                	li	a5,8
    83f2:	00fc07a3          	sb	a5,15(s8)
    83f6:	000c0823          	sb	zero,16(s8)
    83fa:	ec480513          	addi	a0,a6,-316
    83fe:	cdff80ef          	jal	ra,10dc <_Z22get_filament_left_charPK4_ams>
    8402:	6741                	lui	a4,0x10
    8404:	00ac0ea3          	sb	a0,29(s8)
    8408:	f7470b13          	addi	s6,a4,-140 # ff74 <MC_PULL_calibration.cpp.947435e8+0x6aa>
    840c:	57fd                	li	a5,-1
    840e:	80f18623          	sb	a5,-2036(gp) # 2000019c <_ZL30before_on_use_sniff_7f_channel>
    8412:	67bd                	lui	a5,0xf
    8414:	9e0184a3          	sb	zero,-1559(gp) # 20000379 <_ZL29before_on_use_sniff_7f_active>
    8418:	9e018423          	sb	zero,-1560(gp) # 20000378 <_ZL28before_on_use_sniff_7f_index>
    841c:	06f78793          	addi	a5,a5,111 # f06f <Flash_saves.cpp.f7fa723f+0x4c5>
    8420:	0efb1d63          	bne	s6,a5,851a <main+0x1f7e>
    8424:	06f00793          	li	a5,111
    8428:	00fc06a3          	sb	a5,13(s8)
    842c:	57c1                	li	a5,-16
    842e:	00fc0723          	sb	a5,14(s8)
    8432:	579d                	li	a5,-25
    8434:	00fc07a3          	sb	a5,15(s8)
    8438:	47f1                	li	a5,28
    843a:	a205                	j	855a <main+0x1fbe>
    843c:	006d9c93          	slli	s9,s11,0x6
    8440:	150c8593          	addi	a1,s9,336
    8444:	4611                	li	a2,4
    8446:	95ea                	add	a1,a1,s10
    8448:	009c0513          	addi	a0,s8,9
    844c:	ce36                	sw	a3,28(sp)
    844e:	cb3f70ef          	jal	ra,100 <memcpy>
    8452:	46f2                	lw	a3,28(sp)
    8454:	05814603          	lbu	a2,88(sp)
    8458:	20002837          	lui	a6,0x20002
    845c:	ec480513          	addi	a0,a6,-316 # 20001ec4 <ams+0x114>
    8460:	a290                	sb	a2,0(a3)
    8462:	05914603          	lbu	a2,89(sp)
    8466:	9cea                	add	s9,s9,s10
    8468:	b290                	sb	a2,1(a3)
    846a:	c73f80ef          	jal	ra,10dc <_Z22get_filament_left_charPK4_ams>
    846e:	149cc603          	lbu	a2,329(s9)
    8472:	00ac0ea3          	sb	a0,29(s8)
    8476:	4695                	li	a3,5
    8478:	4791                	li	a5,4
    847a:	f8d619e3          	bne	a2,a3,840c <main+0x1e70>
    847e:	221d4683          	lbu	a3,545(s10)
    8482:	f8f695e3          	bne	a3,a5,840c <main+0x1e70>
    8486:	a251c683          	lbu	a3,-1499(gp) # 200003b5 <_ZL30last_before_on_use_motion_flag>
    848a:	07f00793          	li	a5,127
    848e:	f6f69fe3          	bne	a3,a5,840c <main+0x1e70>
    8492:	9e91c783          	lbu	a5,-1559(gp) # 20000379 <_ZL29before_on_use_sniff_7f_active>
    8496:	c789                	beqz	a5,84a0 <main+0x1f04>
    8498:	80c1c783          	lbu	a5,-2036(gp) # 2000019c <_ZL30before_on_use_sniff_7f_channel>
    849c:	01b78963          	beq	a5,s11,84ae <main+0x1f12>
    84a0:	4785                	li	a5,1
    84a2:	9ef184a3          	sb	a5,-1559(gp) # 20000379 <_ZL29before_on_use_sniff_7f_active>
    84a6:	9e018423          	sb	zero,-1560(gp) # 20000378 <_ZL28before_on_use_sniff_7f_index>
    84aa:	81b18623          	sb	s11,-2036(gp) # 2000019c <_ZL30before_on_use_sniff_7f_channel>
    84ae:	9e81cc83          	lbu	s9,-1560(gp) # 20000378 <_ZL28before_on_use_sniff_7f_index>
    84b2:	02c00793          	li	a5,44
    84b6:	0997e763          	bltu	a5,s9,8544 <main+0x1fa8>
    84ba:	4a61                	li	s4,24
    84bc:	034c8a33          	mul	s4,s9,s4
    84c0:	6aad                	lui	s5,0xb
    84c2:	6f0a8a93          	addi	s5,s5,1776 # b6f0 <_ZL27before_on_use_sniff_7f_rows>
    84c6:	4631                	li	a2,12
    84c8:	011c0513          	addi	a0,s8,17
    84cc:	014a87b3          	add	a5,s5,s4
    84d0:	4398                	lw	a4,0(a5)
    84d2:	004a0593          	addi	a1,s4,4
    84d6:	95d6                	add	a1,a1,s5
    84d8:	00ec06a3          	sb	a4,13(s8)
    84dc:	8321                	srli	a4,a4,0x8
    84de:	00ec0723          	sb	a4,14(s8)
    84e2:	23ba                	lhu	a4,2(a5)
    84e4:	00ec07a3          	sb	a4,15(s8)
    84e8:	8321                	srli	a4,a4,0x8
    84ea:	00ec0823          	sb	a4,16(s8)
    84ee:	c13f70ef          	jal	ra,100 <memcpy>
    84f2:	010a0593          	addi	a1,s4,16
    84f6:	4611                	li	a2,4
    84f8:	95d6                	add	a1,a1,s5
    84fa:	01dc0513          	addi	a0,s8,29
    84fe:	c03f70ef          	jal	ra,100 <memcpy>
    8502:	014a0593          	addi	a1,s4,20
    8506:	4611                	li	a2,4
    8508:	95d6                	add	a1,a1,s5
    850a:	021c0513          	addi	a0,s8,33
    850e:	bf3f70ef          	jal	ra,100 <memcpy>
    8512:	001c8793          	addi	a5,s9,1
    8516:	9ef18423          	sb	a5,-1560(gp) # 20000378 <_ZL28before_on_use_sniff_7f_index>
    851a:	4719                	li	a4,6
    851c:	4781                	li	a5,0
    851e:	01276563          	bltu	a4,s2,8528 <main+0x1f8c>
    8522:	0905                	addi	s2,s2,1
    8524:	0ff97793          	zext.b	a5,s2
    8528:	02c00593          	li	a1,44
    852c:	8562                	mv	a0,s8
    852e:	9ef18523          	sb	a5,-1558(gp) # 2000037a <package_num>
    8532:	c57f80ef          	jal	ra,1188 <_Z15package_add_crcPhi>
    8536:	02c00793          	li	a5,44
    853a:	42f42223          	sw	a5,1060(s0)
    853e:	4a05                	li	s4,1
    8540:	f10ff06f          	j	7c50 <main+0x16b4>
    8544:	03400793          	li	a5,52
    8548:	00fc06a3          	sb	a5,13(s8)
    854c:	47f9                	li	a5,30
    854e:	00fc0723          	sb	a5,14(s8)
    8552:	57f5                	li	a5,-3
    8554:	00fc07a3          	sb	a5,15(s8)
    8558:	47a9                	li	a5,10
    855a:	00fc0823          	sb	a5,16(s8)
    855e:	bf75                	j	851a <main+0x1f7e>
    8560:	40044783          	lbu	a5,1024(s0)
    8564:	4ab2                	lw	s5,12(sp)
    8566:	c789                	beqz	a5,8570 <main+0x1fd4>
    8568:	20001ab7          	lui	s5,0x20001
    856c:	9bca8a93          	addi	s5,s5,-1604 # 200009bc <__global_pointer$+0x2c>
    8570:	00594703          	lbu	a4,5(s2)
    8574:	4785                	li	a5,1
    8576:	00694583          	lbu	a1,6(s2)
    857a:	00794603          	lbu	a2,7(s2)
    857e:	00994a03          	lbu	s4,9(s2)
    8582:	d8f717e3          	bne	a4,a5,8310 <main+0x1d74>
    8586:	20002bb7          	lui	s7,0x20002
    858a:	db0b8793          	addi	a5,s7,-592 # 20001db0 <ams>
    858e:	2247c783          	lbu	a5,548(a5)
    8592:	db0b8b93          	addi	s7,s7,-592
    8596:	d6078de3          	beqz	a5,8310 <main+0x1d74>
    859a:	200027b7          	lui	a5,0x20002
    859e:	db078713          	addi	a4,a5,-592 # 20001db0 <ams>
    85a2:	4c01                	li	s8,0
    85a4:	4781                	li	a5,0
    85a6:	4805                	li	a6,1
    85a8:	4511                	li	a0,4
    85aa:	14874683          	lbu	a3,328(a4)
    85ae:	c699                	beqz	a3,85bc <main+0x2020>
    85b0:	00f816b3          	sll	a3,a6,a5
    85b4:	00dc66b3          	or	a3,s8,a3
    85b8:	0ff6fc13          	zext.b	s8,a3
    85bc:	0785                	addi	a5,a5,1
    85be:	04070713          	addi	a4,a4,64
    85c2:	fea794e3          	bne	a5,a0,85aa <main+0x200e>
    85c6:	8552                	mv	a0,s4
    85c8:	cdbf80ef          	jal	ra,12a2 <_Z10set_motionhhhh.part.0>
    85cc:	d40502e3          	beqz	a0,8310 <main+0x1d74>
    85d0:	65b1                	lui	a1,0xc
    85d2:	03c00613          	li	a2,60
    85d6:	b5458593          	addi	a1,a1,-1196 # bb54 <_ZL49_bambubus_ams_stu_motion_package_struct_init_data>
    85da:	8556                	mv	a0,s5
    85dc:	b25f70ef          	jal	ra,100 <memcpy>
    85e0:	18bb8703          	lb	a4,395(s7)
    85e4:	14bb8783          	lb	a5,331(s7)
    85e8:	20bb8683          	lb	a3,523(s7)
    85ec:	97ba                	add	a5,a5,a4
    85ee:	1cbb8703          	lb	a4,459(s7)
    85f2:	9736                	add	a4,a4,a3
    85f4:	97ba                	add	a5,a5,a4
    85f6:	4729                	li	a4,10
    85f8:	02e787b3          	mul	a5,a5,a4
    85fc:	01079693          	slli	a3,a5,0x10
    8600:	873e                	mv	a4,a5
    8602:	0006d363          	bgez	a3,8608 <main+0x206c>
    8606:	4701                	li	a4,0
    8608:	18cbc683          	lbu	a3,396(s7)
    860c:	14cbc783          	lbu	a5,332(s7)
    8610:	218bc583          	lbu	a1,536(s7)
    8614:	0742                	slli	a4,a4,0x10
    8616:	97b6                	add	a5,a5,a3
    8618:	1ccbc683          	lbu	a3,460(s7)
    861c:	8741                	srai	a4,a4,0x10
    861e:	8709                	srai	a4,a4,0x2
    8620:	97b6                	add	a5,a5,a3
    8622:	20cbc683          	lbu	a3,524(s7)
    8626:	97b6                	add	a5,a5,a3
    8628:	07c2                	slli	a5,a5,0x10
    862a:	83c1                	srli	a5,a5,0x10
    862c:	0ff00693          	li	a3,255
    8630:	8389                	srli	a5,a5,0x2
    8632:	0cd58163          	beq	a1,a3,86f4 <main+0x2158>
    8636:	222bdc83          	lhu	s9,546(s7)
    863a:	9ea1c903          	lbu	s2,-1558(gp) # 2000037a <package_num>
    863e:	00fa8423          	sb	a5,8(s5)
    8642:	05911c23          	sh	s9,88(sp)
    8646:	00391693          	slli	a3,s2,0x3
    864a:	fc06e693          	ori	a3,a3,-64
    864e:	00da80a3          	sb	a3,1(s5)
    8652:	4685                	li	a3,1
    8654:	00da82a3          	sb	a3,5(s5)
    8658:	00ea9323          	sh	a4,6(s5)
    865c:	018a84a3          	sb	s8,9(s5)
    8660:	018a8523          	sb	s8,10(s5)
    8664:	018a85a3          	sb	s8,11(s5)
    8668:	014a8623          	sb	s4,12(s5)
    866c:	00da88a3          	sb	a3,17(s5)
    8670:	0ff00793          	li	a5,255
    8674:	08f59463          	bne	a1,a5,86fc <main+0x2160>
    8678:	57fd                	li	a5,-1
    867a:	00fa8a23          	sb	a5,20(s5)
    867e:	05814783          	lbu	a5,88(sp)
    8682:	20002537          	lui	a0,0x20002
    8686:	ec450513          	addi	a0,a0,-316 # 20001ec4 <ams+0x114>
    868a:	00fa8ca3          	sb	a5,25(s5)
    868e:	05914783          	lbu	a5,89(sp)
    8692:	00fa8d23          	sb	a5,26(s5)
    8696:	a47f80ef          	jal	ra,10dc <_Z22get_filament_left_charPK4_ams>
    869a:	67bd                	lui	a5,0xf
    869c:	02aa84a3          	sb	a0,41(s5)
    86a0:	06f78793          	addi	a5,a5,111 # f06f <Flash_saves.cpp.f7fa723f+0x4c5>
    86a4:	00fc9f63          	bne	s9,a5,86c2 <main+0x2126>
    86a8:	06f00793          	li	a5,111
    86ac:	00fa8ca3          	sb	a5,25(s5)
    86b0:	57c1                	li	a5,-16
    86b2:	00fa8d23          	sb	a5,26(s5)
    86b6:	579d                	li	a5,-25
    86b8:	00fa8da3          	sb	a5,27(s5)
    86bc:	47f1                	li	a5,28
    86be:	00fa8e23          	sb	a5,28(s5)
    86c2:	03c00593          	li	a1,60
    86c6:	8556                	mv	a0,s5
    86c8:	ac1f80ef          	jal	ra,1188 <_Z15package_add_crcPhi>
    86cc:	4719                	li	a4,6
    86ce:	4781                	li	a5,0
    86d0:	01276563          	bltu	a4,s2,86da <main+0x213e>
    86d4:	0905                	addi	s2,s2,1
    86d6:	0ff97793          	zext.b	a5,s2
    86da:	9ef18523          	sb	a5,-1558(gp) # 2000037a <package_num>
    86de:	200007b7          	lui	a5,0x20000
    86e2:	6705                	lui	a4,0x1
    86e4:	4bc78793          	addi	a5,a5,1212 # 200004bc <bus_port_to_host>
    86e8:	97ba                	add	a5,a5,a4
    86ea:	03c00713          	li	a4,60
    86ee:	42e7a223          	sw	a4,1060(a5)
    86f2:	b939                	j	8310 <main+0x1d74>
    86f4:	6cc1                	lui	s9,0x10
    86f6:	f74c8c93          	addi	s9,s9,-140 # ff74 <MC_PULL_calibration.cpp.947435e8+0x6aa>
    86fa:	b781                	j	863a <main+0x209e>
    86fc:	221bc783          	lbu	a5,545(s7)
    8700:	00ba8a23          	sb	a1,20(s5)
    8704:	00fa89a3          	sb	a5,19(s5)
    8708:	478d                	li	a5,3
    870a:	f6b7eae3          	bltu	a5,a1,867e <main+0x20e2>
    870e:	059a                	slli	a1,a1,0x6
    8710:	15058593          	addi	a1,a1,336
    8714:	4611                	li	a2,4
    8716:	95de                	add	a1,a1,s7
    8718:	015a8513          	addi	a0,s5,21
    871c:	9e5f70ef          	jal	ra,100 <memcpy>
    8720:	bfb9                	j	867e <main+0x20e2>
    8722:	200027b7          	lui	a5,0x20002
    8726:	fd47c783          	lbu	a5,-44(a5) # 20001fd4 <ams+0x224>
    872a:	eb89                	bnez	a5,873c <main+0x21a0>
    872c:	9e018623          	sb	zero,-1556(gp) # 2000037c <_ZL15have_registered>
    8730:	47b1                	li	a5,12
    8732:	80f186a3          	sb	a5,-2035(gp) # 2000019d <_ZL24online_detect_prefix_now>
    8736:	9e0185a3          	sb	zero,-1557(gp) # 2000037b <_ZL19online_detect_phase>
    873a:	b6e9                	j	8304 <main+0x1d68>
    873c:	00594783          	lbu	a5,5(s2)
    8740:	e7b9                	bnez	a5,878e <main+0x21f2>
    8742:	9ec1c783          	lbu	a5,-1556(gp) # 2000037c <_ZL15have_registered>
    8746:	ba079fe3          	bnez	a5,8304 <main+0x1d68>
    874a:	9eb1c703          	lbu	a4,-1557(gp) # 2000037b <_ZL19online_detect_phase>
    874e:	cf0d                	beqz	a4,8788 <main+0x21ec>
    8750:	46a9                	li	a3,10
    8752:	4709                	li	a4,2
    8754:	4501                	li	a0,0
    8756:	80d186a3          	sb	a3,-2035(gp) # 2000019d <_ZL24online_detect_prefix_now>
    875a:	9ee185a3          	sb	a4,-1557(gp) # 2000037b <_ZL19online_detect_phase>
    875e:	f9cfc0ef          	jal	ra,4efa <_ZL26online_detect_build_packethh.constprop.0>
    8762:	40044783          	lbu	a5,1024(s0)
    8766:	4532                	lw	a0,12(sp)
    8768:	c789                	beqz	a5,8772 <main+0x21d6>
    876a:	20001537          	lui	a0,0x20001
    876e:	9bc50513          	addi	a0,a0,-1604 # 200009bc <__global_pointer$+0x2c>
    8772:	200005b7          	lui	a1,0x20000
    8776:	4675                	li	a2,29
    8778:	02058593          	addi	a1,a1,32 # 20000020 <online_detect_res>
    877c:	985f70ef          	jal	ra,100 <memcpy>
    8780:	47f5                	li	a5,29
    8782:	42f42223          	sw	a5,1060(s0)
    8786:	bebd                	j	8304 <main+0x1d68>
    8788:	46b1                	li	a3,12
    878a:	4705                	li	a4,1
    878c:	b7e1                	j	8754 <main+0x21b8>
    878e:	4705                	li	a4,1
    8790:	b6e79ae3          	bne	a5,a4,8304 <main+0x1d68>
    8794:	00694983          	lbu	s3,6(s2)
    8798:	b6f996e3          	bne	s3,a5,8304 <main+0x1d68>
    879c:	47a9                	li	a5,10
    879e:	4505                	li	a0,1
    87a0:	80f186a3          	sb	a5,-2035(gp) # 2000019d <_ZL24online_detect_prefix_now>
    87a4:	f56fc0ef          	jal	ra,4efa <_ZL26online_detect_build_packethh.constprop.0>
    87a8:	20000537          	lui	a0,0x20000
    87ac:	4645                	li	a2,17
    87ae:	00790593          	addi	a1,s2,7
    87b2:	02750513          	addi	a0,a0,39 # 20000027 <online_detect_res+0x7>
    87b6:	09d000ef          	jal	ra,9052 <memcmp>
    87ba:	b40515e3          	bnez	a0,8304 <main+0x1d68>
    87be:	9f318623          	sb	s3,-1556(gp) # 2000037c <_ZL15have_registered>
    87c2:	470d                	li	a4,3
    87c4:	9ee185a3          	sb	a4,-1557(gp) # 2000037b <_ZL19online_detect_phase>
    87c8:	bf69                	j	8762 <main+0x21c6>
    87ca:	200027b7          	lui	a5,0x20002
    87ce:	fd47c783          	lbu	a5,-44(a5) # 20001fd4 <ams+0x224>
    87d2:	b00781e3          	beqz	a5,82d4 <main+0x1d38>
    87d6:	00d94783          	lbu	a5,13(s2)
    87da:	4705                	li	a4,1
    87dc:	aee79ce3          	bne	a5,a4,82d4 <main+0x1d38>
    87e0:	dc3e                	sw	a5,56(sp)
    87e2:	183c                	addi	a5,sp,56
    87e4:	06f101a3          	sb	a5,99(sp)
    87e8:	83a1                	srli	a5,a5,0x8
    87ea:	06f10223          	sb	a5,100(sp)
    87ee:	183c                	addi	a5,sp,56
    87f0:	83c1                	srli	a5,a5,0x10
    87f2:	06f102a3          	sb	a5,101(sp)
    87f6:	183c                	addi	a5,sp,56
    87f8:	83e1                	srli	a5,a5,0x18
    87fa:	06f10323          	sb	a5,102(sp)
    87fe:	4799                	li	a5,6
    8800:	06f103a3          	sb	a5,103(sp)
    8804:	0009d783          	lhu	a5,0(s3)
    8808:	02011e23          	sh	zero,60(sp)
    880c:	06010423          	sb	zero,104(sp)
    8810:	04f11c23          	sh	a5,88(sp)
    8814:	47e9                	li	a5,26
    8816:	06f100a3          	sb	a5,97(sp)
    881a:	4789                	li	a5,2
    881c:	06f10123          	sb	a5,98(sp)
    8820:	479d                	li	a5,7
    8822:	04010fa3          	sb	zero,95(sp)
    8826:	06f10023          	sb	a5,96(sp)
    882a:	0079c783          	lbu	a5,7(s3)
    882e:	08a8                	addi	a0,sp,88
    8830:	04f10ea3          	sb	a5,93(sp)
    8834:	0089c783          	lbu	a5,8(s3)
    8838:	04f10f23          	sb	a5,94(sp)
    883c:	e1cfc0ef          	jal	ra,4e58 <_Z25bambubus_long_package_getP25bambubus_long_packge_data>
    8840:	bc51                	j	82d4 <main+0x1d38>
    8842:	02e94703          	lbu	a4,46(s2)
    8846:	4785                	li	a5,1
    8848:	96f70fe3          	beq	a4,a5,81c6 <main+0x1c2a>
    884c:	4a2d                	li	s4,11
    884e:	c02ff06f          	j	7c50 <main+0x16b4>
    8852:	40044683          	lbu	a3,1024(s0)
    8856:	49b2                	lw	s3,12(sp)
    8858:	c689                	beqz	a3,8862 <main+0x22c6>
    885a:	200019b7          	lui	s3,0x20001
    885e:	9bc98993          	addi	s3,s3,-1604 # 200009bc <__global_pointer$+0x2c>
    8862:	4685                	li	a3,1
    8864:	a8d71ae3          	bne	a4,a3,82f8 <main+0x1d5c>
    8868:	8bb1                	andi	a5,a5,12
    886a:	a80797e3          	bnez	a5,82f8 <main+0x1d5c>
    886e:	20002ab7          	lui	s5,0x20002
    8872:	db0a8a93          	addi	s5,s5,-592 # 20001db0 <ams>
    8876:	224ac783          	lbu	a5,548(s5)
    887a:	c7d9                	beqz	a5,8908 <main+0x236c>
    887c:	006a1b93          	slli	s7,s4,0x6
    8880:	118b8513          	addi	a0,s7,280
    8884:	4621                	li	a2,8
    8886:	00790593          	addi	a1,s2,7
    888a:	9556                	add	a0,a0,s5
    888c:	875f70ef          	jal	ra,100 <memcpy>
    8890:	00f94783          	lbu	a5,15(s2)
    8894:	017a8c33          	add	s8,s5,s7
    8898:	128b8513          	addi	a0,s7,296
    889c:	12fc0023          	sb	a5,288(s8)
    88a0:	01094783          	lbu	a5,16(s2)
    88a4:	4651                	li	a2,20
    88a6:	01790593          	addi	a1,s2,23
    88aa:	12fc00a3          	sb	a5,289(s8)
    88ae:	01194783          	lbu	a5,17(s2)
    88b2:	9556                	add	a0,a0,s5
    88b4:	12fc0123          	sb	a5,290(s8)
    88b8:	01294783          	lbu	a5,18(s2)
    88bc:	12fc01a3          	sb	a5,291(s8)
    88c0:	01394703          	lbu	a4,19(s2)
    88c4:	124b8793          	addi	a5,s7,292
    88c8:	97d6                	add	a5,a5,s5
    88ca:	a398                	sb	a4,0(a5)
    88cc:	01494703          	lbu	a4,20(s2)
    88d0:	b398                	sb	a4,1(a5)
    88d2:	01594703          	lbu	a4,21(s2)
    88d6:	126b8793          	addi	a5,s7,294
    88da:	97d6                	add	a5,a5,s5
    88dc:	a398                	sb	a4,0(a5)
    88de:	01694703          	lbu	a4,22(s2)
    88e2:	b398                	sb	a4,1(a5)
    88e4:	81df70ef          	jal	ra,100 <memcpy>
    88e8:	b208c7b7          	lui	a5,0xb208c
    88ec:	03d78793          	addi	a5,a5,61 # b208c03d <__freertos_irq_stack_top+0x9208703d>
    88f0:	00f9a023          	sw	a5,0(s3)
    88f4:	04b467b7          	lui	a5,0x4b46
    88f8:	07a1                	addi	a5,a5,8 # 4b46008 <ch32v20x_wwdg.c.13394d49+0x4b282b3>
    88fa:	00f9a223          	sw	a5,4(s3)
    88fe:	47a1                	li	a5,8
    8900:	120c0da3          	sb	zero,315(s8)
    8904:	42f42223          	sw	a5,1060(s0)
    8908:	8552                	mv	a0,s4
    890a:	95df80ef          	jal	ra,1266 <_Z35ams_datas_set_need_to_save_filamenth>
    890e:	b2ed                	j	82f8 <main+0x1d5c>
    8910:	00d94783          	lbu	a5,13(s2)
    8914:	99779ee3          	bne	a5,s7,82b0 <main+0x1d14>
    8918:	00e94b83          	lbu	s7,14(s2)
    891c:	4a8d                	li	s5,3
    891e:	997ae9e3          	bltu	s5,s7,82b0 <main+0x1d14>
    8922:	20002cb7          	lui	s9,0x20002
    8926:	db0c8c93          	addi	s9,s9,-592 # 20001db0 <ams>
    892a:	224cc783          	lbu	a5,548(s9)
    892e:	980781e3          	beqz	a5,82b0 <main+0x1d14>
    8932:	006b9a13          	slli	s4,s7,0x6
    8936:	118a0513          	addi	a0,s4,280
    893a:	00f90593          	addi	a1,s2,15
    893e:	4621                	li	a2,8
    8940:	9566                	add	a0,a0,s9
    8942:	fbef70ef          	jal	ra,100 <memcpy>
    8946:	01794783          	lbu	a5,23(s2)
    894a:	014c8c33          	add	s8,s9,s4
    894e:	128a0513          	addi	a0,s4,296
    8952:	12fc0023          	sb	a5,288(s8)
    8956:	01894783          	lbu	a5,24(s2)
    895a:	9566                	add	a0,a0,s9
    895c:	4641                	li	a2,16
    895e:	12fc00a3          	sb	a5,289(s8)
    8962:	01994783          	lbu	a5,25(s2)
    8966:	01f90593          	addi	a1,s2,31
    896a:	12fc0123          	sb	a5,290(s8)
    896e:	01a94783          	lbu	a5,26(s2)
    8972:	12fc01a3          	sb	a5,291(s8)
    8976:	01b94703          	lbu	a4,27(s2)
    897a:	124a0793          	addi	a5,s4,292
    897e:	97e6                	add	a5,a5,s9
    8980:	a398                	sb	a4,0(a5)
    8982:	01c94703          	lbu	a4,28(s2)
    8986:	b398                	sb	a4,1(a5)
    8988:	01d94703          	lbu	a4,29(s2)
    898c:	126a0793          	addi	a5,s4,294
    8990:	97e6                	add	a5,a5,s9
    8992:	a398                	sb	a4,0(a5)
    8994:	01e94703          	lbu	a4,30(s2)
    8998:	b398                	sb	a4,1(a5)
    899a:	00052023          	sw	zero,0(a0)
    899e:	00052223          	sw	zero,4(a0)
    89a2:	00052423          	sw	zero,8(a0)
    89a6:	00052623          	sw	zero,12(a0)
    89aa:	00052823          	sw	zero,16(a0)
    89ae:	f52f70ef          	jal	ra,100 <memcpy>
    89b2:	4705                	li	a4,1
    89b4:	9ee18823          	sb	a4,-1552(gp) # 20000380 <set_filament_res_type2>
    89b8:	9f018793          	addi	a5,gp,-1552 # 20000380 <set_filament_res_type2>
    89bc:	0087d713          	srli	a4,a5,0x8
    89c0:	017780a3          	sb	s7,1(a5)
    89c4:	06f101a3          	sb	a5,99(sp)
    89c8:	06e10223          	sb	a4,100(sp)
    89cc:	00078123          	sb	zero,2(a5)
    89d0:	0107d713          	srli	a4,a5,0x10
    89d4:	83e1                	srli	a5,a5,0x18
    89d6:	06f10323          	sb	a5,102(sp)
    89da:	0009d783          	lhu	a5,0(s3)
    89de:	120c0da3          	sb	zero,315(s8)
    89e2:	06e102a3          	sb	a4,101(sp)
    89e6:	04f11c23          	sh	a5,88(sp)
    89ea:	47e1                	li	a5,24
    89ec:	06f100a3          	sb	a5,97(sp)
    89f0:	4789                	li	a5,2
    89f2:	06f10123          	sb	a5,98(sp)
    89f6:	479d                	li	a5,7
    89f8:	075103a3          	sb	s5,103(sp)
    89fc:	06010423          	sb	zero,104(sp)
    8a00:	04010fa3          	sb	zero,95(sp)
    8a04:	06f10023          	sb	a5,96(sp)
    8a08:	0079c783          	lbu	a5,7(s3)
    8a0c:	08a8                	addi	a0,sp,88
    8a0e:	04f10ea3          	sb	a5,93(sp)
    8a12:	0089c783          	lbu	a5,8(s3)
    8a16:	04f10f23          	sb	a5,94(sp)
    8a1a:	c3efc0ef          	jal	ra,4e58 <_Z25bambubus_long_package_getP25bambubus_long_packge_data>
    8a1e:	893ff06f          	j	82b0 <main+0x1d14>
    8a22:	845f80ef          	jal	ra,1266 <_Z35ams_datas_set_need_to_save_filamenth>
    8a26:	8a7ff06f          	j	82cc <main+0x1d30>
    8a2a:	4a15                	li	s4,5
    8a2c:	a24ff06f          	j	7c50 <main+0x16b4>
    8a30:	57fd                	li	a5,-1
    8a32:	e000f737          	lui	a4,0xe000f
    8a36:	4714                	lw	a3,8(a4)
    8a38:	e000f637          	lui	a2,0xe000f
    8a3c:	4618                	lw	a4,8(a2)
    8a3e:	8f15                	sub	a4,a4,a3
    8a40:	a2f77763          	bgeu	a4,a5,7c6e <main+0x16d2>
    8a44:	0001                	nop
    8a46:	bfdd                	j	8a3c <main+0x24a0>
    8a48:	4ff00793          	li	a5,1279
    8a4c:	02e7fe63          	bgeu	a5,a4,8a88 <main+0x24ec>
    8a50:	4791                	li	a5,4
    8a52:	00f49463          	bne	s1,a5,8a5a <main+0x24be>
    8a56:	b40a0263          	beqz	s4,7d9a <main+0x17fe>
    8a5a:	a001ac23          	sw	zero,-1512(gp) # 200003a8 <_ZZ4mainE5error>
    8a5e:	47b1                	li	a5,12
    8a60:	a6fa1c63          	bne	s4,a5,7cd8 <main+0x173c>
    8a64:	aec18793          	addi	a5,gp,-1300 # 2000047c <SYS_RGB>
    8a68:	23f8                	lbu	a4,6(a5)
    8a6a:	a6070763          	beqz	a4,7cd8 <main+0x173c>
    8a6e:	4794                	lw	a3,8(a5)
    8a70:	00354737          	lui	a4,0x354
    8a74:	83270713          	addi	a4,a4,-1998 # 353832 <ch32v20x_wwdg.c.13394d49+0x335add>
    8a78:	a6e68063          	beq	a3,a4,7cd8 <main+0x173c>
    8a7c:	c798                	sw	a4,8(a5)
    8a7e:	4705                	li	a4,1
    8a80:	02e78623          	sb	a4,44(a5)
    8a84:	a54ff06f          	j	7cd8 <main+0x173c>
    8a88:	42944783          	lbu	a5,1065(s0)
    8a8c:	d3f1                	beqz	a5,8a50 <main+0x24b4>
    8a8e:	40044783          	lbu	a5,1024(s0)
    8a92:	e79d                	bnez	a5,8ac0 <main+0x2524>
    8a94:	4532                	lw	a0,12(sp)
    8a96:	0017c793          	xori	a5,a5,1
    8a9a:	40f40023          	sb	a5,1024(s0)
    8a9e:	41842783          	lw	a5,1048(s0)
    8aa2:	05c2                	slli	a1,a1,0x10
    8aa4:	81c1                	srli	a1,a1,0x10
    8aa6:	9782                	jalr	a5
    8aa8:	4791                	li	a5,4
    8aaa:	42042223          	sw	zero,1060(s0)
    8aae:	faf484e3          	beq	s1,a5,8a56 <main+0x24ba>
    8ab2:	4795                	li	a5,5
    8ab4:	faf493e3          	bne	s1,a5,8a5a <main+0x24be>
    8ab8:	57fd                	li	a5,-1
    8aba:	00fa0b63          	beq	s4,a5,8ad0 <main+0x2534>
    8abe:	bf71                	j	8a5a <main+0x24be>
    8ac0:	20001537          	lui	a0,0x20001
    8ac4:	9bc50513          	addi	a0,a0,-1604 # 200009bc <__global_pointer$+0x2c>
    8ac8:	b7f9                	j	8a96 <main+0x24fa>
    8aca:	4795                	li	a5,5
    8acc:	a0f49463          	bne	s1,a5,7cd4 <main+0x1738>
    8ad0:	57fd                	li	a5,-1
    8ad2:	a0f1ac23          	sw	a5,-1512(gp) # 200003a8 <_ZZ4mainE5error>
    8ad6:	aec18793          	addi	a5,gp,-1300 # 2000047c <SYS_RGB>
    8ada:	23f8                	lbu	a4,6(a5)
    8adc:	aa070f63          	beqz	a4,7d9a <main+0x17fe>
    8ae0:	4794                	lw	a3,8(a5)
    8ae2:	6705                	lui	a4,0x1
    8ae4:	aae68b63          	beq	a3,a4,7d9a <main+0x17fe>
    8ae8:	c798                	sw	a4,8(a5)
    8aea:	4705                	li	a4,1
    8aec:	02e78623          	sb	a4,44(a5)
    8af0:	aaaff06f          	j	7d9a <main+0x17fe>
    8af4:	4c01                	li	s8,0
    8af6:	20002737          	lui	a4,0x20002
    8afa:	006c1793          	slli	a5,s8,0x6
    8afe:	ec870713          	addi	a4,a4,-312 # 20001ec8 <ams+0x118>
    8b02:	973e                	add	a4,a4,a5
    8b04:	4314                	lw	a3,0(a4)
    8b06:	4358                	lw	a4,4(a4)
    8b08:	200025b7          	lui	a1,0x20002
    8b0c:	dc36                	sw	a3,56(sp)
    8b0e:	de3a                	sw	a4,60(sp)
    8b10:	4762                	lw	a4,24(sp)
    8b12:	ed858593          	addi	a1,a1,-296 # 20001ed8 <ams+0x128>
    8b16:	95be                	add	a1,a1,a5
    8b18:	973e                	add	a4,a4,a5
    8b1a:	12072703          	lw	a4,288(a4)
    8b1e:	4641                	li	a2,16
    8b20:	00a8                	addi	a0,sp,72
    8b22:	c0ba                	sw	a4,64(sp)
    8b24:	20002737          	lui	a4,0x20002
    8b28:	ec470713          	addi	a4,a4,-316 # 20001ec4 <ams+0x114>
    8b2c:	973e                	add	a4,a4,a5
    8b2e:	4b18                	lw	a4,16(a4)
    8b30:	c2ba                	sw	a4,68(sp)
    8b32:	dcef70ef          	jal	ra,100 <memcpy>
    8b36:	aa018793          	addi	a5,gp,-1376 # 20000430 <_ZL10g_fil_have>
    8b3a:	97e2                	add	a5,a5,s8
    8b3c:	239c                	lbu	a5,0(a5)
    8b3e:	aa018b13          	addi	s6,gp,-1376 # 20000430 <_ZL10g_fil_have>
    8b42:	cf91                	beqz	a5,8b5e <main+0x25c2>
    8b44:	200027b7          	lui	a5,0x20002
    8b48:	005c1513          	slli	a0,s8,0x5
    8b4c:	2f078793          	addi	a5,a5,752 # 200022f0 <_ZL10g_fil_last>
    8b50:	02000613          	li	a2,32
    8b54:	182c                	addi	a1,sp,56
    8b56:	953e                	add	a0,a0,a5
    8b58:	4fa000ef          	jal	ra,9052 <memcmp>
    8b5c:	c941                	beqz	a0,8bec <main+0x2650>
    8b5e:	a9c18793          	addi	a5,gp,-1380 # 2000042c <_ZL17g_fil_first_empty>
    8b62:	97e2                	add	a5,a5,s8
    8b64:	0007ca83          	lbu	s5,0(a5)
    8b68:	00080937          	lui	s2,0x80
    8b6c:	0f290913          	addi	s2,s2,242 # 800f2 <ch32v20x_wwdg.c.13394d49+0x6239d>
    8b70:	9962                	add	s2,s2,s8
    8b72:	4795                	li	a5,5
    8b74:	0922                	slli	s2,s2,0x8
    8b76:	a9c18a13          	addi	s4,gp,-1380 # 2000042c <_ZL17g_fil_first_empty>
    8b7a:	0157f863          	bgeu	a5,s5,8b8a <main+0x25ee>
    8b7e:	854a                	mv	a0,s2
    8b80:	eeff80ef          	jal	ra,1a6e <_ZL14flash256_erasem.part.0>
    8b84:	4a81                	li	s5,0
    8b86:	96050f63          	beqz	a0,7d04 <main+0x1768>
    8b8a:	314c57b7          	lui	a5,0x314c5
    8b8e:	94678793          	addi	a5,a5,-1722 # 314c4946 <__freertos_irq_stack_top+0x114bf946>
    8b92:	02000613          	li	a2,32
    8b96:	182c                	addi	a1,sp,56
    8b98:	08e8                	addi	a0,sp,92
    8b9a:	ccbe                	sw	a5,88(sp)
    8b9c:	d64f70ef          	jal	ra,100 <memcpy>
    8ba0:	02400593          	li	a1,36
    8ba4:	08a8                	addi	a0,sp,88
    8ba6:	8a3f70ef          	jal	ra,448 <_ZL14crc32_hw_wordsPKvm>
    8baa:	deaa                	sw	a0,124(sp)
    8bac:	02800513          	li	a0,40
    8bb0:	02aa8533          	mul	a0,s5,a0
    8bb4:	4629                	li	a2,10
    8bb6:	08ac                	addi	a1,sp,88
    8bb8:	954a                	add	a0,a0,s2
    8bba:	dabf80ef          	jal	ra,1964 <_ZL16flash_prog_wordsmPKmm>
    8bbe:	e119                	bnez	a0,8bc4 <main+0x2628>
    8bc0:	944ff06f          	j	7d04 <main+0x1768>
    8bc4:	200027b7          	lui	a5,0x20002
    8bc8:	2f078793          	addi	a5,a5,752 # 200022f0 <_ZL10g_fil_last>
    8bcc:	005c1513          	slli	a0,s8,0x5
    8bd0:	953e                	add	a0,a0,a5
    8bd2:	02000613          	li	a2,32
    8bd6:	182c                	addi	a1,sp,56
    8bd8:	d28f70ef          	jal	ra,100 <memcpy>
    8bdc:	9b62                	add	s6,s6,s8
    8bde:	4785                	li	a5,1
    8be0:	9a62                	add	s4,s4,s8
    8be2:	0a85                	addi	s5,s5,1
    8be4:	00fb0023          	sb	a5,0(s6)
    8be8:	015a0023          	sb	s5,0(s4)
    8bec:	4785                	li	a5,1
    8bee:	018797b3          	sll	a5,a5,s8
    8bf2:	fff7c793          	not	a5,a5
    8bf6:	8cfd                	and	s1,s1,a5
    8bf8:	a0918e23          	sb	s1,-1508(gp) # 200003ac <_ZL11g_fil_dirty>
    8bfc:	908ff06f          	j	7d04 <main+0x1768>
    8c00:	4c05                	li	s8,1
    8c02:	bdd5                	j	8af6 <main+0x255a>
    8c04:	4c09                	li	s8,2
    8c06:	bdc5                	j	8af6 <main+0x255a>
    8c08:	a081a783          	lw	a5,-1528(gp) # 20000398 <_ZL19g_time_last_ticks64>
    8c0c:	a0c1a683          	lw	a3,-1524(gp) # 2000039c <_ZL19g_time_last_ticks64+0x4>
    8c10:	a121a423          	sw	s2,-1528(gp) # 20000398 <_ZL19g_time_last_ticks64>
    8c14:	40f907b3          	sub	a5,s2,a5
    8c18:	00f93633          	sltu	a2,s2,a5
    8c1c:	40d586b3          	sub	a3,a1,a3
    8c20:	a0b1a623          	sw	a1,-1524(gp) # 2000039c <_ZL19g_time_last_ticks64+0x4>
    8c24:	9ac69c63          	bne	a3,a2,7ddc <main+0x1840>
    8c28:	9fc1a703          	lw	a4,-1540(gp) # 2000038c <_ZL18g_time_rem_ticks32>
    8c2c:	97ba                	add	a5,a5,a4
    8c2e:	9ae7e763          	bltu	a5,a4,7ddc <main+0x1840>
    8c32:	46d2                	lw	a3,20(sp)
    8c34:	4705                	li	a4,1
    8c36:	a001a483          	lw	s1,-1536(gp) # 20000390 <_ZL11g_time_ms64>
    8c3a:	a041aa83          	lw	s5,-1532(gp) # 20000394 <_ZL11g_time_ms64+0x4>
    8c3e:	00d76e63          	bltu	a4,a3,8c5a <main+0x26be>
    8c42:	94be                	add	s1,s1,a5
    8c44:	00f4b7b3          	sltu	a5,s1,a5
    8c48:	9abe                	add	s5,s5,a5
    8c4a:	a091a023          	sw	s1,-1536(gp) # 20000390 <_ZL11g_time_ms64>
    8c4e:	a151a223          	sw	s5,-1532(gp) # 20000394 <_ZL11g_time_ms64+0x4>
    8c52:	9e01ae23          	sw	zero,-1540(gp) # 2000038c <_ZL18g_time_rem_ticks32>
    8c56:	9a8ff06f          	j	7dfe <main+0x1862>
    8c5a:	0347f733          	remu	a4,a5,s4
    8c5e:	0347d7b3          	divu	a5,a5,s4
    8c62:	9ee1ae23          	sw	a4,-1540(gp) # 2000038c <_ZL18g_time_rem_ticks32>
    8c66:	94be                	add	s1,s1,a5
    8c68:	00f4b7b3          	sltu	a5,s1,a5
    8c6c:	9abe                	add	s5,s5,a5
    8c6e:	a091a023          	sw	s1,-1536(gp) # 20000390 <_ZL11g_time_ms64>
    8c72:	a151a223          	sw	s5,-1532(gp) # 20000394 <_ZL11g_time_ms64+0x4>
    8c76:	988ff06f          	j	7dfe <main+0x1862>
    8c7a:	47f2                	lw	a5,28(sp)
    8c7c:	a6f05b63          	blez	a5,7ef2 <main+0x1956>
    8c80:	577d                	li	a4,-1
    8c82:	80e1a823          	sw	a4,-2032(gp) # 200001a0 <_ZL9g_hold_ch>
    8c86:	9e01ac23          	sw	zero,-1544(gp) # 20000388 <_ZL15g_hold_t0_ticks>
    8c8a:	854a                	mv	a0,s2
    8c8c:	a66fd0ef          	jal	ra,5ef2 <_Z22AS5600_distance_updatam>
    8c90:	200027b7          	lui	a5,0x20002
    8c94:	c3878693          	addi	a3,a5,-968 # 20001c38 <_ZL21filament_now_position>
    8c98:	200027b7          	lui	a5,0x20002
    8c9c:	db078613          	addi	a2,a5,-592 # 20001db0 <ams>
    8ca0:	4701                	li	a4,0
    8ca2:	4591                	li	a1,4
    8ca4:	00eb07b3          	add	a5,s6,a4
    8ca8:	2388                	lbu	a0,0(a5)
    8caa:	4785                	li	a5,1
    8cac:	e509                	bnez	a0,8cb6 <main+0x271a>
    8cae:	429c                	lw	a5,0(a3)
    8cb0:	17f1                	addi	a5,a5,-4
    8cb2:	0027b793          	sltiu	a5,a5,2
    8cb6:	14f60423          	sb	a5,328(a2) # e000f148 <__freertos_irq_stack_top+0xc000a148>
    8cba:	0705                	addi	a4,a4,1
    8cbc:	04060613          	addi	a2,a2,64
    8cc0:	0691                	addi	a3,a3,4
    8cc2:	feb711e3          	bne	a4,a1,8ca4 <main+0x2708>
    8cc6:	4572                	lw	a0,28(sp)
    8cc8:	86ca                	mv	a3,s2
    8cca:	85a6                	mv	a1,s1
    8ccc:	8656                	mv	a2,s5
    8cce:	80df90ef          	jal	ra,24da <_ZL16motor_motion_runiym>
    8cd2:	200027b7          	lui	a5,0x20002
    8cd6:	cc878793          	addi	a5,a5,-824 # 20001cc8 <MC_AS5600>
    8cda:	4388                	lw	a0,0(a5)
    8cdc:	0047a803          	lw	a6,4(a5)
    8ce0:	66c1                	lui	a3,0x10
    8ce2:	200027b7          	lui	a5,0x20002
    8ce6:	23078793          	addi	a5,a5,560 # 20002230 <RGBOUT>
    8cea:	4701                	li	a4,0
    8cec:	f0068693          	addi	a3,a3,-256 # ff00 <MC_PULL_calibration.cpp.947435e8+0x636>
    8cf0:	4885                	li	a7,1
    8cf2:	537d                	li	t1,-1
    8cf4:	4591                	li	a1,4
    8cf6:	00e50633          	add	a2,a0,a4
    8cfa:	2210                	lbu	a2,0(a2)
    8cfc:	c619                	beqz	a2,8d0a <main+0x276e>
    8cfe:	00271613          	slli	a2,a4,0x2
    8d02:	9642                	add	a2,a2,a6
    8d04:	4210                	lw	a2,0(a2)
    8d06:	00661a63          	bne	a2,t1,8d1a <main+0x277e>
    8d0a:	23f0                	lbu	a2,6(a5)
    8d0c:	c619                	beqz	a2,8d1a <main+0x277e>
    8d0e:	4790                	lw	a2,8(a5)
    8d10:	00d60563          	beq	a2,a3,8d1a <main+0x277e>
    8d14:	c794                	sw	a3,8(a5)
    8d16:	03178623          	sb	a7,44(a5)
    8d1a:	0705                	addi	a4,a4,1
    8d1c:	03078793          	addi	a5,a5,48
    8d20:	fcb71be3          	bne	a4,a1,8cf6 <main+0x275a>
    8d24:	b7bf80ef          	jal	ra,189e <_Z10RGB_updatev>
    8d28:	8d7fe06f          	j	75fe <main+0x1062>
    8d2c:	8191a823          	sw	s9,-2032(gp) # 200001a0 <_ZL9g_hold_ch>
    8d30:	9f21ac23          	sw	s2,-1544(gp) # 20000388 <_ZL15g_hold_t0_ticks>
    8d34:	bf99                	j	8c8a <main+0x26ee>
    8d36:	008ba683          	lw	a3,8(s7)
    8d3a:	47d2                	lw	a5,20(sp)
    8d3c:	414686b3          	sub	a3,a3,s4
    8d40:	02f6d6b3          	divu	a3,a3,a5
    8d44:	200027b7          	lui	a5,0x20002
    8d48:	23078d13          	addi	s10,a5,560 # 20002230 <RGBOUT>
    8d4c:	0386d6b3          	divu	a3,a3,s8
    8d50:	fff6c693          	not	a3,a3
    8d54:	8a85                	andi	a3,a3,1
    8d56:	00469c93          	slli	s9,a3,0x4
    8d5a:	856a                	mv	a0,s10
    8d5c:	86e6                	mv	a3,s9
    8d5e:	4601                	li	a2,0
    8d60:	4581                	li	a1,0
    8d62:	efaf90ef          	jal	ra,245c <_ZN12WS2812_class14set_RGB_onlineEhhhhb.constprop.0>
    8d66:	200027b7          	lui	a5,0x20002
    8d6a:	030d0d13          	addi	s10,s10,48
    8d6e:	2f078793          	addi	a5,a5,752 # 200022f0 <_ZL10g_fil_last>
    8d72:	ffa794e3          	bne	a5,s10,8d5a <main+0x27be>
    8d76:	b29f80ef          	jal	ra,189e <_Z10RGB_updatev>
    8d7a:	4551                	li	a0,20
    8d7c:	c6ef80ef          	jal	ra,11ea <delay.part.0>
    8d80:	a881                	j	8dd0 <main+0x2834>
    8d82:	8101a703          	lw	a4,-2032(gp) # 200001a0 <_ZL9g_hold_ch>
    8d86:	faec93e3          	bne	s9,a4,8d2c <main+0x2790>
    8d8a:	9f81a703          	lw	a4,-1544(gp) # 20000388 <_ZL15g_hold_t0_ticks>
    8d8e:	6785                	lui	a5,0x1
    8d90:	38878793          	addi	a5,a5,904 # 1388 <_Z10set_motionhhhh.part.0+0xe6>
    8d94:	02fa07b3          	mul	a5,s4,a5
    8d98:	40e90733          	sub	a4,s2,a4
    8d9c:	eef767e3          	bltu	a4,a5,8c8a <main+0x26ee>
    8da0:	4a11                	li	s4,4
    8da2:	854e                	mv	a0,s3
    8da4:	0985                	addi	s3,s3,1
    8da6:	4581                	li	a1,0
    8da8:	0ff9f993          	zext.b	s3,s3
    8dac:	a7af80ef          	jal	ra,1026 <_Z22Motion_control_set_PWMhi>
    8db0:	ff4999e3          	bne	s3,s4,8da2 <main+0x2806>
    8db4:	e000f7b7          	lui	a5,0xe000f
    8db8:	0087aa03          	lw	s4,8(a5) # e000f008 <__freertos_irq_stack_top+0xc000a008>
    8dbc:	47d2                	lw	a5,20(sp)
    8dbe:	6985                	lui	s3,0x1
    8dc0:	bb898993          	addi	s3,s3,-1096 # bb8 <_ZN14_MOTOR_CONTROL10set_motionE20filament_motion_enumyy+0xc4>
    8dc4:	033789b3          	mul	s3,a5,s3
    8dc8:	e000fbb7          	lui	s7,0xe000f
    8dcc:	09600c13          	li	s8,150
    8dd0:	008ba783          	lw	a5,8(s7) # e000f008 <__freertos_irq_stack_top+0xc000a008>
    8dd4:	414787b3          	sub	a5,a5,s4
    8dd8:	f537efe3          	bltu	a5,s3,8d36 <main+0x279a>
    8ddc:	200027b7          	lui	a5,0x20002
    8de0:	23078993          	addi	s3,a5,560 # 20002230 <RGBOUT>
    8de4:	854e                	mv	a0,s3
    8de6:	4681                	li	a3,0
    8de8:	4601                	li	a2,0
    8dea:	4581                	li	a1,0
    8dec:	e70f90ef          	jal	ra,245c <_ZN12WS2812_class14set_RGB_onlineEhhhhb.constprop.0>
    8df0:	200027b7          	lui	a5,0x20002
    8df4:	03098993          	addi	s3,s3,48
    8df8:	2f078793          	addi	a5,a5,752 # 200022f0 <_ZL10g_fil_last>
    8dfc:	ff3794e3          	bne	a5,s3,8de4 <main+0x2848>
    8e00:	a9ff80ef          	jal	ra,189e <_Z10RGB_updatev>
    8e04:	eb9fb0ef          	jal	ra,4cbc <_Z20Flash_NVM_full_clearv>
    8e08:	beef07b7          	lui	a5,0xbeef0
    8e0c:	e000e737          	lui	a4,0xe000e
    8e10:	08078793          	addi	a5,a5,128 # beef0080 <__freertos_irq_stack_top+0x9eeeb080>
    8e14:	c73c                	sw	a5,72(a4)
    8e16:	bd95                	j	8c8a <main+0x26ee>

00008e18 <_sub_I_65535_0.0>:
    8e18:	b24f72ef          	jal	t0,13c <__riscv_save_4>
    8e1c:	20002437          	lui	s0,0x20002
    8e20:	db040413          	addi	s0,s0,-592 # 20001db0 <ams>
    8e24:	64ad                	lui	s1,0xb
    8e26:	45040993          	addi	s3,s0,1104
    8e2a:	55048493          	addi	s1,s1,1360 # b550 <__clzsi2+0x78>
    8e2e:	597d                	li	s2,-1
    8e30:	00040023          	sb	zero,0(s0)
    8e34:	00440513          	addi	a0,s0,4
    8e38:	10000613          	li	a2,256
    8e3c:	85a6                	mv	a1,s1
    8e3e:	ac2f70ef          	jal	ra,100 <memcpy>
    8e42:	11440413          	addi	s0,s0,276
    8e46:	ff240823          	sb	s2,-16(s0)
    8e4a:	fe040ca3          	sb	zero,-7(s0)
    8e4e:	ff241d23          	sh	s2,-6(s0)
    8e52:	fe040e23          	sb	zero,-4(s0)
    8e56:	fd341de3          	bne	s0,s3,8e30 <_sub_I_65535_0.0+0x18>
    8e5a:	200017b7          	lui	a5,0x20001
    8e5e:	4bc78793          	addi	a5,a5,1212 # 200014bc <__global_pointer$+0xb2c>
    8e62:	3e700713          	li	a4,999
    8e66:	40e7a423          	sw	a4,1032(a5)
    8e6a:	20001737          	lui	a4,0x20001
    8e6e:	ebc70713          	addi	a4,a4,-324 # 20000ebc <__global_pointer$+0x52c>
    8e72:	40e7ae23          	sw	a4,1052(a5)
    8e76:	4207a023          	sw	zero,1056(a5)
    8e7a:	4207a223          	sw	zero,1060(a5)
    8e7e:	40e7a823          	sw	a4,1040(a5)
    8e82:	42078423          	sb	zero,1064(a5)
    8e86:	4705                	li	a4,1
    8e88:	42e784a3          	sb	a4,1065(a5)
    8e8c:	40078023          	sb	zero,1024(a5)
    8e90:	4007a223          	sw	zero,1028(a5)
    8e94:	40079623          	sh	zero,1036(a5)
    8e98:	40078723          	sb	zero,1038(a5)
    8e9c:	4007aa23          	sw	zero,1044(a5)
    8ea0:	20002537          	lui	a0,0x20002
    8ea4:	200027b7          	lui	a5,0x20002
    8ea8:	cc878793          	addi	a5,a5,-824 # 20001cc8 <MC_AS5600>
    8eac:	20002437          	lui	s0,0x20002
    8eb0:	ce050693          	addi	a3,a0,-800 # 20001ce0 <MC_AS5600+0x18>
    8eb4:	c3d4                	sw	a3,4(a5)
    8eb6:	cf040693          	addi	a3,s0,-784 # 20001cf0 <MC_AS5600+0x28>
    8eba:	c794                	sw	a3,8(a5)
    8ebc:	200026b7          	lui	a3,0x20002
    8ec0:	cf868693          	addi	a3,a3,-776 # 20001cf8 <MC_AS5600+0x30>
    8ec4:	c7d4                	sw	a3,12(a5)
    8ec6:	200026b7          	lui	a3,0x20002
    8eca:	d0068693          	addi	a3,a3,-768 # 20001d00 <MC_AS5600+0x38>
    8ece:	dfb4                	sw	a3,120(a5)
    8ed0:	200026b7          	lui	a3,0x20002
    8ed4:	d1068693          	addi	a3,a3,-752 # 20001d10 <MC_AS5600+0x48>
    8ed8:	20002737          	lui	a4,0x20002
    8edc:	cdc70713          	addi	a4,a4,-804 # 20001cdc <MC_AS5600+0x14>
    8ee0:	dff4                	sw	a3,124(a5)
    8ee2:	200026b7          	lui	a3,0x20002
    8ee6:	c398                	sw	a4,0(a5)
    8ee8:	0007a823          	sw	zero,16(a5)
    8eec:	d2068693          	addi	a3,a3,-736 # 20001d20 <MC_AS5600+0x58>
    8ef0:	08078793          	addi	a5,a5,128
    8ef4:	c394                	sw	a3,0(a5)
    8ef6:	200026b7          	lui	a3,0x20002
    8efa:	d3068693          	addi	a3,a3,-720 # 20001d30 <MC_AS5600+0x68>
    8efe:	c3d4                	sw	a3,4(a5)
    8f00:	200026b7          	lui	a3,0x20002
    8f04:	d3868693          	addi	a3,a3,-712 # 20001d38 <MC_AS5600+0x70>
    8f08:	4641                	li	a2,16
    8f0a:	0ff00593          	li	a1,255
    8f0e:	ce050513          	addi	a0,a0,-800
    8f12:	c794                	sw	a3,8(a5)
    8f14:	00072023          	sw	zero,0(a4)
    8f18:	9fef70ef          	jal	ra,116 <memset>
    8f1c:	05000613          	li	a2,80
    8f20:	4581                	li	a1,0
    8f22:	cf040513          	addi	a0,s0,-784
    8f26:	9f0f70ef          	jal	ra,116 <memset>
    8f2a:	20002537          	lui	a0,0x20002
    8f2e:	4581                	li	a1,0
    8f30:	9d850513          	addi	a0,a0,-1576 # 200019d8 <MOTOR_CONTROL>
    8f34:	b3df70ef          	jal	ra,a70 <_ZN14_MOTOR_CONTROLC1Ei>
    8f38:	20002537          	lui	a0,0x20002
    8f3c:	4585                	li	a1,1
    8f3e:	a7050513          	addi	a0,a0,-1424 # 20001a70 <MOTOR_CONTROL+0x98>
    8f42:	b2ff70ef          	jal	ra,a70 <_ZN14_MOTOR_CONTROLC1Ei>
    8f46:	20002537          	lui	a0,0x20002
    8f4a:	4589                	li	a1,2
    8f4c:	b0850513          	addi	a0,a0,-1272 # 20001b08 <MOTOR_CONTROL+0x130>
    8f50:	b21f70ef          	jal	ra,a70 <_ZN14_MOTOR_CONTROLC1Ei>
    8f54:	20002537          	lui	a0,0x20002
    8f58:	458d                	li	a1,3
    8f5a:	ba050513          	addi	a0,a0,-1120 # 20001ba0 <MOTOR_CONTROL+0x1c8>
    8f5e:	b13f70ef          	jal	ra,a70 <_ZN14_MOTOR_CONTROLC1Ei>
    8f62:	a0ef706f          	j	170 <__riscv_restore_4>

00008f66 <ADC1_2_IRQHandler>:
    8f66:	a001                	j	8f66 <ADC1_2_IRQHandler>

00008f68 <handle_reset>:
    8f68:	1fff8197          	auipc	gp,0x1fff8
    8f6c:	a2818193          	addi	gp,gp,-1496 # 20000990 <__global_pointer$>
    8f70:	1fffc117          	auipc	sp,0x1fffc
    8f74:	09010113          	addi	sp,sp,144 # 20005000 <__freertos_irq_stack_top>
    8f78:	00003517          	auipc	a0,0x3
    8f7c:	10450513          	addi	a0,a0,260 # c07c <_data_lma>
    8f80:	1fff7597          	auipc	a1,0x1fff7
    8f84:	08058593          	addi	a1,a1,128 # 20000000 <AHBPrescTable>
    8f88:	9d418613          	addi	a2,gp,-1580 # 20000364 <_edata>
    8f8c:	00c5fa63          	bgeu	a1,a2,8fa0 <handle_reset+0x38>
    8f90:	00052283          	lw	t0,0(a0)
    8f94:	0055a023          	sw	t0,0(a1)
    8f98:	0511                	addi	a0,a0,4
    8f9a:	0591                	addi	a1,a1,4
    8f9c:	fec5eae3          	bltu	a1,a2,8f90 <handle_reset+0x28>
    8fa0:	9d818513          	addi	a0,gp,-1576 # 20000368 <MCU_Version>
    8fa4:	1fffa597          	auipc	a1,0x1fffa
    8fa8:	cac58593          	addi	a1,a1,-852 # 20002c50 <_ebss>
    8fac:	00b57763          	bgeu	a0,a1,8fba <handle_reset+0x52>
    8fb0:	00052023          	sw	zero,0(a0)
    8fb4:	0511                	addi	a0,a0,4
    8fb6:	feb56de3          	bltu	a0,a1,8fb0 <handle_reset+0x48>
    8fba:	42fd                	li	t0,31
    8fbc:	bc029073          	csrw	0xbc0,t0
    8fc0:	428d                	li	t0,3
    8fc2:	80429073          	csrw	0x804,t0
    8fc6:	08800293          	li	t0,136
    8fca:	30029073          	csrw	mstatus,t0
    8fce:	ffff7297          	auipc	t0,0xffff7
    8fd2:	03628293          	addi	t0,t0,54 # 4 <_einit>
    8fd6:	0032e293          	ori	t0,t0,3
    8fda:	30529073          	csrw	mtvec,t0
    8fde:	2819                	jal	8ff4 <__libc_init_array>
    8fe0:	ac4fd0ef          	jal	ra,62a4 <SystemInit>
    8fe4:	ffffd297          	auipc	t0,0xffffd
    8fe8:	5b828293          	addi	t0,t0,1464 # 659c <main>
    8fec:	34129073          	csrw	mepc,t0
    8ff0:	30200073          	mret

00008ff4 <__libc_init_array>:
    8ff4:	1141                	addi	sp,sp,-16
    8ff6:	c422                	sw	s0,8(sp)
    8ff8:	c226                	sw	s1,4(sp)
    8ffa:	00003417          	auipc	s0,0x3
    8ffe:	07e40413          	addi	s0,s0,126 # c078 <__fsymtab_end>
    9002:	00003497          	auipc	s1,0x3
    9006:	07648493          	addi	s1,s1,118 # c078 <__fsymtab_end>
    900a:	8c81                	sub	s1,s1,s0
    900c:	c04a                	sw	s2,0(sp)
    900e:	c606                	sw	ra,12(sp)
    9010:	8489                	srai	s1,s1,0x2
    9012:	4901                	li	s2,0
    9014:	02991563          	bne	s2,s1,903e <__libc_init_array+0x4a>
    9018:	00003417          	auipc	s0,0x3
    901c:	06040413          	addi	s0,s0,96 # c078 <__fsymtab_end>
    9020:	00003497          	auipc	s1,0x3
    9024:	05c48493          	addi	s1,s1,92 # c07c <_data_lma>
    9028:	8c81                	sub	s1,s1,s0
    902a:	8489                	srai	s1,s1,0x2
    902c:	4901                	li	s2,0
    902e:	00991d63          	bne	s2,s1,9048 <__libc_init_array+0x54>
    9032:	40b2                	lw	ra,12(sp)
    9034:	4422                	lw	s0,8(sp)
    9036:	4492                	lw	s1,4(sp)
    9038:	4902                	lw	s2,0(sp)
    903a:	0141                	addi	sp,sp,16
    903c:	8082                	ret
    903e:	401c                	lw	a5,0(s0)
    9040:	0905                	addi	s2,s2,1
    9042:	0411                	addi	s0,s0,4
    9044:	9782                	jalr	a5
    9046:	b7f9                	j	9014 <__libc_init_array+0x20>
    9048:	401c                	lw	a5,0(s0)
    904a:	0905                	addi	s2,s2,1
    904c:	0411                	addi	s0,s0,4
    904e:	9782                	jalr	a5
    9050:	bff9                	j	902e <__libc_init_array+0x3a>

00009052 <memcmp>:
    9052:	4701                	li	a4,0
    9054:	00e61463          	bne	a2,a4,905c <memcmp+0xa>
    9058:	4501                	li	a0,0
    905a:	8082                	ret
    905c:	00e507b3          	add	a5,a0,a4
    9060:	0705                	addi	a4,a4,1
    9062:	00e586b3          	add	a3,a1,a4
    9066:	239c                	lbu	a5,0(a5)
    9068:	fff6c683          	lbu	a3,-1(a3)
    906c:	fed784e3          	beq	a5,a3,9054 <memcmp+0x2>
    9070:	40d78533          	sub	a0,a5,a3
    9074:	8082                	ret

00009076 <__ctzsi2>:
    9076:	40a007b3          	neg	a5,a0
    907a:	8fe9                	and	a5,a5,a0
    907c:	6741                	lui	a4,0x10
    907e:	02e7f363          	bgeu	a5,a4,90a4 <__ctzsi2+0x2e>
    9082:	1007b713          	sltiu	a4,a5,256
    9086:	00174713          	xori	a4,a4,1
    908a:	070e                	slli	a4,a4,0x3
    908c:	fff70693          	addi	a3,a4,-1 # ffff <MC_PULL_calibration.cpp.947435e8+0x735>
    9090:	00e7d7b3          	srl	a5,a5,a4
    9094:	00003717          	auipc	a4,0x3
    9098:	ee470713          	addi	a4,a4,-284 # bf78 <__clz_tab>
    909c:	97ba                	add	a5,a5,a4
    909e:	2388                	lbu	a0,0(a5)
    90a0:	9536                	add	a0,a0,a3
    90a2:	8082                	ret
    90a4:	01000737          	lui	a4,0x1000
    90a8:	00e7fe63          	bgeu	a5,a4,90c4 <__ctzsi2+0x4e>
    90ac:	4741                	li	a4,16
    90ae:	00e7d7b3          	srl	a5,a5,a4
    90b2:	00003717          	auipc	a4,0x3
    90b6:	ec670713          	addi	a4,a4,-314 # bf78 <__clz_tab>
    90ba:	97ba                	add	a5,a5,a4
    90bc:	2388                	lbu	a0,0(a5)
    90be:	46bd                	li	a3,15
    90c0:	9536                	add	a0,a0,a3
    90c2:	8082                	ret
    90c4:	4761                	li	a4,24
    90c6:	00e7d7b3          	srl	a5,a5,a4
    90ca:	00003717          	auipc	a4,0x3
    90ce:	eae70713          	addi	a4,a4,-338 # bf78 <__clz_tab>
    90d2:	97ba                	add	a5,a5,a4
    90d4:	2388                	lbu	a0,0(a5)
    90d6:	46dd                	li	a3,23
    90d8:	9536                	add	a0,a0,a3
    90da:	8082                	ret

000090dc <__udivdi3>:
    90dc:	8832                	mv	a6,a2
    90de:	88aa                	mv	a7,a0
    90e0:	872e                	mv	a4,a1
    90e2:	eadd                	bnez	a3,9198 <__udivdi3+0xbc>
    90e4:	10c5f163          	bgeu	a1,a2,91e6 <__udivdi3+0x10a>
    90e8:	67c1                	lui	a5,0x10
    90ea:	18f66d63          	bltu	a2,a5,9284 <__udivdi3+0x1a8>
    90ee:	010007b7          	lui	a5,0x1000
    90f2:	00f637b3          	sltu	a5,a2,a5
    90f6:	40f007b3          	neg	a5,a5
    90fa:	9be1                	andi	a5,a5,-8
    90fc:	07e1                	addi	a5,a5,24 # 1000018 <ch32v20x_wwdg.c.13394d49+0xfe22c3>
    90fe:	00f65333          	srl	t1,a2,a5
    9102:	00003697          	auipc	a3,0x3
    9106:	e7668693          	addi	a3,a3,-394 # bf78 <__clz_tab>
    910a:	969a                	add	a3,a3,t1
    910c:	2294                	lbu	a3,0(a3)
    910e:	02000313          	li	t1,32
    9112:	97b6                	add	a5,a5,a3
    9114:	40f306b3          	sub	a3,t1,a5
    9118:	00f30b63          	beq	t1,a5,912e <__udivdi3+0x52>
    911c:	00d59733          	sll	a4,a1,a3
    9120:	00f557b3          	srl	a5,a0,a5
    9124:	00d61833          	sll	a6,a2,a3
    9128:	8f5d                	or	a4,a4,a5
    912a:	00d518b3          	sll	a7,a0,a3
    912e:	01085613          	srli	a2,a6,0x10
    9132:	02c75533          	divu	a0,a4,a2
    9136:	01081693          	slli	a3,a6,0x10
    913a:	82c1                	srli	a3,a3,0x10
    913c:	0108d793          	srli	a5,a7,0x10
    9140:	02c77733          	remu	a4,a4,a2
    9144:	02a685b3          	mul	a1,a3,a0
    9148:	0742                	slli	a4,a4,0x10
    914a:	8fd9                	or	a5,a5,a4
    914c:	00b7fa63          	bgeu	a5,a1,9160 <__udivdi3+0x84>
    9150:	97c2                	add	a5,a5,a6
    9152:	fff50713          	addi	a4,a0,-1
    9156:	0107e463          	bltu	a5,a6,915e <__udivdi3+0x82>
    915a:	30b7ed63          	bltu	a5,a1,9474 <__udivdi3+0x398>
    915e:	853a                	mv	a0,a4
    9160:	8f8d                	sub	a5,a5,a1
    9162:	02c7d733          	divu	a4,a5,a2
    9166:	08c2                	slli	a7,a7,0x10
    9168:	0108d893          	srli	a7,a7,0x10
    916c:	02c7f7b3          	remu	a5,a5,a2
    9170:	02e686b3          	mul	a3,a3,a4
    9174:	07c2                	slli	a5,a5,0x10
    9176:	00f8e8b3          	or	a7,a7,a5
    917a:	00d8fb63          	bgeu	a7,a3,9190 <__udivdi3+0xb4>
    917e:	98c2                	add	a7,a7,a6
    9180:	fff70793          	addi	a5,a4,-1
    9184:	0108e563          	bltu	a7,a6,918e <__udivdi3+0xb2>
    9188:	1779                	addi	a4,a4,-2
    918a:	00d8e363          	bltu	a7,a3,9190 <__udivdi3+0xb4>
    918e:	873e                	mv	a4,a5
    9190:	0542                	slli	a0,a0,0x10
    9192:	8d59                	or	a0,a0,a4
    9194:	4581                	li	a1,0
    9196:	8082                	ret
    9198:	00d5f563          	bgeu	a1,a3,91a2 <__udivdi3+0xc6>
    919c:	4581                	li	a1,0
    919e:	4501                	li	a0,0
    91a0:	8082                	ret
    91a2:	67c1                	lui	a5,0x10
    91a4:	18f6e763          	bltu	a3,a5,9332 <__udivdi3+0x256>
    91a8:	010007b7          	lui	a5,0x1000
    91ac:	00f6b7b3          	sltu	a5,a3,a5
    91b0:	40f007b3          	neg	a5,a5
    91b4:	9be1                	andi	a5,a5,-8
    91b6:	07e1                	addi	a5,a5,24 # 1000018 <ch32v20x_wwdg.c.13394d49+0xfe22c3>
    91b8:	00f6d833          	srl	a6,a3,a5
    91bc:	00003717          	auipc	a4,0x3
    91c0:	dbc70713          	addi	a4,a4,-580 # bf78 <__clz_tab>
    91c4:	9742                	add	a4,a4,a6
    91c6:	2318                	lbu	a4,0(a4)
    91c8:	02000893          	li	a7,32
    91cc:	973e                	add	a4,a4,a5
    91ce:	40e88833          	sub	a6,a7,a4
    91d2:	18e89463          	bne	a7,a4,935a <__udivdi3+0x27e>
    91d6:	28b6e163          	bltu	a3,a1,9458 <__udivdi3+0x37c>
    91da:	00c53533          	sltu	a0,a0,a2
    91de:	00154513          	xori	a0,a0,1
    91e2:	4581                	li	a1,0
    91e4:	8082                	ret
    91e6:	c64d                	beqz	a2,9290 <__udivdi3+0x1b4>
    91e8:	67c1                	lui	a5,0x10
    91ea:	24f67f63          	bgeu	a2,a5,9448 <__udivdi3+0x36c>
    91ee:	10063713          	sltiu	a4,a2,256
    91f2:	00174713          	xori	a4,a4,1
    91f6:	070e                	slli	a4,a4,0x3
    91f8:	00e656b3          	srl	a3,a2,a4
    91fc:	00003797          	auipc	a5,0x3
    9200:	d7c78793          	addi	a5,a5,-644 # bf78 <__clz_tab>
    9204:	97b6                	add	a5,a5,a3
    9206:	239c                	lbu	a5,0(a5)
    9208:	02000693          	li	a3,32
    920c:	97ba                	add	a5,a5,a4
    920e:	40f68eb3          	sub	t4,a3,a5
    9212:	08f69e63          	bne	a3,a5,92ae <__udivdi3+0x1d2>
    9216:	40c587b3          	sub	a5,a1,a2
    921a:	01065693          	srli	a3,a2,0x10
    921e:	0642                	slli	a2,a2,0x10
    9220:	8241                	srli	a2,a2,0x10
    9222:	4585                	li	a1,1
    9224:	02d7d533          	divu	a0,a5,a3
    9228:	0108d713          	srli	a4,a7,0x10
    922c:	02d7f7b3          	remu	a5,a5,a3
    9230:	02c50333          	mul	t1,a0,a2
    9234:	07c2                	slli	a5,a5,0x10
    9236:	8fd9                	or	a5,a5,a4
    9238:	0067fa63          	bgeu	a5,t1,924c <__udivdi3+0x170>
    923c:	97c2                	add	a5,a5,a6
    923e:	fff50713          	addi	a4,a0,-1
    9242:	0107e463          	bltu	a5,a6,924a <__udivdi3+0x16e>
    9246:	2267e463          	bltu	a5,t1,946e <__udivdi3+0x392>
    924a:	853a                	mv	a0,a4
    924c:	406787b3          	sub	a5,a5,t1
    9250:	02d7d733          	divu	a4,a5,a3
    9254:	08c2                	slli	a7,a7,0x10
    9256:	0108d893          	srli	a7,a7,0x10
    925a:	02d7f7b3          	remu	a5,a5,a3
    925e:	02c70633          	mul	a2,a4,a2
    9262:	07c2                	slli	a5,a5,0x10
    9264:	00f8e8b3          	or	a7,a7,a5
    9268:	00c8fb63          	bgeu	a7,a2,927e <__udivdi3+0x1a2>
    926c:	98c2                	add	a7,a7,a6
    926e:	fff70793          	addi	a5,a4,-1
    9272:	0108e563          	bltu	a7,a6,927c <__udivdi3+0x1a0>
    9276:	1779                	addi	a4,a4,-2
    9278:	00c8e363          	bltu	a7,a2,927e <__udivdi3+0x1a2>
    927c:	873e                	mv	a4,a5
    927e:	0542                	slli	a0,a0,0x10
    9280:	8d59                	or	a0,a0,a4
    9282:	8082                	ret
    9284:	10063793          	sltiu	a5,a2,256
    9288:	0017c793          	xori	a5,a5,1
    928c:	078e                	slli	a5,a5,0x3
    928e:	bd85                	j	90fe <__udivdi3+0x22>
    9290:	4681                	li	a3,0
    9292:	00003797          	auipc	a5,0x3
    9296:	ce678793          	addi	a5,a5,-794 # bf78 <__clz_tab>
    929a:	97b6                	add	a5,a5,a3
    929c:	239c                	lbu	a5,0(a5)
    929e:	4701                	li	a4,0
    92a0:	02000693          	li	a3,32
    92a4:	97ba                	add	a5,a5,a4
    92a6:	40f68eb3          	sub	t4,a3,a5
    92aa:	f6f686e3          	beq	a3,a5,9216 <__udivdi3+0x13a>
    92ae:	01d61833          	sll	a6,a2,t4
    92b2:	00f5d333          	srl	t1,a1,a5
    92b6:	01085693          	srli	a3,a6,0x10
    92ba:	02d35e33          	divu	t3,t1,a3
    92be:	01081613          	slli	a2,a6,0x10
    92c2:	01d595b3          	sll	a1,a1,t4
    92c6:	8241                	srli	a2,a2,0x10
    92c8:	00f557b3          	srl	a5,a0,a5
    92cc:	8fcd                	or	a5,a5,a1
    92ce:	0107d713          	srli	a4,a5,0x10
    92d2:	01d518b3          	sll	a7,a0,t4
    92d6:	02d37333          	remu	t1,t1,a3
    92da:	03c605b3          	mul	a1,a2,t3
    92de:	0342                	slli	t1,t1,0x10
    92e0:	00676733          	or	a4,a4,t1
    92e4:	00b77b63          	bgeu	a4,a1,92fa <__udivdi3+0x21e>
    92e8:	9742                	add	a4,a4,a6
    92ea:	fffe0513          	addi	a0,t3,-1
    92ee:	17076c63          	bltu	a4,a6,9466 <__udivdi3+0x38a>
    92f2:	16b77a63          	bgeu	a4,a1,9466 <__udivdi3+0x38a>
    92f6:	1e79                	addi	t3,t3,-2
    92f8:	9742                	add	a4,a4,a6
    92fa:	8f0d                	sub	a4,a4,a1
    92fc:	02d75533          	divu	a0,a4,a3
    9300:	07c2                	slli	a5,a5,0x10
    9302:	83c1                	srli	a5,a5,0x10
    9304:	02d77733          	remu	a4,a4,a3
    9308:	02a60333          	mul	t1,a2,a0
    930c:	0742                	slli	a4,a4,0x10
    930e:	8fd9                	or	a5,a5,a4
    9310:	0067fb63          	bgeu	a5,t1,9326 <__udivdi3+0x24a>
    9314:	97c2                	add	a5,a5,a6
    9316:	fff50713          	addi	a4,a0,-1
    931a:	1507e263          	bltu	a5,a6,945e <__udivdi3+0x382>
    931e:	1467f063          	bgeu	a5,t1,945e <__udivdi3+0x382>
    9322:	1579                	addi	a0,a0,-2
    9324:	97c2                	add	a5,a5,a6
    9326:	010e1593          	slli	a1,t3,0x10
    932a:	406787b3          	sub	a5,a5,t1
    932e:	8dc9                	or	a1,a1,a0
    9330:	bdd5                	j	9224 <__udivdi3+0x148>
    9332:	1006b793          	sltiu	a5,a3,256
    9336:	0017c793          	xori	a5,a5,1
    933a:	078e                	slli	a5,a5,0x3
    933c:	00f6d833          	srl	a6,a3,a5
    9340:	00003717          	auipc	a4,0x3
    9344:	c3870713          	addi	a4,a4,-968 # bf78 <__clz_tab>
    9348:	9742                	add	a4,a4,a6
    934a:	2318                	lbu	a4,0(a4)
    934c:	02000893          	li	a7,32
    9350:	973e                	add	a4,a4,a5
    9352:	40e88833          	sub	a6,a7,a4
    9356:	e8e880e3          	beq	a7,a4,91d6 <__udivdi3+0xfa>
    935a:	00e65e33          	srl	t3,a2,a4
    935e:	010696b3          	sll	a3,a3,a6
    9362:	00de6e33          	or	t3,t3,a3
    9366:	00e5d8b3          	srl	a7,a1,a4
    936a:	010e5e93          	srli	t4,t3,0x10
    936e:	03d8d7b3          	divu	a5,a7,t4
    9372:	010e1313          	slli	t1,t3,0x10
    9376:	010595b3          	sll	a1,a1,a6
    937a:	01035313          	srli	t1,t1,0x10
    937e:	00e55733          	srl	a4,a0,a4
    9382:	8f4d                	or	a4,a4,a1
    9384:	01075693          	srli	a3,a4,0x10
    9388:	01061633          	sll	a2,a2,a6
    938c:	03d8f8b3          	remu	a7,a7,t4
    9390:	02f305b3          	mul	a1,t1,a5
    9394:	08c2                	slli	a7,a7,0x10
    9396:	0116e6b3          	or	a3,a3,a7
    939a:	00b6fb63          	bgeu	a3,a1,93b0 <__udivdi3+0x2d4>
    939e:	96f2                	add	a3,a3,t3
    93a0:	fff78893          	addi	a7,a5,-1
    93a4:	0dc6e363          	bltu	a3,t3,946a <__udivdi3+0x38e>
    93a8:	0cb6f163          	bgeu	a3,a1,946a <__udivdi3+0x38e>
    93ac:	17f9                	addi	a5,a5,-2
    93ae:	96f2                	add	a3,a3,t3
    93b0:	8e8d                	sub	a3,a3,a1
    93b2:	03d6d5b3          	divu	a1,a3,t4
    93b6:	0742                	slli	a4,a4,0x10
    93b8:	8341                	srli	a4,a4,0x10
    93ba:	03d6f6b3          	remu	a3,a3,t4
    93be:	02b308b3          	mul	a7,t1,a1
    93c2:	06c2                	slli	a3,a3,0x10
    93c4:	8f55                	or	a4,a4,a3
    93c6:	01177b63          	bgeu	a4,a7,93dc <__udivdi3+0x300>
    93ca:	9772                	add	a4,a4,t3
    93cc:	fff58693          	addi	a3,a1,-1
    93d0:	09c76963          	bltu	a4,t3,9462 <__udivdi3+0x386>
    93d4:	09177763          	bgeu	a4,a7,9462 <__udivdi3+0x386>
    93d8:	15f9                	addi	a1,a1,-2
    93da:	9772                	add	a4,a4,t3
    93dc:	07c2                	slli	a5,a5,0x10
    93de:	6ec1                	lui	t4,0x10
    93e0:	8fcd                	or	a5,a5,a1
    93e2:	fffe8693          	addi	a3,t4,-1 # ffff <MC_PULL_calibration.cpp.947435e8+0x735>
    93e6:	00d7f5b3          	and	a1,a5,a3
    93ea:	0107d313          	srli	t1,a5,0x10
    93ee:	8ef1                	and	a3,a3,a2
    93f0:	8241                	srli	a2,a2,0x10
    93f2:	02d58e33          	mul	t3,a1,a3
    93f6:	41170733          	sub	a4,a4,a7
    93fa:	02d306b3          	mul	a3,t1,a3
    93fe:	010e5893          	srli	a7,t3,0x10
    9402:	02c585b3          	mul	a1,a1,a2
    9406:	95b6                	add	a1,a1,a3
    9408:	95c6                	add	a1,a1,a7
    940a:	02c30333          	mul	t1,t1,a2
    940e:	00d5f363          	bgeu	a1,a3,9414 <__udivdi3+0x338>
    9412:	9376                	add	t1,t1,t4
    9414:	0105d693          	srli	a3,a1,0x10
    9418:	969a                	add	a3,a3,t1
    941a:	02d76363          	bltu	a4,a3,9440 <__udivdi3+0x364>
    941e:	00d70563          	beq	a4,a3,9428 <__udivdi3+0x34c>
    9422:	853e                	mv	a0,a5
    9424:	4581                	li	a1,0
    9426:	8082                	ret
    9428:	66c1                	lui	a3,0x10
    942a:	16fd                	addi	a3,a3,-1 # ffff <MC_PULL_calibration.cpp.947435e8+0x735>
    942c:	00d5f733          	and	a4,a1,a3
    9430:	0742                	slli	a4,a4,0x10
    9432:	00de7e33          	and	t3,t3,a3
    9436:	01051533          	sll	a0,a0,a6
    943a:	9772                	add	a4,a4,t3
    943c:	fee573e3          	bgeu	a0,a4,9422 <__udivdi3+0x346>
    9440:	fff78513          	addi	a0,a5,-1
    9444:	4581                	li	a1,0
    9446:	8082                	ret
    9448:	010007b7          	lui	a5,0x1000
    944c:	02f67763          	bgeu	a2,a5,947a <__udivdi3+0x39e>
    9450:	01065693          	srli	a3,a2,0x10
    9454:	4741                	li	a4,16
    9456:	b35d                	j	91fc <__udivdi3+0x120>
    9458:	4581                	li	a1,0
    945a:	4505                	li	a0,1
    945c:	8082                	ret
    945e:	853a                	mv	a0,a4
    9460:	b5d9                	j	9326 <__udivdi3+0x24a>
    9462:	85b6                	mv	a1,a3
    9464:	bfa5                	j	93dc <__udivdi3+0x300>
    9466:	8e2a                	mv	t3,a0
    9468:	bd49                	j	92fa <__udivdi3+0x21e>
    946a:	87c6                	mv	a5,a7
    946c:	b791                	j	93b0 <__udivdi3+0x2d4>
    946e:	1579                	addi	a0,a0,-2
    9470:	97c2                	add	a5,a5,a6
    9472:	bbe9                	j	924c <__udivdi3+0x170>
    9474:	1579                	addi	a0,a0,-2
    9476:	97c2                	add	a5,a5,a6
    9478:	b1e5                	j	9160 <__udivdi3+0x84>
    947a:	01865693          	srli	a3,a2,0x18
    947e:	4761                	li	a4,24
    9480:	bbb5                	j	91fc <__udivdi3+0x120>

00009482 <__adddf3>:
    9482:	001007b7          	lui	a5,0x100
    9486:	1101                	addi	sp,sp,-32
    9488:	17fd                	addi	a5,a5,-1 # fffff <ch32v20x_wwdg.c.13394d49+0xe22aa>
    948a:	00b7f833          	and	a6,a5,a1
    948e:	0146d893          	srli	a7,a3,0x14
    9492:	8ff5                	and	a5,a5,a3
    9494:	cc22                	sw	s0,24(sp)
    9496:	0145d413          	srli	s0,a1,0x14
    949a:	00379713          	slli	a4,a5,0x3
    949e:	080e                	slli	a6,a6,0x3
    94a0:	c84a                	sw	s2,16(sp)
    94a2:	c64e                	sw	s3,12(sp)
    94a4:	01d65793          	srli	a5,a2,0x1d
    94a8:	01d55993          	srli	s3,a0,0x1d
    94ac:	01f5d913          	srli	s2,a1,0x1f
    94b0:	7ff47413          	andi	s0,s0,2047
    94b4:	7ff8f893          	andi	a7,a7,2047
    94b8:	ce06                	sw	ra,28(sp)
    94ba:	ca26                	sw	s1,20(sp)
    94bc:	82fd                	srli	a3,a3,0x1f
    94be:	0109e9b3          	or	s3,s3,a6
    94c2:	8fd9                	or	a5,a5,a4
    94c4:	00351593          	slli	a1,a0,0x3
    94c8:	00361813          	slli	a6,a2,0x3
    94cc:	41140733          	sub	a4,s0,a7
    94d0:	18d90463          	beq	s2,a3,9658 <__adddf3+0x1d6>
    94d4:	10e05e63          	blez	a4,95f0 <__adddf3+0x16e>
    94d8:	20088863          	beqz	a7,96e8 <__adddf3+0x266>
    94dc:	7ff00693          	li	a3,2047
    94e0:	52d40663          	beq	s0,a3,9a0c <__adddf3+0x58a>
    94e4:	03800693          	li	a3,56
    94e8:	4485                	li	s1,1
    94ea:	02e6c963          	blt	a3,a4,951c <__adddf3+0x9a>
    94ee:	008006b7          	lui	a3,0x800
    94f2:	8fd5                	or	a5,a5,a3
    94f4:	46fd                	li	a3,31
    94f6:	42e6c763          	blt	a3,a4,9924 <__adddf3+0x4a2>
    94fa:	02000693          	li	a3,32
    94fe:	8e99                	sub	a3,a3,a4
    9500:	00d794b3          	sll	s1,a5,a3
    9504:	00e85633          	srl	a2,a6,a4
    9508:	00d816b3          	sll	a3,a6,a3
    950c:	8cd1                	or	s1,s1,a2
    950e:	00d036b3          	snez	a3,a3
    9512:	00e7d733          	srl	a4,a5,a4
    9516:	8cd5                	or	s1,s1,a3
    9518:	40e989b3          	sub	s3,s3,a4
    951c:	409584b3          	sub	s1,a1,s1
    9520:	0095b7b3          	sltu	a5,a1,s1
    9524:	40f989b3          	sub	s3,s3,a5
    9528:	008007b7          	lui	a5,0x800
    952c:	00f9f733          	and	a4,s3,a5
    9530:	24070863          	beqz	a4,9780 <__adddf3+0x2fe>
    9534:	17fd                	addi	a5,a5,-1 # 7fffff <ch32v20x_wwdg.c.13394d49+0x7e22aa>
    9536:	00f9f9b3          	and	s3,s3,a5
    953a:	2a098663          	beqz	s3,97e6 <__adddf3+0x364>
    953e:	854e                	mv	a0,s3
    9540:	799010ef          	jal	ra,b4d8 <__clzsi2>
    9544:	ff850713          	addi	a4,a0,-8
    9548:	02000693          	li	a3,32
    954c:	40e687b3          	sub	a5,a3,a4
    9550:	00f4d7b3          	srl	a5,s1,a5
    9554:	00e999b3          	sll	s3,s3,a4
    9558:	0137e7b3          	or	a5,a5,s3
    955c:	00e494b3          	sll	s1,s1,a4
    9560:	32874563          	blt	a4,s0,988a <__adddf3+0x408>
    9564:	8f01                	sub	a4,a4,s0
    9566:	0705                	addi	a4,a4,1
    9568:	8e99                	sub	a3,a3,a4
    956a:	00d49633          	sll	a2,s1,a3
    956e:	00e4d9b3          	srl	s3,s1,a4
    9572:	00c03633          	snez	a2,a2
    9576:	01366633          	or	a2,a2,s3
    957a:	00d796b3          	sll	a3,a5,a3
    957e:	00c6e4b3          	or	s1,a3,a2
    9582:	00e7d9b3          	srl	s3,a5,a4
    9586:	4401                	li	s0,0
    9588:	0074f793          	andi	a5,s1,7
    958c:	cf81                	beqz	a5,95a4 <__adddf3+0x122>
    958e:	00f4f793          	andi	a5,s1,15
    9592:	4711                	li	a4,4
    9594:	00e78863          	beq	a5,a4,95a4 <__adddf3+0x122>
    9598:	00448793          	addi	a5,s1,4
    959c:	0097b4b3          	sltu	s1,a5,s1
    95a0:	99a6                	add	s3,s3,s1
    95a2:	84be                	mv	s1,a5
    95a4:	008007b7          	lui	a5,0x800
    95a8:	00f9f7b3          	and	a5,s3,a5
    95ac:	28078763          	beqz	a5,983a <__adddf3+0x3b8>
    95b0:	0405                	addi	s0,s0,1
    95b2:	7ff00793          	li	a5,2047
    95b6:	1cf40063          	beq	s0,a5,9776 <__adddf3+0x2f4>
    95ba:	ff8007b7          	lui	a5,0xff800
    95be:	17fd                	addi	a5,a5,-1 # ff7fffff <__freertos_irq_stack_top+0xdf7fafff>
    95c0:	00f9f7b3          	and	a5,s3,a5
    95c4:	01d79713          	slli	a4,a5,0x1d
    95c8:	808d                	srli	s1,s1,0x3
    95ca:	07a6                	slli	a5,a5,0x9
    95cc:	8f45                	or	a4,a4,s1
    95ce:	83b1                	srli	a5,a5,0xc
    95d0:	7ff47413          	andi	s0,s0,2047
    95d4:	0452                	slli	s0,s0,0x14
    95d6:	097e                	slli	s2,s2,0x1f
    95d8:	8c5d                	or	s0,s0,a5
    95da:	01246433          	or	s0,s0,s2
    95de:	40f2                	lw	ra,28(sp)
    95e0:	85a2                	mv	a1,s0
    95e2:	4462                	lw	s0,24(sp)
    95e4:	44d2                	lw	s1,20(sp)
    95e6:	4942                	lw	s2,16(sp)
    95e8:	49b2                	lw	s3,12(sp)
    95ea:	853a                	mv	a0,a4
    95ec:	6105                	addi	sp,sp,32
    95ee:	8082                	ret
    95f0:	10070f63          	beqz	a4,970e <__adddf3+0x28c>
    95f4:	40888733          	sub	a4,a7,s0
    95f8:	30041863          	bnez	s0,9908 <__adddf3+0x486>
    95fc:	00b9e533          	or	a0,s3,a1
    9600:	26050e63          	beqz	a0,987c <__adddf3+0x3fa>
    9604:	fff70513          	addi	a0,a4,-1
    9608:	48050e63          	beqz	a0,9aa4 <__adddf3+0x622>
    960c:	7ff00313          	li	t1,2047
    9610:	42670a63          	beq	a4,t1,9a44 <__adddf3+0x5c2>
    9614:	03800713          	li	a4,56
    9618:	4485                	li	s1,1
    961a:	02a74663          	blt	a4,a0,9646 <__adddf3+0x1c4>
    961e:	872a                	mv	a4,a0
    9620:	467d                	li	a2,31
    9622:	44e64063          	blt	a2,a4,9a62 <__adddf3+0x5e0>
    9626:	02000613          	li	a2,32
    962a:	8e19                	sub	a2,a2,a4
    962c:	00c994b3          	sll	s1,s3,a2
    9630:	00e5d533          	srl	a0,a1,a4
    9634:	00c59633          	sll	a2,a1,a2
    9638:	8cc9                	or	s1,s1,a0
    963a:	00c03633          	snez	a2,a2
    963e:	00e9d733          	srl	a4,s3,a4
    9642:	8cd1                	or	s1,s1,a2
    9644:	8f99                	sub	a5,a5,a4
    9646:	409804b3          	sub	s1,a6,s1
    964a:	00983833          	sltu	a6,a6,s1
    964e:	410789b3          	sub	s3,a5,a6
    9652:	8446                	mv	s0,a7
    9654:	8936                	mv	s2,a3
    9656:	bdc9                	j	9528 <__adddf3+0xa6>
    9658:	12e05963          	blez	a4,978a <__adddf3+0x308>
    965c:	10089063          	bnez	a7,975c <__adddf3+0x2da>
    9660:	0107e6b3          	or	a3,a5,a6
    9664:	20068f63          	beqz	a3,9882 <__adddf3+0x400>
    9668:	fff70613          	addi	a2,a4,-1
    966c:	36060563          	beqz	a2,99d6 <__adddf3+0x554>
    9670:	7ff00693          	li	a3,2047
    9674:	44d70e63          	beq	a4,a3,9ad0 <__adddf3+0x64e>
    9678:	03800713          	li	a4,56
    967c:	4685                	li	a3,1
    967e:	02c74663          	blt	a4,a2,96aa <__adddf3+0x228>
    9682:	8732                	mv	a4,a2
    9684:	46fd                	li	a3,31
    9686:	38e6cb63          	blt	a3,a4,9a1c <__adddf3+0x59a>
    968a:	02000613          	li	a2,32
    968e:	8e19                	sub	a2,a2,a4
    9690:	00c796b3          	sll	a3,a5,a2
    9694:	00e85533          	srl	a0,a6,a4
    9698:	00c81633          	sll	a2,a6,a2
    969c:	8ec9                	or	a3,a3,a0
    969e:	00c03633          	snez	a2,a2
    96a2:	00e7d733          	srl	a4,a5,a4
    96a6:	8ed1                	or	a3,a3,a2
    96a8:	99ba                	add	s3,s3,a4
    96aa:	00b687b3          	add	a5,a3,a1
    96ae:	00d7b6b3          	sltu	a3,a5,a3
    96b2:	84be                	mv	s1,a5
    96b4:	99b6                	add	s3,s3,a3
    96b6:	008007b7          	lui	a5,0x800
    96ba:	00f9f7b3          	and	a5,s3,a5
    96be:	c3e9                	beqz	a5,9780 <__adddf3+0x2fe>
    96c0:	0405                	addi	s0,s0,1
    96c2:	7ff00793          	li	a5,2047
    96c6:	0af40863          	beq	s0,a5,9776 <__adddf3+0x2f4>
    96ca:	ff8007b7          	lui	a5,0xff800
    96ce:	17fd                	addi	a5,a5,-1 # ff7fffff <__freertos_irq_stack_top+0xdf7fafff>
    96d0:	00f9f7b3          	and	a5,s3,a5
    96d4:	0014d713          	srli	a4,s1,0x1
    96d8:	8885                	andi	s1,s1,1
    96da:	8f45                	or	a4,a4,s1
    96dc:	01f79493          	slli	s1,a5,0x1f
    96e0:	8cd9                	or	s1,s1,a4
    96e2:	0017d993          	srli	s3,a5,0x1
    96e6:	b54d                	j	9588 <__adddf3+0x106>
    96e8:	0107e6b3          	or	a3,a5,a6
    96ec:	18068b63          	beqz	a3,9882 <__adddf3+0x400>
    96f0:	fff70693          	addi	a3,a4,-1
    96f4:	30068163          	beqz	a3,99f6 <__adddf3+0x574>
    96f8:	7ff00613          	li	a2,2047
    96fc:	14c70f63          	beq	a4,a2,985a <__adddf3+0x3d8>
    9700:	03800713          	li	a4,56
    9704:	4485                	li	s1,1
    9706:	e0d74be3          	blt	a4,a3,951c <__adddf3+0x9a>
    970a:	8736                	mv	a4,a3
    970c:	b3e5                	j	94f4 <__adddf3+0x72>
    970e:	00140713          	addi	a4,s0,1
    9712:	7fe77713          	andi	a4,a4,2046
    9716:	1c071563          	bnez	a4,98e0 <__adddf3+0x45e>
    971a:	00b9e8b3          	or	a7,s3,a1
    971e:	0107e733          	or	a4,a5,a6
    9722:	2a041063          	bnez	s0,99c2 <__adddf3+0x540>
    9726:	38088b63          	beqz	a7,9abc <__adddf3+0x63a>
    972a:	3a070c63          	beqz	a4,9ae2 <__adddf3+0x660>
    972e:	410584b3          	sub	s1,a1,a6
    9732:	0095b733          	sltu	a4,a1,s1
    9736:	40f98633          	sub	a2,s3,a5
    973a:	8e19                	sub	a2,a2,a4
    973c:	00800737          	lui	a4,0x800
    9740:	8f71                	and	a4,a4,a2
    9742:	40070163          	beqz	a4,9b44 <__adddf3+0x6c2>
    9746:	40b805b3          	sub	a1,a6,a1
    974a:	413787b3          	sub	a5,a5,s3
    974e:	00b83833          	sltu	a6,a6,a1
    9752:	84ae                	mv	s1,a1
    9754:	410789b3          	sub	s3,a5,a6
    9758:	8936                	mv	s2,a3
    975a:	b53d                	j	9588 <__adddf3+0x106>
    975c:	7ff00693          	li	a3,2047
    9760:	0ed40d63          	beq	s0,a3,985a <__adddf3+0x3d8>
    9764:	03800613          	li	a2,56
    9768:	4685                	li	a3,1
    976a:	f4e640e3          	blt	a2,a4,96aa <__adddf3+0x228>
    976e:	008006b7          	lui	a3,0x800
    9772:	8fd5                	or	a5,a5,a3
    9774:	bf01                	j	9684 <__adddf3+0x202>
    9776:	7ff00413          	li	s0,2047
    977a:	4781                	li	a5,0
    977c:	4701                	li	a4,0
    977e:	bd99                	j	95d4 <__adddf3+0x152>
    9780:	0074f713          	andi	a4,s1,7
    9784:	e00715e3          	bnez	a4,958e <__adddf3+0x10c>
    9788:	aa89                	j	98da <__adddf3+0x458>
    978a:	10070763          	beqz	a4,9898 <__adddf3+0x416>
    978e:	40888733          	sub	a4,a7,s0
    9792:	1a040d63          	beqz	s0,994c <__adddf3+0x4ca>
    9796:	7ff00693          	li	a3,2047
    979a:	2ad88d63          	beq	a7,a3,9a54 <__adddf3+0x5d2>
    979e:	03800613          	li	a2,56
    97a2:	4685                	li	a3,1
    97a4:	02e64963          	blt	a2,a4,97d6 <__adddf3+0x354>
    97a8:	008006b7          	lui	a3,0x800
    97ac:	00d9e9b3          	or	s3,s3,a3
    97b0:	46fd                	li	a3,31
    97b2:	36e6c663          	blt	a3,a4,9b1e <__adddf3+0x69c>
    97b6:	02000613          	li	a2,32
    97ba:	8e19                	sub	a2,a2,a4
    97bc:	00c996b3          	sll	a3,s3,a2
    97c0:	00e5d533          	srl	a0,a1,a4
    97c4:	00c59633          	sll	a2,a1,a2
    97c8:	8ec9                	or	a3,a3,a0
    97ca:	00c03633          	snez	a2,a2
    97ce:	00e9d733          	srl	a4,s3,a4
    97d2:	8ed1                	or	a3,a3,a2
    97d4:	97ba                	add	a5,a5,a4
    97d6:	9836                	add	a6,a6,a3
    97d8:	00d836b3          	sltu	a3,a6,a3
    97dc:	84c2                	mv	s1,a6
    97de:	00f689b3          	add	s3,a3,a5
    97e2:	8446                	mv	s0,a7
    97e4:	bdc9                	j	96b6 <__adddf3+0x234>
    97e6:	8526                	mv	a0,s1
    97e8:	4f1010ef          	jal	ra,b4d8 <__clzsi2>
    97ec:	01850713          	addi	a4,a0,24
    97f0:	46fd                	li	a3,31
    97f2:	d4e6dbe3          	bge	a3,a4,9548 <__adddf3+0xc6>
    97f6:	ff850793          	addi	a5,a0,-8
    97fa:	00f497b3          	sll	a5,s1,a5
    97fe:	16874963          	blt	a4,s0,9970 <__adddf3+0x4ee>
    9802:	408704b3          	sub	s1,a4,s0
    9806:	00148713          	addi	a4,s1,1
    980a:	34e6db63          	bge	a3,a4,9b60 <__adddf3+0x6de>
    980e:	1485                	addi	s1,s1,-31
    9810:	02000693          	li	a3,32
    9814:	0097d4b3          	srl	s1,a5,s1
    9818:	00d70b63          	beq	a4,a3,982e <__adddf3+0x3ac>
    981c:	04000693          	li	a3,64
    9820:	40e68733          	sub	a4,a3,a4
    9824:	00e797b3          	sll	a5,a5,a4
    9828:	00f037b3          	snez	a5,a5
    982c:	8cdd                	or	s1,s1,a5
    982e:	0074f713          	andi	a4,s1,7
    9832:	4401                	li	s0,0
    9834:	d4071de3          	bnez	a4,958e <__adddf3+0x10c>
    9838:	a04d                	j	98da <__adddf3+0x458>
    983a:	0034d793          	srli	a5,s1,0x3
    983e:	01d99713          	slli	a4,s3,0x1d
    9842:	7ff00693          	li	a3,2047
    9846:	8f5d                	or	a4,a4,a5
    9848:	0039d793          	srli	a5,s3,0x3
    984c:	00d40f63          	beq	s0,a3,986a <__adddf3+0x3e8>
    9850:	07b2                	slli	a5,a5,0xc
    9852:	83b1                	srli	a5,a5,0xc
    9854:	7ff47413          	andi	s0,s0,2047
    9858:	bbb5                	j	95d4 <__adddf3+0x152>
    985a:	050e                	slli	a0,a0,0x3
    985c:	01d99793          	slli	a5,s3,0x1d
    9860:	00355713          	srli	a4,a0,0x3
    9864:	8f5d                	or	a4,a4,a5
    9866:	0039d793          	srli	a5,s3,0x3
    986a:	8f5d                	or	a4,a4,a5
    986c:	d709                	beqz	a4,9776 <__adddf3+0x2f4>
    986e:	4901                	li	s2,0
    9870:	7ff00413          	li	s0,2047
    9874:	000807b7          	lui	a5,0x80
    9878:	4701                	li	a4,0
    987a:	bba9                	j	95d4 <__adddf3+0x152>
    987c:	85c2                	mv	a1,a6
    987e:	89be                	mv	s3,a5
    9880:	8936                	mv	s2,a3
    9882:	0035d793          	srli	a5,a1,0x3
    9886:	843a                	mv	s0,a4
    9888:	bf5d                	j	983e <__adddf3+0x3bc>
    988a:	ff8009b7          	lui	s3,0xff800
    988e:	19fd                	addi	s3,s3,-1 # ff7fffff <__freertos_irq_stack_top+0xdf7fafff>
    9890:	8c19                	sub	s0,s0,a4
    9892:	0137f9b3          	and	s3,a5,s3
    9896:	b9cd                	j	9588 <__adddf3+0x106>
    9898:	00140693          	addi	a3,s0,1
    989c:	7fe6f713          	andi	a4,a3,2046
    98a0:	e36d                	bnez	a4,9982 <__adddf3+0x500>
    98a2:	00b9e733          	or	a4,s3,a1
    98a6:	1e041163          	bnez	s0,9a88 <__adddf3+0x606>
    98aa:	24070a63          	beqz	a4,9afe <__adddf3+0x67c>
    98ae:	0107e733          	or	a4,a5,a6
    98b2:	24070d63          	beqz	a4,9b0c <__adddf3+0x68a>
    98b6:	982e                	add	a6,a6,a1
    98b8:	97ce                	add	a5,a5,s3
    98ba:	00b835b3          	sltu	a1,a6,a1
    98be:	00b789b3          	add	s3,a5,a1
    98c2:	00800737          	lui	a4,0x800
    98c6:	00e9f733          	and	a4,s3,a4
    98ca:	84c2                	mv	s1,a6
    98cc:	c719                	beqz	a4,98da <__adddf3+0x458>
    98ce:	ff8007b7          	lui	a5,0xff800
    98d2:	17fd                	addi	a5,a5,-1 # ff7fffff <__freertos_irq_stack_top+0xdf7fafff>
    98d4:	00f9f9b3          	and	s3,s3,a5
    98d8:	4405                	li	s0,1
    98da:	85a6                	mv	a1,s1
    98dc:	8722                	mv	a4,s0
    98de:	b755                	j	9882 <__adddf3+0x400>
    98e0:	410584b3          	sub	s1,a1,a6
    98e4:	0095b733          	sltu	a4,a1,s1
    98e8:	40f98633          	sub	a2,s3,a5
    98ec:	8e19                	sub	a2,a2,a4
    98ee:	00800737          	lui	a4,0x800
    98f2:	8f71                	and	a4,a4,a2
    98f4:	ef45                	bnez	a4,99ac <__adddf3+0x52a>
    98f6:	00c4e733          	or	a4,s1,a2
    98fa:	89b2                	mv	s3,a2
    98fc:	c2071fe3          	bnez	a4,953a <__adddf3+0xb8>
    9900:	4901                	li	s2,0
    9902:	4401                	li	s0,0
    9904:	4781                	li	a5,0
    9906:	b1f9                	j	95d4 <__adddf3+0x152>
    9908:	7ff00513          	li	a0,2047
    990c:	12a88c63          	beq	a7,a0,9a44 <__adddf3+0x5c2>
    9910:	03800613          	li	a2,56
    9914:	4485                	li	s1,1
    9916:	d2e648e3          	blt	a2,a4,9646 <__adddf3+0x1c4>
    991a:	00800637          	lui	a2,0x800
    991e:	00c9e9b3          	or	s3,s3,a2
    9922:	b9fd                	j	9620 <__adddf3+0x19e>
    9924:	fe070693          	addi	a3,a4,-32 # 7fffe0 <ch32v20x_wwdg.c.13394d49+0x7e228b>
    9928:	02000613          	li	a2,32
    992c:	00d7d6b3          	srl	a3,a5,a3
    9930:	00c70a63          	beq	a4,a2,9944 <__adddf3+0x4c2>
    9934:	04000613          	li	a2,64
    9938:	40e60733          	sub	a4,a2,a4
    993c:	00e797b3          	sll	a5,a5,a4
    9940:	00f86833          	or	a6,a6,a5
    9944:	010034b3          	snez	s1,a6
    9948:	8cd5                	or	s1,s1,a3
    994a:	bec9                	j	951c <__adddf3+0x9a>
    994c:	00b9e6b3          	or	a3,s3,a1
    9950:	1a068263          	beqz	a3,9af4 <__adddf3+0x672>
    9954:	fff70513          	addi	a0,a4,-1
    9958:	cd3d                	beqz	a0,99d6 <__adddf3+0x554>
    995a:	7ff00693          	li	a3,2047
    995e:	0ed70b63          	beq	a4,a3,9a54 <__adddf3+0x5d2>
    9962:	03800713          	li	a4,56
    9966:	4685                	li	a3,1
    9968:	e6a747e3          	blt	a4,a0,97d6 <__adddf3+0x354>
    996c:	872a                	mv	a4,a0
    996e:	b589                	j	97b0 <__adddf3+0x32e>
    9970:	ff8006b7          	lui	a3,0xff800
    9974:	16fd                	addi	a3,a3,-1 # ff7fffff <__freertos_irq_stack_top+0xdf7fafff>
    9976:	8ff5                	and	a5,a5,a3
    9978:	8c19                	sub	s0,s0,a4
    997a:	01d79713          	slli	a4,a5,0x1d
    997e:	838d                	srli	a5,a5,0x3
    9980:	bdc1                	j	9850 <__adddf3+0x3ce>
    9982:	7ff00713          	li	a4,2047
    9986:	dee688e3          	beq	a3,a4,9776 <__adddf3+0x2f4>
    998a:	01058733          	add	a4,a1,a6
    998e:	97ce                	add	a5,a5,s3
    9990:	00b735b3          	sltu	a1,a4,a1
    9994:	97ae                	add	a5,a5,a1
    9996:	8305                	srli	a4,a4,0x1
    9998:	01f79493          	slli	s1,a5,0x1f
    999c:	8cd9                	or	s1,s1,a4
    999e:	8b1d                	andi	a4,a4,7
    99a0:	0017d993          	srli	s3,a5,0x1
    99a4:	8436                	mv	s0,a3
    99a6:	be0714e3          	bnez	a4,958e <__adddf3+0x10c>
    99aa:	bf05                	j	98da <__adddf3+0x458>
    99ac:	40b805b3          	sub	a1,a6,a1
    99b0:	413787b3          	sub	a5,a5,s3
    99b4:	00b83833          	sltu	a6,a6,a1
    99b8:	84ae                	mv	s1,a1
    99ba:	410789b3          	sub	s3,a5,a6
    99be:	8936                	mv	s2,a3
    99c0:	bead                	j	953a <__adddf3+0xb8>
    99c2:	12089c63          	bnez	a7,9afa <__adddf3+0x678>
    99c6:	18071563          	bnez	a4,9b50 <__adddf3+0x6ce>
    99ca:	4901                	li	s2,0
    99cc:	7ff00413          	li	s0,2047
    99d0:	000807b7          	lui	a5,0x80
    99d4:	b101                	j	95d4 <__adddf3+0x152>
    99d6:	982e                	add	a6,a6,a1
    99d8:	97ce                	add	a5,a5,s3
    99da:	00b835b3          	sltu	a1,a6,a1
    99de:	00b789b3          	add	s3,a5,a1
    99e2:	008007b7          	lui	a5,0x800
    99e6:	00f9f7b3          	and	a5,s3,a5
    99ea:	84c2                	mv	s1,a6
    99ec:	4405                	li	s0,1
    99ee:	d80789e3          	beqz	a5,9780 <__adddf3+0x2fe>
    99f2:	4409                	li	s0,2
    99f4:	b9d9                	j	96ca <__adddf3+0x248>
    99f6:	41058833          	sub	a6,a1,a6
    99fa:	40f987b3          	sub	a5,s3,a5
    99fe:	0105b5b3          	sltu	a1,a1,a6
    9a02:	84c2                	mv	s1,a6
    9a04:	40b789b3          	sub	s3,a5,a1
    9a08:	4405                	li	s0,1
    9a0a:	be39                	j	9528 <__adddf3+0xa6>
    9a0c:	050e                	slli	a0,a0,0x3
    9a0e:	810d                	srli	a0,a0,0x3
    9a10:	01d99713          	slli	a4,s3,0x1d
    9a14:	8f49                	or	a4,a4,a0
    9a16:	0039d793          	srli	a5,s3,0x3
    9a1a:	bd81                	j	986a <__adddf3+0x3e8>
    9a1c:	fe070613          	addi	a2,a4,-32
    9a20:	02000693          	li	a3,32
    9a24:	00c7d633          	srl	a2,a5,a2
    9a28:	00d70a63          	beq	a4,a3,9a3c <__adddf3+0x5ba>
    9a2c:	04000693          	li	a3,64
    9a30:	40e68733          	sub	a4,a3,a4
    9a34:	00e797b3          	sll	a5,a5,a4
    9a38:	00f86833          	or	a6,a6,a5
    9a3c:	010036b3          	snez	a3,a6
    9a40:	8ed1                	or	a3,a3,a2
    9a42:	b1a5                	j	96aa <__adddf3+0x228>
    9a44:	060e                	slli	a2,a2,0x3
    9a46:	01d79713          	slli	a4,a5,0x1d
    9a4a:	820d                	srli	a2,a2,0x3
    9a4c:	8f51                	or	a4,a4,a2
    9a4e:	838d                	srli	a5,a5,0x3
    9a50:	8936                	mv	s2,a3
    9a52:	bd21                	j	986a <__adddf3+0x3e8>
    9a54:	060e                	slli	a2,a2,0x3
    9a56:	01d79713          	slli	a4,a5,0x1d
    9a5a:	820d                	srli	a2,a2,0x3
    9a5c:	8f51                	or	a4,a4,a2
    9a5e:	838d                	srli	a5,a5,0x3
    9a60:	b529                	j	986a <__adddf3+0x3e8>
    9a62:	fe070613          	addi	a2,a4,-32
    9a66:	02000513          	li	a0,32
    9a6a:	00c9d633          	srl	a2,s3,a2
    9a6e:	00a70963          	beq	a4,a0,9a80 <__adddf3+0x5fe>
    9a72:	04000513          	li	a0,64
    9a76:	40e50733          	sub	a4,a0,a4
    9a7a:	00e99733          	sll	a4,s3,a4
    9a7e:	8dd9                	or	a1,a1,a4
    9a80:	00b034b3          	snez	s1,a1
    9a84:	8cd1                	or	s1,s1,a2
    9a86:	b6c1                	j	9646 <__adddf3+0x1c4>
    9a88:	d771                	beqz	a4,9a54 <__adddf3+0x5d2>
    9a8a:	0107e833          	or	a6,a5,a6
    9a8e:	de0810e3          	bnez	a6,986e <__adddf3+0x3ec>
    9a92:	050e                	slli	a0,a0,0x3
    9a94:	01d99793          	slli	a5,s3,0x1d
    9a98:	810d                	srli	a0,a0,0x3
    9a9a:	00f56733          	or	a4,a0,a5
    9a9e:	0039d793          	srli	a5,s3,0x3
    9aa2:	b3e1                	j	986a <__adddf3+0x3e8>
    9aa4:	40b805b3          	sub	a1,a6,a1
    9aa8:	413787b3          	sub	a5,a5,s3
    9aac:	00b83833          	sltu	a6,a6,a1
    9ab0:	84ae                	mv	s1,a1
    9ab2:	410789b3          	sub	s3,a5,a6
    9ab6:	8936                	mv	s2,a3
    9ab8:	4405                	li	s0,1
    9aba:	b4bd                	j	9528 <__adddf3+0xa6>
    9abc:	e40702e3          	beqz	a4,9900 <__adddf3+0x47e>
    9ac0:	060e                	slli	a2,a2,0x3
    9ac2:	01d79713          	slli	a4,a5,0x1d
    9ac6:	820d                	srli	a2,a2,0x3
    9ac8:	8f51                	or	a4,a4,a2
    9aca:	838d                	srli	a5,a5,0x3
    9acc:	8936                	mv	s2,a3
    9ace:	b349                	j	9850 <__adddf3+0x3ce>
    9ad0:	00351793          	slli	a5,a0,0x3
    9ad4:	838d                	srli	a5,a5,0x3
    9ad6:	01d99713          	slli	a4,s3,0x1d
    9ada:	8f5d                	or	a4,a4,a5
    9adc:	0039d793          	srli	a5,s3,0x3
    9ae0:	b369                	j	986a <__adddf3+0x3e8>
    9ae2:	00351793          	slli	a5,a0,0x3
    9ae6:	838d                	srli	a5,a5,0x3
    9ae8:	01d99713          	slli	a4,s3,0x1d
    9aec:	8f5d                	or	a4,a4,a5
    9aee:	0039d793          	srli	a5,s3,0x3
    9af2:	bbb9                	j	9850 <__adddf3+0x3ce>
    9af4:	85c2                	mv	a1,a6
    9af6:	89be                	mv	s3,a5
    9af8:	b369                	j	9882 <__adddf3+0x400>
    9afa:	df41                	beqz	a4,9a92 <__adddf3+0x610>
    9afc:	bb8d                	j	986e <__adddf3+0x3ec>
    9afe:	060e                	slli	a2,a2,0x3
    9b00:	01d79713          	slli	a4,a5,0x1d
    9b04:	820d                	srli	a2,a2,0x3
    9b06:	8f51                	or	a4,a4,a2
    9b08:	838d                	srli	a5,a5,0x3
    9b0a:	b399                	j	9850 <__adddf3+0x3ce>
    9b0c:	050e                	slli	a0,a0,0x3
    9b0e:	01d99793          	slli	a5,s3,0x1d
    9b12:	810d                	srli	a0,a0,0x3
    9b14:	00f56733          	or	a4,a0,a5
    9b18:	0039d793          	srli	a5,s3,0x3
    9b1c:	bb15                	j	9850 <__adddf3+0x3ce>
    9b1e:	fe070613          	addi	a2,a4,-32
    9b22:	02000693          	li	a3,32
    9b26:	00c9d633          	srl	a2,s3,a2
    9b2a:	00d70963          	beq	a4,a3,9b3c <__adddf3+0x6ba>
    9b2e:	04000693          	li	a3,64
    9b32:	40e68733          	sub	a4,a3,a4
    9b36:	00e99733          	sll	a4,s3,a4
    9b3a:	8dd9                	or	a1,a1,a4
    9b3c:	00b036b3          	snez	a3,a1
    9b40:	8ed1                	or	a3,a3,a2
    9b42:	b951                	j	97d6 <__adddf3+0x354>
    9b44:	00c4e733          	or	a4,s1,a2
    9b48:	89b2                	mv	s3,a2
    9b4a:	d80718e3          	bnez	a4,98da <__adddf3+0x458>
    9b4e:	bb4d                	j	9900 <__adddf3+0x47e>
    9b50:	060e                	slli	a2,a2,0x3
    9b52:	01d79713          	slli	a4,a5,0x1d
    9b56:	820d                	srli	a2,a2,0x3
    9b58:	8f51                	or	a4,a4,a2
    9b5a:	838d                	srli	a5,a5,0x3
    9b5c:	8936                	mv	s2,a3
    9b5e:	b331                	j	986a <__adddf3+0x3e8>
    9b60:	02000693          	li	a3,32
    9b64:	8e99                	sub	a3,a3,a4
    9b66:	4601                	li	a2,0
    9b68:	b439                	j	9576 <__adddf3+0xf4>

00009b6a <__divdf3>:
    9b6a:	7179                	addi	sp,sp,-48
    9b6c:	0145d793          	srli	a5,a1,0x14
    9b70:	d422                	sw	s0,40(sp)
    9b72:	d226                	sw	s1,36(sp)
    9b74:	d04a                	sw	s2,32(sp)
    9b76:	ca56                	sw	s5,20(sp)
    9b78:	c65e                	sw	s7,12(sp)
    9b7a:	00c59493          	slli	s1,a1,0xc
    9b7e:	d606                	sw	ra,44(sp)
    9b80:	ce4e                	sw	s3,28(sp)
    9b82:	cc52                	sw	s4,24(sp)
    9b84:	c85a                	sw	s6,16(sp)
    9b86:	c462                	sw	s8,8(sp)
    9b88:	7ff7f793          	andi	a5,a5,2047
    9b8c:	842a                	mv	s0,a0
    9b8e:	8bb2                	mv	s7,a2
    9b90:	8936                	mv	s2,a3
    9b92:	80b1                	srli	s1,s1,0xc
    9b94:	01f5da93          	srli	s5,a1,0x1f
    9b98:	10078c63          	beqz	a5,9cb0 <__divdf3+0x146>
    9b9c:	7ff00713          	li	a4,2047
    9ba0:	14e78763          	beq	a5,a4,9cee <__divdf3+0x184>
    9ba4:	048e                	slli	s1,s1,0x3
    9ba6:	01d55b13          	srli	s6,a0,0x1d
    9baa:	009b6b33          	or	s6,s6,s1
    9bae:	00800737          	lui	a4,0x800
    9bb2:	00eb6b33          	or	s6,s6,a4
    9bb6:	00351a13          	slli	s4,a0,0x3
    9bba:	c0178993          	addi	s3,a5,-1023 # 7ffc01 <ch32v20x_wwdg.c.13394d49+0x7e1eac>
    9bbe:	4481                	li	s1,0
    9bc0:	4c01                	li	s8,0
    9bc2:	01495793          	srli	a5,s2,0x14
    9bc6:	00c91413          	slli	s0,s2,0xc
    9bca:	7ff7f793          	andi	a5,a5,2047
    9bce:	8031                	srli	s0,s0,0xc
    9bd0:	01f95913          	srli	s2,s2,0x1f
    9bd4:	c3d5                	beqz	a5,9c78 <__divdf3+0x10e>
    9bd6:	7ff00713          	li	a4,2047
    9bda:	08e78463          	beq	a5,a4,9c62 <__divdf3+0xf8>
    9bde:	040e                	slli	s0,s0,0x3
    9be0:	01dbd713          	srli	a4,s7,0x1d
    9be4:	8f41                	or	a4,a4,s0
    9be6:	c0178793          	addi	a5,a5,-1023
    9bea:	00800437          	lui	s0,0x800
    9bee:	8c59                	or	s0,s0,a4
    9bf0:	003b9893          	slli	a7,s7,0x3
    9bf4:	40f989b3          	sub	s3,s3,a5
    9bf8:	4601                	li	a2,0
    9bfa:	473d                	li	a4,15
    9bfc:	012ac6b3          	xor	a3,s5,s2
    9c00:	18976863          	bltu	a4,s1,9d90 <__divdf3+0x226>
    9c04:	00002717          	auipc	a4,0x2
    9c08:	28c70713          	addi	a4,a4,652 # be90 <g_crc16_tbl+0x200>
    9c0c:	048a                	slli	s1,s1,0x2
    9c0e:	94ba                	add	s1,s1,a4
    9c10:	409c                	lw	a5,0(s1)
    9c12:	97ba                	add	a5,a5,a4
    9c14:	8782                	jr	a5
    9c16:	8f1d                	sub	a4,a4,a5
    9c18:	03800613          	li	a2,56
    9c1c:	40e65c63          	bge	a2,a4,a034 <__divdf3+0x4ca>
    9c20:	4781                	li	a5,0
    9c22:	4601                	li	a2,0
    9c24:	4701                	li	a4,0
    9c26:	50b2                	lw	ra,44(sp)
    9c28:	5422                	lw	s0,40(sp)
    9c2a:	07d2                	slli	a5,a5,0x14
    9c2c:	8fd1                	or	a5,a5,a2
    9c2e:	06fe                	slli	a3,a3,0x1f
    9c30:	8fd5                	or	a5,a5,a3
    9c32:	5492                	lw	s1,36(sp)
    9c34:	5902                	lw	s2,32(sp)
    9c36:	49f2                	lw	s3,28(sp)
    9c38:	4a62                	lw	s4,24(sp)
    9c3a:	4ad2                	lw	s5,20(sp)
    9c3c:	4b42                	lw	s6,16(sp)
    9c3e:	4bb2                	lw	s7,12(sp)
    9c40:	4c22                	lw	s8,8(sp)
    9c42:	853a                	mv	a0,a4
    9c44:	85be                	mv	a1,a5
    9c46:	6145                	addi	sp,sp,48
    9c48:	8082                	ret
    9c4a:	7ff00793          	li	a5,2047
    9c4e:	4601                	li	a2,0
    9c50:	4701                	li	a4,0
    9c52:	bfd1                	j	9c26 <__divdf3+0xbc>
    9c54:	4681                	li	a3,0
    9c56:	7ff00793          	li	a5,2047
    9c5a:	00080637          	lui	a2,0x80
    9c5e:	4701                	li	a4,0
    9c60:	b7d9                	j	9c26 <__divdf3+0xbc>
    9c62:	017468b3          	or	a7,s0,s7
    9c66:	80198993          	addi	s3,s3,-2047
    9c6a:	10089963          	bnez	a7,9d7c <__divdf3+0x212>
    9c6e:	0024e493          	ori	s1,s1,2
    9c72:	4401                	li	s0,0
    9c74:	4609                	li	a2,2
    9c76:	b751                	j	9bfa <__divdf3+0x90>
    9c78:	017468b3          	or	a7,s0,s7
    9c7c:	0e088b63          	beqz	a7,9d72 <__divdf3+0x208>
    9c80:	36040663          	beqz	s0,9fec <__divdf3+0x482>
    9c84:	8522                	mv	a0,s0
    9c86:	053010ef          	jal	ra,b4d8 <__clzsi2>
    9c8a:	87aa                	mv	a5,a0
    9c8c:	ff550693          	addi	a3,a0,-11
    9c90:	4775                	li	a4,29
    9c92:	ff878893          	addi	a7,a5,-8
    9c96:	8f15                	sub	a4,a4,a3
    9c98:	01141433          	sll	s0,s0,a7
    9c9c:	00ebd733          	srl	a4,s7,a4
    9ca0:	8c59                	or	s0,s0,a4
    9ca2:	011b98b3          	sll	a7,s7,a7
    9ca6:	97ce                	add	a5,a5,s3
    9ca8:	3f378993          	addi	s3,a5,1011
    9cac:	4601                	li	a2,0
    9cae:	b7b1                	j	9bfa <__divdf3+0x90>
    9cb0:	00a4eb33          	or	s6,s1,a0
    9cb4:	0c0b0963          	beqz	s6,9d86 <__divdf3+0x21c>
    9cb8:	30048b63          	beqz	s1,9fce <__divdf3+0x464>
    9cbc:	8526                	mv	a0,s1
    9cbe:	01b010ef          	jal	ra,b4d8 <__clzsi2>
    9cc2:	872a                	mv	a4,a0
    9cc4:	ff550693          	addi	a3,a0,-11
    9cc8:	47f5                	li	a5,29
    9cca:	ff870a13          	addi	s4,a4,-8
    9cce:	8f95                	sub	a5,a5,a3
    9cd0:	014494b3          	sll	s1,s1,s4
    9cd4:	00f457b3          	srl	a5,s0,a5
    9cd8:	0097eb33          	or	s6,a5,s1
    9cdc:	01441a33          	sll	s4,s0,s4
    9ce0:	c0d00793          	li	a5,-1011
    9ce4:	40e789b3          	sub	s3,a5,a4
    9ce8:	4481                	li	s1,0
    9cea:	4c01                	li	s8,0
    9cec:	bdd9                	j	9bc2 <__divdf3+0x58>
    9cee:	00a4eb33          	or	s6,s1,a0
    9cf2:	060b1963          	bnez	s6,9d64 <__divdf3+0x1fa>
    9cf6:	4a01                	li	s4,0
    9cf8:	44a1                	li	s1,8
    9cfa:	7ff00993          	li	s3,2047
    9cfe:	4c09                	li	s8,2
    9d00:	b5c9                	j	9bc2 <__divdf3+0x58>
    9d02:	8c32                	mv	s8,a2
    9d04:	4789                	li	a5,2
    9d06:	3efc0263          	beq	s8,a5,a0ea <__divdf3+0x580>
    9d0a:	478d                	li	a5,3
    9d0c:	f4fc04e3          	beq	s8,a5,9c54 <__divdf3+0xea>
    9d10:	4785                	li	a5,1
    9d12:	86ca                	mv	a3,s2
    9d14:	f0fc06e3          	beq	s8,a5,9c20 <__divdf3+0xb6>
    9d18:	3ff98793          	addi	a5,s3,1023
    9d1c:	22f05063          	blez	a5,9f3c <__divdf3+0x3d2>
    9d20:	0078f713          	andi	a4,a7,7
    9d24:	3a071963          	bnez	a4,a0d6 <__divdf3+0x56c>
    9d28:	01000737          	lui	a4,0x1000
    9d2c:	8f61                	and	a4,a4,s0
    9d2e:	c719                	beqz	a4,9d3c <__divdf3+0x1d2>
    9d30:	ff0007b7          	lui	a5,0xff000
    9d34:	17fd                	addi	a5,a5,-1 # feffffff <__freertos_irq_stack_top+0xdeffafff>
    9d36:	8c7d                	and	s0,s0,a5
    9d38:	40098793          	addi	a5,s3,1024
    9d3c:	7fe00713          	li	a4,2046
    9d40:	f0f745e3          	blt	a4,a5,9c4a <__divdf3+0xe0>
    9d44:	0038d893          	srli	a7,a7,0x3
    9d48:	01d41713          	slli	a4,s0,0x1d
    9d4c:	00941613          	slli	a2,s0,0x9
    9d50:	01176733          	or	a4,a4,a7
    9d54:	8231                	srli	a2,a2,0xc
    9d56:	7ff7f793          	andi	a5,a5,2047
    9d5a:	b5f1                	j	9c26 <__divdf3+0xbc>
    9d5c:	8956                	mv	s2,s5
    9d5e:	845a                	mv	s0,s6
    9d60:	88d2                	mv	a7,s4
    9d62:	b74d                	j	9d04 <__divdf3+0x19a>
    9d64:	8b26                	mv	s6,s1
    9d66:	8a2a                	mv	s4,a0
    9d68:	44b1                	li	s1,12
    9d6a:	7ff00993          	li	s3,2047
    9d6e:	4c0d                	li	s8,3
    9d70:	bd89                	j	9bc2 <__divdf3+0x58>
    9d72:	0014e493          	ori	s1,s1,1
    9d76:	4401                	li	s0,0
    9d78:	4605                	li	a2,1
    9d7a:	b541                	j	9bfa <__divdf3+0x90>
    9d7c:	0034e493          	ori	s1,s1,3
    9d80:	88de                	mv	a7,s7
    9d82:	460d                	li	a2,3
    9d84:	bd9d                	j	9bfa <__divdf3+0x90>
    9d86:	4a01                	li	s4,0
    9d88:	4491                	li	s1,4
    9d8a:	4981                	li	s3,0
    9d8c:	4c05                	li	s8,1
    9d8e:	bd15                	j	9bc2 <__divdf3+0x58>
    9d90:	23646563          	bltu	s0,s6,9fba <__divdf3+0x450>
    9d94:	228b0163          	beq	s6,s0,9fb6 <__divdf3+0x44c>
    9d98:	8352                	mv	t1,s4
    9d9a:	19fd                	addi	s3,s3,-1
    9d9c:	87da                	mv	a5,s6
    9d9e:	4a01                	li	s4,0
    9da0:	00841713          	slli	a4,s0,0x8
    9da4:	01075513          	srli	a0,a4,0x10
    9da8:	02a7d433          	divu	s0,a5,a0
    9dac:	0188d613          	srli	a2,a7,0x18
    9db0:	8e59                	or	a2,a2,a4
    9db2:	01061813          	slli	a6,a2,0x10
    9db6:	01085813          	srli	a6,a6,0x10
    9dba:	00889593          	slli	a1,a7,0x8
    9dbe:	01035713          	srli	a4,t1,0x10
    9dc2:	02a7f7b3          	remu	a5,a5,a0
    9dc6:	028808b3          	mul	a7,a6,s0
    9dca:	07c2                	slli	a5,a5,0x10
    9dcc:	8fd9                	or	a5,a5,a4
    9dce:	0117f863          	bgeu	a5,a7,9dde <__divdf3+0x274>
    9dd2:	97b2                	add	a5,a5,a2
    9dd4:	fff40713          	addi	a4,s0,-1 # 7fffff <ch32v20x_wwdg.c.13394d49+0x7e22aa>
    9dd8:	24c7f963          	bgeu	a5,a2,a02a <__divdf3+0x4c0>
    9ddc:	843a                	mv	s0,a4
    9dde:	411787b3          	sub	a5,a5,a7
    9de2:	02a7d8b3          	divu	a7,a5,a0
    9de6:	01031713          	slli	a4,t1,0x10
    9dea:	8341                	srli	a4,a4,0x10
    9dec:	02a7f7b3          	remu	a5,a5,a0
    9df0:	03180fb3          	mul	t6,a6,a7
    9df4:	07c2                	slli	a5,a5,0x10
    9df6:	8f5d                	or	a4,a4,a5
    9df8:	01f77863          	bgeu	a4,t6,9e08 <__divdf3+0x29e>
    9dfc:	9732                	add	a4,a4,a2
    9dfe:	fff88793          	addi	a5,a7,-1
    9e02:	20c77f63          	bgeu	a4,a2,a020 <__divdf3+0x4b6>
    9e06:	88be                	mv	a7,a5
    9e08:	0442                	slli	s0,s0,0x10
    9e0a:	62c1                	lui	t0,0x10
    9e0c:	01146433          	or	s0,s0,a7
    9e10:	fff28313          	addi	t1,t0,-1 # ffff <MC_PULL_calibration.cpp.947435e8+0x735>
    9e14:	006478b3          	and	a7,s0,t1
    9e18:	01045e93          	srli	t4,s0,0x10
    9e1c:	0105de13          	srli	t3,a1,0x10
    9e20:	0065f333          	and	t1,a1,t1
    9e24:	03130f33          	mul	t5,t1,a7
    9e28:	41f70733          	sub	a4,a4,t6
    9e2c:	031e08b3          	mul	a7,t3,a7
    9e30:	010f5793          	srli	a5,t5,0x10
    9e34:	026e8fb3          	mul	t6,t4,t1
    9e38:	98fe                	add	a7,a7,t6
    9e3a:	97c6                	add	a5,a5,a7
    9e3c:	03ce8eb3          	mul	t4,t4,t3
    9e40:	01f7f363          	bgeu	a5,t6,9e46 <__divdf3+0x2dc>
    9e44:	9e96                	add	t4,t4,t0
    9e46:	6fc1                	lui	t6,0x10
    9e48:	1ffd                	addi	t6,t6,-1 # ffff <MC_PULL_calibration.cpp.947435e8+0x735>
    9e4a:	0107d893          	srli	a7,a5,0x10
    9e4e:	01f7f7b3          	and	a5,a5,t6
    9e52:	07c2                	slli	a5,a5,0x10
    9e54:	01ff7f33          	and	t5,t5,t6
    9e58:	98f6                	add	a7,a7,t4
    9e5a:	97fa                	add	a5,a5,t5
    9e5c:	13176b63          	bltu	a4,a7,9f92 <__divdf3+0x428>
    9e60:	13170763          	beq	a4,a7,9f8e <__divdf3+0x424>
    9e64:	40fa07b3          	sub	a5,s4,a5
    9e68:	41170733          	sub	a4,a4,a7
    9e6c:	00fa3a33          	sltu	s4,s4,a5
    9e70:	41470733          	sub	a4,a4,s4
    9e74:	24e60363          	beq	a2,a4,a0ba <__divdf3+0x550>
    9e78:	02a758b3          	divu	a7,a4,a0
    9e7c:	0107de93          	srli	t4,a5,0x10
    9e80:	02a77733          	remu	a4,a4,a0
    9e84:	03180f33          	mul	t5,a6,a7
    9e88:	0742                	slli	a4,a4,0x10
    9e8a:	00eee733          	or	a4,t4,a4
    9e8e:	01e77b63          	bgeu	a4,t5,9ea4 <__divdf3+0x33a>
    9e92:	9732                	add	a4,a4,a2
    9e94:	fff88e93          	addi	t4,a7,-1
    9e98:	24c76763          	bltu	a4,a2,a0e6 <__divdf3+0x57c>
    9e9c:	25e77563          	bgeu	a4,t5,a0e6 <__divdf3+0x57c>
    9ea0:	18f9                	addi	a7,a7,-2
    9ea2:	9732                	add	a4,a4,a2
    9ea4:	41e70733          	sub	a4,a4,t5
    9ea8:	02a75eb3          	divu	t4,a4,a0
    9eac:	07c2                	slli	a5,a5,0x10
    9eae:	83c1                	srli	a5,a5,0x10
    9eb0:	02a77733          	remu	a4,a4,a0
    9eb4:	03d80833          	mul	a6,a6,t4
    9eb8:	0742                	slli	a4,a4,0x10
    9eba:	8fd9                	or	a5,a5,a4
    9ebc:	0107fb63          	bgeu	a5,a6,9ed2 <__divdf3+0x368>
    9ec0:	97b2                	add	a5,a5,a2
    9ec2:	fffe8713          	addi	a4,t4,-1
    9ec6:	20c7ee63          	bltu	a5,a2,a0e2 <__divdf3+0x578>
    9eca:	2107fc63          	bgeu	a5,a6,a0e2 <__divdf3+0x578>
    9ece:	1ef9                	addi	t4,t4,-2
    9ed0:	97b2                	add	a5,a5,a2
    9ed2:	08c2                	slli	a7,a7,0x10
    9ed4:	01d8e8b3          	or	a7,a7,t4
    9ed8:	01089513          	slli	a0,a7,0x10
    9edc:	0108df13          	srli	t5,a7,0x10
    9ee0:	8141                	srli	a0,a0,0x10
    9ee2:	02650eb3          	mul	t4,a0,t1
    9ee6:	410787b3          	sub	a5,a5,a6
    9eea:	02ae0533          	mul	a0,t3,a0
    9eee:	010ed713          	srli	a4,t4,0x10
    9ef2:	026f0333          	mul	t1,t5,t1
    9ef6:	951a                	add	a0,a0,t1
    9ef8:	972a                	add	a4,a4,a0
    9efa:	03ee0e33          	mul	t3,t3,t5
    9efe:	00677463          	bgeu	a4,t1,9f06 <__divdf3+0x39c>
    9f02:	6541                	lui	a0,0x10
    9f04:	9e2a                	add	t3,t3,a0
    9f06:	6841                	lui	a6,0x10
    9f08:	187d                	addi	a6,a6,-1 # ffff <MC_PULL_calibration.cpp.947435e8+0x735>
    9f0a:	01075513          	srli	a0,a4,0x10
    9f0e:	01077733          	and	a4,a4,a6
    9f12:	0742                	slli	a4,a4,0x10
    9f14:	010efeb3          	and	t4,t4,a6
    9f18:	9572                	add	a0,a0,t3
    9f1a:	9776                	add	a4,a4,t4
    9f1c:	0ea7f763          	bgeu	a5,a0,a00a <__divdf3+0x4a0>
    9f20:	97b2                	add	a5,a5,a2
    9f22:	fff88313          	addi	t1,a7,-1
    9f26:	883e                	mv	a6,a5
    9f28:	16c7e763          	bltu	a5,a2,a096 <__divdf3+0x52c>
    9f2c:	1ca7e563          	bltu	a5,a0,a0f6 <__divdf3+0x58c>
    9f30:	1ca78e63          	beq	a5,a0,a10c <__divdf3+0x5a2>
    9f34:	889a                	mv	a7,t1
    9f36:	0018e893          	ori	a7,a7,1
    9f3a:	bbf9                	j	9d18 <__divdf3+0x1ae>
    9f3c:	4705                	li	a4,1
    9f3e:	cc079ce3          	bnez	a5,9c16 <__divdf3+0xac>
    9f42:	41e98793          	addi	a5,s3,1054
    9f46:	00f89633          	sll	a2,a7,a5
    9f4a:	00c03633          	snez	a2,a2
    9f4e:	00f417b3          	sll	a5,s0,a5
    9f52:	8fd1                	or	a5,a5,a2
    9f54:	00e8d8b3          	srl	a7,a7,a4
    9f58:	00f8e8b3          	or	a7,a7,a5
    9f5c:	0078f793          	andi	a5,a7,7
    9f60:	00e45433          	srl	s0,s0,a4
    9f64:	cf81                	beqz	a5,9f7c <__divdf3+0x412>
    9f66:	00f8f793          	andi	a5,a7,15
    9f6a:	4711                	li	a4,4
    9f6c:	00e78863          	beq	a5,a4,9f7c <__divdf3+0x412>
    9f70:	00488793          	addi	a5,a7,4
    9f74:	0117b8b3          	sltu	a7,a5,a7
    9f78:	9446                	add	s0,s0,a7
    9f7a:	88be                	mv	a7,a5
    9f7c:	008005b7          	lui	a1,0x800
    9f80:	8de1                	and	a1,a1,s0
    9f82:	4785                	li	a5,1
    9f84:	4601                	li	a2,0
    9f86:	4701                	li	a4,0
    9f88:	c8059fe3          	bnez	a1,9c26 <__divdf3+0xbc>
    9f8c:	a8d5                	j	a080 <__divdf3+0x516>
    9f8e:	ecfa7be3          	bgeu	s4,a5,9e64 <__divdf3+0x2fa>
    9f92:	00ba0eb3          	add	t4,s4,a1
    9f96:	014ebf33          	sltu	t5,t4,s4
    9f9a:	00cf0fb3          	add	t6,t5,a2
    9f9e:	977e                	add	a4,a4,t6
    9fa0:	8a76                	mv	s4,t4
    9fa2:	fff40f93          	addi	t6,s0,-1
    9fa6:	06e67763          	bgeu	a2,a4,a014 <__divdf3+0x4aa>
    9faa:	11176063          	bltu	a4,a7,a0aa <__divdf3+0x540>
    9fae:	0ee88c63          	beq	a7,a4,a0a6 <__divdf3+0x53c>
    9fb2:	847e                	mv	s0,t6
    9fb4:	bd45                	j	9e64 <__divdf3+0x2fa>
    9fb6:	df1a61e3          	bltu	s4,a7,9d98 <__divdf3+0x22e>
    9fba:	001a5713          	srli	a4,s4,0x1
    9fbe:	01fb1313          	slli	t1,s6,0x1f
    9fc2:	001b5793          	srli	a5,s6,0x1
    9fc6:	00e36333          	or	t1,t1,a4
    9fca:	0a7e                	slli	s4,s4,0x1f
    9fcc:	bbd1                	j	9da0 <__divdf3+0x236>
    9fce:	50a010ef          	jal	ra,b4d8 <__clzsi2>
    9fd2:	01550693          	addi	a3,a0,21 # 10015 <MC_PULL_calibration.cpp.947435e8+0x74b>
    9fd6:	47f1                	li	a5,28
    9fd8:	02050713          	addi	a4,a0,32
    9fdc:	ced7d6e3          	bge	a5,a3,9cc8 <__divdf3+0x15e>
    9fe0:	ff850793          	addi	a5,a0,-8
    9fe4:	00f41b33          	sll	s6,s0,a5
    9fe8:	4a01                	li	s4,0
    9fea:	b9dd                	j	9ce0 <__divdf3+0x176>
    9fec:	855e                	mv	a0,s7
    9fee:	4ea010ef          	jal	ra,b4d8 <__clzsi2>
    9ff2:	01550693          	addi	a3,a0,21
    9ff6:	4771                	li	a4,28
    9ff8:	02050793          	addi	a5,a0,32
    9ffc:	c8d75ae3          	bge	a4,a3,9c90 <__divdf3+0x126>
    a000:	1561                	addi	a0,a0,-8
    a002:	4881                	li	a7,0
    a004:	00ab9433          	sll	s0,s7,a0
    a008:	b979                	j	9ca6 <__divdf3+0x13c>
    a00a:	f2a796e3          	bne	a5,a0,9f36 <__divdf3+0x3cc>
    a00e:	d00705e3          	beqz	a4,9d18 <__divdf3+0x1ae>
    a012:	b739                	j	9f20 <__divdf3+0x3b6>
    a014:	f8e61fe3          	bne	a2,a4,9fb2 <__divdf3+0x448>
    a018:	f80f09e3          	beqz	t5,9faa <__divdf3+0x440>
    a01c:	847e                	mv	s0,t6
    a01e:	b599                	j	9e64 <__divdf3+0x2fa>
    a020:	dff773e3          	bgeu	a4,t6,9e06 <__divdf3+0x29c>
    a024:	18f9                	addi	a7,a7,-2
    a026:	9732                	add	a4,a4,a2
    a028:	b3c5                	j	9e08 <__divdf3+0x29e>
    a02a:	db17f9e3          	bgeu	a5,a7,9ddc <__divdf3+0x272>
    a02e:	1479                	addi	s0,s0,-2
    a030:	97b2                	add	a5,a5,a2
    a032:	b375                	j	9dde <__divdf3+0x274>
    a034:	467d                	li	a2,31
    a036:	f0e656e3          	bge	a2,a4,9f42 <__divdf3+0x3d8>
    a03a:	5605                	li	a2,-31
    a03c:	8e1d                	sub	a2,a2,a5
    a03e:	02000793          	li	a5,32
    a042:	00c45633          	srl	a2,s0,a2
    a046:	00f70863          	beq	a4,a5,a056 <__divdf3+0x4ec>
    a04a:	43e98793          	addi	a5,s3,1086
    a04e:	00f417b3          	sll	a5,s0,a5
    a052:	00f8e8b3          	or	a7,a7,a5
    a056:	011038b3          	snez	a7,a7
    a05a:	00c8e8b3          	or	a7,a7,a2
    a05e:	0078f713          	andi	a4,a7,7
    a062:	4601                	li	a2,0
    a064:	c31d                	beqz	a4,a08a <__divdf3+0x520>
    a066:	00f8f793          	andi	a5,a7,15
    a06a:	4711                	li	a4,4
    a06c:	4401                	li	s0,0
    a06e:	00e78963          	beq	a5,a4,a080 <__divdf3+0x516>
    a072:	00488793          	addi	a5,a7,4
    a076:	0117b8b3          	sltu	a7,a5,a7
    a07a:	01103433          	snez	s0,a7
    a07e:	88be                	mv	a7,a5
    a080:	00941613          	slli	a2,s0,0x9
    a084:	01d41713          	slli	a4,s0,0x1d
    a088:	8231                	srli	a2,a2,0xc
    a08a:	0038d893          	srli	a7,a7,0x3
    a08e:	00e8e733          	or	a4,a7,a4
    a092:	4781                	li	a5,0
    a094:	be49                	j	9c26 <__divdf3+0xbc>
    a096:	889a                	mv	a7,t1
    a098:	e8a81fe3          	bne	a6,a0,9f36 <__divdf3+0x3cc>
    a09c:	c6b70ee3          	beq	a4,a1,9d18 <__divdf3+0x1ae>
    a0a0:	0018e893          	ori	a7,a7,1
    a0a4:	b995                	j	9d18 <__divdf3+0x1ae>
    a0a6:	f0fef6e3          	bgeu	t4,a5,9fb2 <__divdf3+0x448>
    a0aa:	9eae                	add	t4,t4,a1
    a0ac:	00bebf33          	sltu	t5,t4,a1
    a0b0:	9f32                	add	t5,t5,a2
    a0b2:	1479                	addi	s0,s0,-2
    a0b4:	8a76                	mv	s4,t4
    a0b6:	977a                	add	a4,a4,t5
    a0b8:	b375                	j	9e64 <__divdf3+0x2fa>
    a0ba:	c0200713          	li	a4,-1022
    a0be:	3ff98793          	addi	a5,s3,1023
    a0c2:	58fd                	li	a7,-1
    a0c4:	e6e9cce3          	blt	s3,a4,9f3c <__divdf3+0x3d2>
    a0c8:	00488713          	addi	a4,a7,4
    a0cc:	011738b3          	sltu	a7,a4,a7
    a0d0:	9446                	add	s0,s0,a7
    a0d2:	88ba                	mv	a7,a4
    a0d4:	b991                	j	9d28 <__divdf3+0x1be>
    a0d6:	00f8f713          	andi	a4,a7,15
    a0da:	4611                	li	a2,4
    a0dc:	c4c706e3          	beq	a4,a2,9d28 <__divdf3+0x1be>
    a0e0:	b7e5                	j	a0c8 <__divdf3+0x55e>
    a0e2:	8eba                	mv	t4,a4
    a0e4:	b3fd                	j	9ed2 <__divdf3+0x368>
    a0e6:	88f6                	mv	a7,t4
    a0e8:	bb75                	j	9ea4 <__divdf3+0x33a>
    a0ea:	86ca                	mv	a3,s2
    a0ec:	7ff00793          	li	a5,2047
    a0f0:	4601                	li	a2,0
    a0f2:	4701                	li	a4,0
    a0f4:	be0d                	j	9c26 <__divdf3+0xbc>
    a0f6:	00159313          	slli	t1,a1,0x1
    a0fa:	00b33833          	sltu	a6,t1,a1
    a0fe:	9832                	add	a6,a6,a2
    a100:	983e                	add	a6,a6,a5
    a102:	18f9                	addi	a7,a7,-2
    a104:	859a                	mv	a1,t1
    a106:	f8a80be3          	beq	a6,a0,a09c <__divdf3+0x532>
    a10a:	b535                	j	9f36 <__divdf3+0x3cc>
    a10c:	fee5e5e3          	bltu	a1,a4,a0f6 <__divdf3+0x58c>
    a110:	889a                	mv	a7,t1
    a112:	f8b717e3          	bne	a4,a1,a0a0 <__divdf3+0x536>
    a116:	b109                	j	9d18 <__divdf3+0x1ae>

0000a118 <__addsf3>:
    a118:	00800737          	lui	a4,0x800
    a11c:	1141                	addi	sp,sp,-16
    a11e:	177d                	addi	a4,a4,-1 # 7fffff <ch32v20x_wwdg.c.13394d49+0x7e22aa>
    a120:	01755693          	srli	a3,a0,0x17
    a124:	0175d613          	srli	a2,a1,0x17
    a128:	00a777b3          	and	a5,a4,a0
    a12c:	c226                	sw	s1,4(sp)
    a12e:	8f6d                	and	a4,a4,a1
    a130:	c04a                	sw	s2,0(sp)
    a132:	0ff67613          	zext.b	a2,a2
    a136:	0ff6f913          	zext.b	s2,a3
    a13a:	c606                	sw	ra,12(sp)
    a13c:	c422                	sw	s0,8(sp)
    a13e:	01f55493          	srli	s1,a0,0x1f
    a142:	81fd                	srli	a1,a1,0x1f
    a144:	078e                	slli	a5,a5,0x3
    a146:	070e                	slli	a4,a4,0x3
    a148:	40c906b3          	sub	a3,s2,a2
    a14c:	04b48163          	beq	s1,a1,a18e <__addsf3+0x76>
    a150:	00d05f63          	blez	a3,a16e <__addsf3+0x56>
    a154:	ee31                	bnez	a2,a1b0 <__addsf3+0x98>
    a156:	12070163          	beqz	a4,a278 <__addsf3+0x160>
    a15a:	fff68613          	addi	a2,a3,-1
    a15e:	2a060e63          	beqz	a2,a41a <__addsf3+0x302>
    a162:	0ff00593          	li	a1,255
    a166:	16b68b63          	beq	a3,a1,a2dc <__addsf3+0x1c4>
    a16a:	86b2                	mv	a3,a2
    a16c:	a889                	j	a1be <__addsf3+0xa6>
    a16e:	c2f1                	beqz	a3,a232 <__addsf3+0x11a>
    a170:	412606b3          	sub	a3,a2,s2
    a174:	1c091c63          	bnez	s2,a34c <__addsf3+0x234>
    a178:	cff5                	beqz	a5,a274 <__addsf3+0x15c>
    a17a:	fff68513          	addi	a0,a3,-1
    a17e:	2c050963          	beqz	a0,a450 <__addsf3+0x338>
    a182:	0ff00813          	li	a6,255
    a186:	15068963          	beq	a3,a6,a2d8 <__addsf3+0x1c0>
    a18a:	86aa                	mv	a3,a0
    a18c:	a2f9                	j	a35a <__addsf3+0x242>
    a18e:	8826                	mv	a6,s1
    a190:	14d05863          	blez	a3,a2e0 <__addsf3+0x1c8>
    a194:	c669                	beqz	a2,a25e <__addsf3+0x146>
    a196:	0ff00613          	li	a2,255
    a19a:	14c90163          	beq	s2,a2,a2dc <__addsf3+0x1c4>
    a19e:	04000637          	lui	a2,0x4000
    a1a2:	8f51                	or	a4,a4,a2
    a1a4:	466d                	li	a2,27
    a1a6:	1ed65963          	bge	a2,a3,a398 <__addsf3+0x280>
    a1aa:	0785                	addi	a5,a5,1
    a1ac:	86ca                	mv	a3,s2
    a1ae:	a089                	j	a1f0 <__addsf3+0xd8>
    a1b0:	0ff00613          	li	a2,255
    a1b4:	12c90463          	beq	s2,a2,a2dc <__addsf3+0x1c4>
    a1b8:	04000637          	lui	a2,0x4000
    a1bc:	8f51                	or	a4,a4,a2
    a1be:	45ed                	li	a1,27
    a1c0:	4605                	li	a2,1
    a1c2:	00d5cd63          	blt	a1,a3,a1dc <__addsf3+0xc4>
    a1c6:	02000613          	li	a2,32
    a1ca:	8e15                	sub	a2,a2,a3
    a1cc:	00c71633          	sll	a2,a4,a2
    a1d0:	00d756b3          	srl	a3,a4,a3
    a1d4:	00c03733          	snez	a4,a2
    a1d8:	00e6e633          	or	a2,a3,a4
    a1dc:	8f91                	sub	a5,a5,a2
    a1de:	04000737          	lui	a4,0x4000
    a1e2:	00e7f6b3          	and	a3,a5,a4
    a1e6:	eacd                	bnez	a3,a298 <__addsf3+0x180>
    a1e8:	0077f713          	andi	a4,a5,7
    a1ec:	86ca                	mv	a3,s2
    a1ee:	c749                	beqz	a4,a278 <__addsf3+0x160>
    a1f0:	00f7f713          	andi	a4,a5,15
    a1f4:	4611                	li	a2,4
    a1f6:	00c70363          	beq	a4,a2,a1fc <__addsf3+0xe4>
    a1fa:	0791                	addi	a5,a5,4
    a1fc:	04000737          	lui	a4,0x4000
    a200:	8f7d                	and	a4,a4,a5
    a202:	cb3d                	beqz	a4,a278 <__addsf3+0x160>
    a204:	00168513          	addi	a0,a3,1
    a208:	0ff00713          	li	a4,255
    a20c:	8826                	mv	a6,s1
    a20e:	08e50163          	beq	a0,a4,a290 <__addsf3+0x178>
    a212:	00679713          	slli	a4,a5,0x6
    a216:	0ff57513          	zext.b	a0,a0
    a21a:	8325                	srli	a4,a4,0x9
    a21c:	40b2                	lw	ra,12(sp)
    a21e:	4422                	lw	s0,8(sp)
    a220:	055e                	slli	a0,a0,0x17
    a222:	8d59                	or	a0,a0,a4
    a224:	01f81793          	slli	a5,a6,0x1f
    a228:	4492                	lw	s1,4(sp)
    a22a:	4902                	lw	s2,0(sp)
    a22c:	8d5d                	or	a0,a0,a5
    a22e:	0141                	addi	sp,sp,16
    a230:	8082                	ret
    a232:	00190613          	addi	a2,s2,1
    a236:	0fe67613          	andi	a2,a2,254
    a23a:	14061463          	bnez	a2,a382 <__addsf3+0x26a>
    a23e:	08091a63          	bnez	s2,a2d2 <__addsf3+0x1ba>
    a242:	20078363          	beqz	a5,a448 <__addsf3+0x330>
    a246:	cb75                	beqz	a4,a33a <__addsf3+0x222>
    a248:	40e78533          	sub	a0,a5,a4
    a24c:	04000637          	lui	a2,0x4000
    a250:	8e69                	and	a2,a2,a0
    a252:	22060363          	beqz	a2,a478 <__addsf3+0x360>
    a256:	40f707b3          	sub	a5,a4,a5
    a25a:	84ae                	mv	s1,a1
    a25c:	a0bd                	j	a2ca <__addsf3+0x1b2>
    a25e:	cf09                	beqz	a4,a278 <__addsf3+0x160>
    a260:	fff68613          	addi	a2,a3,-1
    a264:	1a060363          	beqz	a2,a40a <__addsf3+0x2f2>
    a268:	0ff00593          	li	a1,255
    a26c:	06b68863          	beq	a3,a1,a2dc <__addsf3+0x1c4>
    a270:	86b2                	mv	a3,a2
    a272:	bf0d                	j	a1a4 <__addsf3+0x8c>
    a274:	84ae                	mv	s1,a1
    a276:	87ba                	mv	a5,a4
    a278:	0ff00713          	li	a4,255
    a27c:	838d                	srli	a5,a5,0x3
    a27e:	0ce69063          	bne	a3,a4,a33e <__addsf3+0x226>
    a282:	cfc1                	beqz	a5,a31a <__addsf3+0x202>
    a284:	4801                	li	a6,0
    a286:	0ff00513          	li	a0,255
    a28a:	00400737          	lui	a4,0x400
    a28e:	b779                	j	a21c <__addsf3+0x104>
    a290:	0ff00513          	li	a0,255
    a294:	4701                	li	a4,0
    a296:	b759                	j	a21c <__addsf3+0x104>
    a298:	177d                	addi	a4,a4,-1 # 3fffff <ch32v20x_wwdg.c.13394d49+0x3e22aa>
    a29a:	00e7f433          	and	s0,a5,a4
    a29e:	8522                	mv	a0,s0
    a2a0:	238010ef          	jal	ra,b4d8 <__clzsi2>
    a2a4:	156d                	addi	a0,a0,-5
    a2a6:	00a41433          	sll	s0,s0,a0
    a2aa:	07254163          	blt	a0,s2,a30c <__addsf3+0x1f4>
    a2ae:	412506b3          	sub	a3,a0,s2
    a2b2:	0685                	addi	a3,a3,1
    a2b4:	02000793          	li	a5,32
    a2b8:	8f95                	sub	a5,a5,a3
    a2ba:	00f417b3          	sll	a5,s0,a5
    a2be:	00f037b3          	snez	a5,a5
    a2c2:	00d45433          	srl	s0,s0,a3
    a2c6:	8fc1                	or	a5,a5,s0
    a2c8:	4681                	li	a3,0
    a2ca:	0077f713          	andi	a4,a5,7
    a2ce:	f30d                	bnez	a4,a1f0 <__addsf3+0xd8>
    a2d0:	b735                	j	a1fc <__addsf3+0xe4>
    a2d2:	14079963          	bnez	a5,a424 <__addsf3+0x30c>
    a2d6:	d75d                	beqz	a4,a284 <__addsf3+0x16c>
    a2d8:	84ae                	mv	s1,a1
    a2da:	87ba                	mv	a5,a4
    a2dc:	838d                	srli	a5,a5,0x3
    a2de:	b755                	j	a282 <__addsf3+0x16a>
    a2e0:	c2b1                	beqz	a3,a324 <__addsf3+0x20c>
    a2e2:	412606b3          	sub	a3,a2,s2
    a2e6:	0e091963          	bnez	s2,a3d8 <__addsf3+0x2c0>
    a2ea:	d7d1                	beqz	a5,a276 <__addsf3+0x15e>
    a2ec:	fff68593          	addi	a1,a3,-1
    a2f0:	10058d63          	beqz	a1,a40a <__addsf3+0x2f2>
    a2f4:	0ff00513          	li	a0,255
    a2f8:	fea681e3          	beq	a3,a0,a2da <__addsf3+0x1c2>
    a2fc:	86ae                	mv	a3,a1
    a2fe:	45ed                	li	a1,27
    a300:	12d5d663          	bge	a1,a3,a42c <__addsf3+0x314>
    a304:	00170793          	addi	a5,a4,1
    a308:	86b2                	mv	a3,a2
    a30a:	b5dd                	j	a1f0 <__addsf3+0xd8>
    a30c:	fc0007b7          	lui	a5,0xfc000
    a310:	17fd                	addi	a5,a5,-1 # fbffffff <__freertos_irq_stack_top+0xdbffafff>
    a312:	40a906b3          	sub	a3,s2,a0
    a316:	8fe1                	and	a5,a5,s0
    a318:	bf4d                	j	a2ca <__addsf3+0x1b2>
    a31a:	8826                	mv	a6,s1
    a31c:	0ff00513          	li	a0,255
    a320:	4701                	li	a4,0
    a322:	bded                	j	a21c <__addsf3+0x104>
    a324:	00190693          	addi	a3,s2,1
    a328:	0fe6f613          	andi	a2,a3,254
    a32c:	ee55                	bnez	a2,a3e8 <__addsf3+0x2d0>
    a32e:	0e091963          	bnez	s2,a420 <__addsf3+0x308>
    a332:	12078463          	beqz	a5,a45a <__addsf3+0x342>
    a336:	12071463          	bnez	a4,a45e <__addsf3+0x346>
    a33a:	838d                	srli	a5,a5,0x3
    a33c:	4681                	li	a3,0
    a33e:	07a6                	slli	a5,a5,0x9
    a340:	0097d713          	srli	a4,a5,0x9
    a344:	0ff6f513          	zext.b	a0,a3
    a348:	8826                	mv	a6,s1
    a34a:	bdc9                	j	a21c <__addsf3+0x104>
    a34c:	0ff00513          	li	a0,255
    a350:	f8a604e3          	beq	a2,a0,a2d8 <__addsf3+0x1c0>
    a354:	04000537          	lui	a0,0x4000
    a358:	8fc9                	or	a5,a5,a0
    a35a:	486d                	li	a6,27
    a35c:	4505                	li	a0,1
    a35e:	00d84d63          	blt	a6,a3,a378 <__addsf3+0x260>
    a362:	02000513          	li	a0,32
    a366:	8d15                	sub	a0,a0,a3
    a368:	00a79533          	sll	a0,a5,a0
    a36c:	00d7d6b3          	srl	a3,a5,a3
    a370:	00a037b3          	snez	a5,a0
    a374:	00f6e533          	or	a0,a3,a5
    a378:	40a707b3          	sub	a5,a4,a0
    a37c:	8932                	mv	s2,a2
    a37e:	84ae                	mv	s1,a1
    a380:	bdb9                	j	a1de <__addsf3+0xc6>
    a382:	40e78433          	sub	s0,a5,a4
    a386:	040006b7          	lui	a3,0x4000
    a38a:	8ee1                	and	a3,a3,s0
    a38c:	eabd                	bnez	a3,a402 <__addsf3+0x2ea>
    a38e:	f801                	bnez	s0,a29e <__addsf3+0x186>
    a390:	4801                	li	a6,0
    a392:	4501                	li	a0,0
    a394:	4701                	li	a4,0
    a396:	b559                	j	a21c <__addsf3+0x104>
    a398:	02000613          	li	a2,32
    a39c:	8e15                	sub	a2,a2,a3
    a39e:	00c71633          	sll	a2,a4,a2
    a3a2:	00d75733          	srl	a4,a4,a3
    a3a6:	00c036b3          	snez	a3,a2
    a3aa:	8f55                	or	a4,a4,a3
    a3ac:	97ba                	add	a5,a5,a4
    a3ae:	04000737          	lui	a4,0x4000
    a3b2:	8f7d                	and	a4,a4,a5
    a3b4:	e2070ae3          	beqz	a4,a1e8 <__addsf3+0xd0>
    a3b8:	00190693          	addi	a3,s2,1
    a3bc:	0ff00513          	li	a0,255
    a3c0:	4701                	li	a4,0
    a3c2:	e4a68de3          	beq	a3,a0,a21c <__addsf3+0x104>
    a3c6:	7e000637          	lui	a2,0x7e000
    a3ca:	0017d713          	srli	a4,a5,0x1
    a3ce:	167d                	addi	a2,a2,-1 # 7dffffff <__freertos_irq_stack_top+0x5dffafff>
    a3d0:	8b85                	andi	a5,a5,1
    a3d2:	8f71                	and	a4,a4,a2
    a3d4:	8fd9                	or	a5,a5,a4
    a3d6:	bdd5                	j	a2ca <__addsf3+0x1b2>
    a3d8:	0ff00593          	li	a1,255
    a3dc:	eeb60fe3          	beq	a2,a1,a2da <__addsf3+0x1c2>
    a3e0:	040005b7          	lui	a1,0x4000
    a3e4:	8fcd                	or	a5,a5,a1
    a3e6:	bf21                	j	a2fe <__addsf3+0x1e6>
    a3e8:	0ff00613          	li	a2,255
    a3ec:	eac682e3          	beq	a3,a2,a290 <__addsf3+0x178>
    a3f0:	973e                	add	a4,a4,a5
    a3f2:	00175793          	srli	a5,a4,0x1
    a3f6:	0077f613          	andi	a2,a5,7
    a3fa:	de061be3          	bnez	a2,a1f0 <__addsf3+0xd8>
    a3fe:	838d                	srli	a5,a5,0x3
    a400:	bf3d                	j	a33e <__addsf3+0x226>
    a402:	40f70433          	sub	s0,a4,a5
    a406:	84ae                	mv	s1,a1
    a408:	bd59                	j	a29e <__addsf3+0x186>
    a40a:	97ba                	add	a5,a5,a4
    a40c:	04000737          	lui	a4,0x4000
    a410:	8f7d                	and	a4,a4,a5
    a412:	4689                	li	a3,2
    a414:	4905                	li	s2,1
    a416:	fb45                	bnez	a4,a3c6 <__addsf3+0x2ae>
    a418:	bbc1                	j	a1e8 <__addsf3+0xd0>
    a41a:	8f99                	sub	a5,a5,a4
    a41c:	4905                	li	s2,1
    a41e:	b3c1                	j	a1de <__addsf3+0xc6>
    a420:	ea078de3          	beqz	a5,a2da <__addsf3+0x1c2>
    a424:	e60710e3          	bnez	a4,a284 <__addsf3+0x16c>
    a428:	838d                	srli	a5,a5,0x3
    a42a:	bda1                	j	a282 <__addsf3+0x16a>
    a42c:	02000593          	li	a1,32
    a430:	8d95                	sub	a1,a1,a3
    a432:	00b795b3          	sll	a1,a5,a1
    a436:	00d7d6b3          	srl	a3,a5,a3
    a43a:	00b037b3          	snez	a5,a1
    a43e:	8edd                	or	a3,a3,a5
    a440:	00e687b3          	add	a5,a3,a4
    a444:	8932                	mv	s2,a2
    a446:	b7a5                	j	a3ae <__addsf3+0x296>
    a448:	d721                	beqz	a4,a390 <__addsf3+0x278>
    a44a:	84ae                	mv	s1,a1
    a44c:	87ba                	mv	a5,a4
    a44e:	b5f5                	j	a33a <__addsf3+0x222>
    a450:	40f707b3          	sub	a5,a4,a5
    a454:	84ae                	mv	s1,a1
    a456:	4905                	li	s2,1
    a458:	b359                	j	a1de <__addsf3+0xc6>
    a45a:	87ba                	mv	a5,a4
    a45c:	bdf9                	j	a33a <__addsf3+0x222>
    a45e:	97ba                	add	a5,a5,a4
    a460:	04000637          	lui	a2,0x4000
    a464:	8e7d                	and	a2,a2,a5
    a466:	4681                	li	a3,0
    a468:	da59                	beqz	a2,a3fe <__addsf3+0x2e6>
    a46a:	fc000737          	lui	a4,0xfc000
    a46e:	177d                	addi	a4,a4,-1 # fbffffff <__freertos_irq_stack_top+0xdbffafff>
    a470:	8ff9                	and	a5,a5,a4
    a472:	4685                	li	a3,1
    a474:	838d                	srli	a5,a5,0x3
    a476:	b5e1                	j	a33e <__addsf3+0x226>
    a478:	87aa                	mv	a5,a0
    a47a:	d919                	beqz	a0,a390 <__addsf3+0x278>
    a47c:	838d                	srli	a5,a5,0x3
    a47e:	b5c1                	j	a33e <__addsf3+0x226>

0000a480 <__divsf3>:
    a480:	7179                	addi	sp,sp,-48
    a482:	01755793          	srli	a5,a0,0x17
    a486:	d04a                	sw	s2,32(sp)
    a488:	ce4e                	sw	s3,28(sp)
    a48a:	d606                	sw	ra,44(sp)
    a48c:	00951993          	slli	s3,a0,0x9
    a490:	d422                	sw	s0,40(sp)
    a492:	d226                	sw	s1,36(sp)
    a494:	cc52                	sw	s4,24(sp)
    a496:	ca56                	sw	s5,20(sp)
    a498:	c85a                	sw	s6,16(sp)
    a49a:	0ff7f793          	zext.b	a5,a5
    a49e:	0099d993          	srli	s3,s3,0x9
    a4a2:	01f55913          	srli	s2,a0,0x1f
    a4a6:	cff1                	beqz	a5,a582 <__divsf3+0x102>
    a4a8:	0ff00713          	li	a4,255
    a4ac:	0ee78163          	beq	a5,a4,a58e <__divsf3+0x10e>
    a4b0:	098e                	slli	s3,s3,0x3
    a4b2:	04000737          	lui	a4,0x4000
    a4b6:	00e9e9b3          	or	s3,s3,a4
    a4ba:	f8178a93          	addi	s5,a5,-127
    a4be:	4401                	li	s0,0
    a4c0:	4b01                	li	s6,0
    a4c2:	0175d793          	srli	a5,a1,0x17
    a4c6:	00959a13          	slli	s4,a1,0x9
    a4ca:	0ff7f793          	zext.b	a5,a5
    a4ce:	009a5a13          	srli	s4,s4,0x9
    a4d2:	01f5d493          	srli	s1,a1,0x1f
    a4d6:	c7c1                	beqz	a5,a55e <__divsf3+0xde>
    a4d8:	0ff00713          	li	a4,255
    a4dc:	0ce78063          	beq	a5,a4,a59c <__divsf3+0x11c>
    a4e0:	0a0e                	slli	s4,s4,0x3
    a4e2:	04000737          	lui	a4,0x4000
    a4e6:	00ea6a33          	or	s4,s4,a4
    a4ea:	f8178793          	addi	a5,a5,-127
    a4ee:	4601                	li	a2,0
    a4f0:	46bd                	li	a3,15
    a4f2:	00994733          	xor	a4,s2,s1
    a4f6:	40fa8ab3          	sub	s5,s5,a5
    a4fa:	1a86eb63          	bltu	a3,s0,a6b0 <__divsf3+0x230>
    a4fe:	00002697          	auipc	a3,0x2
    a502:	9d268693          	addi	a3,a3,-1582 # bed0 <g_crc16_tbl+0x240>
    a506:	040a                	slli	s0,s0,0x2
    a508:	9436                	add	s0,s0,a3
    a50a:	401c                	lw	a5,0(s0)
    a50c:	97b6                	add	a5,a5,a3
    a50e:	8782                	jr	a5
    a510:	0ff00793          	li	a5,255
    a514:	4681                	li	a3,0
    a516:	50b2                	lw	ra,44(sp)
    a518:	5422                	lw	s0,40(sp)
    a51a:	01779513          	slli	a0,a5,0x17
    a51e:	8d55                	or	a0,a0,a3
    a520:	077e                	slli	a4,a4,0x1f
    a522:	5492                	lw	s1,36(sp)
    a524:	5902                	lw	s2,32(sp)
    a526:	49f2                	lw	s3,28(sp)
    a528:	4a62                	lw	s4,24(sp)
    a52a:	4ad2                	lw	s5,20(sp)
    a52c:	4b42                	lw	s6,16(sp)
    a52e:	8d59                	or	a0,a0,a4
    a530:	6145                	addi	sp,sp,48
    a532:	8082                	ret
    a534:	478d                	li	a5,3
    a536:	00fb0e63          	beq	s6,a5,a552 <__divsf3+0xd2>
    a53a:	4785                	li	a5,1
    a53c:	0efb1563          	bne	s6,a5,a626 <__divsf3+0x1a6>
    a540:	872a                	mv	a4,a0
    a542:	4781                	li	a5,0
    a544:	4681                	li	a3,0
    a546:	bfc1                	j	a516 <__divsf3+0x96>
    a548:	478d                	li	a5,3
    a54a:	8526                	mv	a0,s1
    a54c:	89d2                	mv	s3,s4
    a54e:	0cf61c63          	bne	a2,a5,a626 <__divsf3+0x1a6>
    a552:	4701                	li	a4,0
    a554:	0ff00793          	li	a5,255
    a558:	004006b7          	lui	a3,0x400
    a55c:	bf6d                	j	a516 <__divsf3+0x96>
    a55e:	080a1d63          	bnez	s4,a5f8 <__divsf3+0x178>
    a562:	00146413          	ori	s0,s0,1
    a566:	47b5                	li	a5,13
    a568:	00994733          	xor	a4,s2,s1
    a56c:	fa87e2e3          	bltu	a5,s0,a510 <__divsf3+0x90>
    a570:	00002697          	auipc	a3,0x2
    a574:	9a068693          	addi	a3,a3,-1632 # bf10 <g_crc16_tbl+0x280>
    a578:	040a                	slli	s0,s0,0x2
    a57a:	9436                	add	s0,s0,a3
    a57c:	401c                	lw	a5,0(s0)
    a57e:	97b6                	add	a5,a5,a3
    a580:	8782                	jr	a5
    a582:	04099b63          	bnez	s3,a5d8 <__divsf3+0x158>
    a586:	4411                	li	s0,4
    a588:	4a81                	li	s5,0
    a58a:	4b05                	li	s6,1
    a58c:	bf1d                	j	a4c2 <__divsf3+0x42>
    a58e:	04099063          	bnez	s3,a5ce <__divsf3+0x14e>
    a592:	4421                	li	s0,8
    a594:	0ff00a93          	li	s5,255
    a598:	4b09                	li	s6,2
    a59a:	b725                	j	a4c2 <__divsf3+0x42>
    a59c:	020a1363          	bnez	s4,a5c2 <__divsf3+0x142>
    a5a0:	00246413          	ori	s0,s0,2
    a5a4:	1475                	addi	s0,s0,-3
    a5a6:	46ad                	li	a3,11
    a5a8:	00994733          	xor	a4,s2,s1
    a5ac:	f886ebe3          	bltu	a3,s0,a542 <__divsf3+0xc2>
    a5b0:	00002617          	auipc	a2,0x2
    a5b4:	99860613          	addi	a2,a2,-1640 # bf48 <g_crc16_tbl+0x2b8>
    a5b8:	040a                	slli	s0,s0,0x2
    a5ba:	9432                	add	s0,s0,a2
    a5bc:	4014                	lw	a3,0(s0)
    a5be:	96b2                	add	a3,a3,a2
    a5c0:	8682                	jr	a3
    a5c2:	00346413          	ori	s0,s0,3
    a5c6:	0ff00793          	li	a5,255
    a5ca:	460d                	li	a2,3
    a5cc:	b715                	j	a4f0 <__divsf3+0x70>
    a5ce:	4431                	li	s0,12
    a5d0:	0ff00a93          	li	s5,255
    a5d4:	4b0d                	li	s6,3
    a5d6:	b5f5                	j	a4c2 <__divsf3+0x42>
    a5d8:	854e                	mv	a0,s3
    a5da:	c62e                	sw	a1,12(sp)
    a5dc:	6fd000ef          	jal	ra,b4d8 <__clzsi2>
    a5e0:	ffb50793          	addi	a5,a0,-5 # 3fffffb <ch32v20x_wwdg.c.13394d49+0x3fe22a6>
    a5e4:	00f999b3          	sll	s3,s3,a5
    a5e8:	f8a00793          	li	a5,-118
    a5ec:	45b2                	lw	a1,12(sp)
    a5ee:	40a78ab3          	sub	s5,a5,a0
    a5f2:	4401                	li	s0,0
    a5f4:	4b01                	li	s6,0
    a5f6:	b5f1                	j	a4c2 <__divsf3+0x42>
    a5f8:	8552                	mv	a0,s4
    a5fa:	6df000ef          	jal	ra,b4d8 <__clzsi2>
    a5fe:	ffb50793          	addi	a5,a0,-5
    a602:	00fa1a33          	sll	s4,s4,a5
    a606:	f8a00793          	li	a5,-118
    a60a:	8f89                	sub	a5,a5,a0
    a60c:	4601                	li	a2,0
    a60e:	b5cd                	j	a4f0 <__divsf3+0x70>
    a610:	f01a8a93          	addi	s5,s5,-255
    a614:	4789                	li	a5,2
    a616:	854a                	mv	a0,s2
    a618:	f0fb1ee3          	bne	s6,a5,a534 <__divsf3+0xb4>
    a61c:	872a                	mv	a4,a0
    a61e:	0ff00793          	li	a5,255
    a622:	4681                	li	a3,0
    a624:	bdcd                	j	a516 <__divsf3+0x96>
    a626:	872a                	mv	a4,a0
    a628:	07fa8793          	addi	a5,s5,127
    a62c:	04f05163          	blez	a5,a66e <__divsf3+0x1ee>
    a630:	0079f693          	andi	a3,s3,7
    a634:	c699                	beqz	a3,a642 <__divsf3+0x1c2>
    a636:	00f9f693          	andi	a3,s3,15
    a63a:	4611                	li	a2,4
    a63c:	00c68363          	beq	a3,a2,a642 <__divsf3+0x1c2>
    a640:	0991                	addi	s3,s3,4
    a642:	080006b7          	lui	a3,0x8000
    a646:	00d9f6b3          	and	a3,s3,a3
    a64a:	ca81                	beqz	a3,a65a <__divsf3+0x1da>
    a64c:	f80007b7          	lui	a5,0xf8000
    a650:	17fd                	addi	a5,a5,-1 # f7ffffff <__freertos_irq_stack_top+0xd7ffafff>
    a652:	00f9f9b3          	and	s3,s3,a5
    a656:	080a8793          	addi	a5,s5,128
    a65a:	0fe00693          	li	a3,254
    a65e:	eaf6c9e3          	blt	a3,a5,a510 <__divsf3+0x90>
    a662:	00699693          	slli	a3,s3,0x6
    a666:	82a5                	srli	a3,a3,0x9
    a668:	0ff7f793          	zext.b	a5,a5
    a66c:	b56d                	j	a516 <__divsf3+0x96>
    a66e:	4605                	li	a2,1
    a670:	c799                	beqz	a5,a67e <__divsf3+0x1fe>
    a672:	8e1d                	sub	a2,a2,a5
    a674:	45ed                	li	a1,27
    a676:	4781                	li	a5,0
    a678:	4681                	li	a3,0
    a67a:	e8c5cee3          	blt	a1,a2,a516 <__divsf3+0x96>
    a67e:	09ea8693          	addi	a3,s5,158
    a682:	00d996b3          	sll	a3,s3,a3
    a686:	00d036b3          	snez	a3,a3
    a68a:	00c9d7b3          	srl	a5,s3,a2
    a68e:	8fd5                	or	a5,a5,a3
    a690:	0077f693          	andi	a3,a5,7
    a694:	c699                	beqz	a3,a6a2 <__divsf3+0x222>
    a696:	00f7f693          	andi	a3,a5,15
    a69a:	4611                	li	a2,4
    a69c:	00c68363          	beq	a3,a2,a6a2 <__divsf3+0x222>
    a6a0:	0791                	addi	a5,a5,4
    a6a2:	040006b7          	lui	a3,0x4000
    a6a6:	8efd                	and	a3,a3,a5
    a6a8:	cad5                	beqz	a3,a75c <__divsf3+0x2dc>
    a6aa:	4785                	li	a5,1
    a6ac:	4681                	li	a3,0
    a6ae:	b5a5                	j	a516 <__divsf3+0x96>
    a6b0:	66c1                	lui	a3,0x10
    a6b2:	005a1813          	slli	a6,s4,0x5
    a6b6:	16fd                	addi	a3,a3,-1 # ffff <MC_PULL_calibration.cpp.947435e8+0x735>
    a6b8:	01085593          	srli	a1,a6,0x10
    a6bc:	00d876b3          	and	a3,a6,a3
    a6c0:	0749f863          	bgeu	s3,s4,a730 <__divsf3+0x2b0>
    a6c4:	02b9d633          	divu	a2,s3,a1
    a6c8:	87ce                	mv	a5,s3
    a6ca:	1afd                	addi	s5,s5,-1
    a6cc:	4981                	li	s3,0
    a6ce:	02d60533          	mul	a0,a2,a3
    a6d2:	02b7f7b3          	remu	a5,a5,a1
    a6d6:	07c2                	slli	a5,a5,0x10
    a6d8:	0137e7b3          	or	a5,a5,s3
    a6dc:	00a7f863          	bgeu	a5,a0,a6ec <__divsf3+0x26c>
    a6e0:	97c2                	add	a5,a5,a6
    a6e2:	fff60893          	addi	a7,a2,-1
    a6e6:	0707f663          	bgeu	a5,a6,a752 <__divsf3+0x2d2>
    a6ea:	8646                	mv	a2,a7
    a6ec:	8f89                	sub	a5,a5,a0
    a6ee:	02b7d533          	divu	a0,a5,a1
    a6f2:	02b7f7b3          	remu	a5,a5,a1
    a6f6:	02d506b3          	mul	a3,a0,a3
    a6fa:	07c2                	slli	a5,a5,0x10
    a6fc:	02d7f263          	bgeu	a5,a3,a720 <__divsf3+0x2a0>
    a700:	010785b3          	add	a1,a5,a6
    a704:	00f5b8b3          	sltu	a7,a1,a5
    a708:	fff50313          	addi	t1,a0,-1
    a70c:	87ae                	mv	a5,a1
    a70e:	00089863          	bnez	a7,a71e <__divsf3+0x29e>
    a712:	00d5f663          	bgeu	a1,a3,a71e <__divsf3+0x29e>
    a716:	1579                	addi	a0,a0,-2
    a718:	010587b3          	add	a5,a1,a6
    a71c:	a011                	j	a720 <__divsf3+0x2a0>
    a71e:	851a                	mv	a0,t1
    a720:	0642                	slli	a2,a2,0x10
    a722:	8f95                	sub	a5,a5,a3
    a724:	8e49                	or	a2,a2,a0
    a726:	00f037b3          	snez	a5,a5
    a72a:	00f669b3          	or	s3,a2,a5
    a72e:	bded                	j	a628 <__divsf3+0x1a8>
    a730:	0019d793          	srli	a5,s3,0x1
    a734:	02b7d633          	divu	a2,a5,a1
    a738:	09fe                	slli	s3,s3,0x1f
    a73a:	0109d993          	srli	s3,s3,0x10
    a73e:	02d60533          	mul	a0,a2,a3
    a742:	bf41                	j	a6d2 <__divsf3+0x252>
    a744:	8526                	mv	a0,s1
    a746:	872a                	mv	a4,a0
    a748:	bbed                	j	a542 <__divsf3+0xc2>
    a74a:	4701                	li	a4,0
    a74c:	004006b7          	lui	a3,0x400
    a750:	b3d9                	j	a516 <__divsf3+0x96>
    a752:	f8a7fce3          	bgeu	a5,a0,a6ea <__divsf3+0x26a>
    a756:	1679                	addi	a2,a2,-2
    a758:	97c2                	add	a5,a5,a6
    a75a:	bf49                	j	a6ec <__divsf3+0x26c>
    a75c:	079a                	slli	a5,a5,0x6
    a75e:	0097d693          	srli	a3,a5,0x9
    a762:	4781                	li	a5,0
    a764:	bb4d                	j	a516 <__divsf3+0x96>
    a766:	8526                	mv	a0,s1
    a768:	bd55                	j	a61c <__divsf3+0x19c>

0000a76a <__eqsf2>:
    a76a:	01755693          	srli	a3,a0,0x17
    a76e:	00800737          	lui	a4,0x800
    a772:	177d                	addi	a4,a4,-1 # 7fffff <ch32v20x_wwdg.c.13394d49+0x7e22aa>
    a774:	0175d613          	srli	a2,a1,0x17
    a778:	0ff6f693          	zext.b	a3,a3
    a77c:	0ff00813          	li	a6,255
    a780:	00a778b3          	and	a7,a4,a0
    a784:	01f55793          	srli	a5,a0,0x1f
    a788:	8f6d                	and	a4,a4,a1
    a78a:	0ff67613          	zext.b	a2,a2
    a78e:	81fd                	srli	a1,a1,0x1f
    a790:	4505                	li	a0,1
    a792:	03068263          	beq	a3,a6,a7b6 <__eqsf2+0x4c>
    a796:	01060763          	beq	a2,a6,a7a4 <__eqsf2+0x3a>
    a79a:	00c69463          	bne	a3,a2,a7a2 <__eqsf2+0x38>
    a79e:	00e88463          	beq	a7,a4,a7a6 <__eqsf2+0x3c>
    a7a2:	8082                	ret
    a7a4:	8082                	ret
    a7a6:	4501                	li	a0,0
    a7a8:	feb78de3          	beq	a5,a1,a7a2 <__eqsf2+0x38>
    a7ac:	4505                	li	a0,1
    a7ae:	faf5                	bnez	a3,a7a2 <__eqsf2+0x38>
    a7b0:	01103533          	snez	a0,a7
    a7b4:	8082                	ret
    a7b6:	fed616e3          	bne	a2,a3,a7a2 <__eqsf2+0x38>
    a7ba:	00e8e8b3          	or	a7,a7,a4
    a7be:	fe0892e3          	bnez	a7,a7a2 <__eqsf2+0x38>
    a7c2:	00b7c533          	xor	a0,a5,a1
    a7c6:	8082                	ret

0000a7c8 <__gesf2>:
    a7c8:	01755613          	srli	a2,a0,0x17
    a7cc:	00800737          	lui	a4,0x800
    a7d0:	177d                	addi	a4,a4,-1 # 7fffff <ch32v20x_wwdg.c.13394d49+0x7e22aa>
    a7d2:	0175d693          	srli	a3,a1,0x17
    a7d6:	0ff67613          	zext.b	a2,a2
    a7da:	0ff00813          	li	a6,255
    a7de:	00a778b3          	and	a7,a4,a0
    a7e2:	01f55793          	srli	a5,a0,0x1f
    a7e6:	8f6d                	and	a4,a4,a1
    a7e8:	0ff6f513          	zext.b	a0,a3
    a7ec:	81fd                	srli	a1,a1,0x1f
    a7ee:	03060563          	beq	a2,a6,a818 <__gesf2+0x50>
    a7f2:	01050a63          	beq	a0,a6,a806 <__gesf2+0x3e>
    a7f6:	ea05                	bnez	a2,a826 <__gesf2+0x5e>
    a7f8:	e909                	bnez	a0,a80a <__gesf2+0x42>
    a7fa:	c339                	beqz	a4,a840 <__gesf2+0x78>
    a7fc:	04089e63          	bnez	a7,a858 <__gesf2+0x90>
    a800:	c9a1                	beqz	a1,a850 <__gesf2+0x88>
    a802:	852e                	mv	a0,a1
    a804:	8082                	ret
    a806:	e739                	bnez	a4,a854 <__gesf2+0x8c>
    a808:	e219                	bnez	a2,a80e <__gesf2+0x46>
    a80a:	fe088be3          	beqz	a7,a800 <__gesf2+0x38>
    a80e:	00b79963          	bne	a5,a1,a820 <__gesf2+0x58>
    a812:	cf9d                	beqz	a5,a850 <__gesf2+0x88>
    a814:	853e                	mv	a0,a5
    a816:	8082                	ret
    a818:	02089e63          	bnez	a7,a854 <__gesf2+0x8c>
    a81c:	02c50563          	beq	a0,a2,a846 <__gesf2+0x7e>
    a820:	4505                	li	a0,1
    a822:	e79d                	bnez	a5,a850 <__gesf2+0x88>
    a824:	8082                	ret
    a826:	dd6d                	beqz	a0,a820 <__gesf2+0x58>
    a828:	feb79ce3          	bne	a5,a1,a820 <__gesf2+0x58>
    a82c:	fec54ae3          	blt	a0,a2,a820 <__gesf2+0x58>
    a830:	fea641e3          	blt	a2,a0,a812 <__gesf2+0x4a>
    a834:	ff1766e3          	bltu	a4,a7,a820 <__gesf2+0x58>
    a838:	4501                	li	a0,0
    a83a:	fce8ece3          	bltu	a7,a4,a812 <__gesf2+0x4a>
    a83e:	8082                	ret
    a840:	fe0890e3          	bnez	a7,a820 <__gesf2+0x58>
    a844:	8082                	ret
    a846:	e719                	bnez	a4,a854 <__gesf2+0x8c>
    a848:	fcb79ce3          	bne	a5,a1,a820 <__gesf2+0x58>
    a84c:	4501                	li	a0,0
    a84e:	8082                	ret
    a850:	557d                	li	a0,-1
    a852:	8082                	ret
    a854:	5579                	li	a0,-2
    a856:	8082                	ret
    a858:	fcb78ee3          	beq	a5,a1,a834 <__gesf2+0x6c>
    a85c:	b7d1                	j	a820 <__gesf2+0x58>

0000a85e <__lesf2>:
    a85e:	01755613          	srli	a2,a0,0x17
    a862:	00800737          	lui	a4,0x800
    a866:	177d                	addi	a4,a4,-1 # 7fffff <ch32v20x_wwdg.c.13394d49+0x7e22aa>
    a868:	0175d693          	srli	a3,a1,0x17
    a86c:	0ff67613          	zext.b	a2,a2
    a870:	0ff00813          	li	a6,255
    a874:	00a778b3          	and	a7,a4,a0
    a878:	01f55793          	srli	a5,a0,0x1f
    a87c:	8f6d                	and	a4,a4,a1
    a87e:	0ff6f513          	zext.b	a0,a3
    a882:	81fd                	srli	a1,a1,0x1f
    a884:	03060663          	beq	a2,a6,a8b0 <__lesf2+0x52>
    a888:	01050a63          	beq	a0,a6,a89c <__lesf2+0x3e>
    a88c:	ee05                	bnez	a2,a8c4 <__lesf2+0x66>
    a88e:	e911                	bnez	a0,a8a2 <__lesf2+0x44>
    a890:	cb29                	beqz	a4,a8e2 <__lesf2+0x84>
    a892:	04089f63          	bnez	a7,a8f0 <__lesf2+0x92>
    a896:	c9b9                	beqz	a1,a8ec <__lesf2+0x8e>
    a898:	852e                	mv	a0,a1
    a89a:	8082                	ret
    a89c:	4509                	li	a0,2
    a89e:	eb01                	bnez	a4,a8ae <__lesf2+0x50>
    a8a0:	e219                	bnez	a2,a8a6 <__lesf2+0x48>
    a8a2:	fe088ae3          	beqz	a7,a896 <__lesf2+0x38>
    a8a6:	02b78b63          	beq	a5,a1,a8dc <__lesf2+0x7e>
    a8aa:	4505                	li	a0,1
    a8ac:	e3a1                	bnez	a5,a8ec <__lesf2+0x8e>
    a8ae:	8082                	ret
    a8b0:	02089c63          	bnez	a7,a8e8 <__lesf2+0x8a>
    a8b4:	fec51be3          	bne	a0,a2,a8aa <__lesf2+0x4c>
    a8b8:	4509                	li	a0,2
    a8ba:	fb75                	bnez	a4,a8ae <__lesf2+0x50>
    a8bc:	feb797e3          	bne	a5,a1,a8aa <__lesf2+0x4c>
    a8c0:	4501                	li	a0,0
    a8c2:	8082                	ret
    a8c4:	d17d                	beqz	a0,a8aa <__lesf2+0x4c>
    a8c6:	feb792e3          	bne	a5,a1,a8aa <__lesf2+0x4c>
    a8ca:	fec540e3          	blt	a0,a2,a8aa <__lesf2+0x4c>
    a8ce:	00a64763          	blt	a2,a0,a8dc <__lesf2+0x7e>
    a8d2:	fd176ce3          	bltu	a4,a7,a8aa <__lesf2+0x4c>
    a8d6:	4501                	li	a0,0
    a8d8:	fce8fbe3          	bgeu	a7,a4,a8ae <__lesf2+0x50>
    a8dc:	cb81                	beqz	a5,a8ec <__lesf2+0x8e>
    a8de:	853e                	mv	a0,a5
    a8e0:	8082                	ret
    a8e2:	fc0894e3          	bnez	a7,a8aa <__lesf2+0x4c>
    a8e6:	8082                	ret
    a8e8:	4509                	li	a0,2
    a8ea:	8082                	ret
    a8ec:	557d                	li	a0,-1
    a8ee:	8082                	ret
    a8f0:	feb781e3          	beq	a5,a1,a8d2 <__lesf2+0x74>
    a8f4:	bf5d                	j	a8aa <__lesf2+0x4c>

0000a8f6 <__mulsf3>:
    a8f6:	7179                	addi	sp,sp,-48
    a8f8:	01755793          	srli	a5,a0,0x17
    a8fc:	cc52                	sw	s4,24(sp)
    a8fe:	ca56                	sw	s5,20(sp)
    a900:	00951713          	slli	a4,a0,0x9
    a904:	d606                	sw	ra,44(sp)
    a906:	d422                	sw	s0,40(sp)
    a908:	d226                	sw	s1,36(sp)
    a90a:	d04a                	sw	s2,32(sp)
    a90c:	ce4e                	sw	s3,28(sp)
    a90e:	c85a                	sw	s6,16(sp)
    a910:	0ff7f793          	zext.b	a5,a5
    a914:	00975a93          	srli	s5,a4,0x9
    a918:	01f55a13          	srli	s4,a0,0x1f
    a91c:	10078b63          	beqz	a5,aa32 <__mulsf3+0x13c>
    a920:	0ff00713          	li	a4,255
    a924:	10e78d63          	beq	a5,a4,aa3e <__mulsf3+0x148>
    a928:	003a9713          	slli	a4,s5,0x3
    a92c:	040006b7          	lui	a3,0x4000
    a930:	00d76ab3          	or	s5,a4,a3
    a934:	f8178493          	addi	s1,a5,-127
    a938:	4901                	li	s2,0
    a93a:	4b01                	li	s6,0
    a93c:	0175d793          	srli	a5,a1,0x17
    a940:	00959413          	slli	s0,a1,0x9
    a944:	0ff7f793          	zext.b	a5,a5
    a948:	8025                	srli	s0,s0,0x9
    a94a:	01f5d993          	srli	s3,a1,0x1f
    a94e:	c7f9                	beqz	a5,aa1c <__mulsf3+0x126>
    a950:	0ff00713          	li	a4,255
    a954:	06e78263          	beq	a5,a4,a9b8 <__mulsf3+0xc2>
    a958:	f8178793          	addi	a5,a5,-127
    a95c:	00978533          	add	a0,a5,s1
    a960:	040e                	slli	s0,s0,0x3
    a962:	04000737          	lui	a4,0x4000
    a966:	47a9                	li	a5,10
    a968:	8c59                	or	s0,s0,a4
    a96a:	4681                	li	a3,0
    a96c:	00150493          	addi	s1,a0,1
    a970:	0f27cf63          	blt	a5,s2,aa6e <__mulsf3+0x178>
    a974:	013a45b3          	xor	a1,s4,s3
    a978:	4709                	li	a4,2
    a97a:	882e                	mv	a6,a1
    a97c:	05274c63          	blt	a4,s2,a9d4 <__mulsf3+0xde>
    a980:	197d                	addi	s2,s2,-1
    a982:	4605                	li	a2,1
    a984:	13266e63          	bltu	a2,s2,aac0 <__mulsf3+0x1ca>
    a988:	0ce68263          	beq	a3,a4,aa4c <__mulsf3+0x156>
    a98c:	4785                	li	a5,1
    a98e:	85c2                	mv	a1,a6
    a990:	06f69463          	bne	a3,a5,a9f8 <__mulsf3+0x102>
    a994:	4781                	li	a5,0
    a996:	4701                	li	a4,0
    a998:	50b2                	lw	ra,44(sp)
    a99a:	5422                	lw	s0,40(sp)
    a99c:	01779513          	slli	a0,a5,0x17
    a9a0:	8d59                	or	a0,a0,a4
    a9a2:	01f59793          	slli	a5,a1,0x1f
    a9a6:	5492                	lw	s1,36(sp)
    a9a8:	5902                	lw	s2,32(sp)
    a9aa:	49f2                	lw	s3,28(sp)
    a9ac:	4a62                	lw	s4,24(sp)
    a9ae:	4ad2                	lw	s5,20(sp)
    a9b0:	4b42                	lw	s6,16(sp)
    a9b2:	8d5d                	or	a0,a0,a5
    a9b4:	6145                	addi	sp,sp,48
    a9b6:	8082                	ret
    a9b8:	0ff48513          	addi	a0,s1,255
    a9bc:	cc49                	beqz	s0,aa56 <__mulsf3+0x160>
    a9be:	013a45b3          	xor	a1,s4,s3
    a9c2:	00396913          	ori	s2,s2,3
    a9c6:	4729                	li	a4,10
    a9c8:	882e                	mv	a6,a1
    a9ca:	10048493          	addi	s1,s1,256
    a9ce:	1f274963          	blt	a4,s2,abc0 <__mulsf3+0x2ca>
    a9d2:	468d                	li	a3,3
    a9d4:	4705                	li	a4,1
    a9d6:	01271733          	sll	a4,a4,s2
    a9da:	53077613          	andi	a2,a4,1328
    a9de:	ce19                	beqz	a2,a9fc <__mulsf3+0x106>
    a9e0:	4789                	li	a5,2
    a9e2:	06fb0563          	beq	s6,a5,aa4c <__mulsf3+0x156>
    a9e6:	478d                	li	a5,3
    a9e8:	02fb0463          	beq	s6,a5,aa10 <__mulsf3+0x11a>
    a9ec:	86da                	mv	a3,s6
    a9ee:	4785                	li	a5,1
    a9f0:	8456                	mv	s0,s5
    a9f2:	85c2                	mv	a1,a6
    a9f4:	faf680e3          	beq	a3,a5,a994 <__mulsf3+0x9e>
    a9f8:	8526                	mv	a0,s1
    a9fa:	aa05                	j	ab2a <__mulsf3+0x234>
    a9fc:	24077793          	andi	a5,a4,576
    aa00:	eb81                	bnez	a5,aa10 <__mulsf3+0x11a>
    aa02:	08877713          	andi	a4,a4,136
    aa06:	cf4d                	beqz	a4,aac0 <__mulsf3+0x1ca>
    aa08:	884e                	mv	a6,s3
    aa0a:	8aa2                	mv	s5,s0
    aa0c:	8b36                	mv	s6,a3
    aa0e:	bfc9                	j	a9e0 <__mulsf3+0xea>
    aa10:	4581                	li	a1,0
    aa12:	0ff00793          	li	a5,255
    aa16:	00400737          	lui	a4,0x400
    aa1a:	bfbd                	j	a998 <__mulsf3+0xa2>
    aa1c:	e041                	bnez	s0,aa9c <__mulsf3+0x1a6>
    aa1e:	8526                	mv	a0,s1
    aa20:	00196913          	ori	s2,s2,1
    aa24:	47a9                	li	a5,10
    aa26:	4685                	li	a3,1
    aa28:	00150493          	addi	s1,a0,1
    aa2c:	f527d4e3          	bge	a5,s2,a974 <__mulsf3+0x7e>
    aa30:	a83d                	j	aa6e <__mulsf3+0x178>
    aa32:	040a9563          	bnez	s5,aa7c <__mulsf3+0x186>
    aa36:	4911                	li	s2,4
    aa38:	4481                	li	s1,0
    aa3a:	4b05                	li	s6,1
    aa3c:	b701                	j	a93c <__mulsf3+0x46>
    aa3e:	020a9a63          	bnez	s5,aa72 <__mulsf3+0x17c>
    aa42:	4921                	li	s2,8
    aa44:	0ff00493          	li	s1,255
    aa48:	4b09                	li	s6,2
    aa4a:	bdcd                	j	a93c <__mulsf3+0x46>
    aa4c:	85c2                	mv	a1,a6
    aa4e:	0ff00793          	li	a5,255
    aa52:	4701                	li	a4,0
    aa54:	b791                	j	a998 <__mulsf3+0xa2>
    aa56:	00296913          	ori	s2,s2,2
    aa5a:	47a9                	li	a5,10
    aa5c:	10048493          	addi	s1,s1,256
    aa60:	4739                	li	a4,14
    aa62:	4689                	li	a3,2
    aa64:	f127d8e3          	bge	a5,s2,a974 <__mulsf3+0x7e>
    aa68:	47ad                	li	a5,11
    aa6a:	f8f70fe3          	beq	a4,a5,aa08 <__mulsf3+0x112>
    aa6e:	8852                	mv	a6,s4
    aa70:	bf85                	j	a9e0 <__mulsf3+0xea>
    aa72:	4931                	li	s2,12
    aa74:	0ff00493          	li	s1,255
    aa78:	4b0d                	li	s6,3
    aa7a:	b5c9                	j	a93c <__mulsf3+0x46>
    aa7c:	8556                	mv	a0,s5
    aa7e:	c62e                	sw	a1,12(sp)
    aa80:	259000ef          	jal	ra,b4d8 <__clzsi2>
    aa84:	ffb50793          	addi	a5,a0,-5
    aa88:	00fa9ab3          	sll	s5,s5,a5
    aa8c:	f8a00793          	li	a5,-118
    aa90:	45b2                	lw	a1,12(sp)
    aa92:	40a784b3          	sub	s1,a5,a0
    aa96:	4901                	li	s2,0
    aa98:	4b01                	li	s6,0
    aa9a:	b54d                	j	a93c <__mulsf3+0x46>
    aa9c:	8522                	mv	a0,s0
    aa9e:	23b000ef          	jal	ra,b4d8 <__clzsi2>
    aaa2:	40a487b3          	sub	a5,s1,a0
    aaa6:	ffb50713          	addi	a4,a0,-5
    aaaa:	f8a78513          	addi	a0,a5,-118
    aaae:	47a9                	li	a5,10
    aab0:	00e41433          	sll	s0,s0,a4
    aab4:	4681                	li	a3,0
    aab6:	00150493          	addi	s1,a0,1
    aaba:	eb27dde3          	bge	a5,s2,a974 <__mulsf3+0x7e>
    aabe:	bf45                	j	aa6e <__mulsf3+0x178>
    aac0:	68c1                	lui	a7,0x10
    aac2:	fff88793          	addi	a5,a7,-1 # ffff <MC_PULL_calibration.cpp.947435e8+0x735>
    aac6:	010ad613          	srli	a2,s5,0x10
    aaca:	01045813          	srli	a6,s0,0x10
    aace:	00fafab3          	and	s5,s5,a5
    aad2:	8fe1                	and	a5,a5,s0
    aad4:	035786b3          	mul	a3,a5,s5
    aad8:	02f607b3          	mul	a5,a2,a5
    aadc:	0106d713          	srli	a4,a3,0x10
    aae0:	03580ab3          	mul	s5,a6,s5
    aae4:	9abe                	add	s5,s5,a5
    aae6:	9756                	add	a4,a4,s5
    aae8:	03060633          	mul	a2,a2,a6
    aaec:	00f77363          	bgeu	a4,a5,aaf2 <__mulsf3+0x1fc>
    aaf0:	9646                	add	a2,a2,a7
    aaf2:	6841                	lui	a6,0x10
    aaf4:	187d                	addi	a6,a6,-1 # ffff <MC_PULL_calibration.cpp.947435e8+0x735>
    aaf6:	010777b3          	and	a5,a4,a6
    aafa:	0106f6b3          	and	a3,a3,a6
    aafe:	07c2                	slli	a5,a5,0x10
    ab00:	97b6                	add	a5,a5,a3
    ab02:	00679693          	slli	a3,a5,0x6
    ab06:	01075413          	srli	s0,a4,0x10
    ab0a:	83e9                	srli	a5,a5,0x1a
    ab0c:	00d03733          	snez	a4,a3
    ab10:	9432                	add	s0,s0,a2
    ab12:	8fd9                	or	a5,a5,a4
    ab14:	041a                	slli	s0,s0,0x6
    ab16:	8c5d                	or	s0,s0,a5
    ab18:	080007b7          	lui	a5,0x8000
    ab1c:	8fe1                	and	a5,a5,s0
    ab1e:	c791                	beqz	a5,ab2a <__mulsf3+0x234>
    ab20:	00145793          	srli	a5,s0,0x1
    ab24:	8805                	andi	s0,s0,1
    ab26:	8c5d                	or	s0,s0,a5
    ab28:	8526                	mv	a0,s1
    ab2a:	07f50793          	addi	a5,a0,127
    ab2e:	02f05f63          	blez	a5,ab6c <__mulsf3+0x276>
    ab32:	00747713          	andi	a4,s0,7
    ab36:	c719                	beqz	a4,ab44 <__mulsf3+0x24e>
    ab38:	00f47713          	andi	a4,s0,15
    ab3c:	4691                	li	a3,4
    ab3e:	00d70363          	beq	a4,a3,ab44 <__mulsf3+0x24e>
    ab42:	0411                	addi	s0,s0,4
    ab44:	08000737          	lui	a4,0x8000
    ab48:	8f61                	and	a4,a4,s0
    ab4a:	c719                	beqz	a4,ab58 <__mulsf3+0x262>
    ab4c:	f80007b7          	lui	a5,0xf8000
    ab50:	17fd                	addi	a5,a5,-1 # f7ffffff <__freertos_irq_stack_top+0xd7ffafff>
    ab52:	8c7d                	and	s0,s0,a5
    ab54:	08050793          	addi	a5,a0,128
    ab58:	0fe00713          	li	a4,254
    ab5c:	04f74963          	blt	a4,a5,abae <__mulsf3+0x2b8>
    ab60:	00641713          	slli	a4,s0,0x6
    ab64:	8325                	srli	a4,a4,0x9
    ab66:	0ff7f793          	zext.b	a5,a5
    ab6a:	b53d                	j	a998 <__mulsf3+0xa2>
    ab6c:	4685                	li	a3,1
    ab6e:	c799                	beqz	a5,ab7c <__mulsf3+0x286>
    ab70:	8e9d                	sub	a3,a3,a5
    ab72:	466d                	li	a2,27
    ab74:	4781                	li	a5,0
    ab76:	4701                	li	a4,0
    ab78:	e2d640e3          	blt	a2,a3,a998 <__mulsf3+0xa2>
    ab7c:	09e50713          	addi	a4,a0,158
    ab80:	00e41733          	sll	a4,s0,a4
    ab84:	00e03733          	snez	a4,a4
    ab88:	00d457b3          	srl	a5,s0,a3
    ab8c:	8fd9                	or	a5,a5,a4
    ab8e:	0077f713          	andi	a4,a5,7
    ab92:	c719                	beqz	a4,aba0 <__mulsf3+0x2aa>
    ab94:	00f7f713          	andi	a4,a5,15
    ab98:	4691                	li	a3,4
    ab9a:	00d70363          	beq	a4,a3,aba0 <__mulsf3+0x2aa>
    ab9e:	0791                	addi	a5,a5,4
    aba0:	04000737          	lui	a4,0x4000
    aba4:	8f7d                	and	a4,a4,a5
    aba6:	cb01                	beqz	a4,abb6 <__mulsf3+0x2c0>
    aba8:	4785                	li	a5,1
    abaa:	4701                	li	a4,0
    abac:	b3f5                	j	a998 <__mulsf3+0xa2>
    abae:	0ff00793          	li	a5,255
    abb2:	4701                	li	a4,0
    abb4:	b3d5                	j	a998 <__mulsf3+0xa2>
    abb6:	079a                	slli	a5,a5,0x6
    abb8:	0097d713          	srli	a4,a5,0x9
    abbc:	4781                	li	a5,0
    abbe:	bbe9                	j	a998 <__mulsf3+0xa2>
    abc0:	46bd                	li	a3,15
    abc2:	4581                	li	a1,0
    abc4:	00400737          	lui	a4,0x400
    abc8:	dcd908e3          	beq	s2,a3,a998 <__mulsf3+0xa2>
    abcc:	472d                	li	a4,11
    abce:	468d                	li	a3,3
    abd0:	bd61                	j	aa68 <__mulsf3+0x172>

0000abd2 <__subsf3>:
    abd2:	008007b7          	lui	a5,0x800
    abd6:	1141                	addi	sp,sp,-16
    abd8:	17fd                	addi	a5,a5,-1 # 7fffff <ch32v20x_wwdg.c.13394d49+0x7e22aa>
    abda:	0175d613          	srli	a2,a1,0x17
    abde:	00a7f733          	and	a4,a5,a0
    abe2:	01755693          	srli	a3,a0,0x17
    abe6:	8fed                	and	a5,a5,a1
    abe8:	c226                	sw	s1,4(sp)
    abea:	c04a                	sw	s2,0(sp)
    abec:	01f55493          	srli	s1,a0,0x1f
    abf0:	c606                	sw	ra,12(sp)
    abf2:	c422                	sw	s0,8(sp)
    abf4:	0ff67613          	zext.b	a2,a2
    abf8:	0ff00513          	li	a0,255
    abfc:	0ff6f913          	zext.b	s2,a3
    ac00:	8826                	mv	a6,s1
    ac02:	070e                	slli	a4,a4,0x3
    ac04:	81fd                	srli	a1,a1,0x1f
    ac06:	00379693          	slli	a3,a5,0x3
    ac0a:	04a60363          	beq	a2,a0,ac50 <__subsf3+0x7e>
    ac0e:	0015c593          	xori	a1,a1,1
    ac12:	40c907b3          	sub	a5,s2,a2
    ac16:	00b48f63          	beq	s1,a1,ac34 <__subsf3+0x62>
    ac1a:	30f05a63          	blez	a5,af2e <__subsf3+0x35c>
    ac1e:	e235                	bnez	a2,ac82 <__subsf3+0xb0>
    ac20:	14068f63          	beqz	a3,ad7e <__subsf3+0x1ac>
    ac24:	fff78613          	addi	a2,a5,-1
    ac28:	2a060263          	beqz	a2,aecc <__subsf3+0x2fa>
    ac2c:	02a78f63          	beq	a5,a0,ac6a <__subsf3+0x98>
    ac30:	87b2                	mv	a5,a2
    ac32:	a8a9                	j	ac8c <__subsf3+0xba>
    ac34:	30f05963          	blez	a5,af46 <__subsf3+0x374>
    ac38:	ca7d                	beqz	a2,ad2e <__subsf3+0x15c>
    ac3a:	02a90863          	beq	s2,a0,ac6a <__subsf3+0x98>
    ac3e:	04000637          	lui	a2,0x4000
    ac42:	8ed1                	or	a3,a3,a2
    ac44:	466d                	li	a2,27
    ac46:	14f65263          	bge	a2,a5,ad8a <__subsf3+0x1b8>
    ac4a:	0705                	addi	a4,a4,1 # 400001 <ch32v20x_wwdg.c.13394d49+0x3e22ac>
    ac4c:	87ca                	mv	a5,s2
    ac4e:	a88d                	j	acc0 <__subsf3+0xee>
    ac50:	f0190793          	addi	a5,s2,-255
    ac54:	e6d5                	bnez	a3,ad00 <__subsf3+0x12e>
    ac56:	0015c593          	xori	a1,a1,1
    ac5a:	0eb48363          	beq	s1,a1,ad40 <__subsf3+0x16e>
    ac5e:	18078d63          	beqz	a5,adf8 <__subsf3+0x226>
    ac62:	10090963          	beqz	s2,ad74 <__subsf3+0x1a2>
    ac66:	84ae                	mv	s1,a1
    ac68:	8736                	mv	a4,a3
    ac6a:	830d                	srli	a4,a4,0x3
    ac6c:	0014f813          	andi	a6,s1,1
    ac70:	0ff00513          	li	a0,255
    ac74:	cb3d                	beqz	a4,acea <__subsf3+0x118>
    ac76:	4801                	li	a6,0
    ac78:	0ff00513          	li	a0,255
    ac7c:	00400737          	lui	a4,0x400
    ac80:	a0ad                	j	acea <__subsf3+0x118>
    ac82:	fea904e3          	beq	s2,a0,ac6a <__subsf3+0x98>
    ac86:	04000637          	lui	a2,0x4000
    ac8a:	8ed1                	or	a3,a3,a2
    ac8c:	45ed                	li	a1,27
    ac8e:	4605                	li	a2,1
    ac90:	00f5cd63          	blt	a1,a5,acaa <__subsf3+0xd8>
    ac94:	02000613          	li	a2,32
    ac98:	8e1d                	sub	a2,a2,a5
    ac9a:	00c69633          	sll	a2,a3,a2
    ac9e:	00f6d6b3          	srl	a3,a3,a5
    aca2:	00c037b3          	snez	a5,a2
    aca6:	00f6e633          	or	a2,a3,a5
    acaa:	8f11                	sub	a4,a4,a2
    acac:	040007b7          	lui	a5,0x4000
    acb0:	00f776b3          	and	a3,a4,a5
    acb4:	10069463          	bnez	a3,adbc <__subsf3+0x1ea>
    acb8:	00777693          	andi	a3,a4,7
    acbc:	87ca                	mv	a5,s2
    acbe:	c2e1                	beqz	a3,ad7e <__subsf3+0x1ac>
    acc0:	00f77693          	andi	a3,a4,15
    acc4:	4611                	li	a2,4
    acc6:	00c68363          	beq	a3,a2,accc <__subsf3+0xfa>
    acca:	0711                	addi	a4,a4,4 # 400004 <ch32v20x_wwdg.c.13394d49+0x3e22af>
    accc:	040006b7          	lui	a3,0x4000
    acd0:	8ef9                	and	a3,a3,a4
    acd2:	c6d5                	beqz	a3,ad7e <__subsf3+0x1ac>
    acd4:	0785                	addi	a5,a5,1 # 4000001 <ch32v20x_wwdg.c.13394d49+0x3fe22ac>
    acd6:	0ff00693          	li	a3,255
    acda:	0014f813          	andi	a6,s1,1
    acde:	0cd78b63          	beq	a5,a3,adb4 <__subsf3+0x1e2>
    ace2:	071a                	slli	a4,a4,0x6
    ace4:	0ff7f513          	zext.b	a0,a5
    ace8:	8325                	srli	a4,a4,0x9
    acea:	40b2                	lw	ra,12(sp)
    acec:	4422                	lw	s0,8(sp)
    acee:	055e                	slli	a0,a0,0x17
    acf0:	8d59                	or	a0,a0,a4
    acf2:	01f81793          	slli	a5,a6,0x1f
    acf6:	4492                	lw	s1,4(sp)
    acf8:	4902                	lw	s2,0(sp)
    acfa:	8d5d                	or	a0,a0,a5
    acfc:	0141                	addi	sp,sp,16
    acfe:	8082                	ret
    ad00:	f4b49fe3          	bne	s1,a1,ac5e <__subsf3+0x8c>
    ad04:	c3b9                	beqz	a5,ad4a <__subsf3+0x178>
    ad06:	1c091163          	bnez	s2,aec8 <__subsf3+0x2f6>
    ad0a:	0ff00793          	li	a5,255
    ad0e:	c73d                	beqz	a4,ad7c <__subsf3+0x1aa>
    ad10:	fff78593          	addi	a1,a5,-1
    ad14:	12058963          	beqz	a1,ae46 <__subsf3+0x274>
    ad18:	0ff00513          	li	a0,255
    ad1c:	1aa78663          	beq	a5,a0,aec8 <__subsf3+0x2f6>
    ad20:	47ed                	li	a5,27
    ad22:	1ab7db63          	bge	a5,a1,aed8 <__subsf3+0x306>
    ad26:	00168713          	addi	a4,a3,1 # 4000001 <ch32v20x_wwdg.c.13394d49+0x3fe22ac>
    ad2a:	87b2                	mv	a5,a2
    ad2c:	bf51                	j	acc0 <__subsf3+0xee>
    ad2e:	caa1                	beqz	a3,ad7e <__subsf3+0x1ac>
    ad30:	fff78613          	addi	a2,a5,-1
    ad34:	10060963          	beqz	a2,ae46 <__subsf3+0x274>
    ad38:	f2a789e3          	beq	a5,a0,ac6a <__subsf3+0x98>
    ad3c:	87b2                	mv	a5,a2
    ad3e:	b719                	j	ac44 <__subsf3+0x72>
    ad40:	c789                	beqz	a5,ad4a <__subsf3+0x178>
    ad42:	fc0904e3          	beqz	s2,ad0a <__subsf3+0x138>
    ad46:	4701                	li	a4,0
    ad48:	b70d                	j	ac6a <__subsf3+0x98>
    ad4a:	00190793          	addi	a5,s2,1
    ad4e:	0fe7f613          	andi	a2,a5,254
    ad52:	14061563          	bnez	a2,ae9c <__subsf3+0x2ca>
    ad56:	16091863          	bnez	s2,aec6 <__subsf3+0x2f4>
    ad5a:	1a070663          	beqz	a4,af06 <__subsf3+0x334>
    ad5e:	1a069663          	bnez	a3,af0a <__subsf3+0x338>
    ad62:	830d                	srli	a4,a4,0x3
    ad64:	4781                	li	a5,0
    ad66:	0726                	slli	a4,a4,0x9
    ad68:	8325                	srli	a4,a4,0x9
    ad6a:	0ff7f513          	zext.b	a0,a5
    ad6e:	0014f813          	andi	a6,s1,1
    ad72:	bfa5                	j	acea <__subsf3+0x118>
    ad74:	0ff00793          	li	a5,255
    ad78:	eb65                	bnez	a4,ae68 <__subsf3+0x296>
    ad7a:	84ae                	mv	s1,a1
    ad7c:	8736                	mv	a4,a3
    ad7e:	0ff00693          	li	a3,255
    ad82:	830d                	srli	a4,a4,0x3
    ad84:	eed784e3          	beq	a5,a3,ac6c <__subsf3+0x9a>
    ad88:	bff9                	j	ad66 <__subsf3+0x194>
    ad8a:	02000613          	li	a2,32
    ad8e:	8e1d                	sub	a2,a2,a5
    ad90:	00c69633          	sll	a2,a3,a2
    ad94:	00c03633          	snez	a2,a2
    ad98:	00f6d6b3          	srl	a3,a3,a5
    ad9c:	8ed1                	or	a3,a3,a2
    ad9e:	9736                	add	a4,a4,a3
    ada0:	040007b7          	lui	a5,0x4000
    ada4:	8ff9                	and	a5,a5,a4
    ada6:	db89                	beqz	a5,acb8 <__subsf3+0xe6>
    ada8:	00190793          	addi	a5,s2,1
    adac:	0ff00693          	li	a3,255
    adb0:	0ad79363          	bne	a5,a3,ae56 <__subsf3+0x284>
    adb4:	0ff00513          	li	a0,255
    adb8:	4701                	li	a4,0
    adba:	bf05                	j	acea <__subsf3+0x118>
    adbc:	17fd                	addi	a5,a5,-1 # 3ffffff <ch32v20x_wwdg.c.13394d49+0x3fe22aa>
    adbe:	00f77433          	and	s0,a4,a5
    adc2:	8522                	mv	a0,s0
    adc4:	2f11                	jal	b4d8 <__clzsi2>
    adc6:	ffb50793          	addi	a5,a0,-5
    adca:	00f41433          	sll	s0,s0,a5
    adce:	0527ca63          	blt	a5,s2,ae22 <__subsf3+0x250>
    add2:	412787b3          	sub	a5,a5,s2
    add6:	0785                	addi	a5,a5,1
    add8:	02000713          	li	a4,32
    addc:	8f1d                	sub	a4,a4,a5
    adde:	00e41733          	sll	a4,s0,a4
    ade2:	00e03733          	snez	a4,a4
    ade6:	00f45433          	srl	s0,s0,a5
    adea:	8f41                	or	a4,a4,s0
    adec:	4781                	li	a5,0
    adee:	00777693          	andi	a3,a4,7
    adf2:	ec0697e3          	bnez	a3,acc0 <__subsf3+0xee>
    adf6:	bdd9                	j	accc <__subsf3+0xfa>
    adf8:	00190793          	addi	a5,s2,1
    adfc:	0fe7f793          	andi	a5,a5,254
    ae00:	eb85                	bnez	a5,ae30 <__subsf3+0x25e>
    ae02:	0a091a63          	bnez	s2,aeb6 <__subsf3+0x2e4>
    ae06:	cf65                	beqz	a4,aefe <__subsf3+0x32c>
    ae08:	dea9                	beqz	a3,ad62 <__subsf3+0x190>
    ae0a:	40d707b3          	sub	a5,a4,a3
    ae0e:	04000637          	lui	a2,0x4000
    ae12:	8e7d                	and	a2,a2,a5
    ae14:	10060863          	beqz	a2,af24 <__subsf3+0x352>
    ae18:	40e68733          	sub	a4,a3,a4
    ae1c:	4781                	li	a5,0
    ae1e:	84ae                	mv	s1,a1
    ae20:	b7f9                	j	adee <__subsf3+0x21c>
    ae22:	fc000737          	lui	a4,0xfc000
    ae26:	177d                	addi	a4,a4,-1 # fbffffff <__freertos_irq_stack_top+0xdbffafff>
    ae28:	40f907b3          	sub	a5,s2,a5
    ae2c:	8f61                	and	a4,a4,s0
    ae2e:	b7c1                	j	adee <__subsf3+0x21c>
    ae30:	40d70433          	sub	s0,a4,a3
    ae34:	040007b7          	lui	a5,0x4000
    ae38:	8fe1                	and	a5,a5,s0
    ae3a:	e3d1                	bnez	a5,aebe <__subsf3+0x2ec>
    ae3c:	f059                	bnez	s0,adc2 <__subsf3+0x1f0>
    ae3e:	4801                	li	a6,0
    ae40:	4501                	li	a0,0
    ae42:	4701                	li	a4,0
    ae44:	b55d                	j	acea <__subsf3+0x118>
    ae46:	9736                	add	a4,a4,a3
    ae48:	040006b7          	lui	a3,0x4000
    ae4c:	8ef9                	and	a3,a3,a4
    ae4e:	4789                	li	a5,2
    ae50:	4905                	li	s2,1
    ae52:	e60683e3          	beqz	a3,acb8 <__subsf3+0xe6>
    ae56:	7e000637          	lui	a2,0x7e000
    ae5a:	00175693          	srli	a3,a4,0x1
    ae5e:	167d                	addi	a2,a2,-1 # 7dffffff <__freertos_irq_stack_top+0x5dffafff>
    ae60:	8b05                	andi	a4,a4,1
    ae62:	8ef1                	and	a3,a3,a2
    ae64:	8f55                	or	a4,a4,a3
    ae66:	b761                	j	adee <__subsf3+0x21c>
    ae68:	fff78513          	addi	a0,a5,-1 # 3ffffff <ch32v20x_wwdg.c.13394d49+0x3fe22aa>
    ae6c:	c541                	beqz	a0,aef4 <__subsf3+0x322>
    ae6e:	0ff00813          	li	a6,255
    ae72:	84ae                	mv	s1,a1
    ae74:	05078a63          	beq	a5,a6,aec8 <__subsf3+0x2f6>
    ae78:	45ed                	li	a1,27
    ae7a:	4785                	li	a5,1
    ae7c:	00a5cc63          	blt	a1,a0,ae94 <__subsf3+0x2c2>
    ae80:	02000793          	li	a5,32
    ae84:	8f89                	sub	a5,a5,a0
    ae86:	00f717b3          	sll	a5,a4,a5
    ae8a:	00a75533          	srl	a0,a4,a0
    ae8e:	00f037b3          	snez	a5,a5
    ae92:	8fc9                	or	a5,a5,a0
    ae94:	40f68733          	sub	a4,a3,a5
    ae98:	8932                	mv	s2,a2
    ae9a:	bd09                	j	acac <__subsf3+0xda>
    ae9c:	0ff00613          	li	a2,255
    aea0:	f0c78ae3          	beq	a5,a2,adb4 <__subsf3+0x1e2>
    aea4:	96ba                	add	a3,a3,a4
    aea6:	0016d713          	srli	a4,a3,0x1
    aeaa:	00777613          	andi	a2,a4,7
    aeae:	e00619e3          	bnez	a2,acc0 <__subsf3+0xee>
    aeb2:	830d                	srli	a4,a4,0x3
    aeb4:	bd4d                	j	ad66 <__subsf3+0x194>
    aeb6:	ef11                	bnez	a4,aed2 <__subsf3+0x300>
    aeb8:	da068fe3          	beqz	a3,ac76 <__subsf3+0xa4>
    aebc:	b36d                	j	ac66 <__subsf3+0x94>
    aebe:	40e68433          	sub	s0,a3,a4
    aec2:	84ae                	mv	s1,a1
    aec4:	bdfd                	j	adc2 <__subsf3+0x1f0>
    aec6:	e711                	bnez	a4,aed2 <__subsf3+0x300>
    aec8:	8736                	mv	a4,a3
    aeca:	b345                	j	ac6a <__subsf3+0x98>
    aecc:	8f15                	sub	a4,a4,a3
    aece:	4905                	li	s2,1
    aed0:	bbf1                	j	acac <__subsf3+0xda>
    aed2:	d8068ce3          	beqz	a3,ac6a <__subsf3+0x98>
    aed6:	b345                	j	ac76 <__subsf3+0xa4>
    aed8:	02000793          	li	a5,32
    aedc:	8f8d                	sub	a5,a5,a1
    aede:	00f717b3          	sll	a5,a4,a5
    aee2:	00b755b3          	srl	a1,a4,a1
    aee6:	00f037b3          	snez	a5,a5
    aeea:	8ddd                	or	a1,a1,a5
    aeec:	00d58733          	add	a4,a1,a3
    aef0:	8932                	mv	s2,a2
    aef2:	b57d                	j	ada0 <__subsf3+0x1ce>
    aef4:	40e68733          	sub	a4,a3,a4
    aef8:	84ae                	mv	s1,a1
    aefa:	4905                	li	s2,1
    aefc:	bb45                	j	acac <__subsf3+0xda>
    aefe:	d2a1                	beqz	a3,ae3e <__subsf3+0x26c>
    af00:	84ae                	mv	s1,a1
    af02:	8736                	mv	a4,a3
    af04:	bdb9                	j	ad62 <__subsf3+0x190>
    af06:	8736                	mv	a4,a3
    af08:	bda9                	j	ad62 <__subsf3+0x190>
    af0a:	9736                	add	a4,a4,a3
    af0c:	04000637          	lui	a2,0x4000
    af10:	8e79                	and	a2,a2,a4
    af12:	4781                	li	a5,0
    af14:	de59                	beqz	a2,aeb2 <__subsf3+0x2e0>
    af16:	fc0007b7          	lui	a5,0xfc000
    af1a:	17fd                	addi	a5,a5,-1 # fbffffff <__freertos_irq_stack_top+0xdbffafff>
    af1c:	8f7d                	and	a4,a4,a5
    af1e:	830d                	srli	a4,a4,0x3
    af20:	4785                	li	a5,1
    af22:	b591                	j	ad66 <__subsf3+0x194>
    af24:	df89                	beqz	a5,ae3e <__subsf3+0x26c>
    af26:	873e                	mv	a4,a5
    af28:	830d                	srli	a4,a4,0x3
    af2a:	4781                	li	a5,0
    af2c:	bd2d                	j	ad66 <__subsf3+0x194>
    af2e:	ec0785e3          	beqz	a5,adf8 <__subsf3+0x226>
    af32:	41260533          	sub	a0,a2,s2
    af36:	87aa                	mv	a5,a0
    af38:	e40900e3          	beqz	s2,ad78 <__subsf3+0x1a6>
    af3c:	040007b7          	lui	a5,0x4000
    af40:	8f5d                	or	a4,a4,a5
    af42:	84ae                	mv	s1,a1
    af44:	bf15                	j	ae78 <__subsf3+0x2a6>
    af46:	e00782e3          	beqz	a5,ad4a <__subsf3+0x178>
    af4a:	412605b3          	sub	a1,a2,s2
    af4e:	00091463          	bnez	s2,af56 <__subsf3+0x384>
    af52:	87ae                	mv	a5,a1
    af54:	bb6d                	j	ad0e <__subsf3+0x13c>
    af56:	040007b7          	lui	a5,0x4000
    af5a:	8f5d                	or	a4,a4,a5
    af5c:	b3d1                	j	ad20 <__subsf3+0x14e>

0000af5e <__fixsfsi>:
    af5e:	00800637          	lui	a2,0x800
    af62:	01755713          	srli	a4,a0,0x17
    af66:	fff60793          	addi	a5,a2,-1 # 7fffff <ch32v20x_wwdg.c.13394d49+0x7e22aa>
    af6a:	0ff77713          	zext.b	a4,a4
    af6e:	07e00593          	li	a1,126
    af72:	00a7f6b3          	and	a3,a5,a0
    af76:	01f55793          	srli	a5,a0,0x1f
    af7a:	00e5db63          	bge	a1,a4,af90 <__fixsfsi+0x32>
    af7e:	09d00593          	li	a1,157
    af82:	00e5d963          	bge	a1,a4,af94 <__fixsfsi+0x36>
    af86:	80000537          	lui	a0,0x80000
    af8a:	157d                	addi	a0,a0,-1 # 7fffffff <__freertos_irq_stack_top+0x5fffafff>
    af8c:	953e                	add	a0,a0,a5
    af8e:	8082                	ret
    af90:	4501                	li	a0,0
    af92:	8082                	ret
    af94:	09500593          	li	a1,149
    af98:	8ed1                	or	a3,a3,a2
    af9a:	00e5cd63          	blt	a1,a4,afb4 <__fixsfsi+0x56>
    af9e:	09600613          	li	a2,150
    afa2:	40e60733          	sub	a4,a2,a4
    afa6:	00e6d6b3          	srl	a3,a3,a4
    afaa:	40d00533          	neg	a0,a3
    afae:	f3f5                	bnez	a5,af92 <__fixsfsi+0x34>
    afb0:	8536                	mv	a0,a3
    afb2:	8082                	ret
    afb4:	f6a70713          	addi	a4,a4,-150
    afb8:	00e696b3          	sll	a3,a3,a4
    afbc:	b7fd                	j	afaa <__fixsfsi+0x4c>

0000afbe <__fixunssfsi>:
    afbe:	01755713          	srli	a4,a0,0x17
    afc2:	00800637          	lui	a2,0x800
    afc6:	fff60793          	addi	a5,a2,-1 # 7fffff <ch32v20x_wwdg.c.13394d49+0x7e22aa>
    afca:	0ff77713          	zext.b	a4,a4
    afce:	07e00593          	li	a1,126
    afd2:	00a7f6b3          	and	a3,a5,a0
    afd6:	01f55793          	srli	a5,a0,0x1f
    afda:	4501                	li	a0,0
    afdc:	00e5d363          	bge	a1,a4,afe2 <__fixunssfsi+0x24>
    afe0:	c391                	beqz	a5,afe4 <__fixunssfsi+0x26>
    afe2:	8082                	ret
    afe4:	09e00793          	li	a5,158
    afe8:	557d                	li	a0,-1
    afea:	fee7cce3          	blt	a5,a4,afe2 <__fixunssfsi+0x24>
    afee:	09500593          	li	a1,149
    aff2:	00c6e7b3          	or	a5,a3,a2
    aff6:	00e5d763          	bge	a1,a4,b004 <__fixunssfsi+0x46>
    affa:	f6a70713          	addi	a4,a4,-150
    affe:	00e79533          	sll	a0,a5,a4
    b002:	8082                	ret
    b004:	09600513          	li	a0,150
    b008:	8d19                	sub	a0,a0,a4
    b00a:	00a7d533          	srl	a0,a5,a0
    b00e:	8082                	ret

0000b010 <__floatsisf>:
    b010:	1141                	addi	sp,sp,-16
    b012:	c606                	sw	ra,12(sp)
    b014:	c422                	sw	s0,8(sp)
    b016:	c226                	sw	s1,4(sp)
    b018:	cd15                	beqz	a0,b054 <__floatsisf+0x44>
    b01a:	41f55713          	srai	a4,a0,0x1f
    b01e:	00a74433          	xor	s0,a4,a0
    b022:	8c19                	sub	s0,s0,a4
    b024:	87aa                	mv	a5,a0
    b026:	8522                	mv	a0,s0
    b028:	01f7d493          	srli	s1,a5,0x1f
    b02c:	2175                	jal	b4d8 <__clzsi2>
    b02e:	09e00713          	li	a4,158
    b032:	40a707b3          	sub	a5,a4,a0
    b036:	09600713          	li	a4,150
    b03a:	02f74a63          	blt	a4,a5,b06e <__floatsisf+0x5e>
    b03e:	4721                	li	a4,8
    b040:	08e50863          	beq	a0,a4,b0d0 <__floatsisf+0xc0>
    b044:	1561                	addi	a0,a0,-8
    b046:	00a41733          	sll	a4,s0,a0
    b04a:	0726                	slli	a4,a4,0x9
    b04c:	8325                	srli	a4,a4,0x9
    b04e:	0ff7f513          	zext.b	a0,a5
    b052:	a021                	j	b05a <__floatsisf+0x4a>
    b054:	4481                	li	s1,0
    b056:	4501                	li	a0,0
    b058:	4701                	li	a4,0
    b05a:	40b2                	lw	ra,12(sp)
    b05c:	4422                	lw	s0,8(sp)
    b05e:	055e                	slli	a0,a0,0x17
    b060:	01f49793          	slli	a5,s1,0x1f
    b064:	8d59                	or	a0,a0,a4
    b066:	4492                	lw	s1,4(sp)
    b068:	8d5d                	or	a0,a0,a5
    b06a:	0141                	addi	sp,sp,16
    b06c:	8082                	ret
    b06e:	09900713          	li	a4,153
    b072:	04f74363          	blt	a4,a5,b0b8 <__floatsisf+0xa8>
    b076:	4715                	li	a4,5
    b078:	ffb50693          	addi	a3,a0,-5
    b07c:	00e50463          	beq	a0,a4,b084 <__floatsisf+0x74>
    b080:	00d41433          	sll	s0,s0,a3
    b084:	fc0006b7          	lui	a3,0xfc000
    b088:	16fd                	addi	a3,a3,-1 # fbffffff <__freertos_irq_stack_top+0xdbffafff>
    b08a:	00747613          	andi	a2,s0,7
    b08e:	00d47733          	and	a4,s0,a3
    b092:	ce11                	beqz	a2,b0ae <__floatsisf+0x9e>
    b094:	883d                	andi	s0,s0,15
    b096:	4611                	li	a2,4
    b098:	00c40b63          	beq	s0,a2,b0ae <__floatsisf+0x9e>
    b09c:	0711                	addi	a4,a4,4
    b09e:	04000637          	lui	a2,0x4000
    b0a2:	8e79                	and	a2,a2,a4
    b0a4:	c609                	beqz	a2,b0ae <__floatsisf+0x9e>
    b0a6:	09f00793          	li	a5,159
    b0aa:	8f75                	and	a4,a4,a3
    b0ac:	8f89                	sub	a5,a5,a0
    b0ae:	071a                	slli	a4,a4,0x6
    b0b0:	8325                	srli	a4,a4,0x9
    b0b2:	0ff7f513          	zext.b	a0,a5
    b0b6:	b755                	j	b05a <__floatsisf+0x4a>
    b0b8:	01b50713          	addi	a4,a0,27
    b0bc:	4695                	li	a3,5
    b0be:	00e41733          	sll	a4,s0,a4
    b0c2:	8e89                	sub	a3,a3,a0
    b0c4:	00d45433          	srl	s0,s0,a3
    b0c8:	00e03733          	snez	a4,a4
    b0cc:	8c59                	or	s0,s0,a4
    b0ce:	bf5d                	j	b084 <__floatsisf+0x74>
    b0d0:	0426                	slli	s0,s0,0x9
    b0d2:	00945713          	srli	a4,s0,0x9
    b0d6:	09600513          	li	a0,150
    b0da:	b741                	j	b05a <__floatsisf+0x4a>

0000b0dc <__floatunsisf>:
    b0dc:	cd0d                	beqz	a0,b116 <__floatunsisf+0x3a>
    b0de:	1141                	addi	sp,sp,-16
    b0e0:	c422                	sw	s0,8(sp)
    b0e2:	c606                	sw	ra,12(sp)
    b0e4:	842a                	mv	s0,a0
    b0e6:	2ecd                	jal	b4d8 <__clzsi2>
    b0e8:	09e00793          	li	a5,158
    b0ec:	8f89                	sub	a5,a5,a0
    b0ee:	09600713          	li	a4,150
    b0f2:	02f74763          	blt	a4,a5,b120 <__floatunsisf+0x44>
    b0f6:	4721                	li	a4,8
    b0f8:	08e50a63          	beq	a0,a4,b18c <__floatunsisf+0xb0>
    b0fc:	1561                	addi	a0,a0,-8
    b0fe:	00a41733          	sll	a4,s0,a0
    b102:	0726                	slli	a4,a4,0x9
    b104:	8325                	srli	a4,a4,0x9
    b106:	0ff7f513          	zext.b	a0,a5
    b10a:	40b2                	lw	ra,12(sp)
    b10c:	4422                	lw	s0,8(sp)
    b10e:	055e                	slli	a0,a0,0x17
    b110:	8d59                	or	a0,a0,a4
    b112:	0141                	addi	sp,sp,16
    b114:	8082                	ret
    b116:	4501                	li	a0,0
    b118:	4701                	li	a4,0
    b11a:	055e                	slli	a0,a0,0x17
    b11c:	8d59                	or	a0,a0,a4
    b11e:	8082                	ret
    b120:	09900713          	li	a4,153
    b124:	04f74863          	blt	a4,a5,b174 <__floatunsisf+0x98>
    b128:	4715                	li	a4,5
    b12a:	ffb50693          	addi	a3,a0,-5
    b12e:	00e50463          	beq	a0,a4,b136 <__floatunsisf+0x5a>
    b132:	00d41433          	sll	s0,s0,a3
    b136:	fc0006b7          	lui	a3,0xfc000
    b13a:	16fd                	addi	a3,a3,-1 # fbffffff <__freertos_irq_stack_top+0xdbffafff>
    b13c:	00747613          	andi	a2,s0,7
    b140:	00d47733          	and	a4,s0,a3
    b144:	ce11                	beqz	a2,b160 <__floatunsisf+0x84>
    b146:	883d                	andi	s0,s0,15
    b148:	4611                	li	a2,4
    b14a:	00c40b63          	beq	s0,a2,b160 <__floatunsisf+0x84>
    b14e:	0711                	addi	a4,a4,4
    b150:	04000637          	lui	a2,0x4000
    b154:	8e79                	and	a2,a2,a4
    b156:	c609                	beqz	a2,b160 <__floatunsisf+0x84>
    b158:	09f00793          	li	a5,159
    b15c:	8f75                	and	a4,a4,a3
    b15e:	8f89                	sub	a5,a5,a0
    b160:	40b2                	lw	ra,12(sp)
    b162:	4422                	lw	s0,8(sp)
    b164:	071a                	slli	a4,a4,0x6
    b166:	0ff7f513          	zext.b	a0,a5
    b16a:	8325                	srli	a4,a4,0x9
    b16c:	055e                	slli	a0,a0,0x17
    b16e:	8d59                	or	a0,a0,a4
    b170:	0141                	addi	sp,sp,16
    b172:	8082                	ret
    b174:	01b50713          	addi	a4,a0,27
    b178:	4695                	li	a3,5
    b17a:	00e41733          	sll	a4,s0,a4
    b17e:	8e89                	sub	a3,a3,a0
    b180:	00e03733          	snez	a4,a4
    b184:	00d45433          	srl	s0,s0,a3
    b188:	8c59                	or	s0,s0,a4
    b18a:	b775                	j	b136 <__floatunsisf+0x5a>
    b18c:	0426                	slli	s0,s0,0x9
    b18e:	00945713          	srli	a4,s0,0x9
    b192:	09600513          	li	a0,150
    b196:	bf95                	j	b10a <__floatunsisf+0x2e>

0000b198 <__floatundisf>:
    b198:	1141                	addi	sp,sp,-16
    b19a:	c606                	sw	ra,12(sp)
    b19c:	c422                	sw	s0,8(sp)
    b19e:	c226                	sw	s1,4(sp)
    b1a0:	00b567b3          	or	a5,a0,a1
    b1a4:	c3d1                	beqz	a5,b228 <__floatundisf+0x90>
    b1a6:	842a                	mv	s0,a0
    b1a8:	84ae                	mv	s1,a1
    b1aa:	c9c1                	beqz	a1,b23a <__floatundisf+0xa2>
    b1ac:	852e                	mv	a0,a1
    b1ae:	262d                	jal	b4d8 <__clzsi2>
    b1b0:	86aa                	mv	a3,a0
    b1b2:	0be00513          	li	a0,190
    b1b6:	40d50733          	sub	a4,a0,a3
    b1ba:	ffb68613          	addi	a2,a3,-5
    b1be:	01b68793          	addi	a5,a3,27
    b1c2:	0a064e63          	bltz	a2,b27e <__floatundisf+0xe6>
    b1c6:	00c41633          	sll	a2,s0,a2
    b1ca:	4781                	li	a5,0
    b1cc:	02500593          	li	a1,37
    b1d0:	8d95                	sub	a1,a1,a3
    b1d2:	8fd1                	or	a5,a5,a2
    b1d4:	fe058613          	addi	a2,a1,-32 # 3ffffe0 <ch32v20x_wwdg.c.13394d49+0x3fe228b>
    b1d8:	00f037b3          	snez	a5,a5
    b1dc:	0a064d63          	bltz	a2,b296 <__floatundisf+0xfe>
    b1e0:	00c4d4b3          	srl	s1,s1,a2
    b1e4:	8fc5                	or	a5,a5,s1
    b1e6:	fc000637          	lui	a2,0xfc000
    b1ea:	167d                	addi	a2,a2,-1 # fbffffff <__freertos_irq_stack_top+0xdbffafff>
    b1ec:	0077f593          	andi	a1,a5,7
    b1f0:	00c7f433          	and	s0,a5,a2
    b1f4:	cd99                	beqz	a1,b212 <__floatundisf+0x7a>
    b1f6:	8bbd                	andi	a5,a5,15
    b1f8:	4591                	li	a1,4
    b1fa:	00b78c63          	beq	a5,a1,b212 <__floatundisf+0x7a>
    b1fe:	0411                	addi	s0,s0,4
    b200:	040007b7          	lui	a5,0x4000
    b204:	8fe1                	and	a5,a5,s0
    b206:	c791                	beqz	a5,b212 <__floatundisf+0x7a>
    b208:	0bf00513          	li	a0,191
    b20c:	8c71                	and	s0,s0,a2
    b20e:	40d50733          	sub	a4,a0,a3
    b212:	041a                	slli	s0,s0,0x6
    b214:	0ff77513          	zext.b	a0,a4
    b218:	8025                	srli	s0,s0,0x9
    b21a:	055e                	slli	a0,a0,0x17
    b21c:	40b2                	lw	ra,12(sp)
    b21e:	8d41                	or	a0,a0,s0
    b220:	4422                	lw	s0,8(sp)
    b222:	4492                	lw	s1,4(sp)
    b224:	0141                	addi	sp,sp,16
    b226:	8082                	ret
    b228:	4501                	li	a0,0
    b22a:	4401                	li	s0,0
    b22c:	055e                	slli	a0,a0,0x17
    b22e:	40b2                	lw	ra,12(sp)
    b230:	8d41                	or	a0,a0,s0
    b232:	4422                	lw	s0,8(sp)
    b234:	4492                	lw	s1,4(sp)
    b236:	0141                	addi	sp,sp,16
    b238:	8082                	ret
    b23a:	2c79                	jal	b4d8 <__clzsi2>
    b23c:	02050693          	addi	a3,a0,32
    b240:	0be00713          	li	a4,190
    b244:	8f15                	sub	a4,a4,a3
    b246:	09600613          	li	a2,150
    b24a:	87a2                	mv	a5,s0
    b24c:	04e64e63          	blt	a2,a4,b2a8 <__floatundisf+0x110>
    b250:	02800793          	li	a5,40
    b254:	02f68063          	beq	a3,a5,b274 <__floatundisf+0xdc>
    b258:	1561                	addi	a0,a0,-8
    b25a:	00a41433          	sll	s0,s0,a0
    b25e:	0426                	slli	s0,s0,0x9
    b260:	0ff77513          	zext.b	a0,a4
    b264:	8025                	srli	s0,s0,0x9
    b266:	055e                	slli	a0,a0,0x17
    b268:	40b2                	lw	ra,12(sp)
    b26a:	8d41                	or	a0,a0,s0
    b26c:	4422                	lw	s0,8(sp)
    b26e:	4492                	lw	s1,4(sp)
    b270:	0141                	addi	sp,sp,16
    b272:	8082                	ret
    b274:	0426                	slli	s0,s0,0x9
    b276:	8025                	srli	s0,s0,0x9
    b278:	09600513          	li	a0,150
    b27c:	bf45                	j	b22c <__floatundisf+0x94>
    b27e:	467d                	li	a2,31
    b280:	8e1d                	sub	a2,a2,a5
    b282:	00145593          	srli	a1,s0,0x1
    b286:	00c5d5b3          	srl	a1,a1,a2
    b28a:	00f49633          	sll	a2,s1,a5
    b28e:	8e4d                	or	a2,a2,a1
    b290:	00f417b3          	sll	a5,s0,a5
    b294:	bf25                	j	b1cc <__floatundisf+0x34>
    b296:	467d                	li	a2,31
    b298:	0486                	slli	s1,s1,0x1
    b29a:	8e0d                	sub	a2,a2,a1
    b29c:	00c49633          	sll	a2,s1,a2
    b2a0:	00b454b3          	srl	s1,s0,a1
    b2a4:	8cd1                	or	s1,s1,a2
    b2a6:	bf3d                	j	b1e4 <__floatundisf+0x4c>
    b2a8:	09900613          	li	a2,153
    b2ac:	f0e647e3          	blt	a2,a4,b1ba <__floatundisf+0x22>
    b2b0:	02500613          	li	a2,37
    b2b4:	156d                	addi	a0,a0,-5
    b2b6:	00c68563          	beq	a3,a2,b2c0 <__floatundisf+0x128>
    b2ba:	00a417b3          	sll	a5,s0,a0
    b2be:	b725                	j	b1e6 <__floatundisf+0x4e>
    b2c0:	09900713          	li	a4,153
    b2c4:	b70d                	j	b1e6 <__floatundisf+0x4e>

0000b2c6 <__extendsfdf2>:
    b2c6:	01755793          	srli	a5,a0,0x17
    b2ca:	0ff7f793          	zext.b	a5,a5
    b2ce:	1141                	addi	sp,sp,-16
    b2d0:	00178713          	addi	a4,a5,1 # 4000001 <ch32v20x_wwdg.c.13394d49+0x3fe22ac>
    b2d4:	c422                	sw	s0,8(sp)
    b2d6:	c226                	sw	s1,4(sp)
    b2d8:	c606                	sw	ra,12(sp)
    b2da:	00951493          	slli	s1,a0,0x9
    b2de:	0fe77713          	andi	a4,a4,254
    b2e2:	80a5                	srli	s1,s1,0x9
    b2e4:	01f55413          	srli	s0,a0,0x1f
    b2e8:	c315                	beqz	a4,b30c <__extendsfdf2+0x46>
    b2ea:	0034d713          	srli	a4,s1,0x3
    b2ee:	38078793          	addi	a5,a5,896
    b2f2:	04f6                	slli	s1,s1,0x1d
    b2f4:	01f41513          	slli	a0,s0,0x1f
    b2f8:	40b2                	lw	ra,12(sp)
    b2fa:	4422                	lw	s0,8(sp)
    b2fc:	07d2                	slli	a5,a5,0x14
    b2fe:	8fd9                	or	a5,a5,a4
    b300:	8fc9                	or	a5,a5,a0
    b302:	85be                	mv	a1,a5
    b304:	8526                	mv	a0,s1
    b306:	4492                	lw	s1,4(sp)
    b308:	0141                	addi	sp,sp,16
    b30a:	8082                	ret
    b30c:	e79d                	bnez	a5,b33a <__extendsfdf2+0x74>
    b30e:	c0b1                	beqz	s1,b352 <__extendsfdf2+0x8c>
    b310:	8526                	mv	a0,s1
    b312:	22d9                	jal	b4d8 <__clzsi2>
    b314:	47a9                	li	a5,10
    b316:	04a7c563          	blt	a5,a0,b360 <__extendsfdf2+0x9a>
    b31a:	472d                	li	a4,11
    b31c:	8f09                	sub	a4,a4,a0
    b31e:	01550793          	addi	a5,a0,21
    b322:	00e4d733          	srl	a4,s1,a4
    b326:	00f494b3          	sll	s1,s1,a5
    b32a:	38900793          	li	a5,905
    b32e:	0732                	slli	a4,a4,0xc
    b330:	8f89                	sub	a5,a5,a0
    b332:	8331                	srli	a4,a4,0xc
    b334:	7ff7f793          	andi	a5,a5,2047
    b338:	bf75                	j	b2f4 <__extendsfdf2+0x2e>
    b33a:	cc99                	beqz	s1,b358 <__extendsfdf2+0x92>
    b33c:	0034d713          	srli	a4,s1,0x3
    b340:	000807b7          	lui	a5,0x80
    b344:	8f5d                	or	a4,a4,a5
    b346:	0732                	slli	a4,a4,0xc
    b348:	04f6                	slli	s1,s1,0x1d
    b34a:	8331                	srli	a4,a4,0xc
    b34c:	7ff00793          	li	a5,2047
    b350:	b755                	j	b2f4 <__extendsfdf2+0x2e>
    b352:	4781                	li	a5,0
    b354:	4701                	li	a4,0
    b356:	bf79                	j	b2f4 <__extendsfdf2+0x2e>
    b358:	7ff00793          	li	a5,2047
    b35c:	4701                	li	a4,0
    b35e:	bf59                	j	b2f4 <__extendsfdf2+0x2e>
    b360:	ff550713          	addi	a4,a0,-11
    b364:	00e49733          	sll	a4,s1,a4
    b368:	4481                	li	s1,0
    b36a:	b7c1                	j	b32a <__extendsfdf2+0x64>

0000b36c <__truncdfsf2>:
    b36c:	0145d793          	srli	a5,a1,0x14
    b370:	7ff7f793          	andi	a5,a5,2047
    b374:	00c59693          	slli	a3,a1,0xc
    b378:	00178613          	addi	a2,a5,1 # 80001 <ch32v20x_wwdg.c.13394d49+0x622ac>
    b37c:	82a5                	srli	a3,a3,0x9
    b37e:	01d55713          	srli	a4,a0,0x1d
    b382:	7fe67613          	andi	a2,a2,2046
    b386:	81fd                	srli	a1,a1,0x1f
    b388:	8ed9                	or	a3,a3,a4
    b38a:	00351813          	slli	a6,a0,0x3
    b38e:	c205                	beqz	a2,b3ae <__truncdfsf2+0x42>
    b390:	c8078613          	addi	a2,a5,-896
    b394:	0fe00713          	li	a4,254
    b398:	04c75463          	bge	a4,a2,b3e0 <__truncdfsf2+0x74>
    b39c:	0ff00793          	li	a5,255
    b3a0:	4701                	li	a4,0
    b3a2:	07de                	slli	a5,a5,0x17
    b3a4:	00e7e533          	or	a0,a5,a4
    b3a8:	05fe                	slli	a1,a1,0x1f
    b3aa:	8d4d                	or	a0,a0,a1
    b3ac:	8082                	ret
    b3ae:	0106e733          	or	a4,a3,a6
    b3b2:	eb89                	bnez	a5,b3c4 <__truncdfsf2+0x58>
    b3b4:	4801                	li	a6,0
    b3b6:	cb2d                	beqz	a4,b428 <__truncdfsf2+0xbc>
    b3b8:	0826                	slli	a6,a6,0x9
    b3ba:	00985713          	srli	a4,a6,0x9
    b3be:	0ff7f793          	zext.b	a5,a5
    b3c2:	b7c5                	j	b3a2 <__truncdfsf2+0x36>
    b3c4:	0ff00793          	li	a5,255
    b3c8:	df69                	beqz	a4,b3a2 <__truncdfsf2+0x36>
    b3ca:	0ff00793          	li	a5,255
    b3ce:	00400737          	lui	a4,0x400
    b3d2:	07de                	slli	a5,a5,0x17
    b3d4:	4581                	li	a1,0
    b3d6:	00e7e533          	or	a0,a5,a4
    b3da:	05fe                	slli	a1,a1,0x1f
    b3dc:	8d4d                	or	a0,a0,a1
    b3de:	8082                	ret
    b3e0:	04c05c63          	blez	a2,b438 <__truncdfsf2+0xcc>
    b3e4:	00651713          	slli	a4,a0,0x6
    b3e8:	00e03733          	snez	a4,a4
    b3ec:	068e                	slli	a3,a3,0x3
    b3ee:	01d85813          	srli	a6,a6,0x1d
    b3f2:	8f55                	or	a4,a4,a3
    b3f4:	01076733          	or	a4,a4,a6
    b3f8:	00777793          	andi	a5,a4,7
    b3fc:	cbe9                	beqz	a5,b4ce <__truncdfsf2+0x162>
    b3fe:	00f77793          	andi	a5,a4,15
    b402:	4691                	li	a3,4
    b404:	0cd78563          	beq	a5,a3,b4ce <__truncdfsf2+0x162>
    b408:	0711                	addi	a4,a4,4 # 400004 <ch32v20x_wwdg.c.13394d49+0x3e22af>
    b40a:	040007b7          	lui	a5,0x4000
    b40e:	8ff9                	and	a5,a5,a4
    b410:	c7dd                	beqz	a5,b4be <__truncdfsf2+0x152>
    b412:	00160793          	addi	a5,a2,1
    b416:	0ff7f793          	zext.b	a5,a5
    b41a:	4701                	li	a4,0
    b41c:	07de                	slli	a5,a5,0x17
    b41e:	00e7e533          	or	a0,a5,a4
    b422:	05fe                	slli	a1,a1,0x1f
    b424:	8d4d                	or	a0,a0,a1
    b426:	8082                	ret
    b428:	4781                	li	a5,0
    b42a:	4701                	li	a4,0
    b42c:	07de                	slli	a5,a5,0x17
    b42e:	00e7e533          	or	a0,a5,a4
    b432:	05fe                	slli	a1,a1,0x1f
    b434:	8d4d                	or	a0,a0,a1
    b436:	8082                	ret
    b438:	5725                	li	a4,-23
    b43a:	fee647e3          	blt	a2,a4,b428 <__truncdfsf2+0xbc>
    b43e:	4579                	li	a0,30
    b440:	008008b7          	lui	a7,0x800
    b444:	8d11                	sub	a0,a0,a2
    b446:	477d                	li	a4,31
    b448:	0116e6b3          	or	a3,a3,a7
    b44c:	04a75063          	bge	a4,a0,b48c <__truncdfsf2+0x120>
    b450:	5779                	li	a4,-2
    b452:	8f11                	sub	a4,a4,a2
    b454:	02000613          	li	a2,32
    b458:	00e6d733          	srl	a4,a3,a4
    b45c:	00c50863          	beq	a0,a2,b46c <__truncdfsf2+0x100>
    b460:	ca278793          	addi	a5,a5,-862 # 3fffca2 <ch32v20x_wwdg.c.13394d49+0x3fe1f4d>
    b464:	00f696b3          	sll	a3,a3,a5
    b468:	00d86833          	or	a6,a6,a3
    b46c:	01003833          	snez	a6,a6
    b470:	00e86833          	or	a6,a6,a4
    b474:	00787793          	andi	a5,a6,7
    b478:	c7b9                	beqz	a5,b4c6 <__truncdfsf2+0x15a>
    b47a:	00f87793          	andi	a5,a6,15
    b47e:	4711                	li	a4,4
    b480:	02e79c63          	bne	a5,a4,b4b8 <__truncdfsf2+0x14c>
    b484:	00385813          	srli	a6,a6,0x3
    b488:	4781                	li	a5,0
    b48a:	b73d                	j	b3b8 <__truncdfsf2+0x4c>
    b48c:	c8278793          	addi	a5,a5,-894
    b490:	00f81733          	sll	a4,a6,a5
    b494:	00f696b3          	sll	a3,a3,a5
    b498:	00e03733          	snez	a4,a4
    b49c:	00a85833          	srl	a6,a6,a0
    b4a0:	8f55                	or	a4,a4,a3
    b4a2:	00e86733          	or	a4,a6,a4
    b4a6:	00777793          	andi	a5,a4,7
    b4aa:	4601                	li	a2,0
    b4ac:	fba9                	bnez	a5,b3fe <__truncdfsf2+0x92>
    b4ae:	830d                	srli	a4,a4,0x3
    b4b0:	18fd                	addi	a7,a7,-1 # 7fffff <ch32v20x_wwdg.c.13394d49+0x7e22aa>
    b4b2:	01177733          	and	a4,a4,a7
    b4b6:	b5f5                	j	b3a2 <__truncdfsf2+0x36>
    b4b8:	00480713          	addi	a4,a6,4
    b4bc:	4601                	li	a2,0
    b4be:	00375813          	srli	a6,a4,0x3
    b4c2:	87b2                	mv	a5,a2
    b4c4:	bdd5                	j	b3b8 <__truncdfsf2+0x4c>
    b4c6:	081a                	slli	a6,a6,0x6
    b4c8:	00985713          	srli	a4,a6,0x9
    b4cc:	bdd9                	j	b3a2 <__truncdfsf2+0x36>
    b4ce:	071a                	slli	a4,a4,0x6
    b4d0:	8325                	srli	a4,a4,0x9
    b4d2:	0ff67793          	zext.b	a5,a2
    b4d6:	b5f1                	j	b3a2 <__truncdfsf2+0x36>

0000b4d8 <__clzsi2>:
    b4d8:	67c1                	lui	a5,0x10
    b4da:	02f57563          	bgeu	a0,a5,b504 <__clzsi2+0x2c>
    b4de:	10053793          	sltiu	a5,a0,256
    b4e2:	0017c793          	xori	a5,a5,1
    b4e6:	078e                	slli	a5,a5,0x3
    b4e8:	02000713          	li	a4,32
    b4ec:	8f1d                	sub	a4,a4,a5
    b4ee:	00f55533          	srl	a0,a0,a5
    b4f2:	00001797          	auipc	a5,0x1
    b4f6:	a8678793          	addi	a5,a5,-1402 # bf78 <__clz_tab>
    b4fa:	97aa                	add	a5,a5,a0
    b4fc:	2388                	lbu	a0,0(a5)
    b4fe:	40a70533          	sub	a0,a4,a0
    b502:	8082                	ret
    b504:	010007b7          	lui	a5,0x1000
    b508:	00f57f63          	bgeu	a0,a5,b526 <__clzsi2+0x4e>
    b50c:	47c1                	li	a5,16
    b50e:	00f55533          	srl	a0,a0,a5
    b512:	00001797          	auipc	a5,0x1
    b516:	a6678793          	addi	a5,a5,-1434 # bf78 <__clz_tab>
    b51a:	97aa                	add	a5,a5,a0
    b51c:	2388                	lbu	a0,0(a5)
    b51e:	4741                	li	a4,16
    b520:	40a70533          	sub	a0,a4,a0
    b524:	8082                	ret
    b526:	47e1                	li	a5,24
    b528:	00f55533          	srl	a0,a0,a5
    b52c:	00001797          	auipc	a5,0x1
    b530:	a4c78793          	addi	a5,a5,-1460 # bf78 <__clz_tab>
    b534:	97aa                	add	a5,a5,a0
    b536:	2388                	lbu	a0,0(a5)
    b538:	4721                	li	a4,8
    b53a:	40a70533          	sub	a0,a4,a0
    b53e:	8082                	ret
    b540:	3fd33333          	.4byte	0x3fd33333
    b544:	3fd33333          	.4byte	0x3fd33333
    b548:	3fd33333          	.4byte	0x3fd33333
    b54c:	3fd33333          	.4byte	0x3fd33333
    b550:	30474647          	.4byte	0x30474647
    b554:	0030                	addi	a2,sp,8
    b556:	0000                	unimp
    b558:	ffff                	.2byte	0xffff
    b55a:	ffff                	.2byte	0xffff
    b55c:	00dc                	addi	a5,sp,68
    b55e:	00f0                	addi	a2,sp,76
    b560:	4550                	lw	a2,12(a0)
    b562:	4754                	lw	a3,12(a4)
	...
    b580:	0001                	nop
    b582:	1600                	addi	s0,sp,800
    b584:	0014                	.2byte	0x14
    b586:	0000                	unimp
    b588:	0000                	unimp
    b58a:	3f80                	lbu	s0,25(a5)
    b58c:	0000                	unimp
    b58e:	0000                	unimp
    b590:	30474647          	.4byte	0x30474647
    b594:	0030                	addi	a2,sp,8
    b596:	0000                	unimp
    b598:	ffff                	.2byte	0xffff
    b59a:	ffff                	.2byte	0xffff
    b59c:	00dc                	addi	a5,sp,68
    b59e:	00f0                	addi	a2,sp,76
    b5a0:	4550                	lw	a2,12(a0)
    b5a2:	4754                	lw	a3,12(a4)
	...
    b5c0:	0001                	nop
    b5c2:	1600                	addi	s0,sp,800
    b5c4:	0014                	.2byte	0x14
    b5c6:	0000                	unimp
    b5c8:	0000                	unimp
    b5ca:	3f80                	lbu	s0,25(a5)
    b5cc:	0000                	unimp
    b5ce:	0000                	unimp
    b5d0:	30474647          	.4byte	0x30474647
    b5d4:	0030                	addi	a2,sp,8
    b5d6:	0000                	unimp
    b5d8:	ffff                	.2byte	0xffff
    b5da:	ffff                	.2byte	0xffff
    b5dc:	00dc                	addi	a5,sp,68
    b5de:	00f0                	addi	a2,sp,76
    b5e0:	4550                	lw	a2,12(a0)
    b5e2:	4754                	lw	a3,12(a4)
	...
    b600:	0001                	nop
    b602:	1600                	addi	s0,sp,800
    b604:	0014                	.2byte	0x14
    b606:	0000                	unimp
    b608:	0000                	unimp
    b60a:	3f80                	lbu	s0,25(a5)
    b60c:	0000                	unimp
    b60e:	0000                	unimp
    b610:	30474647          	.4byte	0x30474647
    b614:	0030                	addi	a2,sp,8
    b616:	0000                	unimp
    b618:	ffff                	.2byte	0xffff
    b61a:	ffff                	.2byte	0xffff
    b61c:	00dc                	addi	a5,sp,68
    b61e:	00f0                	addi	a2,sp,76
    b620:	4550                	lw	a2,12(a0)
    b622:	4754                	lw	a3,12(a4)
	...
    b640:	0001                	nop
    b642:	1600                	addi	s0,sp,800
    b644:	0014                	.2byte	0x14
    b646:	0000                	unimp
    b648:	0000                	unimp
    b64a:	3f80                	lbu	s0,25(a5)
    b64c:	0000                	unimp
    b64e:	0000                	unimp
    b650:	2e54                	lbu	a3,28(a2)
    b652:	0000                	unimp
    b654:	2ce4                	lbu	s1,30(s1)
    b656:	0000                	unimp
    b658:	2cba                	lhu	a4,26(s1)
    b65a:	0000                	unimp
    b65c:	2c78                	lbu	a4,30(s0)
    b65e:	0000                	unimp
    b660:	2bd4                	lbu	a3,20(a5)
    b662:	0000                	unimp
    b664:	2d4c                	lbu	a1,28(a0)
    b666:	0000                	unimp
    b668:	43ea                	lw	t2,152(sp)
    b66a:	0000                	unimp
    b66c:	4552                	lw	a0,20(sp)
    b66e:	0000                	unimp
    b670:	4552                	lw	a0,20(sp)
    b672:	0000                	unimp
    b674:	43dc                	lw	a5,4(a5)
    b676:	0000                	unimp
    b678:	4136                	lw	sp,76(sp)
    b67a:	0000                	unimp
    b67c:	3fc2                	lhu	s0,60(a5)
    b67e:	0000                	unimp
    b680:	4164                	lw	s1,68(a0)
    b682:	0000                	unimp
    b684:	4552                	lw	a0,20(sp)
    b686:	0000                	unimp
    b688:	409a                	lw	ra,132(sp)
    b68a:	0000                	unimp
    b68c:	3b3e                	lhu	a5,50(a4)
    b68e:	0000                	unimp
    b690:	3b9e                	lhu	a5,48(a5)
    b692:	0000                	unimp
    b694:	3c38                	lbu	a4,27(s0)
    b696:	0000                	unimp
    b698:	3ca2                	lhu	s0,58(s1)
    b69a:	0000                	unimp
    b69c:	3d8c                	lbu	a1,25(a1)
    b69e:	0000                	unimp
    b6a0:	3e66                	lhu	s1,62(a2)
    b6a2:	0000                	unimp
    b6a4:	3eaa                	lhu	a0,58(a3)
    b6a6:	0000                	unimp
    b6a8:	8308                	lbu	a0,6(sp)
    b6aa:	0000                	unimp
    b6ac:	82fc                	sh	a5,20(sp)
    b6ae:	0000                	unimp
    b6b0:	7ffa                	.2byte	0x7ffa
    b6b2:	0000                	unimp
    b6b4:	8a2a                	mv	s4,a0
    b6b6:	0000                	unimp
    b6b8:	82d8                	sb	a4,5(sp)
	...

0000b6bc <_ZL15AS5600_SDA_PORT>:
    b6bc:	1400 4001 1000 4001 1000 4001 1000 4001     ...@...@...@...@

0000b6cc <_ZL15AS5600_SCL_PORT>:
    b6cc:	0c00 4001 0c00 4001 0c00 4001 0c00 4001     ...@...@...@...@

0000b6dc <_ZZL28bambubus_build_static_serialvE3hex>:
    b6dc:	3130 3332 3534 3736 3938 4241 4443 4645     0123456789ABCDEF
    b6ec:	0000 0000                                   ....

0000b6f0 <_ZL27before_on_use_sniff_7f_rows>:
    b6f0:	403d fff8 0036 0000 fff7 fff6 0000 ffd9     =@..6...........
    b700:	fa57 f3f4 f0f7 b4b5 3fe7 fec9 e981 f6ce     W........?......
    b710:	fff4 fff3 0000 ffd9 fa57 f3f4 f0f7 b4b5     ........W.......
    b720:	4006 f8d8 eabc e856 fff4 fff3 0000 062a     .@....V.......*.
    b730:	fa57 f3f4 edf7 b4b5 3d8e f798 eb6c e4b5     W........=..l...
    b740:	fff5 fff4 0000 fb0b fa57 f3f4 ecf7 b4b5     ........W.......
    b750:	1bc9 0168 00de 041b fff5 fff4 0000 fee7     ..h.............
    b760:	fa57 f3f4 ecf6 b4b5 1b8d 024a 01de 0659     W.........J...Y.
    b770:	fff4 fff3 0000 ff1a fa57 f3f4 ecf6 b4b5     ........W.......
    b780:	1b71 0368 0266 07be fff4 fff3 0000 ff36     q.h.f.........6.
    b790:	fa57 f3f4 ecf6 b4b5 1b99 0487 022b 0961     W...........+.a.
    b7a0:	fff4 fff3 0000 00ae fa57 f3f4 ecf7 b4b5     ........W.......
    b7b0:	1c11 07f7 0253 0c14 fff4 fff2 0000 0098     ....S...........
    b7c0:	fa57 f3f4 ecf7 b4b5 1e4f 056a 0157 0839     W.......O.j.W.9.
    b7d0:	fff4 fff3 0000 00ae fa57 f3f4 ecf7 b4b5     ........W.......
    b7e0:	1db5 06a0 06a3 08e0 fff4 fff3 0000 0233     ..............3.
    b7f0:	fa57 f3f4 edf6 b4b5 1d86 054c 067e 0769     W.........L.~.i.
    b800:	fff4 fff3 0000 0186 fa57 f3f4 edf6 b4b5     ........W.......
    b810:	1d42 04f8 0400 07de fff4 fff3 0000 013d     B.............=.
    b820:	fa57 f3f4 edf6 b4b5 1b83 0a32 012d 0f73     W.........2.-.s.
    b830:	fff4 fff2 0000 00a3 fb57 f3f4 edf6 b4b5     ........W.......
    b840:	1c70 058a 01fe 0847 fff4 fff3 0000 00d3     p.....G.........
    b850:	fb57 f3f4 eef6 b4b5 1be9 0980 0141 0da6     W...........A...
    b860:	fff3 fff2 0000 009e fb57 f3f4 eef7 b4b5     ........W.......
    b870:	1c04 0a51 0552 0eee fff4 fff2 0000 0233     ..Q.R.........3.
    b880:	fb57 f3f4 eff7 b4b5 1d9a 05b7 03dc 0874     W.............t.
    b890:	fff3 fff2 0000 00d3 fb57 f3f4 eff7 b4b5     ........W.......
    b8a0:	1d3d 0583 0286 084e fff4 fff3 0000 00b5     =.....N.........
    b8b0:	fb57 f3f4 f0f6 b4b5 1b9e 09aa 0139 0f0b     W...........9...
    b8c0:	fff3 fff2 0000 0097 fb57 f3f4 f0f7 b4b5     ........W.......
    b8d0:	1c75 09c6 05ce 0d64 fff3 fff2 0000 fec3     u.....d.........
    b8e0:	fb57 f3f4 f0f6 b4b5 1d12 0642 0252 08f1     W.........B.R...
    b8f0:	fff4 fff3 0000 016a fb57 f3f4 f0f7 b4b5     ......j.W.......
    b900:	1c4c 09ff 054d 0f52 fff4 fff2 0000 009f     L...M.R.........
    b910:	fb57 f3f4 f0f7 b4b5 1e28 05c0 0682 07e3     W.......(.......
    b920:	fff4 fff3 0000 009f fb57 f3f4 f0f6 b4b5     ........W.......
    b930:	1d59 057c 026a 0831 fff3 fff2 0000 0152     Y.|.j.1.......R.
    b940:	fb57 f3f4 f0f7 b4b5 1cd9 0852 048e 0a8c     W.........R.....
    b950:	fff3 fff2 0000 01fb fb57 f3f4 f0f6 b4b5     ........W.......
    b960:	1cd7 070c 0324 0992 fff4 fff3 0000 012a     ....$.........*.
    b970:	fb57 f3f4 f0f7 b4b5 1b86 0cc8 0140 11c3     W...........@...
    b980:	fff3 fff2 0000 009e fa57 f3f4 f0f7 b4b5     ........W.......
    b990:	1c48 0e01 0506 10e5 fff4 fff3 0000 008a     H...............
    b9a0:	fa57 f3f4 f0f6 b4b5 1d86 0b06 05e2 0cf8     W...............
    b9b0:	fff3 fff2 0000 01fb fa57 f3f4 eff6 b4b5     ........W.......
    b9c0:	1e07 0a1b 04f4 0c69 fff4 fff2 0000 016a     ......i.......j.
    b9d0:	fa57 f3f4 eff7 b4b5 1e28 0a08 02fd 0c84     W.......(.......
    b9e0:	fff3 fff2 0000 0119 fa57 f3f4 eff6 b4b5     ........W.......
    b9f0:	1d08 08b3 026d 0add fff3 fff2 0000 00ae     ....m...........
    ba00:	fa57 f3f4 eff7 b4b5 1ce6 0ac4 038d 0c87     W...............
    ba10:	fff4 fff2 0000 0119 fa57 f3f4 eef7 b4b5     ........W.......
    ba20:	1c64 0a42 031c 152a fff4 fff3 0000 00e6     d.B...*.........
    ba30:	fa57 f3f4 eef7 b4b5 1ce0 0ae0 03ff 0d24     W.............$.
    ba40:	fff4 fff3 0000 013d fa57 f3f4 edf6 b4b5     ......=.W.......
    ba50:	1cee 0aad 02c2 0cdb fff3 fff2 0000 00fd     ................
    ba60:	fa57 f3f4 edf7 b4b5 1d00 0a5d 0210 0cc5     W.........].....
    ba70:	fff4 fff2 0000 00d3 fa57 f3f4 edf7 b4b5     ........W.......
    ba80:	1cf7 09d4 01de 0d2a fff3 fff2 0000 00bb     ......*.........
    ba90:	fa57 f3f4 edf7 b4b5 1bcd 0c34 0203 1135     W.........4...5.
    baa0:	fff3 fff2 0000 008d fa57 f3f4 edf6 b4b5     ........W.......
    bab0:	1b9d 0efd 0208 14eb fff4 fff3 0000 00cd     ................
    bac0:	fa57 f3f4 edf7 b4b5 1e0e 0ab0 0509 0cd5     W...............
    bad0:	fff3 fff2 0000 01cd fa57 f3f4 edf6 b4b5     ........W.......
    bae0:	1af0 0e87 013d 13e9 fff3 fff2 0000 008c     ....=...........
    baf0:	fa57 f3f4 edf7 b4b5 1e26 0b3d 018b 0cf1     W.......&.=.....
    bb00:	fff3 fff2 0000 009e fb57 f3f4 edf7 b4b5     ........W.......
    bb10:	1e42 0afd 0145 0cca fff4 fff3 0000 008c     B...E...........
    bb20:	fb57 f3f4 edf7 b4b5                         W.......

0000bb28 <_ZL45_bambubus_ams_motion_package_struct_init_data>:
    bb28:	c03d 002c 0003 0000 0000 0000 0000 ff00     =.,.............
    bb38:	36ff 0000 f800 f7ff 00ff 2700 0000 f4fb     .6.........'....
    bb48:	f6f2 b7b5 b1b4 0000 0000 0000               ............

0000bb54 <_ZL49_bambubus_ams_stu_motion_package_struct_init_data>:
    bb54:	c03d 003c 0004 0000 0000 0000 0000 0000     =.<.............
	...
    bb6c:	0000 ff00 36ff 0000 f900 f8ff 00ff 2700     .....6.........'
    bb7c:	0000 f4fb f6f2 b7b5 b1b4 0000 0000 ffff     ................
    bb8c:	ffff 0000                                   ....

0000bb90 <g_crc8_tbl>:
    bb90:	3900 4b72 dde4 af96 c8f1 ba83 2c15 5e67     .9rK.........,g^
    bba0:	e2db 90a9 063f 744d 132a 6158 f7ce 85bc     ....?.Mt*.Xa....
    bbb0:	b68f c4fd 526b 2019 477e 350c a39a d1e8     ....kR. ~G.5....
    bbc0:	6d54 1f26 89b0 fbc2 9ca5 eed7 7841 0a33     Tm&.........Ax3.
    bbd0:	1e27 6c55 fac3 88b1 efd6 9da4 0b32 7940     '.Ul........2.@y
    bbe0:	c5fc b78e 2118 536a 340d 467f d0e9 a29b     .....!jS.4.F....
    bbf0:	91a8 e3da 754c 073e 6059 122b 84bd f6cf     ....Lu>.Y`+.....
    bc00:	4a73 3801 ae97 dce5 bb82 c9f0 5f66 2d14     sJ.8........f_.-
    bc10:	774e 053c 93aa e1d8 86bf f4cd 625b 1029     Nw<.........[b).
    bc20:	ac95 dee7 4871 3a03 5d64 2f16 b980 cbf2     ....qH.:d]./....
    bc30:	f8c1 8ab3 1c25 6e57 0930 7b42 edd4 9fa6     ....%.Wn0.B{....
    bc40:	231a 5168 c7fe b58c d2eb a099 360f 447d     .#hQ.........6}D
    bc50:	5069 221b b48d c6ff a198 d3ea 457c 370e     iP."........|E.7
    bc60:	8bb2 f9c0 6f56 1d24 7a43 0831 9ea7 ecd5     ....Vo$.Cz1.....
    bc70:	dfe6 ad94 3b02 4970 2e17 5c65 caf3 b881     .....;pI..e\....
    bc80:	043d 764f e0d9 92ab f5cc 87be 1128 635a     =.Ov........(.Zc

0000bc90 <g_crc16_tbl>:
    bc90:	0000 1021 2042 3063 4084 50a5 60c6 70e7     ..!.B c0.@.P.`.p
    bca0:	8108 9129 a14a b16b c18c d1ad e1ce f1ef     ..).J.k.........
    bcb0:	1231 0210 3273 2252 52b5 4294 72f7 62d6     1...s2R".R.B.r.b
    bcc0:	9339 8318 b37b a35a d3bd c39c f3ff e3de     9...{.Z.........
    bcd0:	2462 3443 0420 1401 64e6 74c7 44a4 5485     b$C4 ....d.t.D.T
    bce0:	a56a b54b 8528 9509 e5ee f5cf c5ac d58d     j.K.(...........
    bcf0:	3653 2672 1611 0630 76d7 66f6 5695 46b4     S6r&..0..v.f.V.F
    bd00:	b75b a77a 9719 8738 f7df e7fe d79d c7bc     [.z...8.........
    bd10:	48c4 58e5 6886 78a7 0840 1861 2802 3823     .H.X.h.x@.a..(#8
    bd20:	c9cc d9ed e98e f9af 8948 9969 a90a b92b     ........H.i...+.
    bd30:	5af5 4ad4 7ab7 6a96 1a71 0a50 3a33 2a12     .Z.J.z.jq.P.3:.*
    bd40:	dbfd cbdc fbbf eb9e 9b79 8b58 bb3b ab1a     ........y.X.;...
    bd50:	6ca6 7c87 4ce4 5cc5 2c22 3c03 0c60 1c41     .l.|.L.\",.<`.A.
    bd60:	edae fd8f cdec ddcd ad2a bd0b 8d68 9d49     ........*...h.I.
    bd70:	7e97 6eb6 5ed5 4ef4 3e13 2e32 1e51 0e70     .~.n.^.N.>2.Q.p.
    bd80:	ff9f efbe dfdd cffc bf1b af3a 9f59 8f78     ..........:.Y.x.
    bd90:	9188 81a9 b1ca a1eb d10c c12d f14e e16f     ..........-.N.o.
    bda0:	1080 00a1 30c2 20e3 5004 4025 7046 6067     .....0. .P%@Fpg`
    bdb0:	83b9 9398 a3fb b3da c33d d31c e37f f35e     ........=.....^.
    bdc0:	02b1 1290 22f3 32d2 4235 5214 6277 7256     .....".25B.RwbVr
    bdd0:	b5ea a5cb 95a8 8589 f56e e54f d52c c50d     ........n.O.,...
    bde0:	34e2 24c3 14a0 0481 7466 6447 5424 4405     .4.$....ftGd$T.D
    bdf0:	a7db b7fa 8799 97b8 e75f f77e c71d d73c     ........_.~...<.
    be00:	26d3 36f2 0691 16b0 6657 7676 4615 5634     .&.6....Wfvv.F4V
    be10:	d94c c96d f90e e92f 99c8 89e9 b98a a9ab     L.m.../.........
    be20:	5844 4865 7806 6827 18c0 08e1 3882 28a3     DXeH.x'h.....8.(
    be30:	cb7d db5c eb3f fb1e 8bf9 9bd8 abbb bb9a     }.\.?...........
    be40:	4a75 5a54 6a37 7a16 0af1 1ad0 2ab3 3a92     uJTZ7j.z.....*.:
    be50:	fd2e ed0f dd6c cd4d bdaa ad8b 9de8 8dc9     ....l.M.........
    be60:	7c26 6c07 5c64 4c45 3ca2 2c83 1ce0 0cc1     &|.ld\EL.<.,....
    be70:	ef1f ff3e cf5d df7c af9b bfba 8fd9 9ff8     ..>.].|.........
    be80:	6e17 7e36 4e55 5e74 2e93 3eb2 0ed1 1ef0     .n6~UNt^...>....
    be90:	df00 ffff ddba ffff dd90 ffff de72 ffff     ............r...
    bea0:	dd90 ffff ddc4 ffff dd90 ffff de72 ffff     ............r...
    beb0:	ddba ffff ddba ffff ddc4 ffff de72 ffff     ............r...
    bec0:	decc ffff decc ffff decc ffff ddc4 ffff     ................
    bed0:	e7e0 ffff e640 ffff e672 ffff e678 ffff     ....@...r...x...
    bee0:	e672 ffff e682 ffff e672 ffff e678 ffff     r.......r...x...
    bef0:	e640 ffff e640 ffff e682 ffff e678 ffff     @...@.......x...
    bf00:	e744 ffff e744 ffff e744 ffff e682 ffff     D...D...D.......
    bf10:	e600 ffff e600 ffff e632 ffff e834 ffff     ........2...4...
    bf20:	e632 ffff e642 ffff e632 ffff e834 ffff     2...B...2...4...
    bf30:	e600 ffff e600 ffff e642 ffff e834 ffff     ........B...4...
    bf40:	e704 ffff e704 ffff e81e ffff e5fa ffff     ................
    bf50:	e802 ffff e5fa ffff e81e ffff e5c8 ffff     ................
    bf60:	e5c8 ffff e802 ffff e81e ffff e6c8 ffff     ................
    bf70:	e6c8 ffff e6c8 ffff                         ........

0000bf78 <__clz_tab>:
    bf78:	0100 0202 0303 0303 0404 0404 0404 0404     ................
    bf88:	0505 0505 0505 0505 0505 0505 0505 0505     ................
    bf98:	0606 0606 0606 0606 0606 0606 0606 0606     ................
    bfa8:	0606 0606 0606 0606 0606 0606 0606 0606     ................
    bfb8:	0707 0707 0707 0707 0707 0707 0707 0707     ................
    bfc8:	0707 0707 0707 0707 0707 0707 0707 0707     ................
    bfd8:	0707 0707 0707 0707 0707 0707 0707 0707     ................
    bfe8:	0707 0707 0707 0707 0707 0707 0707 0707     ................
    bff8:	0808 0808 0808 0808 0808 0808 0808 0808     ................
    c008:	0808 0808 0808 0808 0808 0808 0808 0808     ................
    c018:	0808 0808 0808 0808 0808 0808 0808 0808     ................
    c028:	0808 0808 0808 0808 0808 0808 0808 0808     ................
    c038:	0808 0808 0808 0808 0808 0808 0808 0808     ................
    c048:	0808 0808 0808 0808 0808 0808 0808 0808     ................
    c058:	0808 0808 0808 0808 0808 0808 0808 0808     ................
    c068:	0808 0808 0808 0808 0808 0808 0808 0808     ................
