
/home/runner/work/BMCU-C-PJARCZAK/BMCU-C-PJARCZAK/.pio/build/dm_solo_010/firmware.elf:     file format elf32-littleriscv


Disassembly of section .init:

00000000 <_sinit>:
   0:	03c0906f          	j	903c <handle_reset>

Disassembly of section .vector:

00000004 <_vector_base>:
	...
   c:	0000903a          	.word	0x0000903a
  10:	0000903a          	.word	0x0000903a
  14:	00000000          	.word	0x00000000
  18:	0000903a          	.word	0x0000903a
	...
  24:	0000903a          	.word	0x0000903a
  28:	0000903a          	.word	0x0000903a
	...
  34:	0000903a          	.word	0x0000903a
  38:	00000000          	.word	0x00000000
  3c:	0000903a          	.word	0x0000903a
  40:	00000000          	.word	0x00000000
  44:	0000903a          	.word	0x0000903a
  48:	0000903a          	.word	0x0000903a
  4c:	0000903a          	.word	0x0000903a
  50:	0000903a          	.word	0x0000903a
  54:	0000903a          	.word	0x0000903a
  58:	0000903a          	.word	0x0000903a
  5c:	0000903a          	.word	0x0000903a
  60:	0000903a          	.word	0x0000903a
  64:	0000903a          	.word	0x0000903a
  68:	0000903a          	.word	0x0000903a
  6c:	0000903a          	.word	0x0000903a
  70:	0000903a          	.word	0x0000903a
  74:	0000903a          	.word	0x0000903a
  78:	0000903a          	.word	0x0000903a
  7c:	0000903a          	.word	0x0000903a
  80:	0000903a          	.word	0x0000903a
  84:	0000903a          	.word	0x0000903a
  88:	0000903a          	.word	0x0000903a
  8c:	0000903a          	.word	0x0000903a
  90:	0000903a          	.word	0x0000903a
  94:	0000903a          	.word	0x0000903a
  98:	0000903a          	.word	0x0000903a
  9c:	0000903a          	.word	0x0000903a
  a0:	0000903a          	.word	0x0000903a
  a4:	0000903a          	.word	0x0000903a
  a8:	0000903a          	.word	0x0000903a
  ac:	0000903a          	.word	0x0000903a
  b0:	0000903a          	.word	0x0000903a
  b4:	0000903a          	.word	0x0000903a
  b8:	0000903a          	.word	0x0000903a
  bc:	0000903a          	.word	0x0000903a
  c0:	0000903a          	.word	0x0000903a
  c4:	0000903a          	.word	0x0000903a
  c8:	0000903a          	.word	0x0000903a
  cc:	0000903a          	.word	0x0000903a
  d0:	0000903a          	.word	0x0000903a
  d4:	0000903a          	.word	0x0000903a
  d8:	0000645e          	.word	0x0000645e
  dc:	0000903a          	.word	0x0000903a
  e0:	0000903a          	.word	0x0000903a
  e4:	0000903a          	.word	0x0000903a
  e8:	0000903a          	.word	0x0000903a
  ec:	0000903a          	.word	0x0000903a
  f0:	0000903a          	.word	0x0000903a
  f4:	0000903a          	.word	0x0000903a
  f8:	0000903a          	.word	0x0000903a
  fc:	0000903a          	.word	0x0000903a

Disassembly of section .text:

00000100 <memcpy>:
     100:	832a                	mv	t1,a0
     102:	ca09                	beqz	a2,114 <memcpy+0x14>
     104:	00058383          	lb	t2,0(a1)
     108:	00730023          	sb	t2,0(t1)
     10c:	167d                	addi	a2,a2,-1
     10e:	0305                	addi	t1,t1,1
     110:	0585                	addi	a1,a1,1
     112:	fa6d                	bnez	a2,104 <memcpy+0x4>
     114:	8082                	ret

00000116 <memset>:
     116:	832a                	mv	t1,a0
     118:	c611                	beqz	a2,124 <memset+0xe>
     11a:	00b30023          	sb	a1,0(t1)
     11e:	167d                	addi	a2,a2,-1
     120:	0305                	addi	t1,t1,1
     122:	fe65                	bnez	a2,11a <memset+0x4>
     124:	8082                	ret

00000126 <__riscv_save_12>:
     126:	7139                	addi	sp,sp,-64
     128:	4301                	li	t1,0
     12a:	c66e                	sw	s11,12(sp)
     12c:	a019                	j	132 <__riscv_save_10+0x4>

0000012e <__riscv_save_10>:
     12e:	7139                	addi	sp,sp,-64
     130:	5341                	li	t1,-16
     132:	c86a                	sw	s10,16(sp)
     134:	ca66                	sw	s9,20(sp)
     136:	cc62                	sw	s8,24(sp)
     138:	ce5e                	sw	s7,28(sp)
     13a:	a019                	j	140 <__riscv_save_4+0x4>

0000013c <__riscv_save_4>:
     13c:	7139                	addi	sp,sp,-64
     13e:	5301                	li	t1,-32
     140:	d05a                	sw	s6,32(sp)
     142:	d256                	sw	s5,36(sp)
     144:	d452                	sw	s4,40(sp)
     146:	d64e                	sw	s3,44(sp)
     148:	d84a                	sw	s2,48(sp)
     14a:	da26                	sw	s1,52(sp)
     14c:	dc22                	sw	s0,56(sp)
     14e:	de06                	sw	ra,60(sp)
     150:	40610133          	sub	sp,sp,t1
     154:	8282                	jr	t0

00000156 <__riscv_save_0>:
     156:	1141                	addi	sp,sp,-16
     158:	c04a                	sw	s2,0(sp)
     15a:	c226                	sw	s1,4(sp)
     15c:	c422                	sw	s0,8(sp)
     15e:	c606                	sw	ra,12(sp)
     160:	8282                	jr	t0

00000162 <__riscv_restore_12>:
     162:	4db2                	lw	s11,12(sp)
     164:	0141                	addi	sp,sp,16

00000166 <__riscv_restore_10>:
     166:	4d02                	lw	s10,0(sp)
     168:	4c92                	lw	s9,4(sp)
     16a:	4c22                	lw	s8,8(sp)
     16c:	4bb2                	lw	s7,12(sp)
     16e:	0141                	addi	sp,sp,16

00000170 <__riscv_restore_4>:
     170:	4b02                	lw	s6,0(sp)
     172:	4a92                	lw	s5,4(sp)
     174:	4a22                	lw	s4,8(sp)
     176:	49b2                	lw	s3,12(sp)
     178:	0141                	addi	sp,sp,16

0000017a <__riscv_restore_0>:
     17a:	4902                	lw	s2,0(sp)
     17c:	4492                	lw	s1,4(sp)
     17e:	4422                	lw	s0,8(sp)
     180:	40b2                	lw	ra,12(sp)
     182:	0141                	addi	sp,sp,16
     184:	8082                	ret

00000186 <_ZL12filter_resetv>:
     186:	fd1ff2ef          	jal	t0,156 <__riscv_save_0>
     18a:	8481a703          	lw	a4,-1976(gp) # 200001d8 <_ZL7g_scale+0x18>
     18e:	aa018823          	sb	zero,-1360(gp) # 20000440 <_ZL10g_ring_idx>
     192:	20003537          	lui	a0,0x20003
     196:	aa0187a3          	sb	zero,-1361(gp) # 2000043f <_ZL15g_blocks_filled>
     19a:	02000613          	li	a2,32
     19e:	4581                	li	a1,0
     1a0:	c5850513          	addi	a0,a0,-936 # 20002c58 <_ZL9g_acc_sum>
     1a4:	82e1a823          	sw	a4,-2000(gp) # 200001c0 <_ZL7g_scale>
     1a8:	37bd                	jal	116 <memset>
     1aa:	20003537          	lui	a0,0x20003
     1ae:	08000613          	li	a2,128
     1b2:	4581                	li	a1,0
     1b4:	bd850513          	addi	a0,a0,-1064 # 20002bd8 <_ZL10g_ring_sum>
     1b8:	3fb9                	jal	116 <memset>
     1ba:	20003537          	lui	a0,0x20003
     1be:	04000613          	li	a2,64
     1c2:	4581                	li	a1,0
     1c4:	b9850513          	addi	a0,a0,-1128 # 20002b98 <_ZL3g_v>
     1c8:	37b9                	jal	116 <memset>
     1ca:	aa018723          	sb	zero,-1362(gp) # 2000043e <_ZL6g_v_rd>
     1ce:	aa0186a3          	sb	zero,-1363(gp) # 2000043d <_ZL11g_acc_dirty>
     1d2:	b765                	j	17a <__riscv_restore_0>

000001d4 <_ZL26process_half_update_filterPKm>:
     1d4:	67c1                	lui	a5,0x10
     1d6:	40050693          	addi	a3,a0,1024
     1da:	4801                	li	a6,0
     1dc:	4881                	li	a7,0
     1de:	4301                	li	t1,0
     1e0:	4e01                	li	t3,0
     1e2:	4e81                	li	t4,0
     1e4:	4f01                	li	t5,0
     1e6:	4f81                	li	t6,0
     1e8:	4281                	li	t0,0
     1ea:	17fd                	addi	a5,a5,-1 # ffff <MC_PULL_calibration.cpp.947435e8+0x68e>
     1ec:	4118                	lw	a4,0(a0)
     1ee:	00f77633          	and	a2,a4,a5
     1f2:	8341                	srli	a4,a4,0x10
     1f4:	9732                	add	a4,a4,a2
     1f6:	92ba                	add	t0,t0,a4
     1f8:	4158                	lw	a4,4(a0)
     1fa:	00f77633          	and	a2,a4,a5
     1fe:	8341                	srli	a4,a4,0x10
     200:	9732                	add	a4,a4,a2
     202:	9fba                	add	t6,t6,a4
     204:	4518                	lw	a4,8(a0)
     206:	00f77633          	and	a2,a4,a5
     20a:	8341                	srli	a4,a4,0x10
     20c:	9732                	add	a4,a4,a2
     20e:	9f3a                	add	t5,t5,a4
     210:	4558                	lw	a4,12(a0)
     212:	00f77633          	and	a2,a4,a5
     216:	8341                	srli	a4,a4,0x10
     218:	9732                	add	a4,a4,a2
     21a:	9eba                	add	t4,t4,a4
     21c:	4918                	lw	a4,16(a0)
     21e:	00f77633          	and	a2,a4,a5
     222:	8341                	srli	a4,a4,0x10
     224:	9732                	add	a4,a4,a2
     226:	9e3a                	add	t3,t3,a4
     228:	4958                	lw	a4,20(a0)
     22a:	01075613          	srli	a2,a4,0x10
     22e:	8f7d                	and	a4,a4,a5
     230:	9732                	add	a4,a4,a2
     232:	933a                	add	t1,t1,a4
     234:	4d18                	lw	a4,24(a0)
     236:	01075613          	srli	a2,a4,0x10
     23a:	8f7d                	and	a4,a4,a5
     23c:	9732                	add	a4,a4,a2
     23e:	98ba                	add	a7,a7,a4
     240:	4d58                	lw	a4,28(a0)
     242:	02050513          	addi	a0,a0,32
     246:	01075613          	srli	a2,a4,0x10
     24a:	8f7d                	and	a4,a4,a5
     24c:	9732                	add	a4,a4,a2
     24e:	983a                	add	a6,a6,a4
     250:	f8d51ee3          	bne	a0,a3,1ec <_ZL26process_half_update_filterPKm+0x18>
     254:	ab01c683          	lbu	a3,-1360(gp) # 20000440 <_ZL10g_ring_idx>
     258:	200037b7          	lui	a5,0x20003
     25c:	bd878793          	addi	a5,a5,-1064 # 20002bd8 <_ZL10g_ring_sum>
     260:	00569713          	slli	a4,a3,0x5
     264:	97ba                	add	a5,a5,a4
     266:	20003737          	lui	a4,0x20003
     26a:	c5870713          	addi	a4,a4,-936 # 20002c58 <_ZL9g_acc_sum>
     26e:	4388                	lw	a0,0(a5)
     270:	4310                	lw	a2,0(a4)
     272:	0057a023          	sw	t0,0(a5)
     276:	8e09                	sub	a2,a2,a0
     278:	9616                	add	a2,a2,t0
     27a:	43c8                	lw	a0,4(a5)
     27c:	c310                	sw	a2,0(a4)
     27e:	4350                	lw	a2,4(a4)
     280:	01f7a223          	sw	t6,4(a5)
     284:	8e09                	sub	a2,a2,a0
     286:	967e                	add	a2,a2,t6
     288:	4788                	lw	a0,8(a5)
     28a:	c350                	sw	a2,4(a4)
     28c:	4710                	lw	a2,8(a4)
     28e:	01e7a423          	sw	t5,8(a5)
     292:	8e09                	sub	a2,a2,a0
     294:	967a                	add	a2,a2,t5
     296:	47c8                	lw	a0,12(a5)
     298:	c710                	sw	a2,8(a4)
     29a:	4750                	lw	a2,12(a4)
     29c:	01d7a623          	sw	t4,12(a5)
     2a0:	8e09                	sub	a2,a2,a0
     2a2:	9676                	add	a2,a2,t4
     2a4:	4b88                	lw	a0,16(a5)
     2a6:	c750                	sw	a2,12(a4)
     2a8:	4b10                	lw	a2,16(a4)
     2aa:	01c7a823          	sw	t3,16(a5)
     2ae:	8e09                	sub	a2,a2,a0
     2b0:	9672                	add	a2,a2,t3
     2b2:	4bc8                	lw	a0,20(a5)
     2b4:	cb10                	sw	a2,16(a4)
     2b6:	4b50                	lw	a2,20(a4)
     2b8:	0067aa23          	sw	t1,20(a5)
     2bc:	8e09                	sub	a2,a2,a0
     2be:	961a                	add	a2,a2,t1
     2c0:	4f88                	lw	a0,24(a5)
     2c2:	cb50                	sw	a2,20(a4)
     2c4:	4f10                	lw	a2,24(a4)
     2c6:	0117ac23          	sw	a7,24(a5)
     2ca:	8e09                	sub	a2,a2,a0
     2cc:	9646                	add	a2,a2,a7
     2ce:	cf10                	sw	a2,24(a4)
     2d0:	4fd0                	lw	a2,28(a5)
     2d2:	0107ae23          	sw	a6,28(a5)
     2d6:	4f5c                	lw	a5,28(a4)
     2d8:	8f91                	sub	a5,a5,a2
     2da:	97c2                	add	a5,a5,a6
     2dc:	cf5c                	sw	a5,28(a4)
     2de:	00168793          	addi	a5,a3,1
     2e2:	0ff7f793          	zext.b	a5,a5
     2e6:	470d                	li	a4,3
     2e8:	00f77363          	bgeu	a4,a5,2ee <_ZL26process_half_update_filterPKm+0x11a>
     2ec:	4781                	li	a5,0
     2ee:	aaf18823          	sb	a5,-1360(gp) # 20000440 <_ZL10g_ring_idx>
     2f2:	aaf1c783          	lbu	a5,-1361(gp) # 2000043f <_ZL15g_blocks_filled>
     2f6:	468d                	li	a3,3
     2f8:	00f6ee63          	bltu	a3,a5,314 <_ZL26process_half_update_filterPKm+0x140>
     2fc:	0785                	addi	a5,a5,1
     2fe:	0ff7f793          	zext.b	a5,a5
     302:	aaf187a3          	sb	a5,-1361(gp) # 2000043f <_ZL15g_blocks_filled>
     306:	4605                	li	a2,1
     308:	00c79a63          	bne	a5,a2,31c <_ZL26process_half_update_filterPKm+0x148>
     30c:	8481a783          	lw	a5,-1976(gp) # 200001d8 <_ZL7g_scale+0x18>
     310:	82f1a823          	sw	a5,-2000(gp) # 200001c0 <_ZL7g_scale>
     314:	4705                	li	a4,1
     316:	aae186a3          	sb	a4,-1363(gp) # 2000043d <_ZL11g_acc_dirty>
     31a:	8082                	ret
     31c:	4609                	li	a2,2
     31e:	00c79563          	bne	a5,a2,328 <_ZL26process_half_update_filterPKm+0x154>
     322:	84c1a783          	lw	a5,-1972(gp) # 200001dc <_ZL7g_scale+0x1c>
     326:	b7ed                	j	310 <_ZL26process_half_update_filterPKm+0x13c>
     328:	00d79563          	bne	a5,a3,332 <_ZL26process_half_update_filterPKm+0x15e>
     32c:	8501a783          	lw	a5,-1968(gp) # 200001e0 <_ZL7g_scale+0x20>
     330:	b7c5                	j	310 <_ZL26process_half_update_filterPKm+0x13c>
     332:	8541a783          	lw	a5,-1964(gp) # 200001e4 <_ZL7g_scale+0x24>
     336:	bfe9                	j	310 <_ZL26process_half_update_filterPKm+0x13c>

00000338 <_Z12ADC_DMA_pollv>:
     338:	e1fff2ef          	jal	t0,156 <__riscv_save_0>
     33c:	4491                	li	s1,4
     33e:	40020437          	lui	s0,0x40020
     342:	401c                	lw	a5,0(s0)
     344:	0087f713          	andi	a4,a5,8
     348:	cb09                	beqz	a4,35a <_Z12ADC_DMA_pollv+0x22>
     34a:	47b9                	li	a5,14
     34c:	c05c                	sw	a5,4(s0)
     34e:	0ff0000f          	fence
     352:	3d15                	jal	186 <_ZL12filter_resetv>
     354:	14fd                	addi	s1,s1,-1
     356:	f4f5                	bnez	s1,342 <_Z12ADC_DMA_pollv+0xa>
     358:	b50d                	j	17a <__riscv_restore_0>
     35a:	0047f713          	andi	a4,a5,4
     35e:	cb19                	beqz	a4,374 <_Z12ADC_DMA_pollv+0x3c>
     360:	4791                	li	a5,4
     362:	c05c                	sw	a5,4(s0)
     364:	0ff0000f          	fence
     368:	20002537          	lui	a0,0x20002
     36c:	39850513          	addi	a0,a0,920 # 20002398 <_ZL9g_dma_buf>
     370:	3595                	jal	1d4 <_ZL26process_half_update_filterPKm>
     372:	b7cd                	j	354 <_Z12ADC_DMA_pollv+0x1c>
     374:	8b89                	andi	a5,a5,2
     376:	d3ed                	beqz	a5,358 <_Z12ADC_DMA_pollv+0x20>
     378:	4789                	li	a5,2
     37a:	c05c                	sw	a5,4(s0)
     37c:	0ff0000f          	fence
     380:	20002537          	lui	a0,0x20002
     384:	79850513          	addi	a0,a0,1944 # 20002798 <_ZL9g_dma_buf+0x400>
     388:	b7e5                	j	370 <_Z12ADC_DMA_pollv+0x38>

0000038a <_Z17ADC_DMA_get_valuev>:
     38a:	db3ff2ef          	jal	t0,13c <__riscv_save_4>
     38e:	376d                	jal	338 <_Z12ADC_DMA_pollv>
     390:	aad1c783          	lbu	a5,-1363(gp) # 2000043d <_ZL11g_acc_dirty>
     394:	200039b7          	lui	s3,0x20003
     398:	b9898993          	addi	s3,s3,-1128 # 20002b98 <_ZL3g_v>
     39c:	cbd1                	beqz	a5,430 <_Z17ADC_DMA_get_valuev+0xa6>
     39e:	200034b7          	lui	s1,0x20003
     3a2:	c5848493          	addi	s1,s1,-936 # 20002c58 <_ZL9g_acc_sum>
     3a6:	aae1ca03          	lbu	s4,-1362(gp) # 2000043e <_ZL6g_v_rd>
     3aa:	4088                	lw	a0,0(s1)
     3ac:	8301a903          	lw	s2,-2000(gp) # 200001c0 <_ZL7g_scale>
     3b0:	001a4a13          	xori	s4,s4,1
     3b4:	5fd0a0ef          	jal	ra,b1b0 <__floatunsisf>
     3b8:	85ca                	mv	a1,s2
     3ba:	005a1413          	slli	s0,s4,0x5
     3be:	60c0a0ef          	jal	ra,a9ca <__mulsf3>
     3c2:	944e                	add	s0,s0,s3
     3c4:	c008                	sw	a0,0(s0)
     3c6:	40c8                	lw	a0,4(s1)
     3c8:	5e90a0ef          	jal	ra,b1b0 <__floatunsisf>
     3cc:	85ca                	mv	a1,s2
     3ce:	5fc0a0ef          	jal	ra,a9ca <__mulsf3>
     3d2:	c048                	sw	a0,4(s0)
     3d4:	4488                	lw	a0,8(s1)
     3d6:	5db0a0ef          	jal	ra,b1b0 <__floatunsisf>
     3da:	85ca                	mv	a1,s2
     3dc:	5ee0a0ef          	jal	ra,a9ca <__mulsf3>
     3e0:	c408                	sw	a0,8(s0)
     3e2:	44c8                	lw	a0,12(s1)
     3e4:	5cd0a0ef          	jal	ra,b1b0 <__floatunsisf>
     3e8:	85ca                	mv	a1,s2
     3ea:	5e00a0ef          	jal	ra,a9ca <__mulsf3>
     3ee:	c448                	sw	a0,12(s0)
     3f0:	4888                	lw	a0,16(s1)
     3f2:	5bf0a0ef          	jal	ra,b1b0 <__floatunsisf>
     3f6:	85ca                	mv	a1,s2
     3f8:	5d20a0ef          	jal	ra,a9ca <__mulsf3>
     3fc:	c808                	sw	a0,16(s0)
     3fe:	48c8                	lw	a0,20(s1)
     400:	5b10a0ef          	jal	ra,b1b0 <__floatunsisf>
     404:	85ca                	mv	a1,s2
     406:	5c40a0ef          	jal	ra,a9ca <__mulsf3>
     40a:	c848                	sw	a0,20(s0)
     40c:	4c88                	lw	a0,24(s1)
     40e:	5a30a0ef          	jal	ra,b1b0 <__floatunsisf>
     412:	85ca                	mv	a1,s2
     414:	5b60a0ef          	jal	ra,a9ca <__mulsf3>
     418:	cc08                	sw	a0,24(s0)
     41a:	4cc8                	lw	a0,28(s1)
     41c:	5950a0ef          	jal	ra,b1b0 <__floatunsisf>
     420:	85ca                	mv	a1,s2
     422:	5a80a0ef          	jal	ra,a9ca <__mulsf3>
     426:	cc48                	sw	a0,28(s0)
     428:	ab418723          	sb	s4,-1362(gp) # 2000043e <_ZL6g_v_rd>
     42c:	aa0186a3          	sb	zero,-1363(gp) # 2000043d <_ZL11g_acc_dirty>
     430:	aae1c503          	lbu	a0,-1362(gp) # 2000043e <_ZL6g_v_rd>
     434:	0516                	slli	a0,a0,0x5
     436:	954e                	add	a0,a0,s3
     438:	bb25                	j	170 <__riscv_restore_4>

0000043a <_ZL14crc32_hw_wordsPKvm>:
     43a:	400237b7          	lui	a5,0x40023
     43e:	4705                	li	a4,1
     440:	c798                	sw	a4,8(a5)
     442:	8189                	srli	a1,a1,0x2
     444:	4781                	li	a5,0
     446:	400236b7          	lui	a3,0x40023
     44a:	00279713          	slli	a4,a5,0x2
     44e:	972a                	add	a4,a4,a0
     450:	4318                	lw	a4,0(a4)
     452:	0785                	addi	a5,a5,1 # 40023001 <__freertos_irq_stack_top+0x2001e001>
     454:	c298                	sw	a4,0(a3)
     456:	fef59ae3          	bne	a1,a5,44a <_ZL14crc32_hw_wordsPKvm+0x10>
     45a:	4288                	lw	a0,0(a3)
     45c:	8082                	ret

0000045e <_ZL15adc_pull_raw_chiPKf>:
     45e:	4785                	li	a5,1
     460:	00f50863          	beq	a0,a5,470 <_ZL15adc_pull_raw_chiPKf+0x12>
     464:	4789                	li	a5,2
     466:	00f50763          	beq	a0,a5,474 <_ZL15adc_pull_raw_chiPKf+0x16>
     46a:	e519                	bnez	a0,478 <_ZL15adc_pull_raw_chiPKf+0x1a>
     46c:	4d88                	lw	a0,24(a1)
     46e:	8082                	ret
     470:	4988                	lw	a0,16(a1)
     472:	8082                	ret
     474:	4588                	lw	a0,8(a1)
     476:	8082                	ret
     478:	4188                	lw	a0,0(a1)
     47a:	8082                	ret

0000047c <_ZL22dm_key_v_to_centi_ceilf>:
     47c:	cdbff2ef          	jal	t0,156 <__riscv_save_0>
     480:	1141                	addi	sp,sp,-16
     482:	00000593          	li	a1,0
     486:	842a                	mv	s0,a0
     488:	4aa0a0ef          	jal	ra,a932 <__lesf2>
     48c:	04a05663          	blez	a0,4d8 <_ZL22dm_key_v_to_centi_ceilf+0x5c>
     490:	8581a583          	lw	a1,-1960(gp) # 200001e8 <_ZL7g_scale+0x28>
     494:	8522                	mv	a0,s0
     496:	5340a0ef          	jal	ra,a9ca <__mulsf3>
     49a:	85c1a583          	lw	a1,-1956(gp) # 200001ec <_ZL7g_scale+0x2c>
     49e:	0090a0ef          	jal	ra,aca6 <__subsf3>
     4a2:	c62a                	sw	a0,12(sp)
     4a4:	38f0a0ef          	jal	ra,b032 <__fixsfsi>
     4a8:	842a                	mv	s0,a0
     4aa:	43b0a0ef          	jal	ra,b0e4 <__floatsisf>
     4ae:	45b2                	lw	a1,12(sp)
     4b0:	4820a0ef          	jal	ra,a932 <__lesf2>
     4b4:	00055363          	bgez	a0,4ba <_ZL22dm_key_v_to_centi_ceilf+0x3e>
     4b8:	0405                	addi	s0,s0,1 # 40020001 <__freertos_irq_stack_top+0x2001b001>
     4ba:	0ff00793          	li	a5,255
     4be:	8522                	mv	a0,s0
     4c0:	0087d863          	bge	a5,s0,4d0 <_ZL22dm_key_v_to_centi_ceilf+0x54>
     4c4:	0ff00513          	li	a0,255
     4c8:	0ff57513          	zext.b	a0,a0
     4cc:	0141                	addi	sp,sp,16
     4ce:	b175                	j	17a <__riscv_restore_0>
     4d0:	fe045ce3          	bgez	s0,4c8 <_ZL22dm_key_v_to_centi_ceilf+0x4c>
     4d4:	4501                	li	a0,0
     4d6:	bfcd                	j	4c8 <_ZL22dm_key_v_to_centi_ceilf+0x4c>
     4d8:	4501                	li	a0,0
     4da:	bfcd                	j	4cc <_ZL22dm_key_v_to_centi_ceilf+0x50>

000004dc <_ZL19pull_v_to_percent_fhf>:
     4dc:	c61ff2ef          	jal	t0,13c <__riscv_save_4>
     4e0:	200007b7          	lui	a5,0x20000
     4e4:	050a                	slli	a0,a0,0x2
     4e6:	18078793          	addi	a5,a5,384 # 20000180 <MC_PULL_V_MIN>
     4ea:	97aa                	add	a5,a5,a0
     4ec:	4380                	lw	s0,0(a5)
     4ee:	200007b7          	lui	a5,0x20000
     4f2:	17078793          	addi	a5,a5,368 # 20000170 <MC_PULL_V_MAX>
     4f6:	97aa                	add	a5,a5,a0
     4f8:	0007a903          	lw	s2,0(a5)
     4fc:	8601a983          	lw	s3,-1952(gp) # 200001f0 <_ZL7g_scale+0x30>
     500:	84ae                	mv	s1,a1
     502:	8522                	mv	a0,s0
     504:	85ce                	mv	a1,s3
     506:	3960a0ef          	jal	ra,a89c <__gesf2>
     50a:	00a05363          	blez	a0,510 <_ZL19pull_v_to_percent_fhf+0x34>
     50e:	844e                	mv	s0,s3
     510:	8641a983          	lw	s3,-1948(gp) # 200001f4 <_ZL7g_scale+0x34>
     514:	854a                	mv	a0,s2
     516:	85ce                	mv	a1,s3
     518:	41a0a0ef          	jal	ra,a932 <__lesf2>
     51c:	00055363          	bgez	a0,522 <_ZL19pull_v_to_percent_fhf+0x46>
     520:	894e                	mv	s2,s3
     522:	8781a583          	lw	a1,-1928(gp) # 20000208 <_ZL7g_scale+0x48>
     526:	8522                	mv	a0,s0
     528:	4c5090ef          	jal	ra,a1ec <__addsf3>
     52c:	85ca                	mv	a1,s2
     52e:	36e0a0ef          	jal	ra,a89c <__gesf2>
     532:	00054663          	bltz	a0,53e <_ZL19pull_v_to_percent_fhf+0x62>
     536:	8681a903          	lw	s2,-1944(gp) # 200001f8 <_ZL7g_scale+0x38>
     53a:	86c1a403          	lw	s0,-1940(gp) # 200001fc <_ZL7g_scale+0x3c>
     53e:	87c1aa03          	lw	s4,-1924(gp) # 2000020c <_ZL7g_scale+0x4c>
     542:	8526                	mv	a0,s1
     544:	85d2                	mv	a1,s4
     546:	3ec0a0ef          	jal	ra,a932 <__lesf2>
     54a:	04a04b63          	bgtz	a0,5a0 <_ZL19pull_v_to_percent_fhf+0xc4>
     54e:	85a2                	mv	a1,s0
     550:	8552                	mv	a0,s4
     552:	7540a0ef          	jal	ra,aca6 <__subsf3>
     556:	8701aa03          	lw	s4,-1936(gp) # 20000200 <_ZL7g_scale+0x40>
     55a:	892a                	mv	s2,a0
     55c:	85d2                	mv	a1,s4
     55e:	3d40a0ef          	jal	ra,a932 <__lesf2>
     562:	00055363          	bgez	a0,568 <_ZL19pull_v_to_percent_fhf+0x8c>
     566:	8952                	mv	s2,s4
     568:	85a2                	mv	a1,s0
     56a:	8526                	mv	a0,s1
     56c:	73a0a0ef          	jal	ra,aca6 <__subsf3>
     570:	8801a583          	lw	a1,-1920(gp) # 20000210 <_ZL7g_scale+0x50>
     574:	4560a0ef          	jal	ra,a9ca <__mulsf3>
     578:	85ca                	mv	a1,s2
     57a:	7db090ef          	jal	ra,a554 <__divsf3>
     57e:	00000593          	li	a1,0
     582:	842a                	mv	s0,a0
     584:	3ae0a0ef          	jal	ra,a932 <__lesf2>
     588:	04054a63          	bltz	a0,5dc <_ZL19pull_v_to_percent_fhf+0x100>
     58c:	8741a483          	lw	s1,-1932(gp) # 20000204 <_ZL7g_scale+0x44>
     590:	8522                	mv	a0,s0
     592:	85a6                	mv	a1,s1
     594:	3080a0ef          	jal	ra,a89c <__gesf2>
     598:	04a05463          	blez	a0,5e0 <_ZL19pull_v_to_percent_fhf+0x104>
     59c:	8426                	mv	s0,s1
     59e:	a089                	j	5e0 <_ZL19pull_v_to_percent_fhf+0x104>
     5a0:	85d2                	mv	a1,s4
     5a2:	854a                	mv	a0,s2
     5a4:	7020a0ef          	jal	ra,aca6 <__subsf3>
     5a8:	8701a903          	lw	s2,-1936(gp) # 20000200 <_ZL7g_scale+0x40>
     5ac:	842a                	mv	s0,a0
     5ae:	85ca                	mv	a1,s2
     5b0:	3820a0ef          	jal	ra,a932 <__lesf2>
     5b4:	00055363          	bgez	a0,5ba <_ZL19pull_v_to_percent_fhf+0xde>
     5b8:	844a                	mv	s0,s2
     5ba:	87c1a583          	lw	a1,-1924(gp) # 2000020c <_ZL7g_scale+0x4c>
     5be:	8526                	mv	a0,s1
     5c0:	6e60a0ef          	jal	ra,aca6 <__subsf3>
     5c4:	8801a583          	lw	a1,-1920(gp) # 20000210 <_ZL7g_scale+0x50>
     5c8:	4020a0ef          	jal	ra,a9ca <__mulsf3>
     5cc:	85a2                	mv	a1,s0
     5ce:	787090ef          	jal	ra,a554 <__divsf3>
     5d2:	8801a583          	lw	a1,-1920(gp) # 20000210 <_ZL7g_scale+0x50>
     5d6:	417090ef          	jal	ra,a1ec <__addsf3>
     5da:	b755                	j	57e <_ZL19pull_v_to_percent_fhf+0xa2>
     5dc:	00000413          	li	s0,0
     5e0:	8581a583          	lw	a1,-1960(gp) # 200001e8 <_ZL7g_scale+0x28>
     5e4:	8522                	mv	a0,s0
     5e6:	3e40a0ef          	jal	ra,a9ca <__mulsf3>
     5ea:	b659                	j	170 <__riscv_restore_4>

000005ec <_ZL19MC_PULL_ONLINE_readm>:
     5ec:	b3bff2ef          	jal	t0,126 <__riscv_save_12>
     5f0:	7179                	addi	sp,sp,-48
     5f2:	20002ab7          	lui	s5,0x20002
     5f6:	8b2a                	mv	s6,a0
     5f8:	3b49                	jal	38a <_Z17ADC_DMA_get_valuev>
     5fa:	248a8793          	addi	a5,s5,584 # 20002248 <MC_PULL_V_OFFSET>
     5fe:	47cc                	lw	a1,12(a5)
     600:	842a                	mv	s0,a0
     602:	4108                	lw	a0,0(a0)
     604:	248a8a93          	addi	s5,s5,584
     608:	3e5090ef          	jal	ra,a1ec <__addsf3>
     60c:	82418793          	addi	a5,gp,-2012 # 200001b4 <MC_PULL_POLARITY>
     610:	00378783          	lb	a5,3(a5)
     614:	85aa                	mv	a1,a0
     616:	82418b93          	addi	s7,gp,-2012 # 200001b4 <MC_PULL_POLARITY>
     61a:	0007d763          	bgez	a5,628 <_ZL19MC_PULL_ONLINE_readm+0x3c>
     61e:	8841a503          	lw	a0,-1916(gp) # 20000214 <_ZL7g_scale+0x54>
     622:	6840a0ef          	jal	ra,aca6 <__subsf3>
     626:	85aa                	mv	a1,a0
     628:	200004b7          	lui	s1,0x20000
     62c:	15048793          	addi	a5,s1,336 # 20000150 <_ZL15MC_PULL_stu_raw>
     630:	c7cc                	sw	a1,12(a5)
     632:	4408                	lw	a0,8(s0)
     634:	008aa583          	lw	a1,8(s5)
     638:	00442903          	lw	s2,4(s0)
     63c:	15048493          	addi	s1,s1,336
     640:	3ad090ef          	jal	ra,a1ec <__addsf3>
     644:	002b8783          	lb	a5,2(s7)
     648:	85aa                	mv	a1,a0
     64a:	0007d763          	bgez	a5,658 <_ZL19MC_PULL_ONLINE_readm+0x6c>
     64e:	8841a503          	lw	a0,-1916(gp) # 20000214 <_ZL7g_scale+0x54>
     652:	6540a0ef          	jal	ra,aca6 <__subsf3>
     656:	85aa                	mv	a1,a0
     658:	c48c                	sw	a1,8(s1)
     65a:	4808                	lw	a0,16(s0)
     65c:	004aa583          	lw	a1,4(s5)
     660:	00c42a03          	lw	s4,12(s0)
     664:	389090ef          	jal	ra,a1ec <__addsf3>
     668:	001b8783          	lb	a5,1(s7)
     66c:	85aa                	mv	a1,a0
     66e:	0007d763          	bgez	a5,67c <_ZL19MC_PULL_ONLINE_readm+0x90>
     672:	8841a503          	lw	a0,-1916(gp) # 20000214 <_ZL7g_scale+0x54>
     676:	6300a0ef          	jal	ra,aca6 <__subsf3>
     67a:	85aa                	mv	a1,a0
     67c:	c0cc                	sw	a1,4(s1)
     67e:	4c08                	lw	a0,24(s0)
     680:	000aa583          	lw	a1,0(s5)
     684:	01442b83          	lw	s7,20(s0)
     688:	365090ef          	jal	ra,a1ec <__addsf3>
     68c:	82418783          	lb	a5,-2012(gp) # 200001b4 <MC_PULL_POLARITY>
     690:	85aa                	mv	a1,a0
     692:	0007d763          	bgez	a5,6a0 <_ZL19MC_PULL_ONLINE_readm+0xb4>
     696:	8841a503          	lw	a0,-1916(gp) # 20000214 <_ZL7g_scale+0x54>
     69a:	60c0a0ef          	jal	ra,aca6 <__subsf3>
     69e:	85aa                	mv	a1,a0
     6a0:	4c5c                	lw	a5,28(s0)
     6a2:	c08c                	sw	a1,0(s1)
     6a4:	d25e                	sw	s7,36(sp)
     6a6:	d03e                	sw	a5,32(sp)
     6a8:	82c1a783          	lw	a5,-2004(gp) # 200001bc <time_hw_tpms>
     6ac:	d452                	sw	s4,40(sp)
     6ae:	d64a                	sw	s2,44(sp)
     6b0:	e391                	bnez	a5,6b4 <_ZL19MC_PULL_ONLINE_readm+0xc8>
     6b2:	4785                	li	a5,1
     6b4:	06400713          	li	a4,100
     6b8:	02e78733          	mul	a4,a5,a4
     6bc:	20002a37          	lui	s4,0x20002
     6c0:	20002ab7          	lui	s5,0x20002
     6c4:	a9418413          	addi	s0,gp,-1388 # 20000424 <_ZZL19MC_PULL_ONLINE_readmE8gst_step>
     6c8:	a9018913          	addi	s2,gp,-1392 # 20000420 <_ZZL19MC_PULL_ONLINE_readmE10gst_active>
     6cc:	238a0a13          	addi	s4,s4,568 # 20002238 <_ZZL19MC_PULL_ONLINE_readmE12gst_t0_ticks>
     6d0:	c43a                	sw	a4,8(sp)
     6d2:	7d000713          	li	a4,2000
     6d6:	02e78733          	mul	a4,a5,a4
     6da:	228a8a93          	addi	s5,s5,552 # 20002228 <_ZZL19MC_PULL_ONLINE_readmE16gst_act_t0_ticks>
     6de:	4981                	li	s3,0
     6e0:	a9818b93          	addi	s7,gp,-1384 # 20000428 <filament_channel_inserted>
     6e4:	a8c18c93          	addi	s9,gp,-1396 # 2000041c <_ZL17MC_ONLINE_key_stu>
     6e8:	c63a                	sw	a4,12(sp)
     6ea:	6705                	lui	a4,0x1
     6ec:	57c70713          	addi	a4,a4,1404 # 157c <_Z10set_motionhhhh.part.0+0x2ec>
     6f0:	02e787b3          	mul	a5,a5,a4
     6f4:	c83e                	sw	a5,16(sp)
     6f6:	a8818793          	addi	a5,gp,-1400 # 20000418 <_ZL13dm_fail_latch>
     6fa:	ca3e                	sw	a5,20(sp)
     6fc:	8641a783          	lw	a5,-1948(gp) # 200001f4 <_ZL7g_scale+0x34>
     700:	c23e                	sw	a5,4(sp)
     702:	200007b7          	lui	a5,0x20000
     706:	16078793          	addi	a5,a5,352 # 20000160 <MC_DM_KEY_NONE_THRESH>
     70a:	cc3e                	sw	a5,24(sp)
     70c:	8981a783          	lw	a5,-1896(gp) # 20000228 <_ZL7g_scale+0x68>
     710:	ce3e                	sw	a5,28(sp)
     712:	017987b3          	add	a5,s3,s7
     716:	239c                	lbu	a5,0(a5)
     718:	e7f1                	bnez	a5,7e4 <_ZL19MC_PULL_ONLINE_readm+0x1f8>
     71a:	00040023          	sb	zero,0(s0)
     71e:	00090023          	sb	zero,0(s2)
     722:	000a2023          	sw	zero,0(s4)
     726:	000aa023          	sw	zero,0(s5)
     72a:	01998733          	add	a4,s3,s9
     72e:	a31c                	sb	a5,0(a4)
     730:	0985                	addi	s3,s3,1
     732:	4791                	li	a5,4
     734:	0405                	addi	s0,s0,1
     736:	0905                	addi	s2,s2,1
     738:	0a11                	addi	s4,s4,4
     73a:	0a91                	addi	s5,s5,4
     73c:	fcf99be3          	bne	s3,a5,712 <_ZL19MC_PULL_ONLINE_readm+0x126>
     740:	82018993          	addi	s3,gp,-2016 # 200001b0 <MC_PULL_pct>
     744:	82018c13          	addi	s8,gp,-2016 # 200001b0 <MC_PULL_pct>
     748:	8801a783          	lw	a5,-1920(gp) # 20000210 <_ZL7g_scale+0x50>
     74c:	20000937          	lui	s2,0x20000
     750:	c23e                	sw	a5,4(sp)
     752:	89c1ad83          	lw	s11,-1892(gp) # 2000022c <_ZL7g_scale+0x6c>
     756:	14090913          	addi	s2,s2,320 # 20000140 <_ZL13MC_PULL_pct_f>
     75a:	4401                	li	s0,0
     75c:	06400b13          	li	s6,100
     760:	03200a93          	li	s5,50
     764:	a8418a13          	addi	s4,gp,-1404 # 20000414 <_ZL11MC_PULL_stu>
     768:	4d11                	li	s10,4
     76a:	008b87b3          	add	a5,s7,s0
     76e:	239c                	lbu	a5,0(a5)
     770:	18079163          	bnez	a5,8f2 <__stack_size+0xf2>
     774:	008c87b3          	add	a5,s9,s0
     778:	00078023          	sb	zero,0(a5)
     77c:	01b92023          	sw	s11,0(s2)
     780:	01598023          	sb	s5,0(s3)
     784:	4701                	li	a4,0
     786:	014407b3          	add	a5,s0,s4
     78a:	a398                	sb	a4,0(a5)
     78c:	0405                	addi	s0,s0,1
     78e:	0985                	addi	s3,s3,1
     790:	0491                	addi	s1,s1,4
     792:	0911                	addi	s2,s2,4
     794:	fda41be3          	bne	s0,s10,76a <_ZL19MC_PULL_ONLINE_readm+0x17e>
     798:	200027b7          	lui	a5,0x20002
     79c:	dd878713          	addi	a4,a5,-552 # 20001dd8 <ams>
     7a0:	10474683          	lbu	a3,260(a4)
     7a4:	460d                	li	a2,3
     7a6:	18d66763          	bltu	a2,a3,934 <__stack_size+0x134>
     7aa:	9bb6                	add	s7,s7,a3
     7ac:	000bc783          	lbu	a5,0(s7)
     7b0:	18078263          	beqz	a5,934 <__stack_size+0x134>
     7b4:	00dc07b3          	add	a5,s8,a3
     7b8:	2394                	lbu	a3,0(a5)
     7ba:	03200613          	li	a2,50
     7be:	4781                	li	a5,0
     7c0:	00d67463          	bgeu	a2,a3,7c8 <_ZL19MC_PULL_ONLINE_readm+0x1dc>
     7c4:	fce68793          	addi	a5,a3,-50 # 40022fce <__freertos_irq_stack_top+0x2001dfce>
     7c8:	66c1                	lui	a3,0x10
     7ca:	16fd                	addi	a3,a3,-1 # ffff <MC_PULL_calibration.cpp.947435e8+0x68e>
     7cc:	02d787b3          	mul	a5,a5,a3
     7d0:	03200693          	li	a3,50
     7d4:	02d7d7b3          	divu	a5,a5,a3
     7d8:	07c2                	slli	a5,a5,0x10
     7da:	83c1                	srli	a5,a5,0x10
     7dc:	10f71723          	sh	a5,270(a4)
     7e0:	6145                	addi	sp,sp,48
     7e2:	b241                	j	162 <__riscv_restore_12>
     7e4:	47d2                	lw	a5,20(sp)
     7e6:	00299c13          	slli	s8,s3,0x2
     7ea:	97ce                	add	a5,a5,s3
     7ec:	239c                	lbu	a5,0(a5)
     7ee:	cfa1                	beqz	a5,846 <__stack_size+0x46>
     7f0:	00040023          	sb	zero,0(s0)
     7f4:	00090023          	sb	zero,0(s2)
     7f8:	018487b3          	add	a5,s1,s8
     7fc:	438c                	lw	a1,0(a5)
     7fe:	0ff9f513          	zext.b	a0,s3
     802:	39e9                	jal	4dc <_ZL19pull_v_to_percent_fhf>
     804:	201c                	lbu	a5,0(s0)
     806:	8d2a                	mv	s10,a0
     808:	e7ad                	bnez	a5,872 <__stack_size+0x72>
     80a:	8881a583          	lw	a1,-1912(gp) # 20000218 <_ZL7g_scale+0x58>
     80e:	1240a0ef          	jal	ra,a932 <__lesf2>
     812:	00055663          	bgez	a0,81e <__stack_size+0x1e>
     816:	4785                	li	a5,1
     818:	a01c                	sb	a5,0(s0)
     81a:	016a2023          	sw	s6,0(s4)
     81e:	020c0793          	addi	a5,s8,32
     822:	978a                	add	a5,a5,sp
     824:	0007ad03          	lw	s10,0(a5)
     828:	47e2                	lw	a5,24(sp)
     82a:	856a                	mv	a0,s10
     82c:	9c3e                	add	s8,s8,a5
     82e:	000c2583          	lw	a1,0(s8)
     832:	1000a0ef          	jal	ra,a932 <__lesf2>
     836:	08055f63          	bgez	a0,8d4 <__stack_size+0xd4>
     83a:	00094783          	lbu	a5,0(s2)
     83e:	0786                	slli	a5,a5,0x1
     840:	0ff7f793          	zext.b	a5,a5
     844:	b5dd                	j	72a <_ZL19MC_PULL_ONLINE_readm+0x13e>
     846:	00094783          	lbu	a5,0(s2)
     84a:	d7dd                	beqz	a5,7f8 <_ZL19MC_PULL_ONLINE_readm+0x20c>
     84c:	020c0793          	addi	a5,s8,32
     850:	978a                	add	a5,a5,sp
     852:	4592                	lw	a1,4(sp)
     854:	4388                	lw	a0,0(a5)
     856:	0460a0ef          	jal	ra,a89c <__gesf2>
     85a:	00a04963          	bgtz	a0,86c <__stack_size+0x6c>
     85e:	000aa783          	lw	a5,0(s5)
     862:	4742                	lw	a4,16(sp)
     864:	40fb07b3          	sub	a5,s6,a5
     868:	faf77be3          	bgeu	a4,a5,81e <__stack_size+0x1e>
     86c:	00090023          	sb	zero,0(s2)
     870:	b77d                	j	81e <__stack_size+0x1e>
     872:	4d85                	li	s11,1
     874:	03b79563          	bne	a5,s11,89e <__stack_size+0x9e>
     878:	88c1a583          	lw	a1,-1908(gp) # 2000021c <_ZL7g_scale+0x5c>
     87c:	0200a0ef          	jal	ra,a89c <__gesf2>
     880:	00a05563          	blez	a0,88a <__stack_size+0x8a>
     884:	00040023          	sb	zero,0(s0)
     888:	bf59                	j	81e <__stack_size+0x1e>
     88a:	000a2783          	lw	a5,0(s4)
     88e:	4722                	lw	a4,8(sp)
     890:	40fb07b3          	sub	a5,s6,a5
     894:	f8e7e5e3          	bltu	a5,a4,81e <__stack_size+0x1e>
     898:	4789                	li	a5,2
     89a:	a01c                	sb	a5,0(s0)
     89c:	b749                	j	81e <__stack_size+0x1e>
     89e:	000a2783          	lw	a5,0(s4)
     8a2:	4732                	lw	a4,12(sp)
     8a4:	40fb07b3          	sub	a5,s6,a5
     8a8:	fcf76ee3          	bltu	a4,a5,884 <__stack_size+0x84>
     8ac:	8901a583          	lw	a1,-1904(gp) # 20000220 <_ZL7g_scale+0x60>
     8b0:	7ed090ef          	jal	ra,a89c <__gesf2>
     8b4:	f60545e3          	bltz	a0,81e <__stack_size+0x1e>
     8b8:	8941a583          	lw	a1,-1900(gp) # 20000224 <_ZL7g_scale+0x64>
     8bc:	856a                	mv	a0,s10
     8be:	0740a0ef          	jal	ra,a932 <__lesf2>
     8c2:	f4a04ee3          	bgtz	a0,81e <__stack_size+0x1e>
     8c6:	01b90023          	sb	s11,0(s2)
     8ca:	016aa023          	sw	s6,0(s5)
     8ce:	00040023          	sb	zero,0(s0)
     8d2:	bfad                	j	84c <__stack_size+0x4c>
     8d4:	4592                	lw	a1,4(sp)
     8d6:	856a                	mv	a0,s10
     8d8:	7c5090ef          	jal	ra,a89c <__gesf2>
     8dc:	4785                	li	a5,1
     8de:	e4a046e3          	bgtz	a0,72a <_ZL19MC_PULL_ONLINE_readm+0x13e>
     8e2:	45f2                	lw	a1,28(sp)
     8e4:	856a                	mv	a0,s10
     8e6:	7b7090ef          	jal	ra,a89c <__gesf2>
     8ea:	00152793          	slti	a5,a0,1
     8ee:	0789                	addi	a5,a5,2
     8f0:	bd2d                	j	72a <_ZL19MC_PULL_ONLINE_readm+0x13e>
     8f2:	408c                	lw	a1,0(s1)
     8f4:	0ff47513          	zext.b	a0,s0
     8f8:	36d5                	jal	4dc <_ZL19pull_v_to_percent_fhf>
     8fa:	4592                	lw	a1,4(sp)
     8fc:	00a92023          	sw	a0,0(s2)
     900:	0ed090ef          	jal	ra,a1ec <__addsf3>
     904:	72e0a0ef          	jal	ra,b032 <__fixsfsi>
     908:	00054863          	bltz	a0,918 <__stack_size+0x118>
     90c:	00ab5a63          	bge	s6,a0,920 <__stack_size+0x120>
     910:	01698023          	sb	s6,0(s3)
     914:	4705                	li	a4,1
     916:	bd85                	j	786 <_ZL19MC_PULL_ONLINE_readm+0x19a>
     918:	00098023          	sb	zero,0(s3)
     91c:	577d                	li	a4,-1
     91e:	b5a5                	j	786 <_ZL19MC_PULL_ONLINE_readm+0x19a>
     920:	00a98023          	sb	a0,0(s3)
     924:	04600793          	li	a5,70
     928:	fea7c6e3          	blt	a5,a0,914 <__stack_size+0x114>
     92c:	47f5                	li	a5,29
     92e:	e4a7cbe3          	blt	a5,a0,784 <_ZL19MC_PULL_ONLINE_readm+0x198>
     932:	b7ed                	j	91c <__stack_size+0x11c>
     934:	67c1                	lui	a5,0x10
     936:	17fd                	addi	a5,a5,-1 # ffff <MC_PULL_calibration.cpp.947435e8+0x68e>
     938:	b555                	j	7dc <_ZL19MC_PULL_ONLINE_readm+0x1f0>

0000093a <_ZL23Motion_control_defaultsv>:
     93a:	200027b7          	lui	a5,0x20002
     93e:	40614737          	lui	a4,0x40614
     942:	dc078793          	addi	a5,a5,-576 # 20001dc0 <Motion_control_data_save>
     946:	06170713          	addi	a4,a4,97 # 40614061 <__freertos_irq_stack_top+0x2060f061>
     94a:	cb98                	sw	a4,16(a5)
     94c:	3c3c4737          	lui	a4,0x3c3c4
     950:	c3c70713          	addi	a4,a4,-964 # 3c3c3c3c <__freertos_irq_stack_top+0x1c3bec3c>
     954:	0007a023          	sw	zero,0(a5)
     958:	0007a223          	sw	zero,4(a5)
     95c:	0007a423          	sw	zero,8(a5)
     960:	0007a623          	sw	zero,12(a5)
     964:	cbd8                	sw	a4,20(a5)
     966:	8082                	ret

00000968 <_ZL26Motion_control_apply_savedv>:
     968:	fd4ff2ef          	jal	t0,13c <__riscv_save_4>
     96c:	20002437          	lui	s0,0x20002
     970:	8a01a983          	lw	s3,-1888(gp) # 20000230 <_ZL7g_scale+0x70>
     974:	dc040413          	addi	s0,s0,-576 # 20001dc0 <Motion_control_data_save>
     978:	200004b7          	lui	s1,0x20000
     97c:	16048493          	addi	s1,s1,352 # 20000160 <MC_DM_KEY_NONE_THRESH>
     980:	00440913          	addi	s2,s0,4
     984:	03b00a13          	li	s4,59
     988:	03c00a93          	li	s5,60
     98c:	285c                	lbu	a5,20(s0)
     98e:	00fa6463          	bltu	s4,a5,996 <_ZL26Motion_control_apply_savedv+0x2e>
     992:	01540a23          	sb	s5,20(s0)
     996:	2848                	lbu	a0,20(s0)
     998:	0405                	addi	s0,s0,1
     99a:	0491                	addi	s1,s1,4
     99c:	0150a0ef          	jal	ra,b1b0 <__floatunsisf>
     9a0:	85ce                	mv	a1,s3
     9a2:	0280a0ef          	jal	ra,a9ca <__mulsf3>
     9a6:	fea4ae23          	sw	a0,-4(s1)
     9aa:	ff2411e3          	bne	s0,s2,98c <_ZL26Motion_control_apply_savedv+0x24>
     9ae:	fc2ff06f          	j	170 <__riscv_restore_4>

000009b2 <_ZN9MOTOR_PID8caculateEff>:
     9b2:	f8aff2ef          	jal	t0,13c <__riscv_save_4>
     9b6:	892e                	mv	s2,a1
     9b8:	414c                	lw	a1,4(a0)
     9ba:	842a                	mv	s0,a0
     9bc:	854a                	mv	a0,s2
     9be:	89b2                	mv	s3,a2
     9c0:	00a0a0ef          	jal	ra,a9ca <__mulsf3>
     9c4:	85ce                	mv	a1,s3
     9c6:	0040a0ef          	jal	ra,a9ca <__mulsf3>
     9ca:	444c                	lw	a1,12(s0)
     9cc:	021090ef          	jal	ra,a1ec <__addsf3>
     9d0:	01c42a83          	lw	s5,28(s0)
     9d4:	84aa                	mv	s1,a0
     9d6:	85d6                	mv	a1,s5
     9d8:	6c5090ef          	jal	ra,a89c <__gesf2>
     9dc:	00a05363          	blez	a0,9e2 <_ZN9MOTOR_PID8caculateEff+0x30>
     9e0:	84d6                	mv	s1,s5
     9e2:	80000a37          	lui	s4,0x80000
     9e6:	015a4a33          	xor	s4,s4,s5
     9ea:	85a6                	mv	a1,s1
     9ec:	8552                	mv	a0,s4
     9ee:	6af090ef          	jal	ra,a89c <__gesf2>
     9f2:	00a05363          	blez	a0,9f8 <_ZN9MOTOR_PID8caculateEff+0x46>
     9f6:	84d2                	mv	s1,s4
     9f8:	400c                	lw	a1,0(s0)
     9fa:	c444                	sw	s1,12(s0)
     9fc:	854a                	mv	a0,s2
     9fe:	7cd090ef          	jal	ra,a9ca <__mulsf3>
     a02:	85a6                	mv	a1,s1
     a04:	7e8090ef          	jal	ra,a1ec <__addsf3>
     a08:	84aa                	mv	s1,a0
     a0a:	00000593          	li	a1,0
     a0e:	854e                	mv	a0,s3
     a10:	62f090ef          	jal	ra,a83e <__eqsf2>
     a14:	c105                	beqz	a0,a34 <_ZN9MOTOR_PID8caculateEff+0x82>
     a16:	480c                	lw	a1,16(s0)
     a18:	854a                	mv	a0,s2
     a1a:	28c0a0ef          	jal	ra,aca6 <__subsf3>
     a1e:	440c                	lw	a1,8(s0)
     a20:	7ab090ef          	jal	ra,a9ca <__mulsf3>
     a24:	85ce                	mv	a1,s3
     a26:	32f090ef          	jal	ra,a554 <__divsf3>
     a2a:	85aa                	mv	a1,a0
     a2c:	8526                	mv	a0,s1
     a2e:	7be090ef          	jal	ra,a1ec <__addsf3>
     a32:	84aa                	mv	s1,a0
     a34:	01442983          	lw	s3,20(s0)
     a38:	85a6                	mv	a1,s1
     a3a:	854e                	mv	a0,s3
     a3c:	6f7090ef          	jal	ra,a932 <__lesf2>
     a40:	00054363          	bltz	a0,a46 <_ZN9MOTOR_PID8caculateEff+0x94>
     a44:	89a6                	mv	s3,s1
     a46:	4c04                	lw	s1,24(s0)
     a48:	85ce                	mv	a1,s3
     a4a:	8526                	mv	a0,s1
     a4c:	651090ef          	jal	ra,a89c <__gesf2>
     a50:	00a04363          	bgtz	a0,a56 <_ZN9MOTOR_PID8caculateEff+0xa4>
     a54:	84ce                	mv	s1,s3
     a56:	01242823          	sw	s2,16(s0)
     a5a:	8526                	mv	a0,s1
     a5c:	f14ff06f          	j	170 <__riscv_restore_4>

00000a60 <_ZN14_MOTOR_CONTROLC1Ei>:
     a60:	478d                	li	a5,3
     a62:	4681                	li	a3,0
     a64:	c11c                	sw	a5,0(a0)
     a66:	4785                	li	a5,1
     a68:	a51c                	sb	a5,8(a0)
     a6a:	c914                	sw	a3,16(a0)
     a6c:	d514                	sw	a3,40(a0)
     a6e:	d914                	sw	a3,48(a0)
     a70:	c134                	sw	a3,64(a0)
     a72:	8a41a783          	lw	a5,-1884(gp) # 20000234 <_ZL7g_scale+0x74>
     a76:	8b01a683          	lw	a3,-1872(gp) # 20000240 <_ZL7g_scale+0x80>
     a7a:	4701                	li	a4,0
     a7c:	c958                	sw	a4,20(a0)
     a7e:	cd1c                	sw	a5,24(a0)
     a80:	d11c                	sw	a5,32(a0)
     a82:	d558                	sw	a4,44(a0)
     a84:	d958                	sw	a4,52(a0)
     a86:	c178                	sw	a4,68(a0)
     a88:	c574                	sw	a3,76(a0)
     a8a:	8a81a783          	lw	a5,-1880(gp) # 20000238 <_ZL7g_scale+0x78>
     a8e:	8ac1a703          	lw	a4,-1876(gp) # 2000023c <_ZL7g_scale+0x7c>
     a92:	8b41a683          	lw	a3,-1868(gp) # 20000244 <_ZL7g_scale+0x84>
     a96:	00000613          	li	a2,0
     a9a:	d13c                	sw	a5,96(a0)
     a9c:	d53c                	sw	a5,104(a0)
     a9e:	c14c                	sw	a1,4(a0)
     aa0:	00050e23          	sb	zero,28(a0)
     aa4:	dd10                	sw	a2,56(a0)
     aa6:	02050e23          	sb	zero,60(a0)
     aaa:	04050423          	sb	zero,72(a0)
     aae:	cd30                	sw	a2,88(a0)
     ab0:	cd70                	sw	a2,92(a0)
     ab2:	d178                	sw	a4,100(a0)
     ab4:	c934                	sw	a3,80(a0)
     ab6:	c970                	sw	a2,84(a0)
     ab8:	dd30                	sw	a2,120(a0)
     aba:	dd70                	sw	a2,124(a0)
     abc:	08f52023          	sw	a5,128(a0)
     ac0:	08f52423          	sw	a5,136(a0)
     ac4:	8b81a783          	lw	a5,-1864(gp) # 20000248 <_ZL7g_scale+0x88>
     ac8:	08e52223          	sw	a4,132(a0)
     acc:	d930                	sw	a2,112(a0)
     ace:	d57c                	sw	a5,108(a0)
     ad0:	8bc1a783          	lw	a5,-1860(gp) # 2000024c <_ZL7g_scale+0x8c>
     ad4:	d970                	sw	a2,116(a0)
     ad6:	08c52823          	sw	a2,144(a0)
     ada:	08f52623          	sw	a5,140(a0)
     ade:	08050a23          	sb	zero,148(a0)
     ae2:	8082                	ret

00000ae4 <_ZN14_MOTOR_CONTROL10set_motionE20filament_motion_enumyy>:
     ae4:	e4aff2ef          	jal	t0,12e <__riscv_save_10>
     ae8:	8a3e                	mv	s4,a5
     aea:	478d                	li	a5,3
     aec:	00052903          	lw	s2,0(a0)
     af0:	842a                	mv	s0,a0
     af2:	84ae                	mv	s1,a1
     af4:	89ba                	mv	s3,a4
     af6:	06f59163          	bne	a1,a5,b58 <_ZN14_MOTOR_CONTROL10set_motionE20filament_motion_enumyy+0x74>
     afa:	4781                	li	a5,0
     afc:	4801                	li	a6,0
     afe:	c91c                	sw	a5,16(a0)
     b00:	01052a23          	sw	a6,20(a0)
     b04:	38b90863          	beq	s2,a1,e94 <_ZN14_MOTOR_CONTROL10set_motionE20filament_motion_enumyy+0x3b0>
     b08:	4154                	lw	a3,4(a0)
     b0a:	a8018793          	addi	a5,gp,-1408 # 20000410 <_ZL18g_on_use_low_latch>
     b0e:	97b6                	add	a5,a5,a3
     b10:	239c                	lbu	a5,0(a5)
     b12:	c00c                	sw	a1,0(s0)
     b14:	e3dd                	bnez	a5,bba <_ZN14_MOTOR_CONTROL10set_motionE20filament_motion_enumyy+0xd6>
     b16:	00050423          	sb	zero,8(a0)
     b1a:	4709                	li	a4,2
     b1c:	405c                	lw	a5,4(s0)
     b1e:	12e49563          	bne	s1,a4,c48 <_ZN14_MOTOR_CONTROL10set_motionE20filament_motion_enumyy+0x164>
     b22:	05342023          	sw	s3,64(s0)
     b26:	05442223          	sw	s4,68(s0)
     b2a:	16090f63          	beqz	s2,ca8 <_ZN14_MOTOR_CONTROL10set_motionE20filament_motion_enumyy+0x1c4>
     b2e:	200027b7          	lui	a5,0x20002
     b32:	d9078793          	addi	a5,a5,-624 # 20001d90 <_ZL21g_last_on_use_exit_ms>
     b36:	0e990a63          	beq	s2,s1,c2a <_ZN14_MOTOR_CONTROL10set_motionE20filament_motion_enumyy+0x146>
     b3a:	4719                	li	a4,6
     b3c:	2ce90063          	beq	s2,a4,dfc <_ZN14_MOTOR_CONTROL10set_motionE20filament_motion_enumyy+0x318>
     b40:	4058                	lw	a4,4(s0)
     b42:	200027b7          	lui	a5,0x20002
     b46:	d9078793          	addi	a5,a5,-624 # 20001d90 <_ZL21g_last_on_use_exit_ms>
     b4a:	070e                	slli	a4,a4,0x3
     b4c:	97ba                	add	a5,a5,a4
     b4e:	4681                	li	a3,0
     b50:	4701                	li	a4,0
     b52:	c394                	sw	a3,0(a5)
     b54:	c3d8                	sw	a4,4(a5)
     b56:	ac2d                	j	d90 <_ZN14_MOTOR_CONTROL10set_motionE20filament_motion_enumyy+0x2ac>
     b58:	963a                	add	a2,a2,a4
     b5a:	00e637b3          	sltu	a5,a2,a4
     b5e:	96d2                	add	a3,a3,s4
     b60:	97b6                	add	a5,a5,a3
     b62:	c910                	sw	a2,16(a0)
     b64:	c95c                	sw	a5,20(a0)
     b66:	33258763          	beq	a1,s2,e94 <_ZN14_MOTOR_CONTROL10set_motionE20filament_motion_enumyy+0x3b0>
     b6a:	c00c                	sw	a1,0(s0)
     b6c:	4799                	li	a5,6
     b6e:	4154                	lw	a3,4(a0)
     b70:	04f59063          	bne	a1,a5,bb0 <_ZN14_MOTOR_CONTROL10set_motionE20filament_motion_enumyy+0xcc>
     b74:	00050423          	sb	zero,8(a0)
     b78:	16090363          	beqz	s2,cde <_ZN14_MOTOR_CONTROL10set_motionE20filament_motion_enumyy+0x1fa>
     b7c:	4789                	li	a5,2
     b7e:	22f91563          	bne	s2,a5,da8 <_ZN14_MOTOR_CONTROL10set_motionE20filament_motion_enumyy+0x2c4>
     b82:	4781                	li	a5,0
     b84:	c13c                	sw	a5,64(a0)
     b86:	200027b7          	lui	a5,0x20002
     b8a:	068e                	slli	a3,a3,0x3
     b8c:	d9078793          	addi	a5,a5,-624 # 20001d90 <_ZL21g_last_on_use_exit_ms>
     b90:	97b6                	add	a5,a5,a3
     b92:	4398                	lw	a4,0(a5)
     b94:	43d4                	lw	a3,4(a5)
     b96:	4801                	li	a6,0
     b98:	05052223          	sw	a6,68(a0)
     b9c:	8f55                	or	a4,a4,a3
     b9e:	e709                	bnez	a4,ba8 <_ZN14_MOTOR_CONTROL10set_motionE20filament_motion_enumyy+0xc4>
     ba0:	4605                	li	a2,1
     ba2:	4681                	li	a3,0
     ba4:	c390                	sw	a2,0(a5)
     ba6:	c3d4                	sw	a3,4(a5)
     ba8:	4789                	li	a5,2
     baa:	f8f48be3          	beq	s1,a5,b40 <_ZN14_MOTOR_CONTROL10set_motionE20filament_motion_enumyy+0x5c>
     bae:	a2cd                	j	d90 <_ZN14_MOTOR_CONTROL10set_motionE20filament_motion_enumyy+0x2ac>
     bb0:	a8018793          	addi	a5,gp,-1408 # 20000410 <_ZL18g_on_use_low_latch>
     bb4:	97b6                	add	a5,a5,a3
     bb6:	239c                	lbu	a5,0(a5)
     bb8:	c785                	beqz	a5,be0 <_ZN14_MOTOR_CONTROL10set_motionE20filament_motion_enumyy+0xfc>
     bba:	a7c18793          	addi	a5,gp,-1412 # 2000040c <_ZL18g_on_use_jam_latch>
     bbe:	97b6                	add	a5,a5,a3
     bc0:	239c                	lbu	a5,0(a5)
     bc2:	ef99                	bnez	a5,be0 <_ZN14_MOTOR_CONTROL10set_motionE20filament_motion_enumyy+0xfc>
     bc4:	a8018793          	addi	a5,gp,-1408 # 20000410 <_ZL18g_on_use_low_latch>
     bc8:	97b6                	add	a5,a5,a3
     bca:	00078023          	sb	zero,0(a5)
     bce:	200027b7          	lui	a5,0x20002
     bd2:	00269713          	slli	a4,a3,0x2
     bd6:	db078793          	addi	a5,a5,-592 # 20001db0 <_ZL18g_on_use_hi_pwm_us>
     bda:	97ba                	add	a5,a5,a4
     bdc:	0007a023          	sw	zero,0(a5)
     be0:	00040423          	sb	zero,8(s0)
     be4:	f89d                	bnez	s1,b1a <_ZN14_MOTOR_CONTROL10set_motionE20filament_motion_enumyy+0x36>
     be6:	200027b7          	lui	a5,0x20002
     bea:	00669713          	slli	a4,a3,0x6
     bee:	dd878793          	addi	a5,a5,-552 # 20001dd8 <ams>
     bf2:	02040e23          	sb	zero,60(s0)
     bf6:	97ba                	add	a5,a5,a4
     bf8:	5fdc                	lw	a5,60(a5)
     bfa:	20002637          	lui	a2,0x20002
     bfe:	03342823          	sw	s3,48(s0)
     c02:	dc1c                	sw	a5,56(s0)
     c04:	03442a23          	sw	s4,52(s0)
     c08:	04040423          	sb	zero,72(s0)
     c0c:	d9060613          	addi	a2,a2,-624 # 20001d90 <_ZL21g_last_on_use_exit_ms>
     c10:	00369793          	slli	a5,a3,0x3
     c14:	1e090b63          	beqz	s2,e0a <_ZN14_MOTOR_CONTROL10set_motionE20filament_motion_enumyy+0x326>
     c18:	4709                	li	a4,2
     c1a:	3ce91063          	bne	s2,a4,fda <_ZN14_MOTOR_CONTROL10set_motionE20filament_motion_enumyy+0x4f6>
     c1e:	4781                	li	a5,0
     c20:	4801                	li	a6,0
     c22:	c03c                	sw	a5,64(s0)
     c24:	05042223          	sw	a6,68(s0)
     c28:	a82d                	j	c62 <_ZN14_MOTOR_CONTROL10set_motionE20filament_motion_enumyy+0x17e>
     c2a:	068e                	slli	a3,a3,0x3
     c2c:	96be                	add	a3,a3,a5
     c2e:	4801                	li	a6,0
     c30:	4781                	li	a5,0
     c32:	c29c                	sw	a5,0(a3)
     c34:	0106a223          	sw	a6,4(a3)
     c38:	00000793          	li	a5,0
     c3c:	cc3c                	sw	a5,88(s0)
     c3e:	cc7c                	sw	a5,92(s0)
     c40:	dc3c                	sw	a5,120(s0)
     c42:	dc7c                	sw	a5,124(s0)
     c44:	4909                	li	s2,2
     c46:	ae15                	j	f7a <_ZN14_MOTOR_CONTROL10set_motionE20filament_motion_enumyy+0x496>
     c48:	0e090063          	beqz	s2,d28 <_ZN14_MOTOR_CONTROL10set_motionE20filament_motion_enumyy+0x244>
     c4c:	14e91b63          	bne	s2,a4,da2 <_ZN14_MOTOR_CONTROL10set_motionE20filament_motion_enumyy+0x2be>
     c50:	4781                	li	a5,0
     c52:	4801                	li	a6,0
     c54:	c03c                	sw	a5,64(s0)
     c56:	05042223          	sw	a6,68(s0)
     c5a:	4799                	li	a5,6
     c5c:	10f48c63          	beq	s1,a5,d74 <_ZN14_MOTOR_CONTROL10set_motionE20filament_motion_enumyy+0x290>
     c60:	fce1                	bnez	s1,c38 <_ZN14_MOTOR_CONTROL10set_motionE20filament_motion_enumyy+0x154>
     c62:	200027b7          	lui	a5,0x20002
     c66:	d9078793          	addi	a5,a5,-624 # 20001d90 <_ZL21g_last_on_use_exit_ms>
     c6a:	068e                	slli	a3,a3,0x3
     c6c:	96be                	add	a3,a3,a5
     c6e:	4781                	li	a5,0
     c70:	4801                	li	a6,0
     c72:	c29c                	sw	a5,0(a3)
     c74:	00000793          	li	a5,0
     c78:	0106a223          	sw	a6,4(a3)
     c7c:	08040a23          	sb	zero,148(s0)
     c80:	cc3c                	sw	a5,88(s0)
     c82:	cc7c                	sw	a5,92(s0)
     c84:	dc3c                	sw	a5,120(s0)
     c86:	dc7c                	sw	a5,124(s0)
     c88:	4909                	li	s2,2
     c8a:	8a41a783          	lw	a5,-1884(gp) # 20000234 <_ZL7g_scale+0x74>
     c8e:	00040e23          	sb	zero,28(s0)
     c92:	4719                	li	a4,6
     c94:	cc1c                	sw	a5,24(s0)
     c96:	1ee91563          	bne	s2,a4,e80 <_ZN14_MOTOR_CONTROL10set_motionE20filament_motion_enumyy+0x39c>
     c9a:	d01c                	sw	a5,32(s0)
     c9c:	4801                	li	a6,0
     c9e:	4781                	li	a5,0
     ca0:	d41c                	sw	a5,40(s0)
     ca2:	03042623          	sw	a6,44(s0)
     ca6:	aae9                	j	e80 <_ZN14_MOTOR_CONTROL10set_motionE20filament_motion_enumyy+0x39c>
     ca8:	4701                	li	a4,0
     caa:	4681                	li	a3,0
     cac:	d858                	sw	a4,52(s0)
     cae:	00000713          	li	a4,0
     cb2:	d814                	sw	a3,48(s0)
     cb4:	04040423          	sb	zero,72(s0)
     cb8:	02040e23          	sb	zero,60(s0)
     cbc:	dc18                	sw	a4,56(s0)
     cbe:	4709                	li	a4,2
     cc0:	08e48463          	beq	s1,a4,d48 <_ZN14_MOTOR_CONTROL10set_motionE20filament_motion_enumyy+0x264>
     cc4:	00000713          	li	a4,0
     cc8:	08040a23          	sb	zero,148(s0)
     ccc:	cc38                	sw	a4,88(s0)
     cce:	cc78                	sw	a4,92(s0)
     cd0:	dc38                	sw	a4,120(s0)
     cd2:	dc78                	sw	a4,124(s0)
     cd4:	16049963          	bnez	s1,e46 <_ZN14_MOTOR_CONTROL10set_motionE20filament_motion_enumyy+0x362>
     cd8:	8a41a783          	lw	a5,-1884(gp) # 20000234 <_ZL7g_scale+0x74>
     cdc:	a2d9                	j	ea2 <_ZN14_MOTOR_CONTROL10set_motionE20filament_motion_enumyy+0x3be>
     cde:	4781                	li	a5,0
     ce0:	4801                	li	a6,0
     ce2:	d91c                	sw	a5,48(a0)
     ce4:	00000793          	li	a5,0
     ce8:	03052a23          	sw	a6,52(a0)
     cec:	04050423          	sb	zero,72(a0)
     cf0:	02050e23          	sb	zero,60(a0)
     cf4:	dd1c                	sw	a5,56(a0)
     cf6:	200027b7          	lui	a5,0x20002
     cfa:	068e                	slli	a3,a3,0x3
     cfc:	d9078793          	addi	a5,a5,-624 # 20001d90 <_ZL21g_last_on_use_exit_ms>
     d00:	97b6                	add	a5,a5,a3
     d02:	4398                	lw	a4,0(a5)
     d04:	43d4                	lw	a3,4(a5)
     d06:	8f55                	or	a4,a4,a3
     d08:	e709                	bnez	a4,d12 <_ZN14_MOTOR_CONTROL10set_motionE20filament_motion_enumyy+0x22e>
     d0a:	4605                	li	a2,1
     d0c:	4681                	li	a3,0
     d0e:	c390                	sw	a2,0(a5)
     d10:	c3d4                	sw	a3,4(a5)
     d12:	00000793          	li	a5,0
     d16:	08040a23          	sb	zero,148(s0)
     d1a:	cc3c                	sw	a5,88(s0)
     d1c:	cc7c                	sw	a5,92(s0)
     d1e:	dc3c                	sw	a5,120(s0)
     d20:	dc7c                	sw	a5,124(s0)
     d22:	4b05                	li	s6,1
     d24:	4901                	li	s2,0
     d26:	aa49                	j	eb8 <_ZN14_MOTOR_CONTROL10set_motionE20filament_motion_enumyy+0x3d4>
     d28:	4701                	li	a4,0
     d2a:	4681                	li	a3,0
     d2c:	d858                	sw	a4,52(s0)
     d2e:	00000713          	li	a4,0
     d32:	d814                	sw	a3,48(s0)
     d34:	dc18                	sw	a4,56(s0)
     d36:	04040423          	sb	zero,72(s0)
     d3a:	02040e23          	sb	zero,60(s0)
     d3e:	4719                	li	a4,6
     d40:	86be                	mv	a3,a5
     d42:	fae48ae3          	beq	s1,a4,cf6 <_ZN14_MOTOR_CONTROL10set_motionE20filament_motion_enumyy+0x212>
     d46:	bfa5                	j	cbe <_ZN14_MOTOR_CONTROL10set_motionE20filament_motion_enumyy+0x1da>
     d48:	20002737          	lui	a4,0x20002
     d4c:	d9070713          	addi	a4,a4,-624 # 20001d90 <_ZL21g_last_on_use_exit_ms>
     d50:	078e                	slli	a5,a5,0x3
     d52:	97ba                	add	a5,a5,a4
     d54:	4681                	li	a3,0
     d56:	4701                	li	a4,0
     d58:	c394                	sw	a3,0(a5)
     d5a:	c3d8                	sw	a4,4(a5)
     d5c:	00000793          	li	a5,0
     d60:	08040a23          	sb	zero,148(s0)
     d64:	cc3c                	sw	a5,88(s0)
     d66:	cc7c                	sw	a5,92(s0)
     d68:	dc3c                	sw	a5,120(s0)
     d6a:	dc7c                	sw	a5,124(s0)
     d6c:	4789                	li	a5,2
     d6e:	f6f485e3          	beq	s1,a5,cd8 <_ZN14_MOTOR_CONTROL10set_motionE20filament_motion_enumyy+0x1f4>
     d72:	a239                	j	e80 <_ZN14_MOTOR_CONTROL10set_motionE20filament_motion_enumyy+0x39c>
     d74:	200027b7          	lui	a5,0x20002
     d78:	d9078793          	addi	a5,a5,-624 # 20001d90 <_ZL21g_last_on_use_exit_ms>
     d7c:	068e                	slli	a3,a3,0x3
     d7e:	96be                	add	a3,a3,a5
     d80:	429c                	lw	a5,0(a3)
     d82:	42d8                	lw	a4,4(a3)
     d84:	8fd9                	or	a5,a5,a4
     d86:	e789                	bnez	a5,d90 <_ZN14_MOTOR_CONTROL10set_motionE20filament_motion_enumyy+0x2ac>
     d88:	4705                	li	a4,1
     d8a:	4781                	li	a5,0
     d8c:	c298                	sw	a4,0(a3)
     d8e:	c2dc                	sw	a5,4(a3)
     d90:	00000793          	li	a5,0
     d94:	cc3c                	sw	a5,88(s0)
     d96:	cc7c                	sw	a5,92(s0)
     d98:	dc3c                	sw	a5,120(s0)
     d9a:	dc7c                	sw	a5,124(s0)
     d9c:	1c049f63          	bnez	s1,f7a <_ZN14_MOTOR_CONTROL10set_motionE20filament_motion_enumyy+0x496>
     da0:	b5ed                	j	c8a <_ZN14_MOTOR_CONTROL10set_motionE20filament_motion_enumyy+0x1a6>
     da2:	4799                	li	a5,6
     da4:	1af49763          	bne	s1,a5,f52 <_ZN14_MOTOR_CONTROL10set_motionE20filament_motion_enumyy+0x46e>
     da8:	4054                	lw	a3,4(s0)
     daa:	200027b7          	lui	a5,0x20002
     dae:	d9078713          	addi	a4,a5,-624 # 20001d90 <_ZL21g_last_on_use_exit_ms>
     db2:	068e                	slli	a3,a3,0x3
     db4:	9736                	add	a4,a4,a3
     db6:	4310                	lw	a2,0(a4)
     db8:	434c                	lw	a1,4(a4)
     dba:	d9078793          	addi	a5,a5,-624
     dbe:	8e4d                	or	a2,a2,a1
     dc0:	ca0d                	beqz	a2,df2 <_ZN14_MOTOR_CONTROL10set_motionE20filament_motion_enumyy+0x30e>
     dc2:	4719                	li	a4,6
     dc4:	dee912e3          	bne	s2,a4,ba8 <_ZN14_MOTOR_CONTROL10set_motionE20filament_motion_enumyy+0xc4>
     dc8:	4709                	li	a4,2
     dca:	4919                	li	s2,6
     dcc:	fce492e3          	bne	s1,a4,d90 <_ZN14_MOTOR_CONTROL10set_motionE20filament_motion_enumyy+0x2ac>
     dd0:	97b6                	add	a5,a5,a3
     dd2:	4701                	li	a4,0
     dd4:	4681                	li	a3,0
     dd6:	c394                	sw	a3,0(a5)
     dd8:	c3d8                	sw	a4,4(a5)
     dda:	00000793          	li	a5,0
     dde:	cc3c                	sw	a5,88(s0)
     de0:	cc7c                	sw	a5,92(s0)
     de2:	dc3c                	sw	a5,120(s0)
     de4:	dc7c                	sw	a5,124(s0)
     de6:	8a41a783          	lw	a5,-1884(gp) # 20000234 <_ZL7g_scale+0x74>
     dea:	d414                	sw	a3,40(s0)
     dec:	d458                	sw	a4,44(s0)
     dee:	d01c                	sw	a5,32(s0)
     df0:	b5e5                	j	cd8 <_ZN14_MOTOR_CONTROL10set_motionE20filament_motion_enumyy+0x1f4>
     df2:	4505                	li	a0,1
     df4:	4581                	li	a1,0
     df6:	c308                	sw	a0,0(a4)
     df8:	c34c                	sw	a1,4(a4)
     dfa:	b7e1                	j	dc2 <_ZN14_MOTOR_CONTROL10set_motionE20filament_motion_enumyy+0x2de>
     dfc:	068e                	slli	a3,a3,0x3
     dfe:	96be                	add	a3,a3,a5
     e00:	0136a023          	sw	s3,0(a3)
     e04:	0146a223          	sw	s4,4(a3)
     e08:	bb25                	j	b40 <_ZN14_MOTOR_CONTROL10set_motionE20filament_motion_enumyy+0x5c>
     e0a:	963e                	add	a2,a2,a5
     e0c:	4781                	li	a5,0
     e0e:	4801                	li	a6,0
     e10:	c21c                	sw	a5,0(a2)
     e12:	00000793          	li	a5,0
     e16:	01062223          	sw	a6,4(a2)
     e1a:	08040a23          	sb	zero,148(s0)
     e1e:	cc3c                	sw	a5,88(s0)
     e20:	cc7c                	sw	a5,92(s0)
     e22:	dc3c                	sw	a5,120(s0)
     e24:	dc7c                	sw	a5,124(s0)
     e26:	bd4d                	j	cd8 <_ZN14_MOTOR_CONTROL10set_motionE20filament_motion_enumyy+0x1f4>
     e28:	963e                	add	a2,a2,a5
     e2a:	4781                	li	a5,0
     e2c:	4801                	li	a6,0
     e2e:	c21c                	sw	a5,0(a2)
     e30:	00000793          	li	a5,0
     e34:	01062223          	sw	a6,4(a2)
     e38:	08040a23          	sb	zero,148(s0)
     e3c:	cc3c                	sw	a5,88(s0)
     e3e:	cc7c                	sw	a5,92(s0)
     e40:	dc3c                	sw	a5,120(s0)
     e42:	dc7c                	sw	a5,124(s0)
     e44:	b599                	j	c8a <_ZN14_MOTOR_CONTROL10set_motionE20filament_motion_enumyy+0x1a6>
     e46:	14f1                	addi	s1,s1,-4
     e48:	4705                	li	a4,1
     e4a:	02976b63          	bltu	a4,s1,e80 <_ZN14_MOTOR_CONTROL10set_motionE20filament_motion_enumyy+0x39c>
     e4e:	20000737          	lui	a4,0x20000
     e52:	078a                	slli	a5,a5,0x2
     e54:	14070713          	addi	a4,a4,320 # 20000140 <_ZL13MC_PULL_pct_f>
     e58:	97ba                	add	a5,a5,a4
     e5a:	4384                	lw	s1,0(a5)
     e5c:	00000593          	li	a1,0
     e60:	8526                	mv	a0,s1
     e62:	2d1090ef          	jal	ra,a932 <__lesf2>
     e66:	02054c63          	bltz	a0,e9e <_ZN14_MOTOR_CONTROL10set_motionE20filament_motion_enumyy+0x3ba>
     e6a:	8581a903          	lw	s2,-1960(gp) # 200001e8 <_ZL7g_scale+0x28>
     e6e:	8526                	mv	a0,s1
     e70:	85ca                	mv	a1,s2
     e72:	22b090ef          	jal	ra,a89c <__gesf2>
     e76:	02a04163          	bgtz	a0,e98 <_ZN14_MOTOR_CONTROL10set_motionE20filament_motion_enumyy+0x3b4>
     e7a:	cc04                	sw	s1,24(s0)
     e7c:	00040e23          	sb	zero,28(s0)
     e80:	4058                	lw	a4,4(s0)
     e82:	200027b7          	lui	a5,0x20002
     e86:	d7c78793          	addi	a5,a5,-644 # 20001d7c <_ZN14_MOTOR_CONTROL6x_prevE>
     e8a:	070a                	slli	a4,a4,0x2
     e8c:	97ba                	add	a5,a5,a4
     e8e:	00000713          	li	a4,0
     e92:	c398                	sw	a4,0(a5)
     e94:	ad2ff06f          	j	166 <__riscv_restore_10>
     e98:	01242c23          	sw	s2,24(s0)
     e9c:	b7c5                	j	e7c <_ZN14_MOTOR_CONTROL10set_motionE20filament_motion_enumyy+0x398>
     e9e:	00000793          	li	a5,0
     ea2:	cc1c                	sw	a5,24(s0)
     ea4:	bfe1                	j	e7c <_ZN14_MOTOR_CONTROL10set_motionE20filament_motion_enumyy+0x398>
     ea6:	00000993          	li	s3,0
     eaa:	a229                	j	fb4 <_ZN14_MOTOR_CONTROL10set_motionE20filament_motion_enumyy+0x4d0>
     eac:	89d2                	mv	s3,s4
     eae:	a219                	j	fb4 <_ZN14_MOTOR_CONTROL10set_motionE20filament_motion_enumyy+0x4d0>
     eb0:	4799                	li	a5,6
     eb2:	08f49463          	bne	s1,a5,f3a <_ZN14_MOTOR_CONTROL10set_motionE20filament_motion_enumyy+0x456>
     eb6:	4b01                	li	s6,0
     eb8:	00442a83          	lw	s5,4(s0)
     ebc:	200007b7          	lui	a5,0x20000
     ec0:	14078793          	addi	a5,a5,320 # 20000140 <_ZL13MC_PULL_pct_f>
     ec4:	0a8a                	slli	s5,s5,0x2
     ec6:	97d6                	add	a5,a5,s5
     ec8:	4384                	lw	s1,0(a5)
     eca:	00040e23          	sb	zero,28(s0)
     ece:	00000593          	li	a1,0
     ed2:	8526                	mv	a0,s1
     ed4:	25f090ef          	jal	ra,a932 <__lesf2>
     ed8:	04054c63          	bltz	a0,f30 <_ZN14_MOTOR_CONTROL10set_motionE20filament_motion_enumyy+0x44c>
     edc:	8581ab83          	lw	s7,-1960(gp) # 200001e8 <_ZL7g_scale+0x28>
     ee0:	8526                	mv	a0,s1
     ee2:	85de                	mv	a1,s7
     ee4:	1b9090ef          	jal	ra,a89c <__gesf2>
     ee8:	04a04763          	bgtz	a0,f36 <_ZN14_MOTOR_CONTROL10set_motionE20filament_motion_enumyy+0x452>
     eec:	1971                	addi	s2,s2,-4
     eee:	4705                	li	a4,1
     ef0:	87a6                	mv	a5,s1
     ef2:	01277663          	bgeu	a4,s2,efe <_ZN14_MOTOR_CONTROL10set_motionE20filament_motion_enumyy+0x41a>
     ef6:	8a41a783          	lw	a5,-1884(gp) # 20000234 <_ZL7g_scale+0x74>
     efa:	4981                	li	s3,0
     efc:	4a01                	li	s4,0
     efe:	cc04                	sw	s1,24(s0)
     f00:	d01c                	sw	a5,32(s0)
     f02:	03342423          	sw	s3,40(s0)
     f06:	03442623          	sw	s4,44(s0)
     f0a:	f60b0be3          	beqz	s6,e80 <_ZN14_MOTOR_CONTROL10set_motionE20filament_motion_enumyy+0x39c>
     f0e:	20002437          	lui	s0,0x20002
     f12:	d7c40413          	addi	s0,s0,-644 # 20001d7c <_ZN14_MOTOR_CONTROL6x_prevE>
     f16:	9456                	add	s0,s0,s5
     f18:	00042903          	lw	s2,0(s0)
     f1c:	8c01a483          	lw	s1,-1856(gp) # 20000250 <_ZL7g_scale+0x90>
     f20:	854a                	mv	a0,s2
     f22:	85a6                	mv	a1,s1
     f24:	179090ef          	jal	ra,a89c <__gesf2>
     f28:	00a05c63          	blez	a0,f40 <_ZN14_MOTOR_CONTROL10set_motionE20filament_motion_enumyy+0x45c>
     f2c:	c004                	sw	s1,0(s0)
     f2e:	b79d                	j	e94 <_ZN14_MOTOR_CONTROL10set_motionE20filament_motion_enumyy+0x3b0>
     f30:	00000493          	li	s1,0
     f34:	bf65                	j	eec <_ZN14_MOTOR_CONTROL10set_motionE20filament_motion_enumyy+0x408>
     f36:	84de                	mv	s1,s7
     f38:	bf55                	j	eec <_ZN14_MOTOR_CONTROL10set_motionE20filament_motion_enumyy+0x408>
     f3a:	08f90463          	beq	s2,a5,fc2 <_ZN14_MOTOR_CONTROL10set_motionE20filament_motion_enumyy+0x4de>
     f3e:	b53d                	j	d6c <_ZN14_MOTOR_CONTROL10set_motionE20filament_motion_enumyy+0x288>
     f40:	8c41a483          	lw	s1,-1852(gp) # 20000254 <_ZL7g_scale+0x94>
     f44:	854a                	mv	a0,s2
     f46:	85a6                	mv	a1,s1
     f48:	1eb090ef          	jal	ra,a932 <__lesf2>
     f4c:	fe0540e3          	bltz	a0,f2c <_ZN14_MOTOR_CONTROL10set_motionE20filament_motion_enumyy+0x448>
     f50:	b791                	j	e94 <_ZN14_MOTOR_CONTROL10set_motionE20filament_motion_enumyy+0x3b0>
     f52:	e2f91fe3          	bne	s2,a5,d90 <_ZN14_MOTOR_CONTROL10set_motionE20filament_motion_enumyy+0x2ac>
     f56:	200027b7          	lui	a5,0x20002
     f5a:	00369713          	slli	a4,a3,0x3
     f5e:	d9078793          	addi	a5,a5,-624 # 20001d90 <_ZL21g_last_on_use_exit_ms>
     f62:	97ba                	add	a5,a5,a4
     f64:	0137a023          	sw	s3,0(a5)
     f68:	0147a223          	sw	s4,4(a5)
     f6c:	ccbd                	beqz	s1,fea <_ZN14_MOTOR_CONTROL10set_motionE20filament_motion_enumyy+0x506>
     f6e:	00000793          	li	a5,0
     f72:	cc3c                	sw	a5,88(s0)
     f74:	cc7c                	sw	a5,92(s0)
     f76:	dc3c                	sw	a5,120(s0)
     f78:	dc7c                	sw	a5,124(s0)
     f7a:	ffc48793          	addi	a5,s1,-4
     f7e:	4705                	li	a4,1
     f80:	f2f768e3          	bltu	a4,a5,eb0 <_ZN14_MOTOR_CONTROL10set_motionE20filament_motion_enumyy+0x3cc>
     f84:	4058                	lw	a4,4(s0)
     f86:	200007b7          	lui	a5,0x20000
     f8a:	14078793          	addi	a5,a5,320 # 20000140 <_ZL13MC_PULL_pct_f>
     f8e:	070a                	slli	a4,a4,0x2
     f90:	97ba                	add	a5,a5,a4
     f92:	0007a983          	lw	s3,0(a5)
     f96:	00000593          	li	a1,0
     f9a:	854e                	mv	a0,s3
     f9c:	197090ef          	jal	ra,a932 <__lesf2>
     fa0:	f00543e3          	bltz	a0,ea6 <_ZN14_MOTOR_CONTROL10set_motionE20filament_motion_enumyy+0x3c2>
     fa4:	8581aa03          	lw	s4,-1960(gp) # 200001e8 <_ZL7g_scale+0x28>
     fa8:	854e                	mv	a0,s3
     faa:	85d2                	mv	a1,s4
     fac:	0f1090ef          	jal	ra,a89c <__gesf2>
     fb0:	eea04ee3          	bgtz	a0,eac <_ZN14_MOTOR_CONTROL10set_motionE20filament_motion_enumyy+0x3c8>
     fb4:	01342c23          	sw	s3,24(s0)
     fb8:	00040e23          	sb	zero,28(s0)
     fbc:	4799                	li	a5,6
     fbe:	ecf911e3          	bne	s2,a5,e80 <_ZN14_MOTOR_CONTROL10set_motionE20filament_motion_enumyy+0x39c>
     fc2:	8a41a783          	lw	a5,-1884(gp) # 20000234 <_ZL7g_scale+0x74>
     fc6:	4801                	li	a6,0
     fc8:	00040e23          	sb	zero,28(s0)
     fcc:	cc1c                	sw	a5,24(s0)
     fce:	d01c                	sw	a5,32(s0)
     fd0:	4781                	li	a5,0
     fd2:	d41c                	sw	a5,40(s0)
     fd4:	03042623          	sw	a6,44(s0)
     fd8:	bb51                	j	d6c <_ZN14_MOTOR_CONTROL10set_motionE20filament_motion_enumyy+0x288>
     fda:	4719                	li	a4,6
     fdc:	e4e916e3          	bne	s2,a4,e28 <_ZN14_MOTOR_CONTROL10set_motionE20filament_motion_enumyy+0x344>
     fe0:	963e                	add	a2,a2,a5
     fe2:	01362023          	sw	s3,0(a2)
     fe6:	01462223          	sw	s4,4(a2)
     fea:	200027b7          	lui	a5,0x20002
     fee:	d9078793          	addi	a5,a5,-624 # 20001d90 <_ZL21g_last_on_use_exit_ms>
     ff2:	068e                	slli	a3,a3,0x3
     ff4:	96be                	add	a3,a3,a5
     ff6:	4781                	li	a5,0
     ff8:	4801                	li	a6,0
     ffa:	c29c                	sw	a5,0(a3)
     ffc:	00000793          	li	a5,0
    1000:	0106a223          	sw	a6,4(a3)
    1004:	08040a23          	sb	zero,148(s0)
    1008:	cc3c                	sw	a5,88(s0)
    100a:	cc7c                	sw	a5,92(s0)
    100c:	dc3c                	sw	a5,120(s0)
    100e:	dc7c                	sw	a5,124(s0)
    1010:	4919                	li	s2,6
    1012:	b9a5                	j	c8a <_ZN14_MOTOR_CONTROL10set_motionE20filament_motion_enumyy+0x1a6>

00001014 <_Z22Motion_control_set_PWMhi>:
    1014:	02b05463          	blez	a1,103c <_Z22Motion_control_set_PWMhi+0x28>
    1018:	01059693          	slli	a3,a1,0x10
    101c:	82c1                	srli	a3,a3,0x10
    101e:	4781                	li	a5,0
    1020:	4709                	li	a4,2
    1022:	04e50263          	beq	a0,a4,1066 <_Z22Motion_control_set_PWMhi+0x52>
    1026:	02a76863          	bltu	a4,a0,1056 <_Z22Motion_control_set_PWMhi+0x42>
    102a:	40001737          	lui	a4,0x40001
    102e:	80070713          	addi	a4,a4,-2048 # 40000800 <__freertos_irq_stack_top+0x1fffb800>
    1032:	e51d                	bnez	a0,1060 <_Z22Motion_control_set_PWMhi+0x4c>
    1034:	bf56                	sh	a3,60(a4)
    1036:	04f71023          	sh	a5,64(a4)
    103a:	8082                	ret
    103c:	c981                	beqz	a1,104c <_Z22Motion_control_set_PWMhi+0x38>
    103e:	40b005b3          	neg	a1,a1
    1042:	01059793          	slli	a5,a1,0x10
    1046:	83c1                	srli	a5,a5,0x10
    1048:	4681                	li	a3,0
    104a:	bfd9                	j	1020 <_Z22Motion_control_set_PWMhi+0xc>
    104c:	3e800793          	li	a5,1000
    1050:	3e800693          	li	a3,1000
    1054:	b7f1                	j	1020 <_Z22Motion_control_set_PWMhi+0xc>
    1056:	470d                	li	a4,3
    1058:	fee511e3          	bne	a0,a4,103a <_Z22Motion_control_set_PWMhi+0x26>
    105c:	40000737          	lui	a4,0x40000
    1060:	bb56                	sh	a3,52(a4)
    1062:	bf1e                	sh	a5,56(a4)
    1064:	8082                	ret
    1066:	40000737          	lui	a4,0x40000
    106a:	42d71a23          	sh	a3,1076(a4) # 40000434 <__freertos_irq_stack_top+0x1fffb434>
    106e:	42f71c23          	sh	a5,1080(a4)
    1072:	8082                	ret

00001074 <_Z18bus_uart1_dma_sendPht>:
    1074:	200007b7          	lui	a5,0x20000
    1078:	6605                	lui	a2,0x1
    107a:	4c478793          	addi	a5,a5,1220 # 200004c4 <bus_port_to_host>
    107e:	97b2                	add	a5,a5,a2
    1080:	4297c703          	lbu	a4,1065(a5)
    1084:	c331                	beqz	a4,10c8 <_Z18bus_uart1_dma_sendPht+0x54>
    1086:	420784a3          	sb	zero,1065(a5)
    108a:	400207b7          	lui	a5,0x40020
    108e:	43f8                	lw	a4,68(a5)
    1090:	66c1                	lui	a3,0x10
    1092:	16f9                	addi	a3,a3,-2 # fffe <MC_PULL_calibration.cpp.947435e8+0x68d>
    1094:	8f75                	and	a4,a4,a3
    1096:	c3f8                	sw	a4,68(a5)
    1098:	cba8                	sw	a0,80(a5)
    109a:	40011737          	lui	a4,0x40011
    109e:	c7ac                	sw	a1,72(a5)
    10a0:	80070713          	addi	a4,a4,-2048 # 40010800 <__freertos_irq_stack_top+0x2000b800>
    10a4:	cb10                	sw	a2,16(a4)
    10a6:	40014737          	lui	a4,0x40014
    10aa:	fbf00613          	li	a2,-65
    10ae:	80c71023          	sh	a2,-2048(a4) # 40013800 <__freertos_irq_stack_top+0x2000e800>
    10b2:	80070693          	addi	a3,a4,-2048
    10b6:	81475703          	lhu	a4,-2028(a4)
    10ba:	08076713          	ori	a4,a4,128
    10be:	aada                	sh	a4,20(a3)
    10c0:	43f8                	lw	a4,68(a5)
    10c2:	00176713          	ori	a4,a4,1
    10c6:	c3f8                	sw	a4,68(a5)
    10c8:	8082                	ret

000010ca <_Z22get_filament_left_charPK4_ams>:
    10ca:	03450793          	addi	a5,a0,52
    10ce:	4701                	li	a4,0
    10d0:	4501                	li	a0,0
    10d2:	4605                	li	a2,1
    10d4:	4589                	li	a1,2
    10d6:	46a1                	li	a3,8
    10d8:	0007c803          	lbu	a6,0(a5) # 40020000 <__freertos_irq_stack_top+0x2001b000>
    10dc:	02080263          	beqz	a6,1100 <_Z22get_filament_left_charPK4_ams+0x36>
    10e0:	00e61833          	sll	a6,a2,a4
    10e4:	01056533          	or	a0,a0,a6
    10e8:	0017c803          	lbu	a6,1(a5)
    10ec:	0ff57513          	zext.b	a0,a0
    10f0:	00080863          	beqz	a6,1100 <_Z22get_filament_left_charPK4_ams+0x36>
    10f4:	00e59833          	sll	a6,a1,a4
    10f8:	01056533          	or	a0,a0,a6
    10fc:	0ff57513          	zext.b	a0,a0
    1100:	0709                	addi	a4,a4,2
    1102:	04078793          	addi	a5,a5,64
    1106:	fcd719e3          	bne	a4,a3,10d8 <_Z22get_filament_left_charPK4_ams+0xe>
    110a:	8082                	ret

0000110c <bus_crc8>:
    110c:	66b1                	lui	a3,0xc
    110e:	862a                	mv	a2,a0
    1110:	4701                	li	a4,0
    1112:	06600513          	li	a0,102
    1116:	c6468693          	addi	a3,a3,-924 # bc64 <g_crc8_tbl>
    111a:	00e607b3          	add	a5,a2,a4
    111e:	239c                	lbu	a5,0(a5)
    1120:	0705                	addi	a4,a4,1
    1122:	8fa9                	xor	a5,a5,a0
    1124:	97b6                	add	a5,a5,a3
    1126:	2388                	lbu	a0,0(a5)
    1128:	fee599e3          	bne	a1,a4,111a <bus_crc8+0xe>
    112c:	8082                	ret

0000112e <_Z22ahubus_package_add_crcPh>:
    112e:	c131                	beqz	a0,1172 <_Z22ahubus_package_add_crcPh+0x44>
    1130:	826ff2ef          	jal	t0,156 <__riscv_save_0>
    1134:	2124                	lbu	s1,2(a0)
    1136:	458d                	li	a1,3
    1138:	842a                	mv	s0,a0
    113a:	3fc9                	jal	110c <bus_crc8>
    113c:	400237b7          	lui	a5,0x40023
    1140:	b028                	sb	a0,3(s0)
    1142:	4705                	li	a4,1
    1144:	c798                	sw	a4,8(a5)
    1146:	00248913          	addi	s2,s1,2
    114a:	4781                	li	a5,0
    114c:	400236b7          	lui	a3,0x40023
    1150:	00279713          	slli	a4,a5,0x2
    1154:	9722                	add	a4,a4,s0
    1156:	4318                	lw	a4,0(a4)
    1158:	0785                	addi	a5,a5,1 # 40023001 <__freertos_irq_stack_top+0x2001e001>
    115a:	c298                	sw	a4,0(a3)
    115c:	ff27eae3          	bltu	a5,s2,1150 <_Z22ahubus_package_add_crcPh+0x22>
    1160:	429c                	lw	a5,0(a3)
    1162:	090a                	slli	s2,s2,0x2
    1164:	944a                	add	s0,s0,s2
    1166:	00348513          	addi	a0,s1,3
    116a:	c01c                	sw	a5,0(s0)
    116c:	050a                	slli	a0,a0,0x2
    116e:	80cff06f          	j	17a <__riscv_restore_0>
    1172:	4501                	li	a0,0
    1174:	8082                	ret

00001176 <_Z15package_add_crcPhi>:
    1176:	fe1fe2ef          	jal	t0,156 <__riscv_save_0>
    117a:	00150783          	lb	a5,1(a0)
    117e:	842a                	mv	s0,a0
    1180:	84ae                	mv	s1,a1
    1182:	ffe58913          	addi	s2,a1,-2
    1186:	0407d563          	bgez	a5,11d0 <_Z15package_add_crcPhi+0x5a>
    118a:	458d                	li	a1,3
    118c:	3741                	jal	110c <bus_crc8>
    118e:	b028                	sb	a0,3(s0)
    1190:	67a5                	lui	a5,0x9
    1192:	6631                	lui	a2,0xc
    1194:	4681                	li	a3,0
    1196:	13d78793          	addi	a5,a5,317 # 913d <memcmp+0x17>
    119a:	d6460613          	addi	a2,a2,-668 # bd64 <g_crc16_tbl>
    119e:	00d405b3          	add	a1,s0,a3
    11a2:	218c                	lbu	a1,0(a1)
    11a4:	0087d713          	srli	a4,a5,0x8
    11a8:	07a2                	slli	a5,a5,0x8
    11aa:	8f2d                	xor	a4,a4,a1
    11ac:	0706                	slli	a4,a4,0x1
    11ae:	9732                	add	a4,a4,a2
    11b0:	231a                	lhu	a4,0(a4)
    11b2:	07c2                	slli	a5,a5,0x10
    11b4:	83c1                	srli	a5,a5,0x10
    11b6:	0685                	addi	a3,a3,1 # 40023001 <__freertos_irq_stack_top+0x2001e001>
    11b8:	8fb9                	xor	a5,a5,a4
    11ba:	ff26e2e3          	bltu	a3,s2,119e <_Z15package_add_crcPhi+0x28>
    11be:	9922                	add	s2,s2,s0
    11c0:	00f90023          	sb	a5,0(s2)
    11c4:	9426                	add	s0,s0,s1
    11c6:	83a1                	srli	a5,a5,0x8
    11c8:	fef40fa3          	sb	a5,-1(s0)
    11cc:	faffe06f          	j	17a <__riscv_restore_0>
    11d0:	4599                	li	a1,6
    11d2:	3f2d                	jal	110c <bus_crc8>
    11d4:	a068                	sb	a0,6(s0)
    11d6:	bf6d                	j	1190 <_Z15package_add_crcPhi+0x1a>

000011d8 <delay.part.0>:
    11d8:	82c1a703          	lw	a4,-2004(gp) # 200001bc <time_hw_tpms>
    11dc:	02e507b3          	mul	a5,a0,a4
    11e0:	02e53533          	mulhu	a0,a0,a4
    11e4:	e119                	bnez	a0,11ea <delay.part.0+0x12>
    11e6:	e399                	bnez	a5,11ec <delay.part.0+0x14>
    11e8:	8082                	ret
    11ea:	57fd                	li	a5,-1
    11ec:	e000f737          	lui	a4,0xe000f
    11f0:	4714                	lw	a3,8(a4)
    11f2:	e000f637          	lui	a2,0xe000f
    11f6:	4618                	lw	a4,8(a2)
    11f8:	8f15                	sub	a4,a4,a3
    11fa:	00f76363          	bltu	a4,a5,1200 <delay.part.0+0x28>
    11fe:	8082                	ret
    1200:	0001                	nop
    1202:	bfd5                	j	11f6 <delay.part.0+0x1e>

00001204 <delay>:
    1204:	c111                	beqz	a0,1208 <delay+0x4>
    1206:	bfc9                	j	11d8 <delay.part.0>
    1208:	8082                	ret

0000120a <_Z17ADC_DMA_wait_fullv>:
    120a:	f33fe2ef          	jal	t0,13c <__riscv_save_4>
    120e:	e000f7b7          	lui	a5,0xe000f
    1212:	0087a983          	lw	s3,8(a5) # e000f008 <__freertos_irq_stack_top+0xc000a008>
    1216:	82c1a403          	lw	s0,-2004(gp) # 200001bc <time_hw_tpms>
    121a:	c809                	beqz	s0,122c <_Z17ADC_DMA_wait_fullv+0x22>
    121c:	7d000793          	li	a5,2000
    1220:	02f43733          	mulhu	a4,s0,a5
    1224:	02f40433          	mul	s0,s0,a5
    1228:	c311                	beqz	a4,122c <_Z17ADC_DMA_wait_fullv+0x22>
    122a:	547d                	li	s0,-1
    122c:	448d                	li	s1,3
    122e:	e000fa37          	lui	s4,0xe000f
    1232:	aaf1c783          	lbu	a5,-1361(gp) # 2000043f <_ZL15g_blocks_filled>
    1236:	00f4f463          	bgeu	s1,a5,123e <_Z17ADC_DMA_wait_fullv+0x34>
    123a:	f37fe06f          	j	170 <__riscv_restore_4>
    123e:	8faff0ef          	jal	ra,338 <_Z12ADC_DMA_pollv>
    1242:	008a2783          	lw	a5,8(s4) # e000f008 <__freertos_irq_stack_top+0xc000a008>
    1246:	413787b3          	sub	a5,a5,s3
    124a:	fef468e3          	bltu	s0,a5,123a <_Z17ADC_DMA_wait_fullv+0x30>
    124e:	4505                	li	a0,1
    1250:	3761                	jal	11d8 <delay.part.0>
    1252:	b7c5                	j	1232 <_Z17ADC_DMA_wait_fullv+0x28>

00001254 <_Z35ams_datas_set_need_to_save_filamenth>:
    1254:	478d                	li	a5,3
    1256:	00a7ea63          	bltu	a5,a0,126a <_Z35ams_datas_set_need_to_save_filamenth+0x16>
    125a:	4785                	li	a5,1
    125c:	00a79533          	sll	a0,a5,a0
    1260:	a1c1c783          	lbu	a5,-1508(gp) # 200003ac <_ZL11g_fil_dirty>
    1264:	8d5d                	or	a0,a0,a5
    1266:	a0a18e23          	sb	a0,-1508(gp) # 200003ac <_ZL11g_fil_dirty>
    126a:	8082                	ret

0000126c <_Z22ams_state_set_unloadedh>:
    126c:	8141c703          	lbu	a4,-2028(gp) # 200001a4 <_ZL11g_loaded_ch>
    1270:	0ff00693          	li	a3,255
    1274:	00d70d63          	beq	a4,a3,128e <_Z22ams_state_set_unloadedh+0x22>
    1278:	468d                	li	a3,3
    127a:	00a6e463          	bltu	a3,a0,1282 <_Z22ams_state_set_unloadedh+0x16>
    127e:	00a71863          	bne	a4,a0,128e <_Z22ams_state_set_unloadedh+0x22>
    1282:	577d                	li	a4,-1
    1284:	80e18a23          	sb	a4,-2028(gp) # 200001a4 <_ZL11g_loaded_ch>
    1288:	4705                	li	a4,1
    128a:	a2e18223          	sb	a4,-1500(gp) # 200003b4 <_ZL13g_state_dirty>
    128e:	8082                	ret

00001290 <_Z10set_motionhhhh.part.0>:
    1290:	ec7fe2ef          	jal	t0,156 <__riscv_save_0>
    1294:	468d                	li	a3,3
    1296:	3ea6ec63          	bltu	a3,a0,168e <_Z10set_motionhhhh.part.0+0x3fe>
    129a:	8141c703          	lbu	a4,-2028(gp) # 200001a4 <_ZL11g_loaded_ch>
    129e:	08d59263          	bne	a1,a3,1322 <_Z10set_motionhhhh.part.0+0x92>
    12a2:	4681                	li	a3,0
    12a4:	ea69                	bnez	a2,1376 <_Z10set_motionhhhh.part.0+0xe6>
    12a6:	0ff00793          	li	a5,255
    12aa:	4685                	li	a3,1
    12ac:	4cf71163          	bne	a4,a5,176e <_Z10set_motionhhhh.part.0+0x4de>
    12b0:	20002837          	lui	a6,0x20002
    12b4:	dd880813          	addi	a6,a6,-552 # 20001dd8 <ams>
    12b8:	10484783          	lbu	a5,260(a6)
    12bc:	00f50763          	beq	a0,a5,12ca <_Z10set_motionhhhh.part.0+0x3a>
    12c0:	488d                	li	a7,3
    12c2:	30f8f063          	bgeu	a7,a5,15c2 <_Z10set_motionhhhh.part.0+0x332>
    12c6:	10a80223          	sb	a0,260(a6)
    12ca:	00251693          	slli	a3,a0,0x2
    12ce:	b2418793          	addi	a5,gp,-1244 # 200004b4 <_ZL24time_sendout_onuse_ticks>
    12d2:	97b6                	add	a5,a5,a3
    12d4:	20002437          	lui	s0,0x20002
    12d8:	0007a023          	sw	zero,0(a5)
    12dc:	a2018323          	sb	zero,-1498(gp) # 200003b6 <_ZL12count_on_use>
    12e0:	00651493          	slli	s1,a0,0x6
    12e4:	dd840793          	addi	a5,s0,-552 # 20001dd8 <ams>
    12e8:	97a6                	add	a5,a5,s1
    12ea:	0357c683          	lbu	a3,53(a5)
    12ee:	4785                	li	a5,1
    12f0:	dd840413          	addi	s0,s0,-552
    12f4:	00f68963          	beq	a3,a5,1306 <_Z10set_motionhhhh.part.0+0x76>
    12f8:	0ff00793          	li	a5,255
    12fc:	00f70563          	beq	a4,a5,1306 <_Z10set_motionhhhh.part.0+0x76>
    1300:	0ff00513          	li	a0,255
    1304:	37a5                	jal	126c <_Z22ams_state_set_unloadedh>
    1306:	4785                	li	a5,1
    1308:	00940533          	add	a0,s0,s1
    130c:	02f50aa3          	sb	a5,53(a0)
    1310:	4789                	li	a5,2
    1312:	10f406a3          	sb	a5,269(s0)
    1316:	6791                	lui	a5,0x4
    1318:	70078793          	addi	a5,a5,1792 # 4700 <_ZL16motor_motion_runiym+0x2226>
    131c:	10f41723          	sh	a5,270(s0)
    1320:	a051                	j	13a4 <_Z10set_motionhhhh.part.0+0x114>
    1322:	47a5                	li	a5,9
    1324:	06f59963          	bne	a1,a5,1396 <_Z10set_motionhhhh.part.0+0x106>
    1328:	07f00793          	li	a5,127
    132c:	02f61d63          	bne	a2,a5,1366 <_Z10set_motionhhhh.part.0+0xd6>
    1330:	0ff00793          	li	a5,255
    1334:	44f71263          	bne	a4,a5,1778 <_Z10set_motionhhhh.part.0+0x4e8>
    1338:	200026b7          	lui	a3,0x20002
    133c:	dd868693          	addi	a3,a3,-552 # 20001dd8 <ams>
    1340:	1046c783          	lbu	a5,260(a3)
    1344:	00f50763          	beq	a0,a5,1352 <_Z10set_motionhhhh.part.0+0xc2>
    1348:	480d                	li	a6,3
    134a:	1af87f63          	bgeu	a6,a5,1508 <_Z10set_motionhhhh.part.0+0x278>
    134e:	10a68223          	sb	a0,260(a3)
    1352:	00251693          	slli	a3,a0,0x2
    1356:	b2418793          	addi	a5,gp,-1244 # 200004b4 <_ZL24time_sendout_onuse_ticks>
    135a:	97b6                	add	a5,a5,a3
    135c:	0007a023          	sw	zero,0(a5)
    1360:	a2018323          	sb	zero,-1498(gp) # 200003b6 <_ZL12count_on_use>
    1364:	aae5                	j	155c <_Z10set_motionhhhh.part.0+0x2cc>
    1366:	0a500793          	li	a5,165
    136a:	fcf603e3          	beq	a2,a5,1330 <_Z10set_motionhhhh.part.0+0xa0>
    136e:	fc160693          	addi	a3,a2,-63 # e000efc1 <__freertos_irq_stack_top+0xc0009fc1>
    1372:	0016b693          	seqz	a3,a3
    1376:	0ff00793          	li	a5,255
    137a:	44f71263          	bne	a4,a5,17be <_Z10set_motionhhhh.part.0+0x52e>
    137e:	14069463          	bnez	a3,14c6 <_Z10set_motionhhhh.part.0+0x236>
    1382:	47a5                	li	a5,9
    1384:	02f59063          	bne	a1,a5,13a4 <_Z10set_motionhhhh.part.0+0x114>
    1388:	050a                	slli	a0,a0,0x2
    138a:	b2418793          	addi	a5,gp,-1244 # 200004b4 <_ZL24time_sendout_onuse_ticks>
    138e:	97aa                	add	a5,a5,a0
    1390:	0007a023          	sw	zero,0(a5)
    1394:	a0b9                	j	13e2 <_Z10set_motionhhhh.part.0+0x152>
    1396:	479d                	li	a5,7
    1398:	00f58963          	beq	a1,a5,13aa <_Z10set_motionhhhh.part.0+0x11a>
    139c:	0ff00793          	li	a5,255
    13a0:	fef711e3          	bne	a4,a5,1382 <_Z10set_motionhhhh.part.0+0xf2>
    13a4:	4505                	li	a0,1
    13a6:	dd5fe06f          	j	17a <__riscv_restore_0>
    13aa:	0ff00793          	li	a5,255
    13ae:	ee1d                	bnez	a2,13ec <_Z10set_motionhhhh.part.0+0x15c>
    13b0:	3ef71463          	bne	a4,a5,1798 <_Z10set_motionhhhh.part.0+0x508>
    13b4:	00251693          	slli	a3,a0,0x2
    13b8:	b2418793          	addi	a5,gp,-1244 # 200004b4 <_ZL24time_sendout_onuse_ticks>
    13bc:	97b6                	add	a5,a5,a3
    13be:	0007a023          	sw	zero,0(a5)
    13c2:	fee511e3          	bne	a0,a4,13a4 <_Z10set_motionhhhh.part.0+0x114>
    13c6:	200027b7          	lui	a5,0x20002
    13ca:	dd878793          	addi	a5,a5,-552 # 20001dd8 <ams>
    13ce:	051a                	slli	a0,a0,0x6
    13d0:	953e                	add	a0,a0,a5
    13d2:	03554703          	lbu	a4,53(a0)
    13d6:	4689                	li	a3,2
    13d8:	20d70d63          	beq	a4,a3,15f2 <_Z10set_motionhhhh.part.0+0x362>
    13dc:	4695                	li	a3,5
    13de:	22d70663          	beq	a4,a3,160a <_Z10set_motionhhhh.part.0+0x37a>
    13e2:	200027b7          	lui	a5,0x20002
    13e6:	dd878793          	addi	a5,a5,-552 # 20001dd8 <ams>
    13ea:	a439                	j	15f8 <_Z10set_motionhhhh.part.0+0x368>
    13ec:	3cf71e63          	bne	a4,a5,17c8 <_Z10set_motionhhhh.part.0+0x538>
    13f0:	07f00793          	li	a5,127
    13f4:	faf618e3          	bne	a2,a5,13a4 <_Z10set_motionhhhh.part.0+0x114>
    13f8:	200027b7          	lui	a5,0x20002
    13fc:	edc7c783          	lbu	a5,-292(a5) # 20001edc <ams+0x104>
    1400:	00f50963          	beq	a0,a5,1412 <_Z10set_motionhhhh.part.0+0x182>
    1404:	468d                	li	a3,3
    1406:	1af6fa63          	bgeu	a3,a5,15ba <_Z10set_motionhhhh.part.0+0x32a>
    140a:	200027b7          	lui	a5,0x20002
    140e:	eca78e23          	sb	a0,-292(a5) # 20001edc <ams+0x104>
    1412:	200027b7          	lui	a5,0x20002
    1416:	dd878613          	addi	a2,a5,-552 # 20001dd8 <ams>
    141a:	00651e13          	slli	t3,a0,0x6
    141e:	9672                	add	a2,a2,t3
    1420:	03564603          	lbu	a2,53(a2)
    1424:	4685                	li	a3,1
    1426:	dd878793          	addi	a5,a5,-552
    142a:	02d61f63          	bne	a2,a3,1468 <_Z10set_motionhhhh.part.0+0x1d8>
    142e:	82c1a603          	lw	a2,-2004(gp) # 200001bc <time_hw_tpms>
    1432:	da45                	beqz	a2,13e2 <_Z10set_motionhhhh.part.0+0x152>
    1434:	e000f6b7          	lui	a3,0xe000f
    1438:	468c                	lw	a1,8(a3)
    143a:	b2418813          	addi	a6,gp,-1244 # 200004b4 <_ZL24time_sendout_onuse_ticks>
    143e:	00251893          	slli	a7,a0,0x2
    1442:	9846                	add	a6,a6,a7
    1444:	00082e83          	lw	t4,0(a6)
    1448:	b2418693          	addi	a3,gp,-1244 # 200004b4 <_ZL24time_sendout_onuse_ticks>
    144c:	000e9463          	bnez	t4,1454 <_Z10set_motionhhhh.part.0+0x1c4>
    1450:	00b82023          	sw	a1,0(a6)
    1454:	6811                	lui	a6,0x4
    1456:	a9880813          	addi	a6,a6,-1384 # 3a98 <_ZL16motor_motion_runiym+0x15be>
    145a:	03060633          	mul	a2,a2,a6
    145e:	96c6                	add	a3,a3,a7
    1460:	4294                	lw	a3,0(a3)
    1462:	8d95                	sub	a1,a1,a3
    1464:	f6c5efe3          	bltu	a1,a2,13e2 <_Z10set_motionhhhh.part.0+0x152>
    1468:	00251613          	slli	a2,a0,0x2
    146c:	b2418693          	addi	a3,gp,-1244 # 200004b4 <_ZL24time_sendout_onuse_ticks>
    1470:	96b2                	add	a3,a3,a2
    1472:	0006a023          	sw	zero,0(a3) # e000f000 <__freertos_irq_stack_top+0xc000a000>
    1476:	4609                	li	a2,2
    1478:	01c786b3          	add	a3,a5,t3
    147c:	02c68aa3          	sb	a2,53(a3)
    1480:	4691                	li	a3,4
    1482:	10e7d603          	lhu	a2,270(a5)
    1486:	10d786a3          	sb	a3,269(a5)
    148a:	66bd                	lui	a3,0xf
    148c:	06f68693          	addi	a3,a3,111 # f06f <Flash_saves.cpp.f7fa723f+0x41e>
    1490:	00d60763          	beq	a2,a3,149e <_Z10set_motionhhhh.part.0+0x20e>
    1494:	668d                	lui	a3,0x3
    1496:	b0068693          	addi	a3,a3,-1280 # 2b00 <_ZL16motor_motion_runiym+0x626>
    149a:	10d79723          	sh	a3,270(a5)
    149e:	a251c603          	lbu	a2,-1499(gp) # 200003b5 <_ZL30last_before_on_use_motion_flag>
    14a2:	07f00693          	li	a3,127
    14a6:	0ed61a63          	bne	a2,a3,159a <_Z10set_motionhhhh.part.0+0x30a>
    14aa:	a261c683          	lbu	a3,-1498(gp) # 200003b6 <_ZL12count_on_use>
    14ae:	4591                	li	a1,4
    14b0:	0ed5e563          	bltu	a1,a3,159a <_Z10set_motionhhhh.part.0+0x30a>
    14b4:	0685                	addi	a3,a3,1
    14b6:	a2d18323          	sb	a3,-1498(gp) # 200003b6 <_ZL12count_on_use>
    14ba:	6689                	lui	a3,0x2
    14bc:	e3468693          	addi	a3,a3,-460 # 1e34 <_ZN14_MOTOR_CONTROL9hold_loadEffR9MOTOR_PIDRfRhS2_RbS2_S4_.constprop.0.isra.0+0x1e>
    14c0:	10d79723          	sh	a3,270(a5)
    14c4:	a8d9                	j	159a <_Z10set_motionhhhh.part.0+0x30a>
    14c6:	b2418813          	addi	a6,gp,-1244 # 200004b4 <_ZL24time_sendout_onuse_ticks>
    14ca:	00e50c63          	beq	a0,a4,14e2 <_Z10set_motionhhhh.part.0+0x252>
    14ce:	050a                	slli	a0,a0,0x2
    14d0:	982a                	add	a6,a6,a0
    14d2:	00082023          	sw	zero,0(a6)
    14d6:	b5f9                	j	13a4 <_Z10set_motionhhhh.part.0+0x114>
    14d8:	0cf6fb63          	bgeu	a3,a5,15ae <_Z10set_motionhhhh.part.0+0x31e>
    14dc:	10a80223          	sb	a0,260(a6)
    14e0:	a4f9                	j	17ae <_Z10set_motionhhhh.part.0+0x51e>
    14e2:	200028b7          	lui	a7,0x20002
    14e6:	dd888893          	addi	a7,a7,-552 # 20001dd8 <ams>
    14ea:	1048c783          	lbu	a5,260(a7)
    14ee:	00f50763          	beq	a0,a5,14fc <_Z10set_motionhhhh.part.0+0x26c>
    14f2:	4e0d                	li	t3,3
    14f4:	0cfe7d63          	bgeu	t3,a5,15ce <_Z10set_motionhhhh.part.0+0x33e>
    14f8:	10a88223          	sb	a0,260(a7)
    14fc:	00251793          	slli	a5,a0,0x2
    1500:	983e                	add	a6,a6,a5
    1502:	00082023          	sw	zero,0(a6)
    1506:	a291                	j	164a <_Z10set_motionhhhh.part.0+0x3ba>
    1508:	4f01                	li	t5,0
    150a:	4e81                	li	t4,0
    150c:	4f85                	li	t6,1
    150e:	4281                	li	t0,0
    1510:	4e01                	li	t3,0
    1512:	4685                	li	a3,1
    1514:	200028b7          	lui	a7,0x20002
    1518:	dd888893          	addi	a7,a7,-552 # 20001dd8 <ams>
    151c:	00679813          	slli	a6,a5,0x6
    1520:	9846                	add	a6,a6,a7
    1522:	02080aa3          	sb	zero,53(a6)
    1526:	9c600813          	li	a6,-1594
    152a:	11089723          	sh	a6,270(a7)
    152e:	b2418813          	addi	a6,gp,-1244 # 200004b4 <_ZL24time_sendout_onuse_ticks>
    1532:	078a                	slli	a5,a5,0x2
    1534:	97c2                	add	a5,a5,a6
    1536:	100886a3          	sb	zero,269(a7)
    153a:	0007a023          	sw	zero,0(a5)
    153e:	10a88223          	sb	a0,260(a7)
    1542:	d80294e3          	bnez	t0,12ca <_Z10set_motionhhhh.part.0+0x3a>
    1546:	080f8f63          	beqz	t6,15e4 <_Z10set_motionhhhh.part.0+0x354>
    154a:	00251793          	slli	a5,a0,0x2
    154e:	983e                	add	a6,a6,a5
    1550:	00082023          	sw	zero,0(a6)
    1554:	a2018323          	sb	zero,-1498(gp) # 200003b6 <_ZL12count_on_use>
    1558:	e40686e3          	beqz	a3,13a4 <_Z10set_motionhhhh.part.0+0x114>
    155c:	a2c182a3          	sb	a2,-1499(gp) # 200003b5 <_ZL30last_before_on_use_motion_flag>
    1560:	200026b7          	lui	a3,0x20002
    1564:	07f00793          	li	a5,127
    1568:	dd868693          	addi	a3,a3,-552 # 20001dd8 <ams>
    156c:	00651593          	slli	a1,a0,0x6
    1570:	06f60663          	beq	a2,a5,15dc <_Z10set_motionhhhh.part.0+0x34c>
    1574:	00b687b3          	add	a5,a3,a1
    1578:	0357c603          	lbu	a2,53(a5)
    157c:	4785                	li	a5,1
    157e:	04f61b63          	bne	a2,a5,15d4 <_Z10set_motionhhhh.part.0+0x344>
    1582:	6791                	lui	a5,0x4
    1584:	70078793          	addi	a5,a5,1792 # 4700 <_ZL16motor_motion_runiym+0x2226>
    1588:	4615                	li	a2,5
    158a:	95b6                	add	a1,a1,a3
    158c:	02c58aa3          	sb	a2,53(a1)
    1590:	4611                	li	a2,4
    1592:	10c686a3          	sb	a2,269(a3)
    1596:	10f69723          	sh	a5,270(a3)
    159a:	0ff00793          	li	a5,255
    159e:	e0f713e3          	bne	a4,a5,13a4 <_Z10set_motionhhhh.part.0+0x114>
    15a2:	4705                	li	a4,1
    15a4:	80a18a23          	sb	a0,-2028(gp) # 200001a4 <_ZL11g_loaded_ch>
    15a8:	a2e18223          	sb	a4,-1500(gp) # 200003b4 <_ZL13g_state_dirty>
    15ac:	bbe5                	j	13a4 <_Z10set_motionhhhh.part.0+0x114>
    15ae:	4e01                	li	t3,0
    15b0:	4685                	li	a3,1
    15b2:	4e81                	li	t4,0
    15b4:	4f81                	li	t6,0
    15b6:	4281                	li	t0,0
    15b8:	bfb1                	j	1514 <_Z10set_motionhhhh.part.0+0x284>
    15ba:	4f01                	li	t5,0
    15bc:	4e85                	li	t4,1
    15be:	4f81                	li	t6,0
    15c0:	b7b9                	j	150e <_Z10set_motionhhhh.part.0+0x27e>
    15c2:	4f01                	li	t5,0
    15c4:	4e81                	li	t4,0
    15c6:	4f81                	li	t6,0
    15c8:	4285                	li	t0,1
    15ca:	4e01                	li	t3,0
    15cc:	b7a1                	j	1514 <_Z10set_motionhhhh.part.0+0x284>
    15ce:	8e36                	mv	t3,a3
    15d0:	4f01                	li	t5,0
    15d2:	b7c5                	j	15b2 <_Z10set_motionhhhh.part.0+0x322>
    15d4:	678d                	lui	a5,0x3
    15d6:	b0078793          	addi	a5,a5,-1280 # 2b00 <_ZL16motor_motion_runiym+0x626>
    15da:	b77d                	j	1588 <_Z10set_motionhhhh.part.0+0x2f8>
    15dc:	6789                	lui	a5,0x2
    15de:	e3478793          	addi	a5,a5,-460 # 1e34 <_ZN14_MOTOR_CONTROL9hold_loadEffR9MOTOR_PIDRfRhS2_RbS2_S4_.constprop.0.isra.0+0x1e>
    15e2:	b75d                	j	1588 <_Z10set_motionhhhh.part.0+0x2f8>
    15e4:	dc0f18e3          	bnez	t5,13b4 <_Z10set_motionhhhh.part.0+0x124>
    15e8:	040e8663          	beqz	t4,1634 <_Z10set_motionhhhh.part.0+0x3a4>
    15ec:	e20693e3          	bnez	a3,1412 <_Z10set_motionhhhh.part.0+0x182>
    15f0:	bb55                	j	13a4 <_Z10set_motionhhhh.part.0+0x114>
    15f2:	4719                	li	a4,6
    15f4:	02e50aa3          	sb	a4,53(a0)
    15f8:	4711                	li	a4,4
    15fa:	10e786a3          	sb	a4,269(a5)
    15fe:	670d                	lui	a4,0x3
    1600:	b0070713          	addi	a4,a4,-1280 # 2b00 <_ZL16motor_motion_runiym+0x626>
    1604:	10e79723          	sh	a4,270(a5)
    1608:	bb71                	j	13a4 <_Z10set_motionhhhh.part.0+0x114>
    160a:	4719                	li	a4,6
    160c:	02e50aa3          	sb	a4,53(a0)
    1610:	4711                	li	a4,4
    1612:	10e786a3          	sb	a4,269(a5)
    1616:	670d                	lui	a4,0x3
    1618:	b0070713          	addi	a4,a4,-1280 # 2b00 <_ZL16motor_motion_runiym+0x626>
    161c:	10e79723          	sh	a4,270(a5)
    1620:	a251c683          	lbu	a3,-1499(gp) # 200003b5 <_ZL30last_before_on_use_motion_flag>
    1624:	07f00713          	li	a4,127
    1628:	d6e69ee3          	bne	a3,a4,13a4 <_Z10set_motionhhhh.part.0+0x114>
    162c:	6709                	lui	a4,0x2
    162e:	e3470713          	addi	a4,a4,-460 # 1e34 <_ZN14_MOTOR_CONTROL9hold_loadEffR9MOTOR_PIDRfRhS2_RbS2_S4_.constprop.0.isra.0+0x1e>
    1632:	bfc9                	j	1604 <_Z10set_motionhhhh.part.0+0x374>
    1634:	d40e07e3          	beqz	t3,1382 <_Z10set_motionhhhh.part.0+0xf2>
    1638:	00251693          	slli	a3,a0,0x2
    163c:	b2418793          	addi	a5,gp,-1244 # 200004b4 <_ZL24time_sendout_onuse_ticks>
    1640:	97b6                	add	a5,a5,a3
    1642:	0007a023          	sw	zero,0(a5)
    1646:	d4e51fe3          	bne	a0,a4,13a4 <_Z10set_motionhhhh.part.0+0x114>
    164a:	200027b7          	lui	a5,0x20002
    164e:	dd878713          	addi	a4,a5,-552 # 20001dd8 <ams>
    1652:	00651693          	slli	a3,a0,0x6
    1656:	9736                	add	a4,a4,a3
    1658:	03574703          	lbu	a4,53(a4)
    165c:	4609                	li	a2,2
    165e:	dd878793          	addi	a5,a5,-552
    1662:	00c70863          	beq	a4,a2,1672 <_Z10set_motionhhhh.part.0+0x3e2>
    1666:	176d                	addi	a4,a4,-5
    1668:	0ff77713          	zext.b	a4,a4
    166c:	4605                	li	a2,1
    166e:	00e66663          	bltu	a2,a4,167a <_Z10set_motionhhhh.part.0+0x3ea>
    1672:	96be                	add	a3,a3,a5
    1674:	470d                	li	a4,3
    1676:	02e68aa3          	sb	a4,53(a3)
    167a:	4711                	li	a4,4
    167c:	10e786a3          	sb	a4,269(a5)
    1680:	670d                	lui	a4,0x3
    1682:	b0070713          	addi	a4,a4,-1280 # 2b00 <_ZL16motor_motion_runiym+0x626>
    1686:	10e79723          	sh	a4,270(a5)
    168a:	36cd                	jal	126c <_Z22ams_state_set_unloadedh>
    168c:	bb21                	j	13a4 <_Z10set_motionhhhh.part.0+0x114>
    168e:	0ff00793          	li	a5,255
    1692:	d0f519e3          	bne	a0,a5,13a4 <_Z10set_motionhhhh.part.0+0x114>
    1696:	20002737          	lui	a4,0x20002
    169a:	dd870793          	addi	a5,a4,-552 # 20001dd8 <ams>
    169e:	1047c503          	lbu	a0,260(a5)
    16a2:	dd870813          	addi	a6,a4,-552
    16a6:	04d59b63          	bne	a1,a3,16fc <_Z10set_motionhhhh.part.0+0x46c>
    16aa:	e625                	bnez	a2,1712 <_Z10set_motionhhhh.part.0+0x482>
    16ac:	cea5ece3          	bltu	a1,a0,13a4 <_Z10set_motionhhhh.part.0+0x114>
    16b0:	00651693          	slli	a3,a0,0x6
    16b4:	00d807b3          	add	a5,a6,a3
    16b8:	0357c783          	lbu	a5,53(a5)
    16bc:	00251613          	slli	a2,a0,0x2
    16c0:	b2418713          	addi	a4,gp,-1244 # 200004b4 <_ZL24time_sendout_onuse_ticks>
    16c4:	9732                	add	a4,a4,a2
    16c6:	00072023          	sw	zero,0(a4)
    16ca:	ffe78713          	addi	a4,a5,-2
    16ce:	0ff77713          	zext.b	a4,a4
    16d2:	4605                	li	a2,1
    16d4:	00e67763          	bgeu	a2,a4,16e2 <_Z10set_motionhhhh.part.0+0x452>
    16d8:	17ed                	addi	a5,a5,-5
    16da:	0ff7f793          	zext.b	a5,a5
    16de:	00f66963          	bltu	a2,a5,16f0 <_Z10set_motionhhhh.part.0+0x460>
    16e2:	4791                	li	a5,4
    16e4:	96c2                	add	a3,a3,a6
    16e6:	02f68aa3          	sb	a5,53(a3)
    16ea:	4789                	li	a5,2
    16ec:	10f806a3          	sb	a5,269(a6)
    16f0:	6791                	lui	a5,0x4
    16f2:	70078793          	addi	a5,a5,1792 # 4700 <_ZL16motor_motion_runiym+0x2226>
    16f6:	10f81723          	sh	a5,270(a6)
    16fa:	bf41                	j	168a <_Z10set_motionhhhh.part.0+0x3fa>
    16fc:	4705                	li	a4,1
    16fe:	00e59a63          	bne	a1,a4,1712 <_Z10set_motionhhhh.part.0+0x482>
    1702:	caa6e1e3          	bltu	a3,a0,13a4 <_Z10set_motionhhhh.part.0+0x114>
    1706:	10d7c703          	lbu	a4,269(a5)
    170a:	4791                	li	a5,4
    170c:	c8f70ce3          	beq	a4,a5,13a4 <_Z10set_motionhhhh.part.0+0x114>
    1710:	bfad                	j	168a <_Z10set_motionhhhh.part.0+0x3fa>
    1712:	478d                	li	a5,3
    1714:	00a7ef63          	bltu	a5,a0,1732 <_Z10set_motionhhhh.part.0+0x4a2>
    1718:	051a                	slli	a0,a0,0x6
    171a:	9542                	add	a0,a0,a6
    171c:	03554783          	lbu	a5,53(a0)
    1720:	4709                	li	a4,2
    1722:	c8e781e3          	beq	a5,a4,13a4 <_Z10set_motionhhhh.part.0+0x114>
    1726:	17ed                	addi	a5,a5,-5
    1728:	0ff7f793          	zext.b	a5,a5
    172c:	4705                	li	a4,1
    172e:	c6f77be3          	bgeu	a4,a5,13a4 <_Z10set_motionhhhh.part.0+0x114>
    1732:	b2418793          	addi	a5,gp,-1244 # 200004b4 <_ZL24time_sendout_onuse_ticks>
    1736:	0007a023          	sw	zero,0(a5)
    173a:	0007a223          	sw	zero,4(a5)
    173e:	0007a423          	sw	zero,8(a5)
    1742:	0007a623          	sw	zero,12(a5)
    1746:	9c600793          	li	a5,-1594
    174a:	10f81723          	sh	a5,270(a6)
    174e:	57fd                	li	a5,-1
    1750:	02080aa3          	sb	zero,53(a6)
    1754:	06080aa3          	sb	zero,117(a6)
    1758:	0a080aa3          	sb	zero,181(a6)
    175c:	0e080aa3          	sb	zero,245(a6)
    1760:	100806a3          	sb	zero,269(a6)
    1764:	10f80223          	sb	a5,260(a6)
    1768:	0ff00513          	li	a0,255
    176c:	bf39                	j	168a <_Z10set_motionhhhh.part.0+0x3fa>
    176e:	40e506b3          	sub	a3,a0,a4
    1772:	0016b693          	seqz	a3,a3
    1776:	be2d                	j	12b0 <_Z10set_motionhhhh.part.0+0x20>
    1778:	bce500e3          	beq	a0,a4,1338 <_Z10set_motionhhhh.part.0+0xa8>
    177c:	050a                	slli	a0,a0,0x2
    177e:	b2418793          	addi	a5,gp,-1244 # 200004b4 <_ZL24time_sendout_onuse_ticks>
    1782:	97aa                	add	a5,a5,a0
    1784:	0007a023          	sw	zero,0(a5)
    1788:	a2018323          	sb	zero,-1498(gp) # 200003b6 <_ZL12count_on_use>
    178c:	b921                	j	13a4 <_Z10set_motionhhhh.part.0+0x114>
    178e:	07f00793          	li	a5,127
    1792:	c6f603e3          	beq	a2,a5,13f8 <_Z10set_motionhhhh.part.0+0x168>
    1796:	b6f5                	j	1382 <_Z10set_motionhhhh.part.0+0xf2>
    1798:	c0e51ee3          	bne	a0,a4,13b4 <_Z10set_motionhhhh.part.0+0x124>
    179c:	20002837          	lui	a6,0x20002
    17a0:	dd880813          	addi	a6,a6,-552 # 20001dd8 <ams>
    17a4:	10484783          	lbu	a5,260(a6)
    17a8:	4f05                	li	t5,1
    17aa:	d2a797e3          	bne	a5,a0,14d8 <_Z10set_motionhhhh.part.0+0x248>
    17ae:	00251713          	slli	a4,a0,0x2
    17b2:	b2418793          	addi	a5,gp,-1244 # 200004b4 <_ZL24time_sendout_onuse_ticks>
    17b6:	97ba                	add	a5,a5,a4
    17b8:	0007a023          	sw	zero,0(a5)
    17bc:	b129                	j	13c6 <_Z10set_motionhhhh.part.0+0x136>
    17be:	bce500e3          	beq	a0,a4,137e <_Z10set_motionhhhh.part.0+0xee>
    17c2:	bc0680e3          	beqz	a3,1382 <_Z10set_motionhhhh.part.0+0xf2>
    17c6:	bd8d                	j	1638 <_Z10set_motionhhhh.part.0+0x3a8>
    17c8:	fce503e3          	beq	a0,a4,178e <_Z10set_motionhhhh.part.0+0x4fe>
    17cc:	f8160613          	addi	a2,a2,-127
    17d0:	bc060ae3          	beqz	a2,13a4 <_Z10set_motionhhhh.part.0+0x114>
    17d4:	b67d                	j	1382 <_Z10set_motionhhhh.part.0+0xf2>

000017d6 <_ZN12WS2812_class6updataEv>:
    17d6:	02c54783          	lbu	a5,44(a0)
    17da:	c7ad                	beqz	a5,1844 <_ZN12WS2812_class6updataEv+0x6e>
    17dc:	00052303          	lw	t1,0(a0)
    17e0:	00455e03          	lhu	t3,4(a0)
    17e4:	800026f3          	csrr	a3,0x800
    17e8:	08800793          	li	a5,136
    17ec:	8007b073          	csrc	0x800,a5
    17f0:	e000f7b7          	lui	a5,0xe000f
    17f4:	4790                	lw	a2,8(a5)
    17f6:	0886f693          	andi	a3,a3,136
    17fa:	4798                	lw	a4,8(a5)
    17fc:	fee60fe3          	beq	a2,a4,17fa <_ZN12WS2812_class6updataEv+0x24>
    1800:	479c                	lw	a5,8(a5)
    1802:	00850593          	addi	a1,a0,8
    1806:	4601                	li	a2,0
    1808:	00800f37          	lui	t5,0x800
    180c:	e000feb7          	lui	t4,0xe000f
    1810:	2178                	lbu	a4,6(a0)
    1812:	02e66a63          	bltu	a2,a4,1846 <_ZN12WS2812_class6updataEv+0x70>
    1816:	02050623          	sb	zero,44(a0)
    181a:	08800793          	li	a5,136
    181e:	8007b073          	csrc	0x800,a5
    1822:	8006a073          	csrs	0x800,a3
    1826:	411c                	lw	a5,0(a0)
    1828:	215a                	lhu	a4,4(a0)
    182a:	cbd8                	sw	a4,20(a5)
    182c:	9dc1a703          	lw	a4,-1572(gp) # 2000036c <_ZL18g_ws2812_rst_ticks>
    1830:	cb11                	beqz	a4,1844 <_ZN12WS2812_class6updataEv+0x6e>
    1832:	e000f7b7          	lui	a5,0xe000f
    1836:	4794                	lw	a3,8(a5)
    1838:	e000f637          	lui	a2,0xe000f
    183c:	461c                	lw	a5,8(a2)
    183e:	8f95                	sub	a5,a5,a3
    1840:	04e7e463          	bltu	a5,a4,1888 <_ZN12WS2812_class6updataEv+0xb2>
    1844:	8082                	ret
    1846:	0005a803          	lw	a6,0(a1)
    184a:	21078f93          	addi	t6,a5,528 # e000f210 <__freertos_irq_stack_top+0xc000a210>
    184e:	01e878b3          	and	a7,a6,t5
    1852:	473d                	li	a4,15
    1854:	00089363          	bnez	a7,185a <_ZN12WS2812_class6updataEv+0x84>
    1858:	471d                	li	a4,7
    185a:	0806                	slli	a6,a6,0x1
    185c:	01c32823          	sw	t3,16(t1)
    1860:	973e                	add	a4,a4,a5
    1862:	008ea883          	lw	a7,8(t4) # e000f008 <__freertos_irq_stack_top+0xc000a008>
    1866:	40e888b3          	sub	a7,a7,a4
    186a:	fe08cce3          	bltz	a7,1862 <_ZN12WS2812_class6updataEv+0x8c>
    186e:	01c32a23          	sw	t3,20(t1)
    1872:	07d9                	addi	a5,a5,22
    1874:	008ea703          	lw	a4,8(t4)
    1878:	8f1d                	sub	a4,a4,a5
    187a:	fe074de3          	bltz	a4,1874 <_ZN12WS2812_class6updataEv+0x9e>
    187e:	fdf798e3          	bne	a5,t6,184e <_ZN12WS2812_class6updataEv+0x78>
    1882:	0605                	addi	a2,a2,1 # e000f001 <__freertos_irq_stack_top+0xc000a001>
    1884:	0591                	addi	a1,a1,4
    1886:	b769                	j	1810 <_ZN12WS2812_class6updataEv+0x3a>
    1888:	0001                	nop
    188a:	bf4d                	j	183c <_ZN12WS2812_class6updataEv+0x66>

0000188c <_Z10RGB_updatev>:
    188c:	af418793          	addi	a5,gp,-1292 # 20000484 <SYS_RGB>
    1890:	02c7c783          	lbu	a5,44(a5)
    1894:	e38d                	bnez	a5,18b6 <_Z10RGB_updatev+0x2a>
    1896:	200027b7          	lui	a5,0x20002
    189a:	25878793          	addi	a5,a5,600 # 20002258 <RGBOUT>
    189e:	02c7c703          	lbu	a4,44(a5)
    18a2:	eb11                	bnez	a4,18b6 <_Z10RGB_updatev+0x2a>
    18a4:	05c7c703          	lbu	a4,92(a5)
    18a8:	e719                	bnez	a4,18b6 <_Z10RGB_updatev+0x2a>
    18aa:	08c7c703          	lbu	a4,140(a5)
    18ae:	e701                	bnez	a4,18b6 <_Z10RGB_updatev+0x2a>
    18b0:	0bc7c783          	lbu	a5,188(a5)
    18b4:	cfa1                	beqz	a5,190c <_Z10RGB_updatev+0x80>
    18b6:	e000f737          	lui	a4,0xe000f
    18ba:	4710                	lw	a2,8(a4)
    18bc:	a201a703          	lw	a4,-1504(gp) # 200003b0 <_ZZ10RGB_updatevE4last>
    18c0:	82c1a783          	lw	a5,-2004(gp) # 200001bc <time_hw_tpms>
    18c4:	c719                	beqz	a4,18d2 <_Z10RGB_updatev+0x46>
    18c6:	40e60733          	sub	a4,a2,a4
    18ca:	e391                	bnez	a5,18ce <_Z10RGB_updatev+0x42>
    18cc:	4785                	li	a5,1
    18ce:	02f76f63          	bltu	a4,a5,190c <_Z10RGB_updatev+0x80>
    18d2:	885fe2ef          	jal	t0,156 <__riscv_save_0>
    18d6:	af418513          	addi	a0,gp,-1292 # 20000484 <SYS_RGB>
    18da:	a2c1a023          	sw	a2,-1504(gp) # 200003b0 <_ZZ10RGB_updatevE4last>
    18de:	3de5                	jal	17d6 <_ZN12WS2812_class6updataEv>
    18e0:	20002537          	lui	a0,0x20002
    18e4:	25850513          	addi	a0,a0,600 # 20002258 <RGBOUT>
    18e8:	35fd                	jal	17d6 <_ZN12WS2812_class6updataEv>
    18ea:	20002537          	lui	a0,0x20002
    18ee:	28850513          	addi	a0,a0,648 # 20002288 <RGBOUT+0x30>
    18f2:	35d5                	jal	17d6 <_ZN12WS2812_class6updataEv>
    18f4:	20002537          	lui	a0,0x20002
    18f8:	2b850513          	addi	a0,a0,696 # 200022b8 <RGBOUT+0x60>
    18fc:	3de9                	jal	17d6 <_ZN12WS2812_class6updataEv>
    18fe:	20002537          	lui	a0,0x20002
    1902:	2e850513          	addi	a0,a0,744 # 200022e8 <RGBOUT+0x90>
    1906:	3dc1                	jal	17d6 <_ZN12WS2812_class6updataEv>
    1908:	873fe06f          	j	17a <__riscv_restore_0>
    190c:	8082                	ret

0000190e <FLASH_Lock>:
    190e:	40022737          	lui	a4,0x40022
    1912:	4b1c                	lw	a5,16(a4)
    1914:	0807e793          	ori	a5,a5,128
    1918:	cb1c                	sw	a5,16(a4)
    191a:	8082                	ret

0000191c <FLASH_GetBank1Status>:
    191c:	400227b7          	lui	a5,0x40022
    1920:	47c8                	lw	a0,12(a5)
    1922:	8905                	andi	a0,a0,1
    1924:	e511                	bnez	a0,1930 <FLASH_GetBank1Status+0x14>
    1926:	47c8                	lw	a0,12(a5)
    1928:	8941                	andi	a0,a0,16
    192a:	00153513          	seqz	a0,a0
    192e:	050d                	addi	a0,a0,3
    1930:	8082                	ret

00001932 <FLASH_WaitForLastOperation>:
    1932:	825fe2ef          	jal	t0,156 <__riscv_save_0>
    1936:	842a                	mv	s0,a0
    1938:	4485                	li	s1,1
    193a:	37cd                	jal	191c <FLASH_GetBank1Status>
    193c:	00951863          	bne	a0,s1,194c <FLASH_WaitForLastOperation+0x1a>
    1940:	e019                	bnez	s0,1946 <FLASH_WaitForLastOperation+0x14>
    1942:	4515                	li	a0,5
    1944:	a029                	j	194e <FLASH_WaitForLastOperation+0x1c>
    1946:	3fd9                	jal	191c <FLASH_GetBank1Status>
    1948:	147d                	addi	s0,s0,-1
    194a:	bfcd                	j	193c <FLASH_WaitForLastOperation+0xa>
    194c:	d87d                	beqz	s0,1942 <FLASH_WaitForLastOperation+0x10>
    194e:	82dfe06f          	j	17a <__riscv_restore_0>

00001952 <_ZL16flash_prog_wordsmPKmm>:
    1952:	00357793          	andi	a5,a0,3
    1956:	efe1                	bnez	a5,1a2e <_ZL16flash_prog_wordsmPKmm+0xdc>
    1958:	fcefe2ef          	jal	t0,126 <__riscv_save_12>
    195c:	0005a903          	lw	s2,0(a1)
    1960:	060a                	slli	a2,a2,0x2
    1962:	45670bb7          	lui	s7,0x45670
    1966:	cdef9c37          	lui	s8,0xcdef9
    196a:	1141                	addi	sp,sp,-16
    196c:	842a                	mv	s0,a0
    196e:	00458a93          	addi	s5,a1,4
    1972:	00c589b3          	add	s3,a1,a2
    1976:	08800b13          	li	s6,136
    197a:	400224b7          	lui	s1,0x40022
    197e:	123b8b93          	addi	s7,s7,291 # 45670123 <__freertos_irq_stack_top+0x2566b123>
    1982:	9abc0c13          	addi	s8,s8,-1621 # cdef89ab <__freertos_irq_stack_top+0xadef39ab>
    1986:	03100d93          	li	s11,49
    198a:	4c91                	li	s9,4
    198c:	401c                	lw	a5,0(s0)
    198e:	03279163          	bne	a5,s2,19b0 <_ZL16flash_prog_wordsmPKmm+0x5e>
    1992:	01599663          	bne	s3,s5,199e <_ZL16flash_prog_wordsmPKmm+0x4c>
    1996:	4505                	li	a0,1
    1998:	0141                	addi	sp,sp,16
    199a:	fc8fe06f          	j	162 <__riscv_restore_12>
    199e:	0411                	addi	s0,s0,4
    19a0:	00347793          	andi	a5,s0,3
    19a4:	000aa903          	lw	s2,0(s5)
    19a8:	0a91                	addi	s5,s5,4
    19aa:	d3ed                	beqz	a5,198c <_ZL16flash_prog_wordsmPKmm+0x3a>
    19ac:	4501                	li	a0,0
    19ae:	b7ed                	j	1998 <_ZL16flash_prog_wordsmPKmm+0x46>
    19b0:	80002a73          	csrr	s4,0x800
    19b4:	800b3073          	csrc	0x800,s6
    19b8:	0174a223          	sw	s7,4(s1) # 40022004 <__freertos_irq_stack_top+0x2001d004>
    19bc:	0184a223          	sw	s8,4(s1)
    19c0:	01b4a623          	sw	s11,12(s1)
    19c4:	6515                	lui	a0,0x5
    19c6:	088a7a13          	andi	s4,s4,136
    19ca:	c602                	sw	zero,12(sp)
    19cc:	379d                	jal	1932 <FLASH_WaitForLastOperation>
    19ce:	01950863          	beq	a0,s9,19de <_ZL16flash_prog_wordsmPKmm+0x8c>
    19d2:	3f35                	jal	190e <FLASH_Lock>
    19d4:	800b3073          	csrc	0x800,s6
    19d8:	800a2073          	csrs	0x800,s4
    19dc:	bfc1                	j	19ac <_ZL16flash_prog_wordsmPKmm+0x5a>
    19de:	489c                	lw	a5,16(s1)
    19e0:	6515                	lui	a0,0x5
    19e2:	0017e793          	ori	a5,a5,1
    19e6:	c89c                	sw	a5,16(s1)
    19e8:	01091793          	slli	a5,s2,0x10
    19ec:	83c1                	srli	a5,a5,0x10
    19ee:	a01e                	sh	a5,0(s0)
    19f0:	3789                	jal	1932 <FLASH_WaitForLastOperation>
    19f2:	03951a63          	bne	a0,s9,1a26 <_ZL16flash_prog_wordsmPKmm+0xd4>
    19f6:	00240793          	addi	a5,s0,2
    19fa:	c63e                	sw	a5,12(sp)
    19fc:	47b2                	lw	a5,12(sp)
    19fe:	01095713          	srli	a4,s2,0x10
    1a02:	6515                	lui	a0,0x5
    1a04:	a39a                	sh	a4,0(a5)
    1a06:	3735                	jal	1932 <FLASH_WaitForLastOperation>
    1a08:	489c                	lw	a5,16(s1)
    1a0a:	8d2a                	mv	s10,a0
    1a0c:	9bf9                	andi	a5,a5,-2
    1a0e:	c89c                	sw	a5,16(s1)
    1a10:	3dfd                	jal	190e <FLASH_Lock>
    1a12:	800b3073          	csrc	0x800,s6
    1a16:	800a2073          	csrs	0x800,s4
    1a1a:	f99d19e3          	bne	s10,s9,19ac <_ZL16flash_prog_wordsmPKmm+0x5a>
    1a1e:	401c                	lw	a5,0(s0)
    1a20:	f92796e3          	bne	a5,s2,19ac <_ZL16flash_prog_wordsmPKmm+0x5a>
    1a24:	b7bd                	j	1992 <_ZL16flash_prog_wordsmPKmm+0x40>
    1a26:	489c                	lw	a5,16(s1)
    1a28:	9bf9                	andi	a5,a5,-2
    1a2a:	c89c                	sw	a5,16(s1)
    1a2c:	b75d                	j	19d2 <_ZL16flash_prog_wordsmPKmm+0x80>
    1a2e:	4501                	li	a0,0
    1a30:	8082                	ret

00001a32 <FLASH_ErasePage_Fast>:
    1a32:	400227b7          	lui	a5,0x40022
    1a36:	4b98                	lw	a4,16(a5)
    1a38:	000206b7          	lui	a3,0x20
    1a3c:	8f55                	or	a4,a4,a3
    1a3e:	cb98                	sw	a4,16(a5)
    1a40:	cbc8                	sw	a0,20(a5)
    1a42:	4b98                	lw	a4,16(a5)
    1a44:	04076713          	ori	a4,a4,64
    1a48:	cb98                	sw	a4,16(a5)
    1a4a:	47d8                	lw	a4,12(a5)
    1a4c:	8b05                	andi	a4,a4,1
    1a4e:	ff75                	bnez	a4,1a4a <FLASH_ErasePage_Fast+0x18>
    1a50:	4b98                	lw	a4,16(a5)
    1a52:	7681                	lui	a3,0xfffe0
    1a54:	16fd                	addi	a3,a3,-1 # fffdffff <__freertos_irq_stack_top+0xdffdafff>
    1a56:	8f75                	and	a4,a4,a3
    1a58:	cb98                	sw	a4,16(a5)
    1a5a:	8082                	ret

00001a5c <_ZL14flash256_erasem.part.0>:
    1a5c:	ee0fe2ef          	jal	t0,13c <__riscv_save_4>
    1a60:	842a                	mv	s0,a0
    1a62:	80002973          	csrr	s2,0x800
    1a66:	08800993          	li	s3,136
    1a6a:	8009b073          	csrc	0x800,s3
    1a6e:	45670737          	lui	a4,0x45670
    1a72:	400224b7          	lui	s1,0x40022
    1a76:	12370713          	addi	a4,a4,291 # 45670123 <__freertos_irq_stack_top+0x2566b123>
    1a7a:	cdef97b7          	lui	a5,0xcdef9
    1a7e:	c0d8                	sw	a4,4(s1)
    1a80:	9ab78793          	addi	a5,a5,-1621 # cdef89ab <__freertos_irq_stack_top+0xadef39ab>
    1a84:	c0dc                	sw	a5,4(s1)
    1a86:	d0d8                	sw	a4,36(s1)
    1a88:	d0dc                	sw	a5,36(s1)
    1a8a:	03100793          	li	a5,49
    1a8e:	c4dc                	sw	a5,12(s1)
    1a90:	374d                	jal	1a32 <FLASH_ErasePage_Fast>
    1a92:	489c                	lw	a5,16(s1)
    1a94:	6721                	lui	a4,0x8
    1a96:	8fd9                	or	a5,a5,a4
    1a98:	c89c                	sw	a5,16(s1)
    1a9a:	3d95                	jal	190e <FLASH_Lock>
    1a9c:	8009b073          	csrc	0x800,s3
    1aa0:	08897913          	andi	s2,s2,136
    1aa4:	80092073          	csrs	0x800,s2
    1aa8:	e339e7b7          	lui	a5,0xe339e
    1aac:	10040713          	addi	a4,s0,256
    1ab0:	33978793          	addi	a5,a5,825 # e339e339 <__freertos_irq_stack_top+0xc3399339>
    1ab4:	4014                	lw	a3,0(s0)
    1ab6:	00f69863          	bne	a3,a5,1ac6 <_ZL14flash256_erasem.part.0+0x6a>
    1aba:	0411                	addi	s0,s0,4
    1abc:	fee41ce3          	bne	s0,a4,1ab4 <_ZL14flash256_erasem.part.0+0x58>
    1ac0:	4505                	li	a0,1
    1ac2:	eaefe06f          	j	170 <__riscv_restore_4>
    1ac6:	4501                	li	a0,0
    1ac8:	bfed                	j	1ac2 <_ZL14flash256_erasem.part.0+0x66>

00001aca <GPIO_Init>:
    1aca:	459c                	lw	a5,8(a1)
    1acc:	0107f713          	andi	a4,a5,16
    1ad0:	00f7f813          	andi	a6,a5,15
    1ad4:	c701                	beqz	a4,1adc <GPIO_Init+0x12>
    1ad6:	41d8                	lw	a4,4(a1)
    1ad8:	00e86833          	or	a6,a6,a4
    1adc:	40022737          	lui	a4,0x40022
    1ae0:	5b14                	lw	a3,48(a4)
    1ae2:	0f000737          	lui	a4,0xf000
    1ae6:	8f75                	and	a4,a4,a3
    1ae8:	eb45                	bnez	a4,1b98 <GPIO_Init+0xce>
    1aea:	4685                	li	a3,1
    1aec:	9cd18c23          	sb	a3,-1576(gp) # 20000368 <MCU_Version>
    1af0:	40011737          	lui	a4,0x40011
    1af4:	00e51563          	bne	a0,a4,1afe <GPIO_Init+0x34>
    1af8:	219a                	lhu	a4,0(a1)
    1afa:	8335                	srli	a4,a4,0xd
    1afc:	a19a                	sh	a4,0(a1)
    1afe:	218e                	lhu	a1,0(a1)
    1b00:	0ff5f713          	zext.b	a4,a1
    1b04:	c331                	beqz	a4,1b48 <GPIO_Init+0x7e>
    1b06:	4118                	lw	a4,0(a0)
    1b08:	4681                	li	a3,0
    1b0a:	4e05                	li	t3,1
    1b0c:	02800e93          	li	t4,40
    1b10:	4f3d                	li	t5,15
    1b12:	04800f93          	li	t6,72
    1b16:	4321                	li	t1,8
    1b18:	00de1633          	sll	a2,t3,a3
    1b1c:	00c5f8b3          	and	a7,a1,a2
    1b20:	03161063          	bne	a2,a7,1b40 <GPIO_Init+0x76>
    1b24:	09d79263          	bne	a5,t4,1ba8 <GPIO_Init+0xde>
    1b28:	c950                	sw	a2,20(a0)
    1b2a:	00269613          	slli	a2,a3,0x2
    1b2e:	00cf18b3          	sll	a7,t5,a2
    1b32:	fff8c893          	not	a7,a7
    1b36:	00e8f733          	and	a4,a7,a4
    1b3a:	00c81633          	sll	a2,a6,a2
    1b3e:	8f51                	or	a4,a4,a2
    1b40:	0685                	addi	a3,a3,1
    1b42:	fc669be3          	bne	a3,t1,1b18 <GPIO_Init+0x4e>
    1b46:	c118                	sw	a4,0(a0)
    1b48:	0ff00713          	li	a4,255
    1b4c:	04b77563          	bgeu	a4,a1,1b96 <GPIO_Init+0xcc>
    1b50:	4154                	lw	a3,4(a0)
    1b52:	4601                	li	a2,0
    1b54:	4e05                	li	t3,1
    1b56:	02800e93          	li	t4,40
    1b5a:	04800f13          	li	t5,72
    1b5e:	4321                	li	t1,8
    1b60:	00860713          	addi	a4,a2,8
    1b64:	00ee1733          	sll	a4,t3,a4
    1b68:	00e5f8b3          	and	a7,a1,a4
    1b6c:	03171163          	bne	a4,a7,1b8e <GPIO_Init+0xc4>
    1b70:	05d79063          	bne	a5,t4,1bb0 <GPIO_Init+0xe6>
    1b74:	c958                	sw	a4,20(a0)
    1b76:	00261893          	slli	a7,a2,0x2
    1b7a:	473d                	li	a4,15
    1b7c:	01171733          	sll	a4,a4,a7
    1b80:	fff74713          	not	a4,a4
    1b84:	8ef9                	and	a3,a3,a4
    1b86:	011818b3          	sll	a7,a6,a7
    1b8a:	00d8e6b3          	or	a3,a7,a3
    1b8e:	0605                	addi	a2,a2,1
    1b90:	fc6618e3          	bne	a2,t1,1b60 <GPIO_Init+0x96>
    1b94:	c154                	sw	a3,4(a0)
    1b96:	8082                	ret
    1b98:	40011737          	lui	a4,0x40011
    1b9c:	f6e511e3          	bne	a0,a4,1afe <GPIO_Init+0x34>
    1ba0:	9d81c703          	lbu	a4,-1576(gp) # 20000368 <MCU_Version>
    1ba4:	df29                	beqz	a4,1afe <GPIO_Init+0x34>
    1ba6:	bf89                	j	1af8 <GPIO_Init+0x2e>
    1ba8:	f9f791e3          	bne	a5,t6,1b2a <GPIO_Init+0x60>
    1bac:	c910                	sw	a2,16(a0)
    1bae:	bfb5                	j	1b2a <GPIO_Init+0x60>
    1bb0:	fde793e3          	bne	a5,t5,1b76 <GPIO_Init+0xac>
    1bb4:	c918                	sw	a4,16(a0)
    1bb6:	b7c1                	j	1b76 <GPIO_Init+0xac>

00001bb8 <_ZN20AS5600_soft_IIC_many8stop_iicEv.constprop.0>:
    1bb8:	200027b7          	lui	a5,0x20002
    1bbc:	cf078693          	addi	a3,a5,-784 # 20001cf0 <MC_AS5600>
    1bc0:	4a8c                	lw	a1,16(a3)
    1bc2:	07c6a883          	lw	a7,124(a3)
    1bc6:	08068713          	addi	a4,a3,128
    1bca:	4308                	lw	a0,0(a4)
    1bcc:	00872803          	lw	a6,8(a4) # 40011008 <__freertos_irq_stack_top+0x2000c008>
    1bd0:	00472303          	lw	t1,4(a4)
    1bd4:	cf078793          	addi	a5,a5,-784
    1bd8:	4701                	li	a4,0
    1bda:	04b74663          	blt	a4,a1,1c26 <_ZN20AS5600_soft_IIC_many8stop_iicEv.constprop.0+0x6e>
    1bde:	20000637          	lui	a2,0x20000
    1be2:	19462683          	lw	a3,404(a2) # 20000194 <_ZL17g_iic_delay_ticks>
    1be6:	e6ad                	bnez	a3,1c50 <_ZN20AS5600_soft_IIC_many8stop_iicEv.constprop.0+0x98>
    1be8:	4b8c                	lw	a1,16(a5)
    1bea:	0807a503          	lw	a0,128(a5)
    1bee:	0887a803          	lw	a6,136(a5)
    1bf2:	4701                	li	a4,0
    1bf4:	06b74963          	blt	a4,a1,1c66 <_ZN20AS5600_soft_IIC_many8stop_iicEv.constprop.0+0xae>
    1bf8:	19462683          	lw	a3,404(a2)
    1bfc:	e2d1                	bnez	a3,1c80 <_ZN20AS5600_soft_IIC_many8stop_iicEv.constprop.0+0xc8>
    1bfe:	4b94                	lw	a3,16(a5)
    1c00:	5fec                	lw	a1,124(a5)
    1c02:	0847a503          	lw	a0,132(a5)
    1c06:	4781                	li	a5,0
    1c08:	08d7c763          	blt	a5,a3,1c96 <_ZN20AS5600_soft_IIC_many8stop_iicEv.constprop.0+0xde>
    1c0c:	19462703          	lw	a4,404(a2)
    1c10:	cb11                	beqz	a4,1c24 <_ZN20AS5600_soft_IIC_many8stop_iicEv.constprop.0+0x6c>
    1c12:	e000f7b7          	lui	a5,0xe000f
    1c16:	4794                	lw	a3,8(a5)
    1c18:	e000f637          	lui	a2,0xe000f
    1c1c:	461c                	lw	a5,8(a2)
    1c1e:	8f95                	sub	a5,a5,a3
    1c20:	08e7e863          	bltu	a5,a4,1cb0 <_ZN20AS5600_soft_IIC_many8stop_iicEv.constprop.0+0xf8>
    1c24:	8082                	ret
    1c26:	00271613          	slli	a2,a4,0x2
    1c2a:	00c506b3          	add	a3,a0,a2
    1c2e:	0006ae03          	lw	t3,0(a3)
    1c32:	00171693          	slli	a3,a4,0x1
    1c36:	00d80eb3          	add	t4,a6,a3
    1c3a:	000ede83          	lhu	t4,0(t4)
    1c3e:	9646                	add	a2,a2,a7
    1c40:	969a                	add	a3,a3,t1
    1c42:	4210                	lw	a2,0(a2)
    1c44:	2296                	lhu	a3,0(a3)
    1c46:	01de2a23          	sw	t4,20(t3)
    1c4a:	0705                	addi	a4,a4,1
    1c4c:	ca54                	sw	a3,20(a2)
    1c4e:	b771                	j	1bda <_ZN20AS5600_soft_IIC_many8stop_iicEv.constprop.0+0x22>
    1c50:	e000f737          	lui	a4,0xe000f
    1c54:	470c                	lw	a1,8(a4)
    1c56:	e000f537          	lui	a0,0xe000f
    1c5a:	4518                	lw	a4,8(a0)
    1c5c:	8f0d                	sub	a4,a4,a1
    1c5e:	f8d775e3          	bgeu	a4,a3,1be8 <_ZN20AS5600_soft_IIC_many8stop_iicEv.constprop.0+0x30>
    1c62:	0001                	nop
    1c64:	bfdd                	j	1c5a <_ZN20AS5600_soft_IIC_many8stop_iicEv.constprop.0+0xa2>
    1c66:	00271693          	slli	a3,a4,0x2
    1c6a:	96aa                	add	a3,a3,a0
    1c6c:	0006a883          	lw	a7,0(a3)
    1c70:	00171693          	slli	a3,a4,0x1
    1c74:	96c2                	add	a3,a3,a6
    1c76:	2296                	lhu	a3,0(a3)
    1c78:	0705                	addi	a4,a4,1 # e000f001 <__freertos_irq_stack_top+0xc000a001>
    1c7a:	00d8a823          	sw	a3,16(a7)
    1c7e:	bf9d                	j	1bf4 <_ZN20AS5600_soft_IIC_many8stop_iicEv.constprop.0+0x3c>
    1c80:	e000f737          	lui	a4,0xe000f
    1c84:	470c                	lw	a1,8(a4)
    1c86:	e000f537          	lui	a0,0xe000f
    1c8a:	4518                	lw	a4,8(a0)
    1c8c:	8f0d                	sub	a4,a4,a1
    1c8e:	f6d778e3          	bgeu	a4,a3,1bfe <_ZN20AS5600_soft_IIC_many8stop_iicEv.constprop.0+0x46>
    1c92:	0001                	nop
    1c94:	bfdd                	j	1c8a <_ZN20AS5600_soft_IIC_many8stop_iicEv.constprop.0+0xd2>
    1c96:	00279713          	slli	a4,a5,0x2
    1c9a:	972e                	add	a4,a4,a1
    1c9c:	00072803          	lw	a6,0(a4) # e000f000 <__freertos_irq_stack_top+0xc000a000>
    1ca0:	00179713          	slli	a4,a5,0x1
    1ca4:	972a                	add	a4,a4,a0
    1ca6:	231a                	lhu	a4,0(a4)
    1ca8:	0785                	addi	a5,a5,1 # e000f001 <__freertos_irq_stack_top+0xc000a001>
    1caa:	00e82823          	sw	a4,16(a6)
    1cae:	bfa9                	j	1c08 <_ZN20AS5600_soft_IIC_many8stop_iicEv.constprop.0+0x50>
    1cb0:	0001                	nop
    1cb2:	b7ad                	j	1c1c <_ZN20AS5600_soft_IIC_many8stop_iicEv.constprop.0+0x64>

00001cb4 <_ZN20AS5600_soft_IIC_many5set_hEPKP12GPIO_TypeDefPKt.constprop.0>:
    1cb4:	200027b7          	lui	a5,0x20002
    1cb8:	cf078793          	addi	a5,a5,-784 # 20001cf0 <MC_AS5600>
    1cbc:	4b94                	lw	a3,16(a5)
    1cbe:	5fb0                	lw	a2,120(a5)
    1cc0:	4781                	li	a5,0
    1cc2:	00d7c363          	blt	a5,a3,1cc8 <_ZN20AS5600_soft_IIC_many5set_hEPKP12GPIO_TypeDefPKt.constprop.0+0x14>
    1cc6:	8082                	ret
    1cc8:	00279713          	slli	a4,a5,0x2
    1ccc:	00e60833          	add	a6,a2,a4
    1cd0:	00082803          	lw	a6,0(a6)
    1cd4:	00081b63          	bnez	a6,1cea <_ZN20AS5600_soft_IIC_many5set_hEPKP12GPIO_TypeDefPKt.constprop.0+0x36>
    1cd8:	972a                	add	a4,a4,a0
    1cda:	00072803          	lw	a6,0(a4)
    1cde:	00179713          	slli	a4,a5,0x1
    1ce2:	972e                	add	a4,a4,a1
    1ce4:	231a                	lhu	a4,0(a4)
    1ce6:	00e82823          	sw	a4,16(a6)
    1cea:	0785                	addi	a5,a5,1
    1cec:	bfd9                	j	1cc2 <_ZN20AS5600_soft_IIC_many5set_hEPKP12GPIO_TypeDefPKt.constprop.0+0xe>

00001cee <_ZN20AS5600_soft_IIC_many5set_lEPKP12GPIO_TypeDefPKt.constprop.0>:
    1cee:	200027b7          	lui	a5,0x20002
    1cf2:	cf078793          	addi	a5,a5,-784 # 20001cf0 <MC_AS5600>
    1cf6:	4b94                	lw	a3,16(a5)
    1cf8:	5fb0                	lw	a2,120(a5)
    1cfa:	4781                	li	a5,0
    1cfc:	00d7c363          	blt	a5,a3,1d02 <_ZN20AS5600_soft_IIC_many5set_lEPKP12GPIO_TypeDefPKt.constprop.0+0x14>
    1d00:	8082                	ret
    1d02:	00279713          	slli	a4,a5,0x2
    1d06:	00e60833          	add	a6,a2,a4
    1d0a:	00082803          	lw	a6,0(a6)
    1d0e:	00081b63          	bnez	a6,1d24 <_ZN20AS5600_soft_IIC_many5set_lEPKP12GPIO_TypeDefPKt.constprop.0+0x36>
    1d12:	972a                	add	a4,a4,a0
    1d14:	00072803          	lw	a6,0(a4)
    1d18:	00179713          	slli	a4,a5,0x1
    1d1c:	972e                	add	a4,a4,a1
    1d1e:	231a                	lhu	a4,0(a4)
    1d20:	00e82a23          	sw	a4,20(a6)
    1d24:	0785                	addi	a5,a5,1
    1d26:	bfd9                	j	1cfc <_ZN20AS5600_soft_IIC_many5set_lEPKP12GPIO_TypeDefPKt.constprop.0+0xe>

00001d28 <_ZN20AS5600_soft_IIC_many11clear_datasEv.constprop.0>:
    1d28:	20002737          	lui	a4,0x20002
    1d2c:	cf070793          	addi	a5,a4,-784 # 20001cf0 <MC_AS5600>
    1d30:	5fb0                	lw	a2,120(a5)
    1d32:	47cc                	lw	a1,12(a5)
    1d34:	cf070713          	addi	a4,a4,-784
    1d38:	4781                	li	a5,0
    1d3a:	4b14                	lw	a3,16(a4)
    1d3c:	00d7c363          	blt	a5,a3,1d42 <_ZN20AS5600_soft_IIC_many11clear_datasEv.constprop.0+0x1a>
    1d40:	8082                	ret
    1d42:	00279693          	slli	a3,a5,0x2
    1d46:	96b2                	add	a3,a3,a2
    1d48:	0006a023          	sw	zero,0(a3)
    1d4c:	00179693          	slli	a3,a5,0x1
    1d50:	96ae                	add	a3,a3,a1
    1d52:	00069023          	sh	zero,0(a3)
    1d56:	0785                	addi	a5,a5,1
    1d58:	b7cd                	j	1d3a <_ZN20AS5600_soft_IIC_many11clear_datasEv.constprop.0+0x12>

00001d5a <_ZL20retract_mag_from_errff.part.0.constprop.0>:
    1d5a:	bfcfe2ef          	jal	t0,156 <__riscv_save_0>
    1d5e:	8cc1a583          	lw	a1,-1844(gp) # 2000025c <_ZL7g_scale+0x9c>
    1d62:	842a                	mv	s0,a0
    1d64:	3cf080ef          	jal	ra,a932 <__lesf2>
    1d68:	8cc1a583          	lw	a1,-1844(gp) # 2000025c <_ZL7g_scale+0x9c>
    1d6c:	06055363          	bgez	a0,1dd2 <_ZL20retract_mag_from_errff.part.0.constprop.0+0x78>
    1d70:	8781a583          	lw	a1,-1928(gp) # 20000208 <_ZL7g_scale+0x48>
    1d74:	8522                	mv	a0,s0
    1d76:	731080ef          	jal	ra,aca6 <__subsf3>
    1d7a:	8d01a583          	lw	a1,-1840(gp) # 20000260 <_ZL7g_scale+0xa0>
    1d7e:	44d080ef          	jal	ra,a9ca <__mulsf3>
    1d82:	00000593          	li	a1,0
    1d86:	842a                	mv	s0,a0
    1d88:	3ab080ef          	jal	ra,a932 <__lesf2>
    1d8c:	00054c63          	bltz	a0,1da4 <_ZL20retract_mag_from_errff.part.0.constprop.0+0x4a>
    1d90:	8741a483          	lw	s1,-1932(gp) # 20000204 <_ZL7g_scale+0x44>
    1d94:	8522                	mv	a0,s0
    1d96:	85a6                	mv	a1,s1
    1d98:	305080ef          	jal	ra,a89c <__gesf2>
    1d9c:	00a05663          	blez	a0,1da8 <_ZL20retract_mag_from_errff.part.0.constprop.0+0x4e>
    1da0:	8426                	mv	s0,s1
    1da2:	a019                	j	1da8 <_ZL20retract_mag_from_errff.part.0.constprop.0+0x4e>
    1da4:	00000413          	li	s0,0
    1da8:	8581a583          	lw	a1,-1960(gp) # 200001e8 <_ZL7g_scale+0x28>
    1dac:	8522                	mv	a0,s0
    1dae:	41d080ef          	jal	ra,a9ca <__mulsf3>
    1db2:	8d41a583          	lw	a1,-1836(gp) # 20000264 <_ZL7g_scale+0xa4>
    1db6:	436080ef          	jal	ra,a1ec <__addsf3>
    1dba:	8c81a483          	lw	s1,-1848(gp) # 20000258 <_ZL7g_scale+0x98>
    1dbe:	842a                	mv	s0,a0
    1dc0:	85a6                	mv	a1,s1
    1dc2:	2db080ef          	jal	ra,a89c <__gesf2>
    1dc6:	00a05363          	blez	a0,1dcc <_ZL20retract_mag_from_errff.part.0.constprop.0+0x72>
    1dca:	8426                	mv	s0,s1
    1dcc:	8522                	mv	a0,s0
    1dce:	bacfe06f          	j	17a <__riscv_restore_0>
    1dd2:	8522                	mv	a0,s0
    1dd4:	6d3080ef          	jal	ra,aca6 <__subsf3>
    1dd8:	8d81a583          	lw	a1,-1832(gp) # 20000268 <_ZL7g_scale+0xa8>
    1ddc:	778080ef          	jal	ra,a554 <__divsf3>
    1de0:	00000593          	li	a1,0
    1de4:	842a                	mv	s0,a0
    1de6:	34d080ef          	jal	ra,a932 <__lesf2>
    1dea:	00054c63          	bltz	a0,1e02 <_ZL20retract_mag_from_errff.part.0.constprop.0+0xa8>
    1dee:	8741a483          	lw	s1,-1932(gp) # 20000204 <_ZL7g_scale+0x44>
    1df2:	8522                	mv	a0,s0
    1df4:	85a6                	mv	a1,s1
    1df6:	2a7080ef          	jal	ra,a89c <__gesf2>
    1dfa:	00a05663          	blez	a0,1e06 <_ZL20retract_mag_from_errff.part.0.constprop.0+0xac>
    1dfe:	8426                	mv	s0,s1
    1e00:	a019                	j	1e06 <_ZL20retract_mag_from_errff.part.0.constprop.0+0xac>
    1e02:	00000413          	li	s0,0
    1e06:	8dc1a583          	lw	a1,-1828(gp) # 2000026c <_ZL7g_scale+0xac>
    1e0a:	8522                	mv	a0,s0
    1e0c:	3bf080ef          	jal	ra,a9ca <__mulsf3>
    1e10:	8e01a583          	lw	a1,-1824(gp) # 20000270 <_ZL7g_scale+0xb0>
    1e14:	b74d                	j	1db6 <_ZL20retract_mag_from_errff.part.0.constprop.0+0x5c>

00001e16 <_ZN14_MOTOR_CONTROL9hold_loadEffR9MOTOR_PIDRfRhS2_RbS2_S4_.constprop.0.isra.0>:
    1e16:	b18fe2ef          	jal	t0,12e <__riscv_save_10>
    1e1a:	8e41ad03          	lw	s10,-1820(gp) # 20000274 <_ZL7g_scale+0xb4>
    1e1e:	842a                	mv	s0,a0
    1e20:	8bae                	mv	s7,a1
    1e22:	8536                	mv	a0,a3
    1e24:	85ea                	mv	a1,s10
    1e26:	5c42                	lw	s8,48(sp)
    1e28:	84b2                	mv	s1,a2
    1e2a:	8936                	mv	s2,a3
    1e2c:	8b3a                	mv	s6,a4
    1e2e:	89be                	mv	s3,a5
    1e30:	8ac2                	mv	s5,a6
    1e32:	8a46                	mv	s4,a7
    1e34:	2ff080ef          	jal	ra,a932 <__lesf2>
    1e38:	00055363          	bgez	a0,1e3e <_ZN14_MOTOR_CONTROL9hold_loadEffR9MOTOR_PIDRfRhS2_RbS2_S4_.constprop.0.isra.0+0x28>
    1e3c:	896a                	mv	s2,s10
    1e3e:	85a2                	mv	a1,s0
    1e40:	854a                	mv	a0,s2
    1e42:	2f1080ef          	jal	ra,a932 <__lesf2>
    1e46:	0a055c63          	bgez	a0,1efe <_ZN14_MOTOR_CONTROL9hold_loadEffR9MOTOR_PIDRfRhS2_RbS2_S4_.constprop.0.isra.0+0xe8>
    1e4a:	000b4783          	lbu	a5,0(s6)
    1e4e:	c7ad                	beqz	a5,1eb8 <_ZN14_MOTOR_CONTROL9hold_loadEffR9MOTOR_PIDRfRhS2_RbS2_S4_.constprop.0.isra.0+0xa2>
    1e50:	00000593          	li	a1,0
    1e54:	854a                	mv	a0,s2
    1e56:	396080ef          	jal	ra,a1ec <__addsf3>
    1e5a:	85aa                	mv	a1,a0
    1e5c:	8522                	mv	a0,s0
    1e5e:	2d5080ef          	jal	ra,a932 <__lesf2>
    1e62:	06a05a63          	blez	a0,1ed6 <_ZN14_MOTOR_CONTROL9hold_loadEffR9MOTOR_PIDRfRhS2_RbS2_S4_.constprop.0.isra.0+0xc0>
    1e66:	85ca                	mv	a1,s2
    1e68:	8522                	mv	a0,s0
    1e6a:	63d080ef          	jal	ra,aca6 <__subsf3>
    1e6e:	4785                	li	a5,1
    1e70:	00fa8023          	sb	a5,0(s5)
    1e74:	8781a583          	lw	a1,-1928(gp) # 20000208 <_ZL7g_scale+0x48>
    1e78:	00aa2023          	sw	a0,0(s4)
    1e7c:	000c0023          	sb	zero,0(s8)
    1e80:	842a                	mv	s0,a0
    1e82:	2b1080ef          	jal	ra,a932 <__lesf2>
    1e86:	00000593          	li	a1,0
    1e8a:	00a05563          	blez	a0,1e94 <_ZN14_MOTOR_CONTROL9hold_loadEffR9MOTOR_PIDRfRhS2_RbS2_S4_.constprop.0.isra.0+0x7e>
    1e8e:	8522                	mv	a0,s0
    1e90:	35e9                	jal	1d5a <_ZL20retract_mag_from_errff.part.0.constprop.0>
    1e92:	85aa                	mv	a1,a0
    1e94:	855e                	mv	a0,s7
    1e96:	335080ef          	jal	ra,a9ca <__mulsf3>
    1e9a:	85aa                	mv	a1,a0
    1e9c:	842a                	mv	s0,a0
    1e9e:	855e                	mv	a0,s7
    1ea0:	32b080ef          	jal	ra,a9ca <__mulsf3>
    1ea4:	00000593          	li	a1,0
    1ea8:	28b080ef          	jal	ra,a932 <__lesf2>
    1eac:	04054463          	bltz	a0,1ef4 <_ZN14_MOTOR_CONTROL9hold_loadEffR9MOTOR_PIDRfRhS2_RbS2_S4_.constprop.0.isra.0+0xde>
    1eb0:	0089a023          	sw	s0,0(s3)
    1eb4:	ab2fe06f          	j	166 <__riscv_restore_10>
    1eb8:	8e81a583          	lw	a1,-1816(gp) # 20000278 <_ZL7g_scale+0xb8>
    1ebc:	854a                	mv	a0,s2
    1ebe:	32e080ef          	jal	ra,a1ec <__addsf3>
    1ec2:	85aa                	mv	a1,a0
    1ec4:	8522                	mv	a0,s0
    1ec6:	1d7080ef          	jal	ra,a89c <__gesf2>
    1eca:	00054663          	bltz	a0,1ed6 <_ZN14_MOTOR_CONTROL9hold_loadEffR9MOTOR_PIDRfRhS2_RbS2_S4_.constprop.0.isra.0+0xc0>
    1ece:	4785                	li	a5,1
    1ed0:	00fb0023          	sb	a5,0(s6)
    1ed4:	bf49                	j	1e66 <_ZN14_MOTOR_CONTROL9hold_loadEffR9MOTOR_PIDRfRhS2_RbS2_S4_.constprop.0.isra.0+0x50>
    1ed6:	000b0023          	sb	zero,0(s6)
    1eda:	00000793          	li	a5,0
    1ede:	00f9a023          	sw	a5,0(s3)
    1ee2:	c4dc                	sw	a5,12(s1)
    1ee4:	c89c                	sw	a5,16(s1)
    1ee6:	000a8023          	sb	zero,0(s5)
    1eea:	00fa2023          	sw	a5,0(s4)
    1eee:	000c0023          	sb	zero,0(s8)
    1ef2:	b7c9                	j	1eb4 <_ZN14_MOTOR_CONTROL9hold_loadEffR9MOTOR_PIDRfRhS2_RbS2_S4_.constprop.0.isra.0+0x9e>
    1ef4:	00000793          	li	a5,0
    1ef8:	00f9a023          	sw	a5,0(s3)
    1efc:	bf65                	j	1eb4 <_ZN14_MOTOR_CONTROL9hold_loadEffR9MOTOR_PIDRfRhS2_RbS2_S4_.constprop.0.isra.0+0x9e>
    1efe:	8ec1a903          	lw	s2,-1812(gp) # 2000027c <_ZL7g_scale+0xbc>
    1f02:	000b0023          	sb	zero,0(s6)
    1f06:	8522                	mv	a0,s0
    1f08:	85ca                	mv	a1,s2
    1f0a:	193080ef          	jal	ra,a89c <__gesf2>
    1f0e:	fc0556e3          	bgez	a0,1eda <_ZN14_MOTOR_CONTROL9hold_loadEffR9MOTOR_PIDRfRhS2_RbS2_S4_.constprop.0.isra.0+0xc4>
    1f12:	8f01a583          	lw	a1,-1808(gp) # 20000280 <_ZL7g_scale+0xc0>
    1f16:	8522                	mv	a0,s0
    1f18:	21b080ef          	jal	ra,a932 <__lesf2>
    1f1c:	04a05863          	blez	a0,1f6c <_ZN14_MOTOR_CONTROL9hold_loadEffR9MOTOR_PIDRfRhS2_RbS2_S4_.constprop.0.isra.0+0x156>
    1f20:	85a2                	mv	a1,s0
    1f22:	854a                	mv	a0,s2
    1f24:	583080ef          	jal	ra,aca6 <__subsf3>
    1f28:	8f41a583          	lw	a1,-1804(gp) # 20000284 <_ZL7g_scale+0xc4>
    1f2c:	29f080ef          	jal	ra,a9ca <__mulsf3>
    1f30:	8f81a583          	lw	a1,-1800(gp) # 20000288 <_ZL7g_scale+0xc8>
    1f34:	2b8080ef          	jal	ra,a1ec <__addsf3>
    1f38:	85aa                	mv	a1,a0
    1f3a:	80000537          	lui	a0,0x80000
    1f3e:	01754533          	xor	a0,a0,s7
    1f42:	289080ef          	jal	ra,a9ca <__mulsf3>
    1f46:	00a9a023          	sw	a0,0(s3)
    1f4a:	00000793          	li	a5,0
    1f4e:	8e41a503          	lw	a0,-1820(gp) # 20000274 <_ZL7g_scale+0xb4>
    1f52:	c4dc                	sw	a5,12(s1)
    1f54:	c89c                	sw	a5,16(s1)
    1f56:	4485                	li	s1,1
    1f58:	009a8023          	sb	s1,0(s5)
    1f5c:	85a2                	mv	a1,s0
    1f5e:	549080ef          	jal	ra,aca6 <__subsf3>
    1f62:	00aa2023          	sw	a0,0(s4)
    1f66:	009c0023          	sb	s1,0(s8)
    1f6a:	b7a9                	j	1eb4 <_ZN14_MOTOR_CONTROL9hold_loadEffR9MOTOR_PIDRfRhS2_RbS2_S4_.constprop.0.isra.0+0x9e>
    1f6c:	8a81a583          	lw	a1,-1880(gp) # 20000238 <_ZL7g_scale+0x78>
    1f70:	b7e9                	j	1f3a <_ZN14_MOTOR_CONTROL9hold_loadEffR9MOTOR_PIDRfRhS2_RbS2_S4_.constprop.0.isra.0+0x124>

00001f72 <_Z19ADC_DMA_gpio_analogv>:
    1f72:	9e4fe2ef          	jal	t0,156 <__riscv_save_0>
    1f76:	40021737          	lui	a4,0x40021
    1f7a:	4f1c                	lw	a5,24(a4)
    1f7c:	1141                	addi	sp,sp,-16
    1f7e:	40011537          	lui	a0,0x40011
    1f82:	0047e793          	ori	a5,a5,4
    1f86:	cf1c                	sw	a5,24(a4)
    1f88:	478d                	li	a5,3
    1f8a:	c43e                	sw	a5,8(sp)
    1f8c:	004c                	addi	a1,sp,4
    1f8e:	0ff00793          	li	a5,255
    1f92:	80050513          	addi	a0,a0,-2048 # 40010800 <__freertos_irq_stack_top+0x2000b800>
    1f96:	827c                	sh	a5,4(sp)
    1f98:	00011323          	sh	zero,6(sp)
    1f9c:	00011623          	sh	zero,12(sp)
    1fa0:	00011723          	sh	zero,14(sp)
    1fa4:	b27ff0ef          	jal	ra,1aca <GPIO_Init>
    1fa8:	0141                	addi	sp,sp,16
    1faa:	9d0fe06f          	j	17a <__riscv_restore_0>

00001fae <_Z32MC_PULL_detect_channels_insertedv>:
    1fae:	aac1c783          	lbu	a5,-1364(gp) # 2000043c <_ZL16g_adc_dma_inited>
    1fb2:	e781                	bnez	a5,1fba <_Z32MC_PULL_detect_channels_insertedv+0xc>
    1fb4:	a801ac23          	sw	zero,-1384(gp) # 20000428 <filament_channel_inserted>
    1fb8:	8082                	ret
    1fba:	974fe2ef          	jal	t0,12e <__riscv_save_10>
    1fbe:	1101                	addi	sp,sp,-32
    1fc0:	3f4d                	jal	1f72 <_Z19ADC_DMA_gpio_analogv>
    1fc2:	400207b7          	lui	a5,0x40020
    1fc6:	473d                	li	a4,15
    1fc8:	c3d8                	sw	a4,4(a5)
    1fca:	0ff0000f          	fence
    1fce:	9b8fe0ef          	jal	ra,186 <_ZL12filter_resetv>
    1fd2:	a38ff0ef          	jal	ra,120a <_Z17ADC_DMA_wait_fullv>
    1fd6:	000207b7          	lui	a5,0x20
    1fda:	40678793          	addi	a5,a5,1030 # 20406 <ch32v20x_wwdg.c.13394d49+0x2548>
    1fde:	c63e                	sw	a5,12(sp)
    1fe0:	00000793          	li	a5,0
    1fe4:	c83e                	sw	a5,16(sp)
    1fe6:	ca3e                	sw	a5,20(sp)
    1fe8:	cc3e                	sw	a5,24(sp)
    1fea:	ce3e                	sw	a5,28(sp)
    1fec:	4441                	li	s0,16
    1fee:	4a91                	li	s5,4
    1ff0:	b9afe0ef          	jal	ra,38a <_Z17ADC_DMA_get_valuev>
    1ff4:	0804                	addi	s1,sp,16
    1ff6:	8a2a                	mv	s4,a0
    1ff8:	89a6                	mv	s3,s1
    1ffa:	4901                	li	s2,0
    1ffc:	007c                	addi	a5,sp,12
    1ffe:	97ca                	add	a5,a5,s2
    2000:	239c                	lbu	a5,0(a5)
    2002:	0009a503          	lw	a0,0(s3)
    2006:	0905                	addi	s2,s2,1
    2008:	078a                	slli	a5,a5,0x2
    200a:	97d2                	add	a5,a5,s4
    200c:	438c                	lw	a1,0(a5)
    200e:	0991                	addi	s3,s3,4
    2010:	1dc080ef          	jal	ra,a1ec <__addsf3>
    2014:	fea9ae23          	sw	a0,-4(s3)
    2018:	ff5912e3          	bne	s2,s5,1ffc <_Z32MC_PULL_detect_channels_insertedv+0x4e>
    201c:	4509                	li	a0,2
    201e:	147d                	addi	s0,s0,-1
    2020:	9b8ff0ef          	jal	ra,11d8 <delay.part.0>
    2024:	f471                	bnez	s0,1ff0 <_Z32MC_PULL_detect_channels_insertedv+0x42>
    2026:	8fc1ab03          	lw	s6,-1796(gp) # 2000028c <_ZL7g_scale+0xcc>
    202a:	9001aa83          	lw	s5,-1792(gp) # 20000290 <_ZL7g_scale+0xd0>
    202e:	9041ab83          	lw	s7,-1788(gp) # 20000294 <_ZL7g_scale+0xd4>
    2032:	a9818913          	addi	s2,gp,-1384 # 20000428 <filament_channel_inserted>
    2036:	4a11                	li	s4,4
    2038:	4088                	lw	a0,0(s1)
    203a:	85da                	mv	a1,s6
    203c:	18f080ef          	jal	ra,a9ca <__mulsf3>
    2040:	85d6                	mv	a1,s5
    2042:	89aa                	mv	s3,a0
    2044:	059080ef          	jal	ra,a89c <__gesf2>
    2048:	02a05163          	blez	a0,206a <_Z32MC_PULL_detect_channels_insertedv+0xbc>
    204c:	85de                	mv	a1,s7
    204e:	854e                	mv	a0,s3
    2050:	0e3080ef          	jal	ra,a932 <__lesf2>
    2054:	817d                	srli	a0,a0,0x1f
    2056:	012407b3          	add	a5,s0,s2
    205a:	a388                	sb	a0,0(a5)
    205c:	0405                	addi	s0,s0,1
    205e:	0491                	addi	s1,s1,4 # 40022004 <__freertos_irq_stack_top+0x2001d004>
    2060:	fd441ce3          	bne	s0,s4,2038 <_Z32MC_PULL_detect_channels_insertedv+0x8a>
    2064:	6105                	addi	sp,sp,32
    2066:	900fe06f          	j	166 <__riscv_restore_10>
    206a:	4501                	li	a0,0
    206c:	b7ed                	j	2056 <_Z32MC_PULL_detect_channels_insertedv+0xa8>

0000206e <_ZL13adc_calibrateP11ADC_TypeDef>:
    206e:	451c                	lw	a5,8(a0)
    2070:	fc000737          	lui	a4,0xfc000
    2074:	177d                	addi	a4,a4,-1 # fbffffff <__freertos_irq_stack_top+0xdbffafff>
    2076:	0017e793          	ori	a5,a5,1
    207a:	c51c                	sw	a5,8(a0)
    207c:	415c                	lw	a5,4(a0)
    207e:	8ff9                	and	a5,a5,a4
    2080:	c15c                	sw	a5,4(a0)
    2082:	451c                	lw	a5,8(a0)
    2084:	0087e793          	ori	a5,a5,8
    2088:	c51c                	sw	a5,8(a0)
    208a:	451c                	lw	a5,8(a0)
    208c:	8ba1                	andi	a5,a5,8
    208e:	fff5                	bnez	a5,208a <_ZL13adc_calibrateP11ADC_TypeDef+0x1c>
    2090:	451c                	lw	a5,8(a0)
    2092:	0047e793          	ori	a5,a5,4
    2096:	c51c                	sw	a5,8(a0)
    2098:	451c                	lw	a5,8(a0)
    209a:	8b91                	andi	a5,a5,4
    209c:	fff5                	bnez	a5,2098 <_ZL13adc_calibrateP11ADC_TypeDef+0x2a>
    209e:	8082                	ret

000020a0 <_Z12ADC_DMA_initv.part.0>:
    20a0:	89cfe2ef          	jal	t0,13c <__riscv_save_4>
    20a4:	400217b7          	lui	a5,0x40021
    20a8:	4f98                	lw	a4,24(a5)
    20aa:	76d1                	lui	a3,0xffff4
    20ac:	16fd                	addi	a3,a3,-1 # ffff3fff <__freertos_irq_stack_top+0xdffeefff>
    20ae:	00476713          	ori	a4,a4,4
    20b2:	cf98                	sw	a4,24(a5)
    20b4:	4bd8                	lw	a4,20(a5)
    20b6:	20002937          	lui	s2,0x20002
    20ba:	4401                	li	s0,0
    20bc:	00176713          	ori	a4,a4,1
    20c0:	cbd8                	sw	a4,20(a5)
    20c2:	4f98                	lw	a4,24(a5)
    20c4:	39890913          	addi	s2,s2,920 # 20002398 <_ZL9g_dma_buf>
    20c8:	20076713          	ori	a4,a4,512
    20cc:	cf98                	sw	a4,24(a5)
    20ce:	4f98                	lw	a4,24(a5)
    20d0:	40076713          	ori	a4,a4,1024
    20d4:	cf98                	sw	a4,24(a5)
    20d6:	43d8                	lw	a4,4(a5)
    20d8:	8f75                	and	a4,a4,a3
    20da:	66b1                	lui	a3,0xc
    20dc:	8f55                	or	a4,a4,a3
    20de:	c3d8                	sw	a4,4(a5)
    20e0:	3d49                	jal	1f72 <_Z19ADC_DMA_gpio_analogv>
    20e2:	56fd                	li	a3,-1
    20e4:	20000713          	li	a4,512
    20e8:	00241793          	slli	a5,s0,0x2
    20ec:	97ca                	add	a5,a5,s2
    20ee:	c394                	sw	a3,0(a5)
    20f0:	0405                	addi	s0,s0,1
    20f2:	fee41be3          	bne	s0,a4,20e8 <_Z12ADC_DMA_initv.part.0+0x48>
    20f6:	890fe0ef          	jal	ra,186 <_ZL12filter_resetv>
    20fa:	400207b7          	lui	a5,0x40020
    20fe:	4790                	lw	a2,8(a5)
    2100:	6741                	lui	a4,0x10
    2102:	1779                	addi	a4,a4,-2 # fffe <MC_PULL_calibration.cpp.947435e8+0x68d>
    2104:	8e79                	and	a2,a2,a4
    2106:	c790                	sw	a2,8(a5)
    2108:	0007a423          	sw	zero,8(a5) # 40020008 <__freertos_irq_stack_top+0x2001b008>
    210c:	0007a623          	sw	zero,12(a5)
    2110:	0007a823          	sw	zero,16(a5)
    2114:	0007aa23          	sw	zero,20(a5)
    2118:	43d0                	lw	a2,4(a5)
    211a:	46bd                	li	a3,15
    211c:	e0f10537          	lui	a0,0xe0f10
    2120:	00f66613          	ori	a2,a2,15
    2124:	c3d0                	sw	a2,4(a5)
    2126:	4790                	lw	a2,8(a5)
    2128:	eff50513          	addi	a0,a0,-257 # e0f0feff <__freertos_irq_stack_top+0xc0f0aeff>
    212c:	fff1f5b7          	lui	a1,0xfff1f
    2130:	8f71                	and	a4,a4,a2
    2132:	c798                	sw	a4,8(a5)
    2134:	4798                	lw	a4,8(a5)
    2136:	7661                	lui	a2,0xffff8
    2138:	063d                	addi	a2,a2,15 # ffff800f <__freertos_irq_stack_top+0xdfff300f>
    213a:	8f71                	and	a4,a4,a2
    213c:	660d                	lui	a2,0x3
    213e:	aa060613          	addi	a2,a2,-1376 # 2aa0 <_ZL16motor_motion_runiym+0x5c6>
    2142:	8f51                	or	a4,a4,a2
    2144:	c798                	sw	a4,8(a5)
    2146:	40012737          	lui	a4,0x40012
    214a:	c7c0                	sw	s0,12(a5)
    214c:	44c70613          	addi	a2,a4,1100 # 4001244c <__freertos_irq_stack_top+0x2000d44c>
    2150:	cb90                	sw	a2,16(a5)
    2152:	0127aa23          	sw	s2,20(a5)
    2156:	c7c0                	sw	s0,12(a5)
    2158:	c3d4                	sw	a3,4(a5)
    215a:	4794                	lw	a3,8(a5)
    215c:	7fd58593          	addi	a1,a1,2045 # fff1f7fd <__freertos_irq_stack_top+0xdff1a7fd>
    2160:	000e0637          	lui	a2,0xe0
    2164:	9ac5                	andi	a3,a3,-15
    2166:	c794                	sw	a3,8(a5)
    2168:	400217b7          	lui	a5,0x40021
    216c:	47d4                	lw	a3,12(a5)
    216e:	0609                	addi	a2,a2,2 # e0002 <ch32v20x_wwdg.c.13394d49+0xc2144>
    2170:	00700837          	lui	a6,0x700
    2174:	2006e693          	ori	a3,a3,512
    2178:	c7d4                	sw	a3,12(a5)
    217a:	47d4                	lw	a3,12(a5)
    217c:	40012f37          	lui	t5,0x40012
    2180:	4f8d                	li	t6,3
    2182:	dff6f693          	andi	a3,a3,-513
    2186:	c7d4                	sw	a3,12(a5)
    2188:	47d4                	lw	a3,12(a5)
    218a:	489d                	li	a7,7
    218c:	4319                	li	t1,6
    218e:	4006e693          	ori	a3,a3,1024
    2192:	c7d4                	sw	a3,12(a5)
    2194:	47d4                	lw	a3,12(a5)
    2196:	4e7d                	li	t3,31
    2198:	40013eb7          	lui	t4,0x40013
    219c:	bff6f693          	andi	a3,a3,-1025
    21a0:	c7d4                	sw	a3,12(a5)
    21a2:	40070793          	addi	a5,a4,1024
    21a6:	43d8                	lw	a4,4(a5)
    21a8:	000606b7          	lui	a3,0x60
    21ac:	10068693          	addi	a3,a3,256 # 60100 <ch32v20x_wwdg.c.13394d49+0x42242>
    21b0:	8f69                	and	a4,a4,a0
    21b2:	8f55                	or	a4,a4,a3
    21b4:	c3d8                	sw	a4,4(a5)
    21b6:	4798                	lw	a4,8(a5)
    21b8:	ff1006b7          	lui	a3,0xff100
    21bc:	16fd                	addi	a3,a3,-1 # ff0fffff <__freertos_irq_stack_top+0xdf0fafff>
    21be:	8f6d                	and	a4,a4,a1
    21c0:	8f51                	or	a4,a4,a2
    21c2:	c798                	sw	a4,8(a5)
    21c4:	57d8                	lw	a4,44(a5)
    21c6:	8f75                	and	a4,a4,a3
    21c8:	01076733          	or	a4,a4,a6
    21cc:	d7d8                	sw	a4,44(a5)
    21ce:	400137b7          	lui	a5,0x40013
    21d2:	80078793          	addi	a5,a5,-2048 # 40012800 <__freertos_irq_stack_top+0x2000d800>
    21d6:	43d8                	lw	a4,4(a5)
    21d8:	8f69                	and	a4,a4,a0
    21da:	10076713          	ori	a4,a4,256
    21de:	c3d8                	sw	a4,4(a5)
    21e0:	4798                	lw	a4,8(a5)
    21e2:	8f6d                	and	a4,a4,a1
    21e4:	8f51                	or	a4,a4,a2
    21e6:	c798                	sw	a4,8(a5)
    21e8:	57d8                	lw	a4,44(a5)
    21ea:	8f75                	and	a4,a4,a3
    21ec:	01076733          	or	a4,a4,a6
    21f0:	d7d8                	sw	a4,44(a5)
    21f2:	4701                	li	a4,0
    21f4:	4781                	li	a5,0
    21f6:	03f785b3          	mul	a1,a5,t6
    21fa:	400f0413          	addi	s0,t5,1024 # 40012400 <__freertos_irq_stack_top+0x2000d400>
    21fe:	4814                	lw	a3,16(s0)
    2200:	00178293          	addi	t0,a5,1
    2204:	00b89833          	sll	a6,a7,a1
    2208:	fff84813          	not	a6,a6
    220c:	0106f6b3          	and	a3,a3,a6
    2210:	00b315b3          	sll	a1,t1,a1
    2214:	8ecd                	or	a3,a3,a1
    2216:	c814                	sw	a3,16(s0)
    2218:	0ff2f693          	zext.b	a3,t0
    221c:	02d36a63          	bltu	t1,a3,2250 <_Z12ADC_DMA_initv.part.0+0x1b0>
    2220:	5850                	lw	a2,52(s0)
    2222:	00ee16b3          	sll	a3,t3,a4
    2226:	fff6c693          	not	a3,a3
    222a:	00e797b3          	sll	a5,a5,a4
    222e:	8e75                	and	a2,a2,a3
    2230:	8e5d                	or	a2,a2,a5
    2232:	d850                	sw	a2,52(s0)
    2234:	800e8513          	addi	a0,t4,-2048 # 40012800 <__freertos_irq_stack_top+0x2000d800>
    2238:	4910                	lw	a2,16(a0)
    223a:	0715                	addi	a4,a4,5
    223c:	01067633          	and	a2,a2,a6
    2240:	8e4d                	or	a2,a2,a1
    2242:	c910                	sw	a2,16(a0)
    2244:	5950                	lw	a2,52(a0)
    2246:	8ef1                	and	a3,a3,a2
    2248:	8fd5                	or	a5,a5,a3
    224a:	d95c                	sw	a5,52(a0)
    224c:	8796                	mv	a5,t0
    224e:	b765                	j	21f6 <_Z12ADC_DMA_initv.part.0+0x156>
    2250:	5808                	lw	a0,48(s0)
    2252:	fe270693          	addi	a3,a4,-30
    2256:	00de1633          	sll	a2,t3,a3
    225a:	fff64613          	not	a2,a2
    225e:	8d71                	and	a0,a0,a2
    2260:	00d796b3          	sll	a3,a5,a3
    2264:	8d55                	or	a0,a0,a3
    2266:	d808                	sw	a0,48(s0)
    2268:	800e8493          	addi	s1,t4,-2048
    226c:	4888                	lw	a0,16(s1)
    226e:	01057533          	and	a0,a0,a6
    2272:	8dc9                	or	a1,a1,a0
    2274:	c88c                	sw	a1,16(s1)
    2276:	588c                	lw	a1,48(s1)
    2278:	8e6d                	and	a2,a2,a1
    227a:	8ed1                	or	a3,a3,a2
    227c:	d894                	sw	a3,48(s1)
    227e:	01178563          	beq	a5,a7,2288 <_Z12ADC_DMA_initv.part.0+0x1e8>
    2282:	0715                	addi	a4,a4,5
    2284:	479d                	li	a5,7
    2286:	bf85                	j	21f6 <_Z12ADC_DMA_initv.part.0+0x156>
    2288:	8522                	mv	a0,s0
    228a:	33d5                	jal	206e <_ZL13adc_calibrateP11ADC_TypeDef>
    228c:	8526                	mv	a0,s1
    228e:	33c5                	jal	206e <_ZL13adc_calibrateP11ADC_TypeDef>
    2290:	441c                	lw	a5,8(s0)
    2292:	40020737          	lui	a4,0x40020
    2296:	1007e793          	ori	a5,a5,256
    229a:	c41c                	sw	a5,8(s0)
    229c:	471c                	lw	a5,8(a4)
    229e:	0017e793          	ori	a5,a5,1
    22a2:	c71c                	sw	a5,8(a4)
    22a4:	449c                	lw	a5,8(s1)
    22a6:	00500737          	lui	a4,0x500
    22aa:	8fd9                	or	a5,a5,a4
    22ac:	c49c                	sw	a5,8(s1)
    22ae:	441c                	lw	a5,8(s0)
    22b0:	8fd9                	or	a5,a5,a4
    22b2:	c41c                	sw	a5,8(s0)
    22b4:	e000f7b7          	lui	a5,0xe000f
    22b8:	4784                	lw	s1,8(a5)
    22ba:	82c1a403          	lw	s0,-2004(gp) # 200001bc <time_hw_tpms>
    22be:	c809                	beqz	s0,22d0 <_Z12ADC_DMA_initv.part.0+0x230>
    22c0:	15e00793          	li	a5,350
    22c4:	02f43733          	mulhu	a4,s0,a5
    22c8:	02f40433          	mul	s0,s0,a5
    22cc:	c311                	beqz	a4,22d0 <_Z12ADC_DMA_initv.part.0+0x230>
    22ce:	547d                	li	s0,-1
    22d0:	e000f9b7          	lui	s3,0xe000f
    22d4:	40020a37          	lui	s4,0x40020
    22d8:	5afd                	li	s5,-1
    22da:	0089a783          	lw	a5,8(s3) # e000f008 <__freertos_irq_stack_top+0xc000a008>
    22de:	8f85                	sub	a5,a5,s1
    22e0:	0287ec63          	bltu	a5,s0,2318 <_Z12ADC_DMA_initv.part.0+0x278>
    22e4:	40020737          	lui	a4,0x40020
    22e8:	431c                	lw	a5,0(a4)
    22ea:	00092583          	lw	a1,0(s2)
    22ee:	567d                	li	a2,-1
    22f0:	00c59463          	bne	a1,a2,22f8 <_Z12ADC_DMA_initv.part.0+0x258>
    22f4:	8b99                	andi	a5,a5,6
    22f6:	cf8d                	beqz	a5,2330 <_Z12ADC_DMA_initv.part.0+0x290>
    22f8:	4785                	li	a5,1
    22fa:	aaf18623          	sb	a5,-1364(gp) # 2000043c <_ZL16g_adc_dma_inited>
    22fe:	473d                	li	a4,15
    2300:	400207b7          	lui	a5,0x40020
    2304:	c3d8                	sw	a4,4(a5)
    2306:	c3d8                	sw	a4,4(a5)
    2308:	0ff0000f          	fence
    230c:	e7bfd0ef          	jal	ra,186 <_ZL12filter_resetv>
    2310:	efbfe0ef          	jal	ra,120a <_Z17ADC_DMA_wait_fullv>
    2314:	e5dfd06f          	j	170 <__riscv_restore_4>
    2318:	000a2783          	lw	a5,0(s4) # 40020000 <__freertos_irq_stack_top+0x2001b000>
    231c:	8bb9                	andi	a5,a5,14
    231e:	f3f9                	bnez	a5,22e4 <_Z12ADC_DMA_initv.part.0+0x244>
    2320:	00092783          	lw	a5,0(s2)
    2324:	fd5790e3          	bne	a5,s5,22e4 <_Z12ADC_DMA_initv.part.0+0x244>
    2328:	4505                	li	a0,1
    232a:	eaffe0ef          	jal	ra,11d8 <delay.part.0>
    232e:	b775                	j	22da <_Z12ADC_DMA_initv.part.0+0x23a>
    2330:	aa018623          	sb	zero,-1364(gp) # 2000043c <_ZL16g_adc_dma_inited>
    2334:	47bd                	li	a5,15
    2336:	c35c                	sw	a5,4(a4)
    2338:	bff1                	j	2314 <_Z12ADC_DMA_initv.part.0+0x274>

0000233a <_ZN12WS2812_class4initEhP12GPIO_TypeDeft>:
    233a:	e1dfd2ef          	jal	t0,156 <__riscv_save_0>
    233e:	9dc1a783          	lw	a5,-1572(gp) # 2000036c <_ZL18g_ws2812_rst_ticks>
    2342:	842a                	mv	s0,a0
    2344:	02040623          	sb	zero,44(s0)
    2348:	1101                	addi	sp,sp,-32
    234a:	8532                	mv	a0,a2
    234c:	eb91                	bnez	a5,2360 <_ZN12WS2812_class4initEhP12GPIO_TypeDeft+0x26>
    234e:	81c1a603          	lw	a2,-2020(gp) # 200001ac <time_hw_tpus>
    2352:	06400793          	li	a5,100
    2356:	02c787b3          	mul	a5,a5,a2
    235a:	cbb5                	beqz	a5,23ce <_ZN12WS2812_class4initEhP12GPIO_TypeDeft+0x94>
    235c:	9cf1ae23          	sw	a5,-1572(gp) # 2000036c <_ZL18g_ws2812_rst_ticks>
    2360:	400117b7          	lui	a5,0x40011
    2364:	a06c                	sb	a1,6(s0)
    2366:	c008                	sw	a0,0(s0)
    2368:	a056                	sh	a3,4(s0)
    236a:	80078713          	addi	a4,a5,-2048 # 40010800 <__freertos_irq_stack_top+0x2000b800>
    236e:	06e51263          	bne	a0,a4,23d2 <_ZN12WS2812_class4initEhP12GPIO_TypeDeft+0x98>
    2372:	40021737          	lui	a4,0x40021
    2376:	4f1c                	lw	a5,24(a4)
    2378:	0047e793          	ori	a5,a5,4
    237c:	cf1c                	sw	a5,24(a4)
    237e:	478d                	li	a5,3
    2380:	cc3e                	sw	a5,24(sp)
    2382:	084c                	addi	a1,sp,20
    2384:	47c1                	li	a5,16
    2386:	82f4                	sh	a3,20(sp)
    2388:	ce3e                	sw	a5,28(sp)
    238a:	00011b23          	sh	zero,22(sp)
    238e:	f3cff0ef          	jal	ra,1aca <GPIO_Init>
    2392:	401c                	lw	a5,0(s0)
    2394:	205a                	lhu	a4,4(s0)
    2396:	4581                	li	a1,0
    2398:	00840513          	addi	a0,s0,8
    239c:	cbd8                	sw	a4,20(a5)
    239e:	2064                	lbu	s1,6(s0)
    23a0:	00249613          	slli	a2,s1,0x2
    23a4:	c632                	sw	a2,12(sp)
    23a6:	d71fd0ef          	jal	ra,116 <memset>
    23aa:	4632                	lw	a2,12(sp)
    23ac:	4581                	li	a1,0
    23ae:	01840513          	addi	a0,s0,24
    23b2:	d65fd0ef          	jal	ra,116 <memset>
    23b6:	8626                	mv	a2,s1
    23b8:	4581                	li	a1,0
    23ba:	02840513          	addi	a0,s0,40
    23be:	d59fd0ef          	jal	ra,116 <memset>
    23c2:	4785                	li	a5,1
    23c4:	02f40623          	sb	a5,44(s0)
    23c8:	6105                	addi	sp,sp,32
    23ca:	db1fd06f          	j	17a <__riscv_restore_0>
    23ce:	4785                	li	a5,1
    23d0:	b771                	j	235c <_ZN12WS2812_class4initEhP12GPIO_TypeDeft+0x22>
    23d2:	c0078713          	addi	a4,a5,-1024
    23d6:	00e51863          	bne	a0,a4,23e6 <_ZN12WS2812_class4initEhP12GPIO_TypeDeft+0xac>
    23da:	40021737          	lui	a4,0x40021
    23de:	4f1c                	lw	a5,24(a4)
    23e0:	0087e793          	ori	a5,a5,8
    23e4:	bf61                	j	237c <_ZN12WS2812_class4initEhP12GPIO_TypeDeft+0x42>
    23e6:	00f51863          	bne	a0,a5,23f6 <_ZN12WS2812_class4initEhP12GPIO_TypeDeft+0xbc>
    23ea:	40021737          	lui	a4,0x40021
    23ee:	4f1c                	lw	a5,24(a4)
    23f0:	0107e793          	ori	a5,a5,16
    23f4:	b761                	j	237c <_ZN12WS2812_class4initEhP12GPIO_TypeDeft+0x42>
    23f6:	40078793          	addi	a5,a5,1024
    23fa:	f8f512e3          	bne	a0,a5,237e <_ZN12WS2812_class4initEhP12GPIO_TypeDeft+0x44>
    23fe:	40021737          	lui	a4,0x40021
    2402:	4f1c                	lw	a5,24(a4)
    2404:	0207e793          	ori	a5,a5,32
    2408:	bf95                	j	237c <_ZN12WS2812_class4initEhP12GPIO_TypeDeft+0x42>

0000240a <_ZN20AS5600_soft_IIC_many17enable_gpio_clockEP12GPIO_TypeDef.constprop.0>:
    240a:	400117b7          	lui	a5,0x40011
    240e:	80078713          	addi	a4,a5,-2048 # 40010800 <__freertos_irq_stack_top+0x2000b800>
    2412:	00e51963          	bne	a0,a4,2424 <_ZN20AS5600_soft_IIC_many17enable_gpio_clockEP12GPIO_TypeDef.constprop.0+0x1a>
    2416:	40021737          	lui	a4,0x40021
    241a:	4f1c                	lw	a5,24(a4)
    241c:	0047e793          	ori	a5,a5,4
    2420:	cf1c                	sw	a5,24(a4)
    2422:	8082                	ret
    2424:	c0078713          	addi	a4,a5,-1024
    2428:	00e51863          	bne	a0,a4,2438 <_ZN20AS5600_soft_IIC_many17enable_gpio_clockEP12GPIO_TypeDef.constprop.0+0x2e>
    242c:	40021737          	lui	a4,0x40021
    2430:	4f1c                	lw	a5,24(a4)
    2432:	0087e793          	ori	a5,a5,8
    2436:	b7ed                	j	2420 <_ZN20AS5600_soft_IIC_many17enable_gpio_clockEP12GPIO_TypeDef.constprop.0+0x16>
    2438:	00f51863          	bne	a0,a5,2448 <_ZN20AS5600_soft_IIC_many17enable_gpio_clockEP12GPIO_TypeDef.constprop.0+0x3e>
    243c:	40021737          	lui	a4,0x40021
    2440:	4f1c                	lw	a5,24(a4)
    2442:	0107e793          	ori	a5,a5,16
    2446:	bfe9                	j	2420 <_ZN20AS5600_soft_IIC_many17enable_gpio_clockEP12GPIO_TypeDef.constprop.0+0x16>
    2448:	40078793          	addi	a5,a5,1024
    244c:	fcf51be3          	bne	a0,a5,2422 <_ZN20AS5600_soft_IIC_many17enable_gpio_clockEP12GPIO_TypeDef.constprop.0+0x18>
    2450:	40021737          	lui	a4,0x40021
    2454:	4f1c                	lw	a5,24(a4)
    2456:	0207e793          	ori	a5,a5,32
    245a:	b7d9                	j	2420 <_ZN20AS5600_soft_IIC_many17enable_gpio_clockEP12GPIO_TypeDef.constprop.0+0x16>

0000245c <_ZN12WS2812_class14set_RGB_onlineEhhhhb.constprop.0>:
    245c:	217c                	lbu	a5,6(a0)
    245e:	4705                	li	a4,1
    2460:	00f77f63          	bgeu	a4,a5,247e <_ZN12WS2812_class14set_RGB_onlineEhhhhb.constprop.0+0x22>
    2464:	01061793          	slli	a5,a2,0x10
    2468:	8fd5                	or	a5,a5,a3
    246a:	4554                	lw	a3,12(a0)
    246c:	05a2                	slli	a1,a1,0x8
    246e:	020504a3          	sb	zero,41(a0)
    2472:	8fcd                	or	a5,a5,a1
    2474:	00d78563          	beq	a5,a3,247e <_ZN12WS2812_class14set_RGB_onlineEhhhhb.constprop.0+0x22>
    2478:	c55c                	sw	a5,12(a0)
    247a:	02e50623          	sb	a4,44(a0)
    247e:	8082                	ret

00002480 <_ZL14show_diag_stephhhii>:
    2480:	caffd2ef          	jal	t0,12e <__riscv_save_10>
    2484:	20002437          	lui	s0,0x20002
    2488:	25840493          	addi	s1,s0,600 # 20002258 <RGBOUT>
    248c:	8a2a                	mv	s4,a0
    248e:	8aae                	mv	s5,a1
    2490:	8b32                	mv	s6,a2
    2492:	89b6                	mv	s3,a3
    2494:	893a                	mv	s2,a4
    2496:	0c048b93          	addi	s7,s1,192
    249a:	25840413          	addi	s0,s0,600
    249e:	8522                	mv	a0,s0
    24a0:	86da                	mv	a3,s6
    24a2:	8656                	mv	a2,s5
    24a4:	85d2                	mv	a1,s4
    24a6:	03040413          	addi	s0,s0,48
    24aa:	3f4d                	jal	245c <_ZN12WS2812_class14set_RGB_onlineEhhhhb.constprop.0>
    24ac:	ff7419e3          	bne	s0,s7,249e <_ZL14show_diag_stephhhii+0x1e>
    24b0:	bdcff0ef          	jal	ra,188c <_Z10RGB_updatev>
    24b4:	854e                	mv	a0,s3
    24b6:	d4ffe0ef          	jal	ra,1204 <delay>
    24ba:	8526                	mv	a0,s1
    24bc:	4681                	li	a3,0
    24be:	4601                	li	a2,0
    24c0:	4581                	li	a1,0
    24c2:	03048493          	addi	s1,s1,48
    24c6:	3f59                	jal	245c <_ZN12WS2812_class14set_RGB_onlineEhhhhb.constprop.0>
    24c8:	ff7499e3          	bne	s1,s7,24ba <_ZL14show_diag_stephhhii+0x3a>
    24cc:	bc0ff0ef          	jal	ra,188c <_Z10RGB_updatev>
    24d0:	854a                	mv	a0,s2
    24d2:	d33fe0ef          	jal	ra,1204 <delay>
    24d6:	c91fd06f          	j	166 <__riscv_restore_10>

000024da <_ZL16motor_motion_runiym>:
    24da:	c4dfd2ef          	jal	t0,126 <__riscv_save_12>
    24de:	200024b7          	lui	s1,0x20002
    24e2:	7171                	addi	sp,sp,-176
    24e4:	200023b7          	lui	t2,0x20002
    24e8:	cb048893          	addi	a7,s1,-848 # 20001cb0 <_ZL13dm_auto_t0_ms>
    24ec:	cb048493          	addi	s1,s1,-848
    24f0:	200022b7          	lui	t0,0x20002
    24f4:	81818093          	addi	ra,gp,-2024 # 200001a8 <_ZL9dm_loaded>
    24f8:	d226                	sw	s1,36(sp)
    24fa:	ca038493          	addi	s1,t2,-864 # 20001ca0 <_ZL16dm_auto_remain_m>
    24fe:	de86                	sw	ra,124(sp)
    2500:	dc26                	sw	s1,56(sp)
    2502:	a8818093          	addi	ra,gp,-1400 # 20000418 <_ZL13dm_fail_latch>
    2506:	c9028493          	addi	s1,t0,-880 # 20001c90 <_ZL14dm_auto_last_m>
    250a:	a5018f13          	addi	t5,gp,-1456 # 200003e0 <_ZL16dm_autoload_gate>
    250e:	dc86                	sw	ra,120(sp)
    2510:	d8a6                	sw	s1,112(sp)
    2512:	a5818093          	addi	ra,gp,-1448 # 200003e8 <_ZL13dm_auto_state>
    2516:	a5018493          	addi	s1,gp,-1456 # 200003e0 <_ZL16dm_autoload_gate>
    251a:	20002737          	lui	a4,0x20002
    251e:	ca038813          	addi	a6,t2,-864
    2522:	200027b7          	lui	a5,0x20002
    2526:	d406                	sw	ra,40(sp)
    2528:	c926                	sw	s1,144(sp)
    252a:	a5418093          	addi	ra,gp,-1452 # 200003e4 <_ZL11dm_auto_try>
    252e:	a9818493          	addi	s1,gp,-1384 # 20000428 <filament_channel_inserted>
    2532:	842a                	mv	s0,a0
    2534:	ce2e                	sw	a1,28(sp)
    2536:	d032                	sw	a2,32(sp)
    2538:	a5418313          	addi	t1,gp,-1452 # 200003e4 <_ZL11dm_auto_try>
    253c:	c6070d93          	addi	s11,a4,-928 # 20001c60 <_ZL21filament_now_position>
    2540:	d6a6                	sw	s1,108(sp)
    2542:	81818613          	addi	a2,gp,-2024 # 200001a8 <_ZL9dm_loaded>
    2546:	a8818f93          	addi	t6,gp,-1400 # 20000418 <_ZL13dm_fail_latch>
    254a:	a5818e13          	addi	t3,gp,-1448 # 200003e8 <_ZL13dm_auto_state>
    254e:	c9028513          	addi	a0,t0,-880
    2552:	c7078793          	addi	a5,a5,-912 # 20001c70 <_ZL20dm_loaded_drop_t0_ms>
    2556:	c6070713          	addi	a4,a4,-928
    255a:	4581                	li	a1,0
    255c:	de06                	sw	ra,60(sp)
    255e:	a8c18393          	addi	t2,gp,-1396 # 2000041c <_ZL17MC_ONLINE_key_stu>
    2562:	4905                	li	s2,1
    2564:	4491                	li	s1,4
    2566:	5eb6                	lw	t4,108(sp)
    2568:	9eae                	add	t4,t4,a1
    256a:	000ece83          	lbu	t4,0(t4)
    256e:	300e9163          	bnez	t4,2870 <_ZL16motor_motion_runiym+0x396>
    2572:	4981                	li	s3,0
    2574:	4a01                	li	s4,0
    2576:	00000e93          	li	t4,0
    257a:	01260023          	sb	s2,0(a2)
    257e:	000f8023          	sb	zero,0(t6)
    2582:	000e0023          	sb	zero,0(t3)
    2586:	00030023          	sb	zero,0(t1)
    258a:	0138a023          	sw	s3,0(a7)
    258e:	0148a223          	sw	s4,4(a7)
    2592:	01d82023          	sw	t4,0(a6) # 700000 <ch32v20x_wwdg.c.13394d49+0x6e2142>
    2596:	01d52023          	sw	t4,0(a0)
    259a:	0137a023          	sw	s3,0(a5)
    259e:	0147a223          	sw	s4,4(a5)
    25a2:	000f0023          	sb	zero,0(t5)
    25a6:	0585                	addi	a1,a1,1
    25a8:	0605                	addi	a2,a2,1
    25aa:	0f85                	addi	t6,t6,1
    25ac:	0e05                	addi	t3,t3,1
    25ae:	0305                	addi	t1,t1,1
    25b0:	08a1                	addi	a7,a7,8
    25b2:	0811                	addi	a6,a6,4
    25b4:	0511                	addi	a0,a0,4
    25b6:	07a1                	addi	a5,a5,8
    25b8:	0f05                	addi	t5,t5,1
    25ba:	0711                	addi	a4,a4,4
    25bc:	fa9595e3          	bne	a1,s1,2566 <_ZL16motor_motion_runiym+0x8c>
    25c0:	a4c1c603          	lbu	a2,-1460(gp) # 200003dc <_ZZL16motor_motion_runiymE15have_last_ticks>
    25c4:	36061963          	bnez	a2,2936 <_ZL16motor_motion_runiym+0x45c>
    25c8:	4605                	li	a2,1
    25ca:	a4c18623          	sb	a2,-1460(gp) # 200003dc <_ZZL16motor_motion_runiymE15have_last_ticks>
    25ce:	a4d1a423          	sw	a3,-1464(gp) # 200003d8 <_ZZL16motor_motion_runiymE10last_ticks>
    25d2:	00000793          	li	a5,0
    25d6:	d482                	sw	zero,104(sp)
    25d8:	c0be                	sw	a5,64(sp)
    25da:	20002637          	lui	a2,0x20002
    25de:	25860793          	addi	a5,a2,600 # 20002258 <RGBOUT>
    25e2:	25860613          	addi	a2,a2,600
    25e6:	da32                	sw	a2,52(sp)
    25e8:	a8018613          	addi	a2,gp,-1408 # 20000410 <_ZL18g_on_use_low_latch>
    25ec:	d83e                	sw	a5,48(sp)
    25ee:	a8c18693          	addi	a3,gp,-1396 # 2000041c <_ZL17MC_ONLINE_key_stu>
    25f2:	4701                	li	a4,0
    25f4:	a8c18d13          	addi	s10,gp,-1396 # 2000041c <_ZL17MC_ONLINE_key_stu>
    25f8:	d2b2                	sw	a2,100(sp)
    25fa:	4805                	li	a6,1
    25fc:	4511                	li	a0,4
    25fe:	5596                	lw	a1,100(sp)
    2600:	23f0                	lbu	a2,6(a5)
    2602:	95ba                	add	a1,a1,a4
    2604:	218c                	lbu	a1,0(a1)
    2606:	38058163          	beqz	a1,2988 <_ZL16motor_motion_runiym+0x4ae>
    260a:	ca19                	beqz	a2,2620 <_ZL16motor_motion_runiym+0x146>
    260c:	478c                	lw	a1,8(a5)
    260e:	6641                	lui	a2,0x10
    2610:	f0060613          	addi	a2,a2,-256 # ff00 <MC_PULL_calibration.cpp.947435e8+0x58f>
    2614:	00c58663          	beq	a1,a2,2620 <_ZL16motor_motion_runiym+0x146>
    2618:	c790                	sw	a2,8(a5)
    261a:	4605                	li	a2,1
    261c:	02c78623          	sb	a2,44(a5)
    2620:	0705                	addi	a4,a4,1
    2622:	03078793          	addi	a5,a5,48
    2626:	0685                	addi	a3,a3,1
    2628:	fca71be3          	bne	a4,a0,25fe <_ZL16motor_motion_runiym+0x124>
    262c:	20002937          	lui	s2,0x20002
    2630:	a0090c13          	addi	s8,s2,-1536 # 20001a00 <MOTOR_CONTROL>
    2634:	62041fe3          	bnez	s0,3472 <_ZL16motor_motion_runiym+0xf98>
    2638:	4572                	lw	a0,28(sp)
    263a:	5582                	lw	a1,32(sp)
    263c:	3e800613          	li	a2,1000
    2640:	4681                	li	a3,0
    2642:	36f060ef          	jal	ra,91b0 <__udivdi3>
    2646:	20002ab7          	lui	s5,0x20002
    264a:	200029b7          	lui	s3,0x20002
    264e:	990a8713          	addi	a4,s5,-1648 # 20001990 <_ZL15g_pull_remain_m>
    2652:	20002a37          	lui	s4,0x20002
    2656:	c33a                	sw	a4,132(sp)
    2658:	dd898713          	addi	a4,s3,-552 # 20001dd8 <ams>
    265c:	caba                	sw	a4,84(sp)
    265e:	930a0713          	addi	a4,s4,-1744 # 20001930 <_ZL23g_dm_pb_front_absent_ms>
    2662:	c53a                	sw	a4,136(sp)
    2664:	20002737          	lui	a4,0x20002
    2668:	95070713          	addi	a4,a4,-1712 # 20001950 <_ZL25filament_pull_back_meters>
    266c:	c73a                	sw	a4,140(sp)
    266e:	20002737          	lui	a4,0x20002
    2672:	8f070713          	addi	a4,a4,-1808 # 200018f0 <_ZL15g_pull_start_ms>
    2676:	cb3a                	sw	a4,148(sp)
    2678:	9441a703          	lw	a4,-1724(gp) # 200002d4 <_ZL7g_scale+0x114>
    267c:	00157793          	andi	a5,a0,1
    2680:	c8be                	sw	a5,80(sp)
    2682:	cd3a                	sw	a4,152(sp)
    2684:	8781a703          	lw	a4,-1928(gp) # 20000208 <_ZL7g_scale+0x48>
    2688:	dd898793          	addi	a5,s3,-552
    268c:	5b42                	lw	s6,48(sp)
    268e:	c6be                	sw	a5,76(sp)
    2690:	a0090793          	addi	a5,s2,-1536
    2694:	d63e                	sw	a5,44(sp)
    2696:	990a8b93          	addi	s7,s5,-1648
    269a:	dd898c93          	addi	s9,s3,-552
    269e:	930a0493          	addi	s1,s4,-1744
    26a2:	c2ee                	sw	s11,68(sp)
    26a4:	4781                	li	a5,0
    26a6:	cf3a                	sw	a4,156(sp)
    26a8:	4716                	lw	a4,68(sp)
    26aa:	4691                	li	a3,4
    26ac:	4318                	lw	a4,0(a4)
    26ae:	32d70263          	beq	a4,a3,29d2 <_ZL16motor_motion_runiym+0x4f8>
    26b2:	4695                	li	a3,5
    26b4:	52d70963          	beq	a4,a3,2be6 <_ZL16motor_motion_runiym+0x70c>
    26b8:	4716                	lw	a4,68(sp)
    26ba:	0405                	addi	s0,s0,1
    26bc:	0b91                	addi	s7,s7,4
    26be:	0711                	addi	a4,a4,4
    26c0:	c2ba                	sw	a4,68(sp)
    26c2:	5732                	lw	a4,44(sp)
    26c4:	030b0b13          	addi	s6,s6,48
    26c8:	04a1                	addi	s1,s1,8
    26ca:	09870713          	addi	a4,a4,152
    26ce:	d63a                	sw	a4,44(sp)
    26d0:	4736                	lw	a4,76(sp)
    26d2:	04070713          	addi	a4,a4,64
    26d6:	c6ba                	sw	a4,76(sp)
    26d8:	4711                	li	a4,4
    26da:	fce417e3          	bne	s0,a4,26a8 <_ZL16motor_motion_runiym+0x1ce>
    26de:	ebcd                	bnez	a5,2790 <_ZL16motor_motion_runiym+0x2b6>
    26e0:	47d6                	lw	a5,84(sp)
    26e2:	d602                	sw	zero,44(sp)
    26e4:	1047c883          	lbu	a7,260(a5)
    26e8:	478d                	li	a5,3
    26ea:	0117e963          	bltu	a5,a7,26fc <_ZL16motor_motion_runiym+0x222>
    26ee:	4756                	lw	a4,84(sp)
    26f0:	00689793          	slli	a5,a7,0x6
    26f4:	97ba                	add	a5,a5,a4
    26f6:	0357c783          	lbu	a5,53(a5)
    26fa:	d63e                	sw	a5,44(sp)
    26fc:	5816                	lw	a6,100(sp)
    26fe:	5942                	lw	s2,48(sp)
    2700:	200029b7          	lui	s3,0x20002
    2704:	20002ab7          	lui	s5,0x20002
    2708:	92098993          	addi	s3,s3,-1760 # 20001920 <_ZL21before_pb_retracted_m>
    270c:	a2c18a13          	addi	s4,gp,-1492 # 200003bc <_ZL14before_pb_sign>
    2710:	910a8a93          	addi	s5,s5,-1776 # 20001910 <_ZL16before_pb_last_m>
    2714:	a7c18b13          	addi	s6,gp,-1412 # 2000040c <_ZL18g_on_use_jam_latch>
    2718:	4401                	li	s0,0
    271a:	09800793          	li	a5,152
    271e:	02f404b3          	mul	s1,s0,a5
    2722:	0ff47793          	zext.b	a5,s0
    2726:	94e2                	add	s1,s1,s8
    2728:	52f88e63          	beq	a7,a5,2c64 <_ZL16motor_motion_runiym+0x78a>
    272c:	57b6                	lw	a5,108(sp)
    272e:	000da023          	sw	zero,0(s11)
    2732:	97a2                	add	a5,a5,s0
    2734:	239c                	lbu	a5,0(a5)
    2736:	50078e63          	beqz	a5,2c52 <_ZL16motor_motion_runiym+0x778>
    273a:	008d07b3          	add	a5,s10,s0
    273e:	239c                	lbu	a5,0(a5)
    2740:	ef89                	bnez	a5,275a <_ZL16motor_motion_runiym+0x280>
    2742:	20002737          	lui	a4,0x20002
    2746:	d9070713          	addi	a4,a4,-624 # 20001d90 <_ZL21g_last_on_use_exit_ms>
    274a:	00341793          	slli	a5,s0,0x3
    274e:	97ba                	add	a5,a5,a4
    2750:	4398                	lw	a4,0(a5)
    2752:	43dc                	lw	a5,4(a5)
    2754:	8f5d                	or	a4,a4,a5
    2756:	4e070e63          	beqz	a4,2c52 <_ZL16motor_motion_runiym+0x778>
    275a:	4772                	lw	a4,28(sp)
    275c:	5782                	lw	a5,32(sp)
    275e:	c4c6                	sw	a7,72(sp)
    2760:	c2c2                	sw	a6,68(sp)
    2762:	3e800613          	li	a2,1000
    2766:	4681                	li	a3,0
    2768:	459d                	li	a1,7
    276a:	8526                	mv	a0,s1
    276c:	b78fe0ef          	jal	ra,ae4 <_ZN14_MOTOR_CONTROL10set_motionE20filament_motion_enumyy>
    2770:	4816                	lw	a6,68(sp)
    2772:	48a6                	lw	a7,72(sp)
    2774:	0405                	addi	s0,s0,1
    2776:	4791                	li	a5,4
    2778:	03090913          	addi	s2,s2,48
    277c:	0d91                	addi	s11,s11,4
    277e:	0991                	addi	s3,s3,4
    2780:	0a05                	addi	s4,s4,1
    2782:	0a91                	addi	s5,s5,4
    2784:	0805                	addi	a6,a6,1
    2786:	0b05                	addi	s6,s6,1
    2788:	040c8c93          	addi	s9,s9,64
    278c:	f8f417e3          	bne	s0,a5,271a <_ZL16motor_motion_runiym+0x240>
    2790:	4572                	lw	a0,28(sp)
    2792:	5582                	lw	a1,32(sp)
    2794:	3e800613          	li	a2,1000
    2798:	4681                	li	a3,0
    279a:	217060ef          	jal	ra,91b0 <__udivdi3>
    279e:	00157793          	andi	a5,a0,1
    27a2:	c73e                	sw	a5,140(sp)
    27a4:	a4018793          	addi	a5,gp,-1472 # 200003d0 <_ZL15auto_unload_arm>
    27a8:	d0be                	sw	a5,96(sp)
    27aa:	a4418793          	addi	a5,gp,-1468 # 200003d4 <_ZL18auto_unload_active>
    27ae:	c8be                	sw	a5,80(sp)
    27b0:	a3c18793          	addi	a5,gp,-1476 # 200003cc <_ZL19auto_unload_blocked>
    27b4:	c6be                	sw	a5,76(sp)
    27b6:	200027b7          	lui	a5,0x20002
    27ba:	9e078793          	addi	a5,a5,-1568 # 200019e0 <_ZL21auto_unload_arm_t0_ms>
    27be:	cebe                	sw	a5,92(sp)
    27c0:	200027b7          	lui	a5,0x20002
    27c4:	9c078793          	addi	a5,a5,-1600 # 200019c0 <_ZL24auto_unload_active_t0_ms>
    27c8:	c4be                	sw	a5,72(sp)
    27ca:	200027b7          	lui	a5,0x20002
    27ce:	9a078793          	addi	a5,a5,-1632 # 200019a0 <_ZL23auto_unload_empty_t0_ms>
    27d2:	c2be                	sw	a5,68(sp)
    27d4:	200007b7          	lui	a5,0x20000
    27d8:	14078713          	addi	a4,a5,320 # 20000140 <_ZL13MC_PULL_pct_f>
    27dc:	14078793          	addi	a5,a5,320
    27e0:	ccbe                	sw	a5,88(sp)
    27e2:	a6018793          	addi	a5,gp,-1440 # 200003f0 <_ZL13g_as5600_good>
    27e6:	c53e                	sw	a5,136(sp)
    27e8:	82018793          	addi	a5,gp,-2016 # 200001b0 <MC_PULL_pct>
    27ec:	c33e                	sw	a5,132(sp)
    27ee:	8c81a783          	lw	a5,-1848(gp) # 20000258 <_ZL7g_scale+0x98>
    27f2:	8462                	mv	s0,s8
    27f4:	daba                	sw	a4,116(sp)
    27f6:	cb3e                	sw	a5,148(sp)
    27f8:	200027b7          	lui	a5,0x20002
    27fc:	d7c78793          	addi	a5,a5,-644 # 20001d7c <_ZN14_MOTOR_CONTROL6x_prevE>
    2800:	4c81                	li	s9,0
    2802:	cd3e                	sw	a5,152(sp)
    2804:	47aa                	lw	a5,136(sp)
    2806:	0ffcf993          	zext.b	s3,s9
    280a:	97e6                	add	a5,a5,s9
    280c:	239c                	lbu	a5,0(a5)
    280e:	480795e3          	bnez	a5,3498 <_ZL16motor_motion_runiym+0xfbe>
    2812:	4772                	lw	a4,28(sp)
    2814:	5782                	lw	a5,32(sp)
    2816:	458d                	li	a1,3
    2818:	8522                	mv	a0,s0
    281a:	06400613          	li	a2,100
    281e:	4681                	li	a3,0
    2820:	ac4fe0ef          	jal	ra,ae4 <_ZN14_MOTOR_CONTROL10set_motionE20filament_motion_enumyy>
    2824:	4581                	li	a1,0
    2826:	854e                	mv	a0,s3
    2828:	fecfe0ef          	jal	ra,1014 <_Z22Motion_control_set_PWMhi>
    282c:	57c2                	lw	a5,48(sp)
    282e:	0c85                	addi	s9,s9,1
    2830:	09840413          	addi	s0,s0,152
    2834:	03078793          	addi	a5,a5,48
    2838:	d83e                	sw	a5,48(sp)
    283a:	5786                	lw	a5,96(sp)
    283c:	0785                	addi	a5,a5,1
    283e:	d0be                	sw	a5,96(sp)
    2840:	47c6                	lw	a5,80(sp)
    2842:	0785                	addi	a5,a5,1
    2844:	c8be                	sw	a5,80(sp)
    2846:	47b6                	lw	a5,76(sp)
    2848:	0785                	addi	a5,a5,1
    284a:	c6be                	sw	a5,76(sp)
    284c:	47f6                	lw	a5,92(sp)
    284e:	07a1                	addi	a5,a5,8
    2850:	cebe                	sw	a5,92(sp)
    2852:	47a6                	lw	a5,72(sp)
    2854:	07a1                	addi	a5,a5,8
    2856:	c4be                	sw	a5,72(sp)
    2858:	4796                	lw	a5,68(sp)
    285a:	07a1                	addi	a5,a5,8
    285c:	c2be                	sw	a5,68(sp)
    285e:	57d6                	lw	a5,116(sp)
    2860:	0791                	addi	a5,a5,4
    2862:	dabe                	sw	a5,116(sp)
    2864:	4791                	li	a5,4
    2866:	f8fc9fe3          	bne	s9,a5,2804 <_ZL16motor_motion_runiym+0x32a>
    286a:	614d                	addi	sp,sp,176
    286c:	8f7fd06f          	j	162 <__riscv_restore_12>
    2870:	00758eb3          	add	t4,a1,t2
    2874:	000ece83          	lbu	t4,0(t4)
    2878:	040e9163          	bnez	t4,28ba <_ZL16motor_motion_runiym+0x3e0>
    287c:	00072e83          	lw	t4,0(a4)
    2880:	000e9463          	bnez	t4,2888 <_ZL16motor_motion_runiym+0x3ae>
    2884:	000f0023          	sb	zero,0(t5)
    2888:	00000e93          	li	t4,0
    288c:	4981                	li	s3,0
    288e:	4a01                	li	s4,0
    2890:	00060023          	sb	zero,0(a2)
    2894:	000f8023          	sb	zero,0(t6)
    2898:	000e0023          	sb	zero,0(t3)
    289c:	00030023          	sb	zero,0(t1)
    28a0:	0138a023          	sw	s3,0(a7)
    28a4:	0148a223          	sw	s4,4(a7)
    28a8:	01d82023          	sw	t4,0(a6)
    28ac:	01d52023          	sw	t4,0(a0)
    28b0:	0137a023          	sw	s3,0(a5)
    28b4:	0147a223          	sw	s4,4(a5)
    28b8:	b1fd                	j	25a6 <_ZL16motor_motion_runiym+0xcc>
    28ba:	00064283          	lbu	t0,0(a2)
    28be:	06028963          	beqz	t0,2930 <_ZL16motor_motion_runiym+0x456>
    28c2:	4285                	li	t0,1
    28c4:	065e8663          	beq	t4,t0,2930 <_ZL16motor_motion_runiym+0x456>
    28c8:	0007ae83          	lw	t4,0(a5)
    28cc:	0047a283          	lw	t0,4(a5)
    28d0:	005ee9b3          	or	s3,t4,t0
    28d4:	00099963          	bnez	s3,28e6 <_ZL16motor_motion_runiym+0x40c>
    28d8:	4ef2                	lw	t4,28(sp)
    28da:	01d7a023          	sw	t4,0(a5)
    28de:	5e82                	lw	t4,32(sp)
    28e0:	01d7a223          	sw	t4,4(a5)
    28e4:	b1c9                	j	25a6 <_ZL16motor_motion_runiym+0xcc>
    28e6:	40f2                	lw	ra,28(sp)
    28e8:	41d08eb3          	sub	t4,ra,t4
    28ec:	01d0b9b3          	sltu	s3,ra,t4
    28f0:	5082                	lw	ra,32(sp)
    28f2:	405082b3          	sub	t0,ra,t0
    28f6:	01329663          	bne	t0,s3,2902 <_ZL16motor_motion_runiym+0x428>
    28fa:	06300293          	li	t0,99
    28fe:	cbd2f4e3          	bgeu	t0,t4,25a6 <_ZL16motor_motion_runiym+0xcc>
    2902:	4981                	li	s3,0
    2904:	4a01                	li	s4,0
    2906:	00000e93          	li	t4,0
    290a:	00060023          	sb	zero,0(a2)
    290e:	0137a023          	sw	s3,0(a5)
    2912:	0147a223          	sw	s4,4(a5)
    2916:	000e0023          	sb	zero,0(t3)
    291a:	00030023          	sb	zero,0(t1)
    291e:	0138a023          	sw	s3,0(a7)
    2922:	0148a223          	sw	s4,4(a7)
    2926:	01d82023          	sw	t4,0(a6)
    292a:	01d52023          	sw	t4,0(a0)
    292e:	b9a5                	j	25a6 <_ZL16motor_motion_runiym+0xcc>
    2930:	4981                	li	s3,0
    2932:	4a01                	li	s4,0
    2934:	bfb5                	j	28b0 <_ZL16motor_motion_runiym+0x3d6>
    2936:	a481a783          	lw	a5,-1464(gp) # 200003d8 <_ZZL16motor_motion_runiymE10last_ticks>
    293a:	a4d1a423          	sw	a3,-1464(gp) # 200003d8 <_ZZL16motor_motion_runiymE10last_ticks>
    293e:	82c1a703          	lw	a4,-2004(gp) # 200001bc <time_hw_tpms>
    2942:	40f687b3          	sub	a5,a3,a5
    2946:	e311                	bnez	a4,294a <_ZL16motor_motion_runiym+0x470>
    2948:	4705                	li	a4,1
    294a:	0c800693          	li	a3,200
    294e:	02d70733          	mul	a4,a4,a3
    2952:	d4ba                	sw	a4,104(sp)
    2954:	00e7f363          	bgeu	a5,a4,295a <_ZL16motor_motion_runiym+0x480>
    2958:	d4be                	sw	a5,104(sp)
    295a:	57a6                	lw	a5,104(sp)
    295c:	c6078be3          	beqz	a5,25d2 <_ZL16motor_motion_runiym+0xf8>
    2960:	5526                	lw	a0,104(sp)
    2962:	04f080ef          	jal	ra,b1b0 <__floatunsisf>
    2966:	84aa                	mv	s1,a0
    2968:	81c1a503          	lw	a0,-2020(gp) # 200001ac <time_hw_tpus>
    296c:	e111                	bnez	a0,2970 <_ZL16motor_motion_runiym+0x496>
    296e:	4505                	li	a0,1
    2970:	041080ef          	jal	ra,b1b0 <__floatunsisf>
    2974:	9401a583          	lw	a1,-1728(gp) # 200002d0 <_ZL7g_scale+0x110>
    2978:	052080ef          	jal	ra,a9ca <__mulsf3>
    297c:	85aa                	mv	a1,a0
    297e:	8526                	mv	a0,s1
    2980:	3d5070ef          	jal	ra,a554 <__divsf3>
    2984:	c0aa                	sw	a0,64(sp)
    2986:	b991                	j	25da <_ZL16motor_motion_runiym+0x100>
    2988:	55e6                	lw	a1,120(sp)
    298a:	95ba                	add	a1,a1,a4
    298c:	218c                	lbu	a1,0(a1)
    298e:	c6059ee3          	bnez	a1,260a <_ZL16motor_motion_runiym+0x130>
    2992:	55f6                	lw	a1,124(sp)
    2994:	95ba                	add	a1,a1,a4
    2996:	218c                	lbu	a1,0(a1)
    2998:	cc01                	beqz	s0,29b0 <_ZL16motor_motion_runiym+0x4d6>
    299a:	c195                	beqz	a1,29be <_ZL16motor_motion_runiym+0x4e4>
    299c:	228c                	lbu	a1,0(a3)
    299e:	c185                	beqz	a1,29be <_ZL16motor_motion_runiym+0x4e4>
    29a0:	c80600e3          	beqz	a2,2620 <_ZL16motor_motion_runiym+0x146>
    29a4:	00354637          	lui	a2,0x354
    29a8:	478c                	lw	a1,8(a5)
    29aa:	83260613          	addi	a2,a2,-1998 # 353832 <ch32v20x_wwdg.c.13394d49+0x335974>
    29ae:	b19d                	j	2614 <_ZL16motor_motion_runiym+0x13a>
    29b0:	c599                	beqz	a1,29be <_ZL16motor_motion_runiym+0x4e4>
    29b2:	228c                	lbu	a1,0(a3)
    29b4:	c589                	beqz	a1,29be <_ZL16motor_motion_runiym+0x4e4>
    29b6:	55b6                	lw	a1,108(sp)
    29b8:	95ba                	add	a1,a1,a4
    29ba:	218c                	lbu	a1,0(a1)
    29bc:	b7cd                	j	299e <_ZL16motor_motion_runiym+0x4c4>
    29be:	c60601e3          	beqz	a2,2620 <_ZL16motor_motion_runiym+0x146>
    29c2:	4790                	lw	a2,8(a5)
    29c4:	c4060ee3          	beqz	a2,2620 <_ZL16motor_motion_runiym+0x146>
    29c8:	0007a423          	sw	zero,8(a5)
    29cc:	03078623          	sb	a6,44(a5)
    29d0:	b981                	j	2620 <_ZL16motor_motion_runiym+0x146>
    29d2:	5716                	lw	a4,100(sp)
    29d4:	006b4783          	lbu	a5,6(s6)
    29d8:	9722                	add	a4,a4,s0
    29da:	2318                	lbu	a4,0(a4)
    29dc:	e719                	bnez	a4,29ea <_ZL16motor_motion_runiym+0x510>
    29de:	c78d                	beqz	a5,2a08 <_ZL16motor_motion_runiym+0x52e>
    29e0:	67c1                	lui	a5,0x10
    29e2:	008b2703          	lw	a4,8(s6)
    29e6:	17fd                	addi	a5,a5,-1 # ffff <MC_PULL_calibration.cpp.947435e8+0x68e>
    29e8:	a809                	j	29fa <_ZL16motor_motion_runiym+0x520>
    29ea:	4746                	lw	a4,80(sp)
    29ec:	db6d                	beqz	a4,29de <_ZL16motor_motion_runiym+0x504>
    29ee:	cf89                	beqz	a5,2a08 <_ZL16motor_motion_runiym+0x52e>
    29f0:	008b2703          	lw	a4,8(s6)
    29f4:	67c1                	lui	a5,0x10
    29f6:	f0078793          	addi	a5,a5,-256 # ff00 <MC_PULL_calibration.cpp.947435e8+0x58f>
    29fa:	00f70763          	beq	a4,a5,2a08 <_ZL16motor_motion_runiym+0x52e>
    29fe:	00fb2423          	sw	a5,8(s6)
    2a02:	4785                	li	a5,1
    2a04:	02fb0623          	sb	a5,44(s6)
    2a08:	008d07b3          	add	a5,s10,s0
    2a0c:	0007c903          	lbu	s2,0(a5)
    2a10:	47ba                	lw	a5,140(sp)
    2a12:	00241a13          	slli	s4,s0,0x2
    2a16:	97d2                	add	a5,a5,s4
    2a18:	438c                	lw	a1,0(a5)
    2a1a:	47b6                	lw	a5,76(sp)
    2a1c:	5fc8                	lw	a0,60(a5)
    2a1e:	288080ef          	jal	ra,aca6 <__subsf3>
    2a22:	00000593          	li	a1,0
    2a26:	c4aa                	sw	a0,72(sp)
    2a28:	70b070ef          	jal	ra,a932 <__lesf2>
    2a2c:	00055763          	bgez	a0,2a3a <_ZL16motor_motion_runiym+0x560>
    2a30:	4726                	lw	a4,72(sp)
    2a32:	800007b7          	lui	a5,0x80000
    2a36:	8fb9                	xor	a5,a5,a4
    2a38:	c4be                	sw	a5,72(sp)
    2a3a:	475a                	lw	a4,148(sp)
    2a3c:	00341793          	slli	a5,s0,0x3
    2a40:	97ba                	add	a5,a5,a4
    2a42:	4398                	lw	a4,0(a5)
    2a44:	43dc                	lw	a5,4(a5)
    2a46:	daba                	sw	a4,116(sp)
    2a48:	c13e                	sw	a5,128(sp)
    2a4a:	0fd97713          	andi	a4,s2,253
    2a4e:	4785                	li	a5,1
    2a50:	0cf71363          	bne	a4,a5,2b16 <_ZL16motor_motion_runiym+0x63c>
    2a54:	a3018793          	addi	a5,gp,-1488 # 200003c0 <_ZL25g_dm_pb_front_was_present>
    2a58:	97a2                	add	a5,a5,s0
    2a5a:	a398                	sb	a4,0(a5)
    2a5c:	4801                	li	a6,0
    2a5e:	4781                	li	a5,0
    2a60:	c09c                	sw	a5,0(s1)
    2a62:	0104a223          	sw	a6,4(s1)
    2a66:	cc82                	sw	zero,88(sp)
    2a68:	20000ab7          	lui	s5,0x20000
    2a6c:	120a8a93          	addi	s5,s5,288 # 20000120 <_ZL25filament_pull_back_target>
    2a70:	9ad2                	add	s5,s5,s4
    2a72:	000aa783          	lw	a5,0(s5)
    2a76:	45a6                	lw	a1,72(sp)
    2a78:	200009b7          	lui	s3,0x20000
    2a7c:	cebe                	sw	a5,92(sp)
    2a7e:	a6018793          	addi	a5,gp,-1440 # 200003f0 <_ZL13g_as5600_good>
    2a82:	97a2                	add	a5,a5,s0
    2a84:	239c                	lbu	a5,0(a5)
    2a86:	4576                	lw	a0,92(sp)
    2a88:	13098993          	addi	s3,s3,304 # 20000130 <_ZL16g_pull_speed_set>
    2a8c:	d0be                	sw	a5,96(sp)
    2a8e:	218080ef          	jal	ra,aca6 <__subsf3>
    2a92:	a3418793          	addi	a5,gp,-1484 # 200003c4 <_ZL24g_dm_pb_use_front_switch>
    2a96:	97a2                	add	a5,a5,s0
    2a98:	239c                	lbu	a5,0(a5)
    2a9a:	892a                	mv	s2,a0
    2a9c:	00000593          	li	a1,0
    2aa0:	c791                	beqz	a5,2aac <_ZL16motor_motion_runiym+0x5d2>
    2aa2:	a3018793          	addi	a5,gp,-1488 # 200003c0 <_ZL25g_dm_pb_front_was_present>
    2aa6:	97a2                	add	a5,a5,s0
    2aa8:	239c                	lbu	a5,0(a5)
    2aaa:	e3e1                	bnez	a5,2b6a <_ZL16motor_motion_runiym+0x690>
    2aac:	854a                	mv	a0,s2
    2aae:	5ef070ef          	jal	ra,a89c <__gesf2>
    2ab2:	0aa05663          	blez	a0,2b5e <_ZL16motor_motion_runiym+0x684>
    2ab6:	012ba023          	sw	s2,0(s7)
    2aba:	45f6                	lw	a1,92(sp)
    2abc:	4526                	lw	a0,72(sp)
    2abe:	5df070ef          	jal	ra,a89c <__gesf2>
    2ac2:	0a055e63          	bgez	a0,2b7e <_ZL16motor_motion_runiym+0x6a4>
    2ac6:	5756                	lw	a4,116(sp)
    2ac8:	47f2                	lw	a5,28(sp)
    2aca:	460a                	lw	a2,128(sp)
    2acc:	8f99                	sub	a5,a5,a4
    2ace:	4772                	lw	a4,28(sp)
    2ad0:	00f736b3          	sltu	a3,a4,a5
    2ad4:	5702                	lw	a4,32(sp)
    2ad6:	8f11                	sub	a4,a4,a2
    2ad8:	0ad71363          	bne	a4,a3,2b7e <_ZL16motor_motion_runiym+0x6a4>
    2adc:	6709                	lui	a4,0x2
    2ade:	70f70713          	addi	a4,a4,1807 # 270f <_ZL16motor_motion_runiym+0x235>
    2ae2:	08f76e63          	bltu	a4,a5,2b7e <_ZL16motor_motion_runiym+0x6a4>
    2ae6:	5786                	lw	a5,96(sp)
    2ae8:	cbd9                	beqz	a5,2b7e <_ZL16motor_motion_runiym+0x6a4>
    2aea:	9481a583          	lw	a1,-1720(gp) # 200002d8 <_ZL7g_scale+0x118>
    2aee:	854a                	mv	a0,s2
    2af0:	265070ef          	jal	ra,a554 <__divsf3>
    2af4:	00000593          	li	a1,0
    2af8:	892a                	mv	s2,a0
    2afa:	639070ef          	jal	ra,a932 <__lesf2>
    2afe:	0a054963          	bltz	a0,2bb0 <_ZL16motor_motion_runiym+0x6d6>
    2b02:	8741aa83          	lw	s5,-1932(gp) # 20000204 <_ZL7g_scale+0x44>
    2b06:	854a                	mv	a0,s2
    2b08:	85d6                	mv	a1,s5
    2b0a:	593070ef          	jal	ra,a89c <__gesf2>
    2b0e:	0aa05363          	blez	a0,2bb4 <_ZL16motor_motion_runiym+0x6da>
    2b12:	8956                	mv	s2,s5
    2b14:	a045                	j	2bb4 <_ZL16motor_motion_runiym+0x6da>
    2b16:	409c                	lw	a5,0(s1)
    2b18:	40d8                	lw	a4,4(s1)
    2b1a:	8fd9                	or	a5,a5,a4
    2b1c:	eb81                	bnez	a5,2b2c <_ZL16motor_motion_runiym+0x652>
    2b1e:	47f2                	lw	a5,28(sp)
    2b20:	5702                	lw	a4,32(sp)
    2b22:	8fd9                	or	a5,a5,a4
    2b24:	c781                	beqz	a5,2b2c <_ZL16motor_motion_runiym+0x652>
    2b26:	47f2                	lw	a5,28(sp)
    2b28:	c0d8                	sw	a4,4(s1)
    2b2a:	c09c                	sw	a5,0(s1)
    2b2c:	409c                	lw	a5,0(s1)
    2b2e:	40d8                	lw	a4,4(s1)
    2b30:	00e7e6b3          	or	a3,a5,a4
    2b34:	da8d                	beqz	a3,2a66 <_ZL16motor_motion_runiym+0x58c>
    2b36:	46f2                	lw	a3,28(sp)
    2b38:	5602                	lw	a2,32(sp)
    2b3a:	40f687b3          	sub	a5,a3,a5
    2b3e:	40e60733          	sub	a4,a2,a4
    2b42:	00f6b6b3          	sltu	a3,a3,a5
    2b46:	4605                	li	a2,1
    2b48:	00d71763          	bne	a4,a3,2b56 <_ZL16motor_motion_runiym+0x67c>
    2b4c:	03100713          	li	a4,49
    2b50:	00f76363          	bltu	a4,a5,2b56 <_ZL16motor_motion_runiym+0x67c>
    2b54:	4601                	li	a2,0
    2b56:	0ff67793          	zext.b	a5,a2
    2b5a:	ccbe                	sw	a5,88(sp)
    2b5c:	b731                	j	2a68 <_ZL16motor_motion_runiym+0x58e>
    2b5e:	00000793          	li	a5,0
    2b62:	00fba023          	sw	a5,0(s7)
    2b66:	893e                	mv	s2,a5
    2b68:	bf89                	j	2aba <_ZL16motor_motion_runiym+0x5e0>
    2b6a:	533070ef          	jal	ra,a89c <__gesf2>
    2b6e:	00a04463          	bgtz	a0,2b76 <_ZL16motor_motion_runiym+0x69c>
    2b72:	00000913          	li	s2,0
    2b76:	47e6                	lw	a5,88(sp)
    2b78:	012ba023          	sw	s2,0(s7)
    2b7c:	df9d                	beqz	a5,2aba <_ZL16motor_motion_runiym+0x5e0>
    2b7e:	00000793          	li	a5,0
    2b82:	00fba023          	sw	a5,0(s7)
    2b86:	47ea                	lw	a5,152(sp)
    2b88:	9a4e                	add	s4,s4,s3
    2b8a:	4772                	lw	a4,28(sp)
    2b8c:	00fa2023          	sw	a5,0(s4)
    2b90:	5532                	lw	a0,44(sp)
    2b92:	5782                	lw	a5,32(sp)
    2b94:	06400613          	li	a2,100
    2b98:	4681                	li	a3,0
    2b9a:	458d                	li	a1,3
    2b9c:	f49fd0ef          	jal	ra,ae4 <_ZN14_MOTOR_CONTROL10set_motionE20filament_motion_enumyy>
    2ba0:	47fa                	lw	a5,156(sp)
    2ba2:	4716                	lw	a4,68(sp)
    2ba4:	00faa023          	sw	a5,0(s5)
    2ba8:	4795                	li	a5,5
    2baa:	c31c                	sw	a5,0(a4)
    2bac:	4785                	li	a5,1
    2bae:	b629                	j	26b8 <_ZL16motor_motion_runiym+0x1de>
    2bb0:	00000913          	li	s2,0
    2bb4:	94c1a583          	lw	a1,-1716(gp) # 200002dc <_ZL7g_scale+0x11c>
    2bb8:	854a                	mv	a0,s2
    2bba:	99d2                	add	s3,s3,s4
    2bbc:	60f070ef          	jal	ra,a9ca <__mulsf3>
    2bc0:	9501a583          	lw	a1,-1712(gp) # 200002e0 <_ZL7g_scale+0x120>
    2bc4:	628070ef          	jal	ra,a1ec <__addsf3>
    2bc8:	800007b7          	lui	a5,0x80000
    2bcc:	8fa9                	xor	a5,a5,a0
    2bce:	00f9a023          	sw	a5,0(s3)
    2bd2:	4772                	lw	a4,28(sp)
    2bd4:	5782                	lw	a5,32(sp)
    2bd6:	06400613          	li	a2,100
    2bda:	4681                	li	a3,0
    2bdc:	4589                	li	a1,2
    2bde:	5532                	lw	a0,44(sp)
    2be0:	f05fd0ef          	jal	ra,ae4 <_ZN14_MOTOR_CONTROL10set_motionE20filament_motion_enumyy>
    2be4:	b7e1                	j	2bac <_ZL16motor_motion_runiym+0x6d2>
    2be6:	5716                	lw	a4,100(sp)
    2be8:	006b4783          	lbu	a5,6(s6)
    2bec:	9722                	add	a4,a4,s0
    2bee:	2318                	lbu	a4,0(a4)
    2bf0:	eb15                	bnez	a4,2c24 <_ZL16motor_motion_runiym+0x74a>
    2bf2:	cf91                	beqz	a5,2c0e <_ZL16motor_motion_runiym+0x734>
    2bf4:	008b2703          	lw	a4,8(s6)
    2bf8:	010007b7          	lui	a5,0x1000
    2bfc:	f0078793          	addi	a5,a5,-256 # ffff00 <ch32v20x_wwdg.c.13394d49+0xfe2042>
    2c00:	00f70763          	beq	a4,a5,2c0e <_ZL16motor_motion_runiym+0x734>
    2c04:	00fb2423          	sw	a5,8(s6)
    2c08:	4785                	li	a5,1
    2c0a:	02fb0623          	sb	a5,44(s6)
    2c0e:	008d07b3          	add	a5,s10,s0
    2c12:	239c                	lbu	a5,0(a5)
    2c14:	4772                	lw	a4,28(sp)
    2c16:	ef81                	bnez	a5,2c2e <_ZL16motor_motion_runiym+0x754>
    2c18:	5782                	lw	a5,32(sp)
    2c1a:	06400613          	li	a2,100
    2c1e:	4681                	li	a3,0
    2c20:	4585                	li	a1,1
    2c22:	bf75                	j	2bde <_ZL16motor_motion_runiym+0x704>
    2c24:	d7ed                	beqz	a5,2c0e <_ZL16motor_motion_runiym+0x734>
    2c26:	008b2703          	lw	a4,8(s6)
    2c2a:	67c1                	lui	a5,0x10
    2c2c:	bfc1                	j	2bfc <_ZL16motor_motion_runiym+0x722>
    2c2e:	5782                	lw	a5,32(sp)
    2c30:	5532                	lw	a0,44(sp)
    2c32:	06400613          	li	a2,100
    2c36:	4681                	li	a3,0
    2c38:	458d                	li	a1,3
    2c3a:	eabfd0ef          	jal	ra,ae4 <_ZN14_MOTOR_CONTROL10set_motionE20filament_motion_enumyy>
    2c3e:	4796                	lw	a5,68(sp)
    2c40:	0007a023          	sw	zero,0(a5) # 10000 <MC_PULL_calibration.cpp.947435e8+0x68f>
    2c44:	47d6                	lw	a5,84(sp)
    2c46:	100786a3          	sb	zero,269(a5)
    2c4a:	47b6                	lw	a5,76(sp)
    2c4c:	02078aa3          	sb	zero,53(a5)
    2c50:	bfb1                	j	2bac <_ZL16motor_motion_runiym+0x6d2>
    2c52:	4772                	lw	a4,28(sp)
    2c54:	5782                	lw	a5,32(sp)
    2c56:	c4c6                	sw	a7,72(sp)
    2c58:	c2c2                	sw	a6,68(sp)
    2c5a:	3e800613          	li	a2,1000
    2c5e:	4681                	li	a3,0
    2c60:	458d                	li	a1,3
    2c62:	b621                	j	276a <_ZL16motor_motion_runiym+0x290>
    2c64:	008d07b3          	add	a5,s10,s0
    2c68:	239c                	lbu	a5,0(a5)
    2c6a:	c7c1                	beqz	a5,2cf2 <_ZL16motor_motion_runiym+0x818>
    2c6c:	5732                	lw	a4,44(sp)
    2c6e:	4695                	li	a3,5
    2c70:	4b91                	li	s7,4
    2c72:	177d                	addi	a4,a4,-1
    2c74:	0ff77713          	zext.b	a4,a4
    2c78:	6ce6e863          	bltu	a3,a4,3348 <_ZL16motor_motion_runiym+0xe6e>
    2c7c:	66ad                	lui	a3,0xb
    2c7e:	070a                	slli	a4,a4,0x2
    2c80:	72468693          	addi	a3,a3,1828 # b724 <__clzsi2+0x178>
    2c84:	9736                	add	a4,a4,a3
    2c86:	4318                	lw	a4,0(a4)
    2c88:	8702                	jr	a4
    2c8a:	4b89                	li	s7,2
    2c8c:	4772                	lw	a4,28(sp)
    2c8e:	5782                	lw	a5,32(sp)
    2c90:	017da023          	sw	s7,0(s11)
    2c94:	12c00613          	li	a2,300
    2c98:	4681                	li	a3,0
    2c9a:	4591                	li	a1,4
    2c9c:	8526                	mv	a0,s1
    2c9e:	c4c6                	sw	a7,72(sp)
    2ca0:	c2c2                	sw	a6,68(sp)
    2ca2:	e43fd0ef          	jal	ra,ae4 <_ZN14_MOTOR_CONTROL10set_motionE20filament_motion_enumyy>
    2ca6:	4816                	lw	a6,68(sp)
    2ca8:	48a6                	lw	a7,72(sp)
    2caa:	0405                	addi	s0,s0,1
    2cac:	00084703          	lbu	a4,0(a6)
    2cb0:	03090793          	addi	a5,s2,48
    2cb4:	0d91                	addi	s11,s11,4
    2cb6:	0991                	addi	s3,s3,4
    2cb8:	0a05                	addi	s4,s4,1
    2cba:	0a91                	addi	s5,s5,4
    2cbc:	0805                	addi	a6,a6,1
    2cbe:	0b05                	addi	s6,s6,1
    2cc0:	040c8c93          	addi	s9,s9,64
    2cc4:	1c071663          	bnez	a4,2e90 <_ZL16motor_motion_runiym+0x9b6>
    2cc8:	00694703          	lbu	a4,6(s2)
    2ccc:	1a071463          	bnez	a4,2e74 <_ZL16motor_motion_runiym+0x99a>
    2cd0:	893e                	mv	s2,a5
    2cd2:	4791                	li	a5,4
    2cd4:	aaf40ee3          	beq	s0,a5,2790 <_ZL16motor_motion_runiym+0x2b6>
    2cd8:	09800493          	li	s1,152
    2cdc:	029404b3          	mul	s1,s0,s1
    2ce0:	0ff47793          	zext.b	a5,s0
    2ce4:	94e2                	add	s1,s1,s8
    2ce6:	a4f893e3          	bne	a7,a5,272c <_ZL16motor_motion_runiym+0x252>
    2cea:	008d07b3          	add	a5,s10,s0
    2cee:	239c                	lbu	a5,0(a5)
    2cf0:	ffd1                	bnez	a5,2c8c <_ZL16motor_motion_runiym+0x7b2>
    2cf2:	5782                	lw	a5,32(sp)
    2cf4:	4772                	lw	a4,28(sp)
    2cf6:	000da023          	sw	zero,0(s11)
    2cfa:	06400613          	li	a2,100
    2cfe:	4681                	li	a3,0
    2d00:	459d                	li	a1,7
    2d02:	8526                	mv	a0,s1
    2d04:	c4c6                	sw	a7,72(sp)
    2d06:	c2c2                	sw	a6,68(sp)
    2d08:	dddfd0ef          	jal	ra,ae4 <_ZN14_MOTOR_CONTROL10set_motionE20filament_motion_enumyy>
    2d0c:	4816                	lw	a6,68(sp)
    2d0e:	48a6                	lw	a7,72(sp)
    2d10:	00084783          	lbu	a5,0(a6)
    2d14:	74079163          	bnez	a5,3456 <_ZL16motor_motion_runiym+0xf7c>
    2d18:	00694783          	lbu	a5,6(s2)
    2d1c:	a4078ce3          	beqz	a5,2774 <_ZL16motor_motion_runiym+0x29a>
    2d20:	00892783          	lw	a5,8(s2)
    2d24:	a40788e3          	beqz	a5,2774 <_ZL16motor_motion_runiym+0x29a>
    2d28:	00092423          	sw	zero,8(s2)
    2d2c:	4785                	li	a5,1
    2d2e:	02f90623          	sb	a5,44(s2)
    2d32:	b489                	j	2774 <_ZL16motor_motion_runiym+0x29a>
    2d34:	20000737          	lui	a4,0x20000
    2d38:	12070293          	addi	t0,a4,288 # 20000120 <_ZL25filament_pull_back_target>
    2d3c:	a3418393          	addi	t2,gp,-1484 # 200003c4 <_ZL24g_dm_pb_use_front_switch>
    2d40:	9441af83          	lw	t6,-1724(gp) # 200002d4 <_ZL7g_scale+0x114>
    2d44:	20002bb7          	lui	s7,0x20002
    2d48:	20000e37          	lui	t3,0x20000
    2d4c:	20002eb7          	lui	t4,0x20002
    2d50:	4f11                	li	t5,4
    2d52:	950b8b93          	addi	s7,s7,-1712 # 20001950 <_ZL25filament_pull_back_meters>
    2d56:	a3018313          	addi	t1,gp,-1488 # 200003c0 <_ZL25g_dm_pb_front_was_present>
    2d5a:	130e0e13          	addi	t3,t3,304 # 20000130 <_ZL16g_pull_speed_set>
    2d5e:	8f0e8e93          	addi	t4,t4,-1808 # 200018f0 <_ZL15g_pull_start_ms>
    2d62:	00084683          	lbu	a3,0(a6)
    2d66:	00694703          	lbu	a4,6(s2)
    2d6a:	2c069b63          	bnez	a3,3040 <_ZL16motor_motion_runiym+0xb66>
    2d6e:	2e070963          	beqz	a4,3060 <_ZL16motor_motion_runiym+0xb86>
    2d72:	002da737          	lui	a4,0x2da
    2d76:	00892683          	lw	a3,8(s2)
    2d7a:	0ff70713          	addi	a4,a4,255 # 2da0ff <ch32v20x_wwdg.c.13394d49+0x2bc241>
    2d7e:	acd1                	j	3052 <_ZL16motor_motion_runiym+0xb78>
    2d80:	200007b7          	lui	a5,0x20000
    2d84:	14078793          	addi	a5,a5,320 # 20000140 <_ZL13MC_PULL_pct_f>
    2d88:	c4be                	sw	a5,72(sp)
    2d8a:	9581a783          	lw	a5,-1704(gp) # 200002e8 <_ZL7g_scale+0x128>
    2d8e:	c6be                	sw	a5,76(sp)
    2d90:	00084703          	lbu	a4,0(a6)
    2d94:	00694783          	lbu	a5,6(s2)
    2d98:	3c071163          	bnez	a4,315a <_ZL16motor_motion_runiym+0xc80>
    2d9c:	3c078f63          	beqz	a5,317a <_ZL16motor_motion_runiym+0xca0>
    2da0:	00892703          	lw	a4,8(s2)
    2da4:	00a107b7          	lui	a5,0xa10
    2da8:	a6c1                	j	3168 <_ZL16motor_motion_runiym+0xc8e>
    2daa:	4b89                	li	s7,2
    2dac:	4772                	lw	a4,28(sp)
    2dae:	5782                	lw	a5,32(sp)
    2db0:	017da023          	sw	s7,0(s11)
    2db4:	12c00613          	li	a2,300
    2db8:	4681                	li	a3,0
    2dba:	4599                	li	a1,6
    2dbc:	8526                	mv	a0,s1
    2dbe:	c4c6                	sw	a7,72(sp)
    2dc0:	c2c2                	sw	a6,68(sp)
    2dc2:	d23fd0ef          	jal	ra,ae4 <_ZN14_MOTOR_CONTROL10set_motionE20filament_motion_enumyy>
    2dc6:	4816                	lw	a6,68(sp)
    2dc8:	48a6                	lw	a7,72(sp)
    2dca:	0405                	addi	s0,s0,1
    2dcc:	00084703          	lbu	a4,0(a6)
    2dd0:	03090793          	addi	a5,s2,48
    2dd4:	0d91                	addi	s11,s11,4
    2dd6:	0991                	addi	s3,s3,4
    2dd8:	0a05                	addi	s4,s4,1
    2dda:	0a91                	addi	s5,s5,4
    2ddc:	0805                	addi	a6,a6,1
    2dde:	0b05                	addi	s6,s6,1
    2de0:	040c8c93          	addi	s9,s9,64
    2de4:	54071863          	bnez	a4,3334 <_ZL16motor_motion_runiym+0xe5a>
    2de8:	00694703          	lbu	a4,6(s2)
    2dec:	52071663          	bnez	a4,3318 <_ZL16motor_motion_runiym+0xe3e>
    2df0:	893e                	mv	s2,a5
    2df2:	4791                	li	a5,4
    2df4:	98f40ee3          	beq	s0,a5,2790 <_ZL16motor_motion_runiym+0x2b6>
    2df8:	09800493          	li	s1,152
    2dfc:	029404b3          	mul	s1,s0,s1
    2e00:	0ff47793          	zext.b	a5,s0
    2e04:	94e2                	add	s1,s1,s8
    2e06:	92f893e3          	bne	a7,a5,272c <_ZL16motor_motion_runiym+0x252>
    2e0a:	008d07b3          	add	a5,s10,s0
    2e0e:	239c                	lbu	a5,0(a5)
    2e10:	ffd1                	bnez	a5,2dac <_ZL16motor_motion_runiym+0x8d2>
    2e12:	b5c5                	j	2cf2 <_ZL16motor_motion_runiym+0x818>
    2e14:	4b89                	li	s7,2
    2e16:	4772                	lw	a4,28(sp)
    2e18:	5782                	lw	a5,32(sp)
    2e1a:	017da023          	sw	s7,0(s11)
    2e1e:	12c00613          	li	a2,300
    2e22:	4681                	li	a3,0
    2e24:	4595                	li	a1,5
    2e26:	8526                	mv	a0,s1
    2e28:	c4c6                	sw	a7,72(sp)
    2e2a:	c2c2                	sw	a6,68(sp)
    2e2c:	cb9fd0ef          	jal	ra,ae4 <_ZN14_MOTOR_CONTROL10set_motionE20filament_motion_enumyy>
    2e30:	4816                	lw	a6,68(sp)
    2e32:	00694703          	lbu	a4,6(s2)
    2e36:	48a6                	lw	a7,72(sp)
    2e38:	0405                	addi	s0,s0,1
    2e3a:	03090793          	addi	a5,s2,48
    2e3e:	0d91                	addi	s11,s11,4
    2e40:	0991                	addi	s3,s3,4
    2e42:	0a05                	addi	s4,s4,1
    2e44:	0a91                	addi	s5,s5,4
    2e46:	0805                	addi	a6,a6,1
    2e48:	0b05                	addi	s6,s6,1
    2e4a:	040c8c93          	addi	s9,s9,64
    2e4e:	eb29                	bnez	a4,2ea0 <_ZL16motor_motion_runiym+0x9c6>
    2e50:	893e                	mv	s2,a5
    2e52:	4791                	li	a5,4
    2e54:	92f40ee3          	beq	s0,a5,2790 <_ZL16motor_motion_runiym+0x2b6>
    2e58:	09800493          	li	s1,152
    2e5c:	029404b3          	mul	s1,s0,s1
    2e60:	0ff47793          	zext.b	a5,s0
    2e64:	94e2                	add	s1,s1,s8
    2e66:	8cf893e3          	bne	a7,a5,272c <_ZL16motor_motion_runiym+0x252>
    2e6a:	008d07b3          	add	a5,s10,s0
    2e6e:	239c                	lbu	a5,0(a5)
    2e70:	f3dd                	bnez	a5,2e16 <_ZL16motor_motion_runiym+0x93c>
    2e72:	b541                	j	2cf2 <_ZL16motor_motion_runiym+0x818>
    2e74:	00892683          	lw	a3,8(s2)
    2e78:	01000737          	lui	a4,0x1000
    2e7c:	f0070713          	addi	a4,a4,-256 # ffff00 <ch32v20x_wwdg.c.13394d49+0xfe2042>
    2e80:	e4e688e3          	beq	a3,a4,2cd0 <_ZL16motor_motion_runiym+0x7f6>
    2e84:	00e92423          	sw	a4,8(s2)
    2e88:	4705                	li	a4,1
    2e8a:	02e90623          	sb	a4,44(s2)
    2e8e:	b589                	j	2cd0 <_ZL16motor_motion_runiym+0x7f6>
    2e90:	00694703          	lbu	a4,6(s2)
    2e94:	e2070ee3          	beqz	a4,2cd0 <_ZL16motor_motion_runiym+0x7f6>
    2e98:	00892683          	lw	a3,8(s2)
    2e9c:	6741                	lui	a4,0x10
    2e9e:	bff9                	j	2e7c <_ZL16motor_motion_runiym+0x9a2>
    2ea0:	00892683          	lw	a3,8(s2)
    2ea4:	6741                	lui	a4,0x10
    2ea6:	f0070713          	addi	a4,a4,-256 # ff00 <MC_PULL_calibration.cpp.947435e8+0x58f>
    2eaa:	fae683e3          	beq	a3,a4,2e50 <_ZL16motor_motion_runiym+0x976>
    2eae:	00e92423          	sw	a4,8(s2)
    2eb2:	4705                	li	a4,1
    2eb4:	02e90623          	sb	a4,44(s2)
    2eb8:	bf61                	j	2e50 <_ZL16motor_motion_runiym+0x976>
    2eba:	5782                	lw	a5,32(sp)
    2ebc:	4772                	lw	a4,28(sp)
    2ebe:	06400613          	li	a2,100
    2ec2:	4681                	li	a3,0
    2ec4:	458d                	li	a1,3
    2ec6:	8526                	mv	a0,s1
    2ec8:	cef6                	sw	t4,92(sp)
    2eca:	ccfa                	sw	t5,88(sp)
    2ecc:	ca9a                	sw	t1,84(sp)
    2ece:	c6f2                	sw	t3,76(sp)
    2ed0:	c4c6                	sw	a7,72(sp)
    2ed2:	c2c2                	sw	a6,68(sp)
    2ed4:	c11fd0ef          	jal	ra,ae4 <_ZN14_MOTOR_CONTROL10set_motionE20filament_motion_enumyy>
    2ed8:	4816                	lw	a6,68(sp)
    2eda:	48a6                	lw	a7,72(sp)
    2edc:	4e36                	lw	t3,76(sp)
    2ede:	00084783          	lbu	a5,0(a6)
    2ee2:	4356                	lw	t1,84(sp)
    2ee4:	4f66                	lw	t5,88(sp)
    2ee6:	4ef6                	lw	t4,92(sp)
    2ee8:	12079663          	bnez	a5,3014 <_ZL16motor_motion_runiym+0xb3a>
    2eec:	00694783          	lbu	a5,6(s2)
    2ef0:	10079463          	bnez	a5,2ff8 <_ZL16motor_motion_runiym+0xb1e>
    2ef4:	4791                	li	a5,4
    2ef6:	8472                	mv	s0,t3
    2ef8:	891a                	mv	s2,t1
    2efa:	8dfa                	mv	s11,t5
    2efc:	8876                	mv	a6,t4
    2efe:	8b5e                	mv	s6,s7
    2f00:	88fe08e3          	beq	t3,a5,2790 <_ZL16motor_motion_runiym+0x2b6>
    2f04:	09800493          	li	s1,152
    2f08:	029e04b3          	mul	s1,t3,s1
    2f0c:	0ffe7793          	zext.b	a5,t3
    2f10:	94e2                	add	s1,s1,s8
    2f12:	80f89de3          	bne	a7,a5,272c <_ZL16motor_motion_runiym+0x252>
    2f16:	008d07b3          	add	a5,s10,s0
    2f1a:	239c                	lbu	a5,0(a5)
    2f1c:	dc078be3          	beqz	a5,2cf2 <_ZL16motor_motion_runiym+0x818>
    2f20:	000b4783          	lbu	a5,0(s6)
    2f24:	00140e13          	addi	t3,s0,1
    2f28:	03090313          	addi	t1,s2,48
    2f2c:	004d8f13          	addi	t5,s11,4
    2f30:	0991                	addi	s3,s3,4
    2f32:	0a05                	addi	s4,s4,1
    2f34:	0a91                	addi	s5,s5,4
    2f36:	00180e93          	addi	t4,a6,1
    2f3a:	001b0b93          	addi	s7,s6,1
    2f3e:	040c8c93          	addi	s9,s9,64
    2f42:	c3fd                	beqz	a5,3028 <_ZL16motor_motion_runiym+0xb4e>
    2f44:	200007b7          	lui	a5,0x20000
    2f48:	040a                	slli	s0,s0,0x2
    2f4a:	14078793          	addi	a5,a5,320 # 20000140 <_ZL13MC_PULL_pct_f>
    2f4e:	97a2                	add	a5,a5,s0
    2f50:	9541a583          	lw	a1,-1708(gp) # 200002e4 <_ZL7g_scale+0x124>
    2f54:	4388                	lw	a0,0(a5)
    2f56:	cef6                	sw	t4,92(sp)
    2f58:	ccfa                	sw	t5,88(sp)
    2f5a:	ca9a                	sw	t1,84(sp)
    2f5c:	c6f2                	sw	t3,76(sp)
    2f5e:	c4c6                	sw	a7,72(sp)
    2f60:	c2c2                	sw	a6,68(sp)
    2f62:	13b070ef          	jal	ra,a89c <__gesf2>
    2f66:	4816                	lw	a6,68(sp)
    2f68:	48a6                	lw	a7,72(sp)
    2f6a:	4e36                	lw	t3,76(sp)
    2f6c:	4356                	lw	t1,84(sp)
    2f6e:	4f66                	lw	t5,88(sp)
    2f70:	4ef6                	lw	t4,92(sp)
    2f72:	f4a054e3          	blez	a0,2eba <_ZL16motor_motion_runiym+0x9e0>
    2f76:	200027b7          	lui	a5,0x20002
    2f7a:	db078793          	addi	a5,a5,-592 # 20001db0 <_ZL18g_on_use_hi_pwm_us>
    2f7e:	943e                	add	s0,s0,a5
    2f80:	00080023          	sb	zero,0(a6)
    2f84:	000b0023          	sb	zero,0(s6)
    2f88:	00042023          	sw	zero,0(s0)
    2f8c:	00694783          	lbu	a5,6(s2)
    2f90:	cf91                	beqz	a5,2fac <_ZL16motor_motion_runiym+0xad2>
    2f92:	00892703          	lw	a4,8(s2)
    2f96:	00d507b7          	lui	a5,0xd50
    2f9a:	02a78793          	addi	a5,a5,42 # d5002a <ch32v20x_wwdg.c.13394d49+0xd3216c>
    2f9e:	00f70763          	beq	a4,a5,2fac <_ZL16motor_motion_runiym+0xad2>
    2fa2:	00f92423          	sw	a5,8(s2)
    2fa6:	4785                	li	a5,1
    2fa8:	02f90623          	sb	a5,44(s2)
    2fac:	4785                	li	a5,1
    2fae:	00fda023          	sw	a5,0(s11)
    2fb2:	4772                	lw	a4,28(sp)
    2fb4:	5782                	lw	a5,32(sp)
    2fb6:	06400613          	li	a2,100
    2fba:	4681                	li	a3,0
    2fbc:	4581                	li	a1,0
    2fbe:	8526                	mv	a0,s1
    2fc0:	ccf6                	sw	t4,88(sp)
    2fc2:	cafa                	sw	t5,84(sp)
    2fc4:	c69a                	sw	t1,76(sp)
    2fc6:	c4f2                	sw	t3,72(sp)
    2fc8:	c2c6                	sw	a7,68(sp)
    2fca:	b1bfd0ef          	jal	ra,ae4 <_ZN14_MOTOR_CONTROL10set_motionE20filament_motion_enumyy>
    2fce:	4e26                	lw	t3,72(sp)
    2fd0:	4336                	lw	t1,76(sp)
    2fd2:	4f56                	lw	t5,84(sp)
    2fd4:	4ee6                	lw	t4,88(sp)
    2fd6:	4791                	li	a5,4
    2fd8:	8472                	mv	s0,t3
    2fda:	891a                	mv	s2,t1
    2fdc:	8dfa                	mv	s11,t5
    2fde:	8876                	mv	a6,t4
    2fe0:	8b5e                	mv	s6,s7
    2fe2:	fafe0763          	beq	t3,a5,2790 <_ZL16motor_motion_runiym+0x2b6>
    2fe6:	09800493          	li	s1,152
    2fea:	029e04b3          	mul	s1,t3,s1
    2fee:	4896                	lw	a7,68(sp)
    2ff0:	0ffe7793          	zext.b	a5,t3
    2ff4:	94e2                	add	s1,s1,s8
    2ff6:	bf31                	j	2f12 <_ZL16motor_motion_runiym+0xa38>
    2ff8:	00892703          	lw	a4,8(s2)
    2ffc:	00d507b7          	lui	a5,0xd50
    3000:	02a78793          	addi	a5,a5,42 # d5002a <ch32v20x_wwdg.c.13394d49+0xd3216c>
    3004:	eef708e3          	beq	a4,a5,2ef4 <_ZL16motor_motion_runiym+0xa1a>
    3008:	00f92423          	sw	a5,8(s2)
    300c:	4785                	li	a5,1
    300e:	02f90623          	sb	a5,44(s2)
    3012:	b5cd                	j	2ef4 <_ZL16motor_motion_runiym+0xa1a>
    3014:	00694783          	lbu	a5,6(s2)
    3018:	ec078ee3          	beqz	a5,2ef4 <_ZL16motor_motion_runiym+0xa1a>
    301c:	67c1                	lui	a5,0x10
    301e:	00892703          	lw	a4,8(s2)
    3022:	f0078793          	addi	a5,a5,-256 # ff00 <MC_PULL_calibration.cpp.947435e8+0x58f>
    3026:	bff9                	j	3004 <_ZL16motor_motion_runiym+0xb2a>
    3028:	00084703          	lbu	a4,0(a6)
    302c:	00694783          	lbu	a5,6(s2)
    3030:	df31                	beqz	a4,2f8c <_ZL16motor_motion_runiym+0xab2>
    3032:	dfad                	beqz	a5,2fac <_ZL16motor_motion_runiym+0xad2>
    3034:	67c1                	lui	a5,0x10
    3036:	00892703          	lw	a4,8(s2)
    303a:	f0078793          	addi	a5,a5,-256 # ff00 <MC_PULL_calibration.cpp.947435e8+0x58f>
    303e:	b785                	j	2f9e <_ZL16motor_motion_runiym+0xac4>
    3040:	46c6                	lw	a3,80(sp)
    3042:	d20686e3          	beqz	a3,2d6e <_ZL16motor_motion_runiym+0x894>
    3046:	cf09                	beqz	a4,3060 <_ZL16motor_motion_runiym+0xb86>
    3048:	00892683          	lw	a3,8(s2)
    304c:	6741                	lui	a4,0x10
    304e:	f0070713          	addi	a4,a4,-256 # ff00 <MC_PULL_calibration.cpp.947435e8+0x58f>
    3052:	00e68763          	beq	a3,a4,3060 <_ZL16motor_motion_runiym+0xb86>
    3056:	00e92423          	sw	a4,8(s2)
    305a:	4705                	li	a4,1
    305c:	02e90623          	sb	a4,44(s2)
    3060:	03cca603          	lw	a2,60(s9)
    3064:	00241693          	slli	a3,s0,0x2
    3068:	01768733          	add	a4,a3,s7
    306c:	c310                	sw	a2,0(a4)
    306e:	000b4703          	lbu	a4,0(s6)
    3072:	01eda023          	sw	t5,0(s11)
    3076:	ef69                	bnez	a4,3150 <_ZL16motor_motion_runiym+0xc76>
    3078:	0fd7f713          	andi	a4,a5,253
    307c:	9001a783          	lw	a5,-1792(gp) # 20000290 <_ZL7g_scale+0xd0>
    3080:	177d                	addi	a4,a4,-1
    3082:	00173713          	seqz	a4,a4
    3086:	4585                	li	a1,1
    3088:	00568533          	add	a0,a3,t0
    308c:	c11c                	sw	a5,0(a0)
    308e:	00740533          	add	a0,s0,t2
    3092:	a10c                	sb	a1,0(a0)
    3094:	006405b3          	add	a1,s0,t1
    3098:	a198                	sb	a4,0(a1)
    309a:	45aa                	lw	a1,136(sp)
    309c:	00341713          	slli	a4,s0,0x3
    30a0:	c4c6                	sw	a7,72(sp)
    30a2:	95ba                	add	a1,a1,a4
    30a4:	c2c2                	sw	a6,68(sp)
    30a6:	4881                	li	a7,0
    30a8:	4801                	li	a6,0
    30aa:	0105a023          	sw	a6,0(a1)
    30ae:	0115a223          	sw	a7,4(a1)
    30b2:	459a                	lw	a1,132(sp)
    30b4:	00caa023          	sw	a2,0(s5)
    30b8:	000a0023          	sb	zero,0(s4)
    30bc:	95b6                	add	a1,a1,a3
    30be:	c19c                	sw	a5,0(a1)
    30c0:	01c687b3          	add	a5,a3,t3
    30c4:	01f7a023          	sw	t6,0(a5)
    30c8:	00000793          	li	a5,0
    30cc:	00f9a023          	sw	a5,0(s3)
    30d0:	01d707b3          	add	a5,a4,t4
    30d4:	4772                	lw	a4,28(sp)
    30d6:	06400613          	li	a2,100
    30da:	4681                	li	a3,0
    30dc:	c398                	sw	a4,0(a5)
    30de:	5702                	lw	a4,32(sp)
    30e0:	4589                	li	a1,2
    30e2:	8526                	mv	a0,s1
    30e4:	c3d8                	sw	a4,4(a5)
    30e6:	4772                	lw	a4,28(sp)
    30e8:	5782                	lw	a5,32(sp)
    30ea:	0405                	addi	s0,s0,1
    30ec:	03090913          	addi	s2,s2,48
    30f0:	9f5fd0ef          	jal	ra,ae4 <_ZN14_MOTOR_CONTROL10set_motionE20filament_motion_enumyy>
    30f4:	4816                	lw	a6,68(sp)
    30f6:	4f11                	li	t5,4
    30f8:	0d91                	addi	s11,s11,4
    30fa:	0991                	addi	s3,s3,4
    30fc:	0a05                	addi	s4,s4,1
    30fe:	0a91                	addi	s5,s5,4
    3100:	0805                	addi	a6,a6,1
    3102:	0b05                	addi	s6,s6,1
    3104:	040c8c93          	addi	s9,s9,64
    3108:	e9e40463          	beq	s0,t5,2790 <_ZL16motor_motion_runiym+0x2b6>
    310c:	09800493          	li	s1,152
    3110:	029404b3          	mul	s1,s0,s1
    3114:	48a6                	lw	a7,72(sp)
    3116:	0ff47793          	zext.b	a5,s0
    311a:	94e2                	add	s1,s1,s8
    311c:	e0f89863          	bne	a7,a5,272c <_ZL16motor_motion_runiym+0x252>
    3120:	20002737          	lui	a4,0x20002
    3124:	8f070e93          	addi	t4,a4,-1808 # 200018f0 <_ZL15g_pull_start_ms>
    3128:	9441af83          	lw	t6,-1724(gp) # 200002d4 <_ZL7g_scale+0x114>
    312c:	008d07b3          	add	a5,s10,s0
    3130:	20000737          	lui	a4,0x20000
    3134:	13070e13          	addi	t3,a4,304 # 20000130 <_ZL16g_pull_speed_set>
    3138:	239c                	lbu	a5,0(a5)
    313a:	a3018313          	addi	t1,gp,-1488 # 200003c0 <_ZL25g_dm_pb_front_was_present>
    313e:	a3418393          	addi	t2,gp,-1484 # 200003c4 <_ZL24g_dm_pb_use_front_switch>
    3142:	20000737          	lui	a4,0x20000
    3146:	12070293          	addi	t0,a4,288 # 20000120 <_ZL25filament_pull_back_target>
    314a:	c0079ce3          	bnez	a5,2d62 <_ZL16motor_motion_runiym+0x888>
    314e:	b655                	j	2cf2 <_ZL16motor_motion_runiym+0x818>
    3150:	8781a783          	lw	a5,-1928(gp) # 20000208 <_ZL7g_scale+0x48>
    3154:	4581                	li	a1,0
    3156:	4701                	li	a4,0
    3158:	bf05                	j	3088 <_ZL16motor_motion_runiym+0xbae>
    315a:	4746                	lw	a4,80(sp)
    315c:	c40700e3          	beqz	a4,2d9c <_ZL16motor_motion_runiym+0x8c2>
    3160:	cf89                	beqz	a5,317a <_ZL16motor_motion_runiym+0xca0>
    3162:	00892703          	lw	a4,8(s2)
    3166:	67c1                	lui	a5,0x10
    3168:	f0078793          	addi	a5,a5,-256 # ff00 <MC_PULL_calibration.cpp.947435e8+0x58f>
    316c:	00f70763          	beq	a4,a5,317a <_ZL16motor_motion_runiym+0xca0>
    3170:	00f92423          	sw	a5,8(s2)
    3174:	4785                	li	a5,1
    3176:	02f90623          	sb	a5,44(s2)
    317a:	000da783          	lw	a5,0(s11)
    317e:	470d                	li	a4,3
    3180:	03ccab83          	lw	s7,60(s9)
    3184:	00e78c63          	beq	a5,a4,319c <_ZL16motor_motion_runiym+0xcc2>
    3188:	00000793          	li	a5,0
    318c:	00eda023          	sw	a4,0(s11)
    3190:	017aa023          	sw	s7,0(s5)
    3194:	00f9a023          	sw	a5,0(s3)
    3198:	000a0023          	sb	zero,0(s4)
    319c:	000aa783          	lw	a5,0(s5)
    31a0:	4726                	lw	a4,72(sp)
    31a2:	45b6                	lw	a1,76(sp)
    31a4:	c2be                	sw	a5,68(sp)
    31a6:	00241793          	slli	a5,s0,0x2
    31aa:	97ba                	add	a5,a5,a4
    31ac:	4388                	lw	a0,0(a5)
    31ae:	017aa023          	sw	s7,0(s5)
    31b2:	ccc6                	sw	a7,88(sp)
    31b4:	cac2                	sw	a6,84(sp)
    31b6:	6e6070ef          	jal	ra,a89c <__gesf2>
    31ba:	4856                	lw	a6,84(sp)
    31bc:	48e6                	lw	a7,88(sp)
    31be:	08a05b63          	blez	a0,3254 <_ZL16motor_motion_runiym+0xd7a>
    31c2:	4596                	lw	a1,68(sp)
    31c4:	855e                	mv	a0,s7
    31c6:	2e1070ef          	jal	ra,aca6 <__subsf3>
    31ca:	000a0783          	lb	a5,0(s4)
    31ce:	4856                	lw	a6,84(sp)
    31d0:	48e6                	lw	a7,88(sp)
    31d2:	8baa                	mv	s7,a0
    31d4:	e7b1                	bnez	a5,3220 <_ZL16motor_motion_runiym+0xd46>
    31d6:	00000593          	li	a1,0
    31da:	cac6                	sw	a7,84(sp)
    31dc:	c2c2                	sw	a6,68(sp)
    31de:	754070ef          	jal	ra,a932 <__lesf2>
    31e2:	4816                	lw	a6,68(sp)
    31e4:	48d6                	lw	a7,84(sp)
    31e6:	0e055263          	bgez	a0,32ca <_ZL16motor_motion_runiym+0xdf0>
    31ea:	80000537          	lui	a0,0x80000
    31ee:	01754533          	xor	a0,a0,s7
    31f2:	95c1a583          	lw	a1,-1700(gp) # 200002ec <_ZL7g_scale+0x12c>
    31f6:	cac6                	sw	a7,84(sp)
    31f8:	c2c2                	sw	a6,68(sp)
    31fa:	6a2070ef          	jal	ra,a89c <__gesf2>
    31fe:	4816                	lw	a6,68(sp)
    3200:	48d6                	lw	a7,84(sp)
    3202:	00a05f63          	blez	a0,3220 <_ZL16motor_motion_runiym+0xd46>
    3206:	00000593          	li	a1,0
    320a:	855e                	mv	a0,s7
    320c:	690070ef          	jal	ra,a89c <__gesf2>
    3210:	4816                	lw	a6,68(sp)
    3212:	48d6                	lw	a7,84(sp)
    3214:	4785                	li	a5,1
    3216:	00055363          	bgez	a0,321c <_ZL16motor_motion_runiym+0xd42>
    321a:	57fd                	li	a5,-1
    321c:	00fa0023          	sb	a5,0(s4)
    3220:	0009a703          	lw	a4,0(s3)
    3224:	000a0783          	lb	a5,0(s4)
    3228:	c2ba                	sw	a4,68(sp)
    322a:	0af05263          	blez	a5,32ce <_ZL16motor_motion_runiym+0xdf4>
    322e:	00000593          	li	a1,0
    3232:	855e                	mv	a0,s7
    3234:	ccc6                	sw	a7,88(sp)
    3236:	cac2                	sw	a6,84(sp)
    3238:	664070ef          	jal	ra,a89c <__gesf2>
    323c:	4856                	lw	a6,84(sp)
    323e:	48e6                	lw	a7,88(sp)
    3240:	00a05a63          	blez	a0,3254 <_ZL16motor_motion_runiym+0xd7a>
    3244:	4596                	lw	a1,68(sp)
    3246:	855e                	mv	a0,s7
    3248:	7a5060ef          	jal	ra,a1ec <__addsf3>
    324c:	4856                	lw	a6,84(sp)
    324e:	48e6                	lw	a7,88(sp)
    3250:	00a9a023          	sw	a0,0(s3)
    3254:	0009ab83          	lw	s7,0(s3)
    3258:	00000593          	li	a1,0
    325c:	cac6                	sw	a7,84(sp)
    325e:	855e                	mv	a0,s7
    3260:	c2c2                	sw	a6,68(sp)
    3262:	6d0070ef          	jal	ra,a932 <__lesf2>
    3266:	4816                	lw	a6,68(sp)
    3268:	48d6                	lw	a7,84(sp)
    326a:	08055763          	bgez	a0,32f8 <_ZL16motor_motion_runiym+0xe1e>
    326e:	00000793          	li	a5,0
    3272:	00f9a023          	sw	a5,0(s3)
    3276:	5782                	lw	a5,32(sp)
    3278:	4772                	lw	a4,28(sp)
    327a:	12c00613          	li	a2,300
    327e:	4681                	li	a3,0
    3280:	45a1                	li	a1,8
    3282:	8526                	mv	a0,s1
    3284:	c2c2                	sw	a6,68(sp)
    3286:	cac6                	sw	a7,84(sp)
    3288:	85dfd0ef          	jal	ra,ae4 <_ZN14_MOTOR_CONTROL10set_motionE20filament_motion_enumyy>
    328c:	4816                	lw	a6,68(sp)
    328e:	0405                	addi	s0,s0,1
    3290:	4791                	li	a5,4
    3292:	03090913          	addi	s2,s2,48
    3296:	0d91                	addi	s11,s11,4
    3298:	0991                	addi	s3,s3,4
    329a:	0a05                	addi	s4,s4,1
    329c:	0a91                	addi	s5,s5,4
    329e:	0805                	addi	a6,a6,1
    32a0:	0b05                	addi	s6,s6,1
    32a2:	040c8c93          	addi	s9,s9,64
    32a6:	cef40563          	beq	s0,a5,2790 <_ZL16motor_motion_runiym+0x2b6>
    32aa:	09800493          	li	s1,152
    32ae:	029404b3          	mul	s1,s0,s1
    32b2:	48d6                	lw	a7,84(sp)
    32b4:	0ff47793          	zext.b	a5,s0
    32b8:	94e2                	add	s1,s1,s8
    32ba:	c6f89963          	bne	a7,a5,272c <_ZL16motor_motion_runiym+0x252>
    32be:	008d07b3          	add	a5,s10,s0
    32c2:	239c                	lbu	a5,0(a5)
    32c4:	ac0796e3          	bnez	a5,2d90 <_ZL16motor_motion_runiym+0x8b6>
    32c8:	b42d                	j	2cf2 <_ZL16motor_motion_runiym+0x818>
    32ca:	855e                	mv	a0,s7
    32cc:	b71d                	j	31f2 <_ZL16motor_motion_runiym+0xd18>
    32ce:	d3d9                	beqz	a5,3254 <_ZL16motor_motion_runiym+0xd7a>
    32d0:	00000593          	li	a1,0
    32d4:	855e                	mv	a0,s7
    32d6:	ccc6                	sw	a7,88(sp)
    32d8:	cac2                	sw	a6,84(sp)
    32da:	658070ef          	jal	ra,a932 <__lesf2>
    32de:	4856                	lw	a6,84(sp)
    32e0:	48e6                	lw	a7,88(sp)
    32e2:	f60559e3          	bgez	a0,3254 <_ZL16motor_motion_runiym+0xd7a>
    32e6:	4516                	lw	a0,68(sp)
    32e8:	85de                	mv	a1,s7
    32ea:	1bd070ef          	jal	ra,aca6 <__subsf3>
    32ee:	48e6                	lw	a7,88(sp)
    32f0:	4856                	lw	a6,84(sp)
    32f2:	00a9a023          	sw	a0,0(s3)
    32f6:	bfb9                	j	3254 <_ZL16motor_motion_runiym+0xd7a>
    32f8:	8b01a583          	lw	a1,-1872(gp) # 20000240 <_ZL7g_scale+0x80>
    32fc:	855e                	mv	a0,s7
    32fe:	cac6                	sw	a7,84(sp)
    3300:	c2c2                	sw	a6,68(sp)
    3302:	59a070ef          	jal	ra,a89c <__gesf2>
    3306:	4816                	lw	a6,68(sp)
    3308:	48d6                	lw	a7,84(sp)
    330a:	f6a056e3          	blez	a0,3276 <_ZL16motor_motion_runiym+0xd9c>
    330e:	8b01a583          	lw	a1,-1872(gp) # 20000240 <_ZL7g_scale+0x80>
    3312:	00b9a023          	sw	a1,0(s3)
    3316:	b785                	j	3276 <_ZL16motor_motion_runiym+0xd9c>
    3318:	00892683          	lw	a3,8(s2)
    331c:	00b00737          	lui	a4,0xb00
    3320:	0ff70713          	addi	a4,a4,255 # b000ff <ch32v20x_wwdg.c.13394d49+0xae2241>
    3324:	ace686e3          	beq	a3,a4,2df0 <_ZL16motor_motion_runiym+0x916>
    3328:	00e92423          	sw	a4,8(s2)
    332c:	4705                	li	a4,1
    332e:	02e90623          	sb	a4,44(s2)
    3332:	bc7d                	j	2df0 <_ZL16motor_motion_runiym+0x916>
    3334:	00694703          	lbu	a4,6(s2)
    3338:	aa070ce3          	beqz	a4,2df0 <_ZL16motor_motion_runiym+0x916>
    333c:	6741                	lui	a4,0x10
    333e:	00892683          	lw	a3,8(s2)
    3342:	f0070713          	addi	a4,a4,-256 # ff00 <MC_PULL_calibration.cpp.947435e8+0x58f>
    3346:	bff9                	j	3324 <_ZL16motor_motion_runiym+0xe4a>
    3348:	000b4783          	lbu	a5,0(s6)
    334c:	00140e13          	addi	t3,s0,1
    3350:	03090313          	addi	t1,s2,48
    3354:	00180393          	addi	t2,a6,1
    3358:	000da023          	sw	zero,0(s11)
    335c:	cc9e                	sw	t2,88(sp)
    335e:	ca9a                	sw	t1,84(sp)
    3360:	c6f2                	sw	t3,76(sp)
    3362:	c4c6                	sw	a7,72(sp)
    3364:	c2c2                	sw	a6,68(sp)
    3366:	4772                	lw	a4,28(sp)
    3368:	0d91                	addi	s11,s11,4
    336a:	0991                	addi	s3,s3,4
    336c:	0a05                	addi	s4,s4,1
    336e:	0a91                	addi	s5,s5,4
    3370:	0b05                	addi	s6,s6,1
    3372:	040c8c93          	addi	s9,s9,64
    3376:	cfb9                	beqz	a5,33d4 <_ZL16motor_motion_runiym+0xefa>
    3378:	5782                	lw	a5,32(sp)
    337a:	06400613          	li	a2,100
    337e:	4681                	li	a3,0
    3380:	458d                	li	a1,3
    3382:	8526                	mv	a0,s1
    3384:	f60fd0ef          	jal	ra,ae4 <_ZN14_MOTOR_CONTROL10set_motionE20filament_motion_enumyy>
    3388:	4816                	lw	a6,68(sp)
    338a:	6741                	lui	a4,0x10
    338c:	48a6                	lw	a7,72(sp)
    338e:	00084783          	lbu	a5,0(a6)
    3392:	4e36                	lw	t3,76(sp)
    3394:	4356                	lw	t1,84(sp)
    3396:	43e6                	lw	t2,88(sp)
    3398:	f0070e93          	addi	t4,a4,-256 # ff00 <MC_PULL_calibration.cpp.947435e8+0x58f>
    339c:	00354737          	lui	a4,0x354
    33a0:	4f05                	li	t5,1
    33a2:	09800293          	li	t0,152
    33a6:	83270f93          	addi	t6,a4,-1998 # 353832 <ch32v20x_wwdg.c.13394d49+0x335974>
    33aa:	e3a5                	bnez	a5,340a <_ZL16motor_motion_runiym+0xf30>
    33ac:	00694783          	lbu	a5,6(s2)
    33b0:	efb5                	bnez	a5,342c <_ZL16motor_motion_runiym+0xf52>
    33b2:	8472                	mv	s0,t3
    33b4:	891a                	mv	s2,t1
    33b6:	881e                	mv	a6,t2
    33b8:	bd7e0c63          	beq	t3,s7,2790 <_ZL16motor_motion_runiym+0x2b6>
    33bc:	025e04b3          	mul	s1,t3,t0
    33c0:	0ffe7793          	zext.b	a5,t3
    33c4:	94e2                	add	s1,s1,s8
    33c6:	b6f89363          	bne	a7,a5,272c <_ZL16motor_motion_runiym+0x252>
    33ca:	01cd07b3          	add	a5,s10,t3
    33ce:	239c                	lbu	a5,0(a5)
    33d0:	ffa5                	bnez	a5,3348 <_ZL16motor_motion_runiym+0xe6e>
    33d2:	b205                	j	2cf2 <_ZL16motor_motion_runiym+0x818>
    33d4:	5782                	lw	a5,32(sp)
    33d6:	06400613          	li	a2,100
    33da:	4681                	li	a3,0
    33dc:	459d                	li	a1,7
    33de:	8526                	mv	a0,s1
    33e0:	f04fd0ef          	jal	ra,ae4 <_ZN14_MOTOR_CONTROL10set_motionE20filament_motion_enumyy>
    33e4:	57e6                	lw	a5,120(sp)
    33e6:	6741                	lui	a4,0x10
    33e8:	f0070e93          	addi	t4,a4,-256 # ff00 <MC_PULL_calibration.cpp.947435e8+0x58f>
    33ec:	97a2                	add	a5,a5,s0
    33ee:	239c                	lbu	a5,0(a5)
    33f0:	00354737          	lui	a4,0x354
    33f4:	4816                	lw	a6,68(sp)
    33f6:	48a6                	lw	a7,72(sp)
    33f8:	4e36                	lw	t3,76(sp)
    33fa:	4356                	lw	t1,84(sp)
    33fc:	43e6                	lw	t2,88(sp)
    33fe:	4f05                	li	t5,1
    3400:	09800293          	li	t0,152
    3404:	83270f93          	addi	t6,a4,-1998 # 353832 <ch32v20x_wwdg.c.13394d49+0x335974>
    3408:	cb99                	beqz	a5,341e <_ZL16motor_motion_runiym+0xf44>
    340a:	00694783          	lbu	a5,6(s2)
    340e:	d3d5                	beqz	a5,33b2 <_ZL16motor_motion_runiym+0xed8>
    3410:	00892783          	lw	a5,8(s2)
    3414:	f9d78fe3          	beq	a5,t4,33b2 <_ZL16motor_motion_runiym+0xed8>
    3418:	01d92423          	sw	t4,8(s2)
    341c:	a831                	j	3438 <_ZL16motor_motion_runiym+0xf5e>
    341e:	57f6                	lw	a5,124(sp)
    3420:	943e                	add	s0,s0,a5
    3422:	201c                	lbu	a5,0(s0)
    3424:	cf89                	beqz	a5,343e <_ZL16motor_motion_runiym+0xf64>
    3426:	00084783          	lbu	a5,0(a6)
    342a:	b741                	j	33aa <_ZL16motor_motion_runiym+0xed0>
    342c:	00892783          	lw	a5,8(s2)
    3430:	f9f781e3          	beq	a5,t6,33b2 <_ZL16motor_motion_runiym+0xed8>
    3434:	01f92423          	sw	t6,8(s2)
    3438:	03e90623          	sb	t5,44(s2)
    343c:	bf9d                	j	33b2 <_ZL16motor_motion_runiym+0xed8>
    343e:	00084783          	lbu	a5,0(a6)
    3442:	f7e1                	bnez	a5,340a <_ZL16motor_motion_runiym+0xf30>
    3444:	00694783          	lbu	a5,6(s2)
    3448:	d7ad                	beqz	a5,33b2 <_ZL16motor_motion_runiym+0xed8>
    344a:	00892783          	lw	a5,8(s2)
    344e:	d3b5                	beqz	a5,33b2 <_ZL16motor_motion_runiym+0xed8>
    3450:	00092423          	sw	zero,8(s2)
    3454:	b7d5                	j	3438 <_ZL16motor_motion_runiym+0xf5e>
    3456:	00694783          	lbu	a5,6(s2)
    345a:	b0078d63          	beqz	a5,2774 <_ZL16motor_motion_runiym+0x29a>
    345e:	00892703          	lw	a4,8(s2)
    3462:	67c1                	lui	a5,0x10
    3464:	f0078793          	addi	a5,a5,-256 # ff00 <MC_PULL_calibration.cpp.947435e8+0x58f>
    3468:	b0f70663          	beq	a4,a5,2774 <_ZL16motor_motion_runiym+0x29a>
    346c:	00f92423          	sw	a5,8(s2)
    3470:	b875                	j	2d2c <_ZL16motor_motion_runiym+0x852>
    3472:	a0090913          	addi	s2,s2,-1536
    3476:	260c0493          	addi	s1,s8,608
    347a:	4772                	lw	a4,28(sp)
    347c:	5782                	lw	a5,32(sp)
    347e:	854a                	mv	a0,s2
    3480:	06400613          	li	a2,100
    3484:	4681                	li	a3,0
    3486:	458d                	li	a1,3
    3488:	09890913          	addi	s2,s2,152
    348c:	e58fd0ef          	jal	ra,ae4 <_ZN14_MOTOR_CONTROL10set_motionE20filament_motion_enumyy>
    3490:	fe9915e3          	bne	s2,s1,347a <_ZL16motor_motion_runiym+0xfa0>
    3494:	afcff06f          	j	2790 <_ZL16motor_motion_runiym+0x2b6>
    3498:	57b6                	lw	a5,108(sp)
    349a:	97e6                	add	a5,a5,s9
    349c:	239c                	lbu	a5,0(a5)
    349e:	cb89                	beqz	a5,34b0 <_ZL16motor_motion_runiym+0xfd6>
    34a0:	4746                	lw	a4,80(sp)
    34a2:	2318                	lbu	a4,0(a4)
    34a4:	1a071663          	bnez	a4,3650 <_ZL16motor_motion_runiym+0x1176>
    34a8:	4014                	lw	a3,0(s0)
    34aa:	471d                	li	a4,7
    34ac:	0ce68763          	beq	a3,a4,357a <_ZL16motor_motion_runiym+0x10a0>
    34b0:	5706                	lw	a4,96(sp)
    34b2:	4676                	lw	a2,92(sp)
    34b4:	4681                	li	a3,0
    34b6:	00070023          	sb	zero,0(a4)
    34ba:	4746                	lw	a4,80(sp)
    34bc:	c214                	sw	a3,0(a2)
    34be:	00070023          	sb	zero,0(a4)
    34c2:	4736                	lw	a4,76(sp)
    34c4:	00070023          	sb	zero,0(a4)
    34c8:	4701                	li	a4,0
    34ca:	c258                	sw	a4,4(a2)
    34cc:	4626                	lw	a2,72(sp)
    34ce:	c214                	sw	a3,0(a2)
    34d0:	c258                	sw	a4,4(a2)
    34d2:	4616                	lw	a2,68(sp)
    34d4:	c214                	sw	a3,0(a2)
    34d6:	c258                	sw	a4,4(a2)
    34d8:	24078463          	beqz	a5,3720 <_ZL16motor_motion_runiym+0x1246>
    34dc:	47c6                	lw	a5,80(sp)
    34de:	2384                	lbu	s1,0(a5)
    34e0:	019d07b3          	add	a5,s10,s9
    34e4:	239c                	lbu	a5,0(a5)
    34e6:	22079b63          	bnez	a5,371c <_ZL16motor_motion_runiym+0x1242>
    34ea:	8f01a583          	lw	a1,-1808(gp) # 20000280 <_ZL7g_scale+0xc0>
    34ee:	57d6                	lw	a5,116(sp)
    34f0:	4388                	lw	a0,0(a5)
    34f2:	3aa070ef          	jal	ra,a89c <__gesf2>
    34f6:	22a05363          	blez	a0,371c <_ZL16motor_motion_runiym+0x1242>
    34fa:	09042903          	lw	s2,144(s0)
    34fe:	2e048363          	beqz	s1,37e4 <_ZL16motor_motion_runiym+0x130a>
    3502:	09042903          	lw	s2,144(s0)
    3506:	45da                	lw	a1,148(sp)
    3508:	854a                	mv	a0,s2
    350a:	4c0070ef          	jal	ra,a9ca <__mulsf3>
    350e:	85aa                	mv	a1,a0
    3510:	84aa                	mv	s1,a0
    3512:	854a                	mv	a0,s2
    3514:	4b6070ef          	jal	ra,a9ca <__mulsf3>
    3518:	00000593          	li	a1,0
    351c:	416070ef          	jal	ra,a932 <__lesf2>
    3520:	00055463          	bgez	a0,3528 <_ZL16motor_motion_runiym+0x104e>
    3524:	00000493          	li	s1,0
    3528:	00000793          	li	a5,0
    352c:	85be                	mv	a1,a5
    352e:	cc3c                	sw	a5,88(s0)
    3530:	cc7c                	sw	a5,92(s0)
    3532:	dc3c                	sw	a5,120(s0)
    3534:	dc7c                	sw	a5,124(s0)
    3536:	8526                	mv	a0,s1
    3538:	306070ef          	jal	ra,a83e <__eqsf2>
    353c:	476a                	lw	a4,152(sp)
    353e:	002c9793          	slli	a5,s9,0x2
    3542:	00153513          	seqz	a0,a0
    3546:	97ba                	add	a5,a5,a4
    3548:	c384                	sw	s1,0(a5)
    354a:	a408                	sb	a0,8(s0)
    354c:	8526                	mv	a0,s1
    354e:	2e5070ef          	jal	ra,b032 <__fixsfsi>
    3552:	85aa                	mv	a1,a0
    3554:	854e                	mv	a0,s3
    3556:	abffd0ef          	jal	ra,1014 <_Z22Motion_control_set_PWMhi>
    355a:	5796                	lw	a5,100(sp)
    355c:	97e6                	add	a5,a5,s9
    355e:	239c                	lbu	a5,0(a5)
    3560:	2e079063          	bnez	a5,3840 <_ZL16motor_motion_runiym+0x1366>
    3564:	57c2                	lw	a5,48(sp)
    3566:	23fc                	lbu	a5,6(a5)
    3568:	2e078e63          	beqz	a5,3864 <_ZL16motor_motion_runiym+0x138a>
    356c:	57c2                	lw	a5,48(sp)
    356e:	4798                	lw	a4,8(a5)
    3570:	002da7b7          	lui	a5,0x2da
    3574:	0ff78793          	addi	a5,a5,255 # 2da0ff <ch32v20x_wwdg.c.13394d49+0x2bc241>
    3578:	acf9                	j	3856 <_ZL16motor_motion_runiym+0x137c>
    357a:	57d6                	lw	a5,116(sp)
    357c:	4384                	lw	s1,0(a5)
    357e:	019d07b3          	add	a5,s10,s9
    3582:	0007ca03          	lbu	s4,0(a5)
    3586:	8f01a583          	lw	a1,-1808(gp) # 20000280 <_ZL7g_scale+0xc0>
    358a:	8526                	mv	a0,s1
    358c:	310070ef          	jal	ra,a89c <__gesf2>
    3590:	08054763          	bltz	a0,361e <_ZL16motor_motion_runiym+0x1144>
    3594:	47b6                	lw	a5,76(sp)
    3596:	00078023          	sb	zero,0(a5)
    359a:	5786                	lw	a5,96(sp)
    359c:	239c                	lbu	a5,0(a5)
    359e:	cbf1                	beqz	a5,3672 <_ZL16motor_motion_runiym+0x1198>
    35a0:	47f6                	lw	a5,92(sp)
    35a2:	5702                	lw	a4,32(sp)
    35a4:	8526                	mv	a0,s1
    35a6:	0007aa83          	lw	s5,0(a5)
    35aa:	0047a903          	lw	s2,4(a5)
    35ae:	47f2                	lw	a5,28(sp)
    35b0:	41270933          	sub	s2,a4,s2
    35b4:	41578ab3          	sub	s5,a5,s5
    35b8:	0157b7b3          	sltu	a5,a5,s5
    35bc:	40f90933          	sub	s2,s2,a5
    35c0:	8901a583          	lw	a1,-1904(gp) # 20000220 <_ZL7g_scale+0x60>
    35c4:	2d8070ef          	jal	ra,a89c <__gesf2>
    35c8:	0aa05e63          	blez	a0,3684 <_ZL16motor_motion_runiym+0x11aa>
    35cc:	8941a583          	lw	a1,-1900(gp) # 20000224 <_ZL7g_scale+0x64>
    35d0:	8526                	mv	a0,s1
    35d2:	360070ef          	jal	ra,a932 <__lesf2>
    35d6:	0a055763          	bgez	a0,3684 <_ZL16motor_motion_runiym+0x11aa>
    35da:	47b6                	lw	a5,76(sp)
    35dc:	239c                	lbu	a5,0(a5)
    35de:	e795                	bnez	a5,360a <_ZL16motor_motion_runiym+0x1130>
    35e0:	02091563          	bnez	s2,360a <_ZL16motor_motion_runiym+0x1130>
    35e4:	3e800793          	li	a5,1000
    35e8:	0357e163          	bltu	a5,s5,360a <_ZL16motor_motion_runiym+0x1130>
    35ec:	4746                	lw	a4,80(sp)
    35ee:	4785                	li	a5,1
    35f0:	46f2                	lw	a3,28(sp)
    35f2:	a31c                	sb	a5,0(a4)
    35f4:	4726                	lw	a4,72(sp)
    35f6:	4616                	lw	a2,68(sp)
    35f8:	c314                	sw	a3,0(a4)
    35fa:	5682                	lw	a3,32(sp)
    35fc:	c354                	sw	a3,4(a4)
    35fe:	4701                	li	a4,0
    3600:	c258                	sw	a4,4(a2)
    3602:	4736                	lw	a4,76(sp)
    3604:	4681                	li	a3,0
    3606:	c214                	sw	a3,0(a2)
    3608:	a31c                	sb	a5,0(a4)
    360a:	5786                	lw	a5,96(sp)
    360c:	4801                	li	a6,0
    360e:	00078023          	sb	zero,0(a5)
    3612:	4776                	lw	a4,92(sp)
    3614:	4781                	li	a5,0
    3616:	c31c                	sw	a5,0(a4)
    3618:	01072223          	sw	a6,4(a4)
    361c:	a021                	j	3624 <_ZL16motor_motion_runiym+0x114a>
    361e:	5786                	lw	a5,96(sp)
    3620:	239c                	lbu	a5,0(a5)
    3622:	ffbd                	bnez	a5,35a0 <_ZL16motor_motion_runiym+0x10c6>
    3624:	47c6                	lw	a5,80(sp)
    3626:	239c                	lbu	a5,0(a5)
    3628:	ea078ae3          	beqz	a5,34dc <_ZL16motor_motion_runiym+0x1002>
    362c:	9601a583          	lw	a1,-1696(gp) # 200002f0 <_ZL7g_scale+0x130>
    3630:	8526                	mv	a0,s1
    3632:	300070ef          	jal	ra,a932 <__lesf2>
    3636:	04055e63          	bgez	a0,3692 <_ZL16motor_motion_runiym+0x11b8>
    363a:	47c6                	lw	a5,80(sp)
    363c:	4726                	lw	a4,72(sp)
    363e:	4801                	li	a6,0
    3640:	00078023          	sb	zero,0(a5)
    3644:	4781                	li	a5,0
    3646:	c31c                	sw	a5,0(a4)
    3648:	01072223          	sw	a6,4(a4)
    364c:	4716                	lw	a4,68(sp)
    364e:	a061                	j	36d6 <_ZL16motor_motion_runiym+0x11fc>
    3650:	57d6                	lw	a5,116(sp)
    3652:	4384                	lw	s1,0(a5)
    3654:	019d07b3          	add	a5,s10,s9
    3658:	0007ca03          	lbu	s4,0(a5)
    365c:	8f01a583          	lw	a1,-1808(gp) # 20000280 <_ZL7g_scale+0xc0>
    3660:	8526                	mv	a0,s1
    3662:	23a070ef          	jal	ra,a89c <__gesf2>
    3666:	fa054fe3          	bltz	a0,3624 <_ZL16motor_motion_runiym+0x114a>
    366a:	47b6                	lw	a5,76(sp)
    366c:	00078023          	sb	zero,0(a5)
    3670:	bf55                	j	3624 <_ZL16motor_motion_runiym+0x114a>
    3672:	5706                	lw	a4,96(sp)
    3674:	4785                	li	a5,1
    3676:	a31c                	sb	a5,0(a4)
    3678:	47f6                	lw	a5,92(sp)
    367a:	4772                	lw	a4,28(sp)
    367c:	c398                	sw	a4,0(a5)
    367e:	5702                	lw	a4,32(sp)
    3680:	c3d8                	sw	a4,4(a5)
    3682:	bf39                	j	35a0 <_ZL16motor_motion_runiym+0x10c6>
    3684:	f80913e3          	bnez	s2,360a <_ZL16motor_motion_runiym+0x1130>
    3688:	3e800793          	li	a5,1000
    368c:	f957fce3          	bgeu	a5,s5,3624 <_ZL16motor_motion_runiym+0x114a>
    3690:	bfad                	j	360a <_ZL16motor_motion_runiym+0x1130>
    3692:	4785                	li	a5,1
    3694:	04fa1863          	bne	s4,a5,36e4 <_ZL16motor_motion_runiym+0x120a>
    3698:	4716                	lw	a4,68(sp)
    369a:	4781                	li	a5,0
    369c:	4801                	li	a6,0
    369e:	c31c                	sw	a5,0(a4)
    36a0:	47a6                	lw	a5,72(sp)
    36a2:	01072223          	sw	a6,4(a4)
    36a6:	4726                	lw	a4,72(sp)
    36a8:	46f2                	lw	a3,28(sp)
    36aa:	439c                	lw	a5,0(a5)
    36ac:	4358                	lw	a4,4(a4)
    36ae:	5602                	lw	a2,32(sp)
    36b0:	40f687b3          	sub	a5,a3,a5
    36b4:	00f6b6b3          	sltu	a3,a3,a5
    36b8:	40e60733          	sub	a4,a2,a4
    36bc:	00d71763          	bne	a4,a3,36ca <_ZL16motor_motion_runiym+0x11f0>
    36c0:	6711                	lui	a4,0x4
    36c2:	a9770713          	addi	a4,a4,-1385 # 3a97 <_ZL16motor_motion_runiym+0x15bd>
    36c6:	e0f77be3          	bgeu	a4,a5,34dc <_ZL16motor_motion_runiym+0x1002>
    36ca:	47c6                	lw	a5,80(sp)
    36cc:	4726                	lw	a4,72(sp)
    36ce:	4801                	li	a6,0
    36d0:	00078023          	sb	zero,0(a5)
    36d4:	4781                	li	a5,0
    36d6:	c31c                	sw	a5,0(a4)
    36d8:	01072223          	sw	a6,4(a4)
    36dc:	4736                	lw	a4,76(sp)
    36de:	4785                	li	a5,1
    36e0:	a31c                	sb	a5,0(a4)
    36e2:	bbed                	j	34dc <_ZL16motor_motion_runiym+0x1002>
    36e4:	4796                	lw	a5,68(sp)
    36e6:	4716                	lw	a4,68(sp)
    36e8:	439c                	lw	a5,0(a5)
    36ea:	4358                	lw	a4,4(a4)
    36ec:	00e7e6b3          	or	a3,a5,a4
    36f0:	e699                	bnez	a3,36fe <_ZL16motor_motion_runiym+0x1224>
    36f2:	4796                	lw	a5,68(sp)
    36f4:	4772                	lw	a4,28(sp)
    36f6:	c398                	sw	a4,0(a5)
    36f8:	5702                	lw	a4,32(sp)
    36fa:	c3d8                	sw	a4,4(a5)
    36fc:	b3c5                	j	34dc <_ZL16motor_motion_runiym+0x1002>
    36fe:	46f2                	lw	a3,28(sp)
    3700:	5602                	lw	a2,32(sp)
    3702:	40f687b3          	sub	a5,a3,a5
    3706:	00f6b6b3          	sltu	a3,a3,a5
    370a:	40e60733          	sub	a4,a2,a4
    370e:	f2d716e3          	bne	a4,a3,363a <_ZL16motor_motion_runiym+0x1160>
    3712:	5db00713          	li	a4,1499
    3716:	dcf773e3          	bgeu	a4,a5,34dc <_ZL16motor_motion_runiym+0x1002>
    371a:	b705                	j	363a <_ZL16motor_motion_runiym+0x1160>
    371c:	de0493e3          	bnez	s1,3502 <_ZL16motor_motion_runiym+0x1028>
    3720:	5726                	lw	a4,104(sp)
    3722:	401c                	lw	a5,0(s0)
    3724:	14070063          	beqz	a4,3864 <_ZL16motor_motion_runiym+0x138a>
    3728:	4810                	lw	a2,16(s0)
    372a:	4854                	lw	a3,20(s0)
    372c:	470d                	li	a4,3
    372e:	00d665b3          	or	a1,a2,a3
    3732:	1ce79263          	bne	a5,a4,38f6 <_ZL16motor_motion_runiym+0x141c>
    3736:	e581                	bnez	a1,373e <_ZL16motor_motion_runiym+0x1264>
    3738:	2418                	lbu	a4,8(s0)
    373a:	12071563          	bnez	a4,3864 <_ZL16motor_motion_runiym+0x138a>
    373e:	00442b03          	lw	s6,4(s0)
    3742:	20002737          	lui	a4,0x20002
    3746:	ce070713          	addi	a4,a4,-800 # 20001ce0 <speed_as5600>
    374a:	002b1b93          	slli	s7,s6,0x2
    374e:	975e                	add	a4,a4,s7
    3750:	4318                	lw	a4,0(a4)
    3752:	003b1c13          	slli	s8,s6,0x3
    3756:	d63a                	sw	a4,44(sp)
    3758:	00000713          	li	a4,0
    375c:	d53a                	sw	a4,168(sp)
    375e:	20002737          	lui	a4,0x20002
    3762:	d9070713          	addi	a4,a4,-624 # 20001d90 <_ZL21g_last_on_use_exit_ms>
    3766:	9762                	add	a4,a4,s8
    3768:	4354                	lw	a3,4(a4)
    376a:	4310                	lw	a2,0(a4)
    376c:	e681                	bnez	a3,3774 <_ZL16motor_motion_runiym+0x129a>
    376e:	4705                	li	a4,1
    3770:	20c77f63          	bgeu	a4,a2,398e <_ZL16motor_motion_runiym+0x14b4>
    3774:	4772                	lw	a4,28(sp)
    3776:	40c705b3          	sub	a1,a4,a2
    377a:	00b73533          	sltu	a0,a4,a1
    377e:	5702                	lw	a4,32(sp)
    3780:	8f15                	sub	a4,a4,a3
    3782:	8f09                	sub	a4,a4,a0
    3784:	20002837          	lui	a6,0x20002
    3788:	451d                	li	a0,7
    378a:	d7c80d93          	addi	s11,a6,-644 # 20001d7c <_ZN14_MOTOR_CONTROL6x_prevE>
    378e:	20a79363          	bne	a5,a0,3994 <_ZL16motor_motion_runiym+0x14ba>
    3792:	016d07b3          	add	a5,s10,s6
    3796:	239c                	lbu	a5,0(a5)
    3798:	24079d63          	bnez	a5,39f2 <_ZL16motor_motion_runiym+0x1518>
    379c:	57b6                	lw	a5,108(sp)
    379e:	97da                	add	a5,a5,s6
    37a0:	0007c903          	lbu	s2,0(a5)
    37a4:	24090763          	beqz	s2,39f2 <_ZL16motor_motion_runiym+0x1518>
    37a8:	00d667b3          	or	a5,a2,a3
    37ac:	e399                	bnez	a5,37b2 <_ZL16motor_motion_runiym+0x12d8>
    37ae:	5040106f          	j	4cb2 <_ZL16motor_motion_runiym+0x27d8>
    37b2:	4785                	li	a5,1
    37b4:	00f61563          	bne	a2,a5,37be <_ZL16motor_motion_runiym+0x12e4>
    37b8:	e299                	bnez	a3,37be <_ZL16motor_motion_runiym+0x12e4>
    37ba:	4fa0106f          	j	4cb4 <_ZL16motor_motion_runiym+0x27da>
    37be:	c319                	beqz	a4,37c4 <_ZL16motor_motion_runiym+0x12ea>
    37c0:	4f40106f          	j	4cb4 <_ZL16motor_motion_runiym+0x27da>
    37c4:	6789                	lui	a5,0x2
    37c6:	70f78793          	addi	a5,a5,1807 # 270f <_ZL16motor_motion_runiym+0x235>
    37ca:	00b7f463          	bgeu	a5,a1,37d2 <_ZL16motor_motion_runiym+0x12f8>
    37ce:	4e60106f          	j	4cb4 <_ZL16motor_motion_runiym+0x27da>
    37d2:	00000793          	li	a5,0
    37d6:	0a010323          	sb	zero,166(sp)
    37da:	d73e                	sw	a5,172(sp)
    37dc:	0a0103a3          	sb	zero,167(sp)
    37e0:	caca                	sw	s2,84(sp)
    37e2:	a40d                	j	3a04 <_ZL16motor_motion_runiym+0x152a>
    37e4:	9641a583          	lw	a1,-1692(gp) # 200002f4 <_ZL7g_scale+0x134>
    37e8:	854a                	mv	a0,s2
    37ea:	1e0070ef          	jal	ra,a9ca <__mulsf3>
    37ee:	85ca                	mv	a1,s2
    37f0:	84aa                	mv	s1,a0
    37f2:	1d8070ef          	jal	ra,a9ca <__mulsf3>
    37f6:	00000593          	li	a1,0
    37fa:	138070ef          	jal	ra,a932 <__lesf2>
    37fe:	00055463          	bgez	a0,3806 <_ZL16motor_motion_runiym+0x132c>
    3802:	00000493          	li	s1,0
    3806:	00000793          	li	a5,0
    380a:	85be                	mv	a1,a5
    380c:	cc3c                	sw	a5,88(s0)
    380e:	cc7c                	sw	a5,92(s0)
    3810:	dc3c                	sw	a5,120(s0)
    3812:	dc7c                	sw	a5,124(s0)
    3814:	8526                	mv	a0,s1
    3816:	028070ef          	jal	ra,a83e <__eqsf2>
    381a:	20002737          	lui	a4,0x20002
    381e:	d7c70713          	addi	a4,a4,-644 # 20001d7c <_ZN14_MOTOR_CONTROL6x_prevE>
    3822:	002c9793          	slli	a5,s9,0x2
    3826:	00153513          	seqz	a0,a0
    382a:	97ba                	add	a5,a5,a4
    382c:	a408                	sb	a0,8(s0)
    382e:	c384                	sw	s1,0(a5)
    3830:	8526                	mv	a0,s1
    3832:	001070ef          	jal	ra,b032 <__fixsfsi>
    3836:	85aa                	mv	a1,a0
    3838:	854e                	mv	a0,s3
    383a:	fdafd0ef          	jal	ra,1014 <_Z22Motion_control_set_PWMhi>
    383e:	a01d                	j	3864 <_ZL16motor_motion_runiym+0x138a>
    3840:	57c2                	lw	a5,48(sp)
    3842:	473a                	lw	a4,140(sp)
    3844:	23fc                	lbu	a5,6(a5)
    3846:	d20701e3          	beqz	a4,3568 <_ZL16motor_motion_runiym+0x108e>
    384a:	cf89                	beqz	a5,3864 <_ZL16motor_motion_runiym+0x138a>
    384c:	57c2                	lw	a5,48(sp)
    384e:	4798                	lw	a4,8(a5)
    3850:	67c1                	lui	a5,0x10
    3852:	f0078793          	addi	a5,a5,-256 # ff00 <MC_PULL_calibration.cpp.947435e8+0x58f>
    3856:	00f70763          	beq	a4,a5,3864 <_ZL16motor_motion_runiym+0x138a>
    385a:	5742                	lw	a4,48(sp)
    385c:	c71c                	sw	a5,8(a4)
    385e:	4785                	li	a5,1
    3860:	02f70623          	sb	a5,44(a4)
    3864:	479a                	lw	a5,132(sp)
    3866:	4014                	lw	a3,0(s0)
    3868:	97e6                	add	a5,a5,s9
    386a:	239c                	lbu	a5,0(a5)
    386c:	c6b1                	beqz	a3,38b8 <_ZL16motor_motion_runiym+0x13de>
    386e:	4711                	li	a4,4
    3870:	04e68a63          	beq	a3,a4,38c4 <_ZL16motor_motion_runiym+0x13ea>
    3874:	4615                	li	a2,5
    3876:	05d00713          	li	a4,93
    387a:	04c68163          	beq	a3,a2,38bc <_ZL16motor_motion_runiym+0x13e2>
    387e:	4619                	li	a2,6
    3880:	04600713          	li	a4,70
    3884:	02c69c63          	bne	a3,a2,38bc <_ZL16motor_motion_runiym+0x13e2>
    3888:	5414                	lw	a3,40(s0)
    388a:	5450                	lw	a2,44(s0)
    388c:	00c6e5b3          	or	a1,a3,a2
    3890:	c595                	beqz	a1,38bc <_ZL16motor_motion_runiym+0x13e2>
    3892:	4772                	lw	a4,28(sp)
    3894:	5582                	lw	a1,32(sp)
    3896:	8f15                	sub	a4,a4,a3
    3898:	46f2                	lw	a3,28(sp)
    389a:	40c58633          	sub	a2,a1,a2
    389e:	00e6b6b3          	sltu	a3,a3,a4
    38a2:	00d60463          	beq	a2,a3,38aa <_ZL16motor_motion_runiym+0x13d0>
    38a6:	33c0106f          	j	4be2 <_ZL16motor_motion_runiym+0x2708>
    38aa:	6685                	lui	a3,0x1
    38ac:	38768693          	addi	a3,a3,903 # 1387 <_Z10set_motionhhhh.part.0+0xf7>
    38b0:	00e6f463          	bgeu	a3,a4,38b8 <_ZL16motor_motion_runiym+0x13de>
    38b4:	32e0106f          	j	4be2 <_ZL16motor_motion_runiym+0x2708>
    38b8:	05d00713          	li	a4,93
    38bc:	00e7c463          	blt	a5,a4,38c4 <_ZL16motor_motion_runiym+0x13ea>
    38c0:	32a0106f          	j	4bea <_ZL16motor_motion_runiym+0x2710>
    38c4:	4779                	li	a4,30
    38c6:	00f76463          	bltu	a4,a5,38ce <_ZL16motor_motion_runiym+0x13f4>
    38ca:	3300106f          	j	4bfa <_ZL16motor_motion_runiym+0x2720>
    38ce:	019d0733          	add	a4,s10,s9
    38d2:	2314                	lbu	a3,0(a4)
    38d4:	c299                	beqz	a3,38da <_ZL16motor_motion_runiym+0x1400>
    38d6:	32a0106f          	j	4c00 <_ZL16motor_motion_runiym+0x2726>
    38da:	fcf78793          	addi	a5,a5,-49
    38de:	0ff7f793          	zext.b	a5,a5
    38e2:	4709                	li	a4,2
    38e4:	4621                	li	a2,8
    38e6:	00f76463          	bltu	a4,a5,38ee <_ZL16motor_motion_runiym+0x1414>
    38ea:	3040106f          	j	4bee <_ZL16motor_motion_runiym+0x2714>
    38ee:	4601                	li	a2,0
    38f0:	4581                	li	a1,0
    38f2:	2fe0106f          	j	4bf0 <_ZL16motor_motion_runiym+0x2716>
    38f6:	20002737          	lui	a4,0x20002
    38fa:	4048                	lw	a0,4(s0)
    38fc:	d7c70713          	addi	a4,a4,-644 # 20001d7c <_ZN14_MOTOR_CONTROL6x_prevE>
    3900:	c9b1                	beqz	a1,3954 <_ZL16motor_motion_runiym+0x147a>
    3902:	5582                	lw	a1,32(sp)
    3904:	00b6e763          	bltu	a3,a1,3912 <_ZL16motor_motion_runiym+0x1438>
    3908:	04d59663          	bne	a1,a3,3954 <_ZL16motor_motion_runiym+0x147a>
    390c:	46f2                	lw	a3,28(sp)
    390e:	04d67363          	bgeu	a2,a3,3954 <_ZL16motor_motion_runiym+0x147a>
    3912:	4699                	li	a3,6
    3914:	00d79d63          	bne	a5,a3,392e <_ZL16motor_motion_runiym+0x1454>
    3918:	200027b7          	lui	a5,0x20002
    391c:	00351693          	slli	a3,a0,0x3
    3920:	d9078793          	addi	a5,a5,-624 # 20001d90 <_ZL21g_last_on_use_exit_ms>
    3924:	97b6                	add	a5,a5,a3
    3926:	46f2                	lw	a3,28(sp)
    3928:	c394                	sw	a3,0(a5)
    392a:	5682                	lw	a3,32(sp)
    392c:	c3d4                	sw	a3,4(a5)
    392e:	00000793          	li	a5,0
    3932:	86be                	mv	a3,a5
    3934:	cc3c                	sw	a5,88(s0)
    3936:	cc7c                	sw	a5,92(s0)
    3938:	dc3c                	sw	a5,120(s0)
    393a:	dc7c                	sw	a5,124(s0)
    393c:	4785                	li	a5,1
    393e:	a41c                	sb	a5,8(s0)
    3940:	00251793          	slli	a5,a0,0x2
    3944:	97ba                	add	a5,a5,a4
    3946:	c394                	sw	a3,0(a5)
    3948:	478d                	li	a5,3
    394a:	c01c                	sw	a5,0(s0)
    394c:	4581                	li	a1,0
    394e:	0ff57513          	zext.b	a0,a0
    3952:	b5e5                	j	383a <_ZL16motor_motion_runiym+0x1360>
    3954:	4699                	li	a3,6
    3956:	ded794e3          	bne	a5,a3,373e <_ZL16motor_motion_runiym+0x1264>
    395a:	5696                	lw	a3,100(sp)
    395c:	96aa                	add	a3,a3,a0
    395e:	2294                	lbu	a3,0(a3)
    3960:	dc068fe3          	beqz	a3,373e <_ZL16motor_motion_runiym+0x1264>
    3964:	200027b7          	lui	a5,0x20002
    3968:	00251693          	slli	a3,a0,0x2
    396c:	db078793          	addi	a5,a5,-592 # 20001db0 <_ZL18g_on_use_hi_pwm_us>
    3970:	97b6                	add	a5,a5,a3
    3972:	0007a023          	sw	zero,0(a5)
    3976:	00000793          	li	a5,0
    397a:	863e                	mv	a2,a5
    397c:	cc3c                	sw	a5,88(s0)
    397e:	cc7c                	sw	a5,92(s0)
    3980:	dc3c                	sw	a5,120(s0)
    3982:	dc7c                	sw	a5,124(s0)
    3984:	9736                	add	a4,a4,a3
    3986:	4785                	li	a5,1
    3988:	a41c                	sb	a5,8(s0)
    398a:	c310                	sw	a2,0(a4)
    398c:	b7c1                	j	394c <_ZL16motor_motion_runiym+0x1472>
    398e:	4581                	li	a1,0
    3990:	4701                	li	a4,0
    3992:	bbcd                	j	3784 <_ZL16motor_motion_runiym+0x12aa>
    3994:	ffc78713          	addi	a4,a5,-4
    3998:	4689                	li	a3,2
    399a:	02e6f563          	bgeu	a3,a4,39c4 <_ZL16motor_motion_runiym+0x14ea>
    399e:	10079963          	bnez	a5,3ab0 <_ZL16motor_motion_runiym+0x15d6>
    39a2:	04844783          	lbu	a5,72(s0)
    39a6:	0a010323          	sb	zero,166(sp)
    39aa:	0a0103a3          	sb	zero,167(sp)
    39ae:	cabe                	sw	a5,84(sp)
    39b0:	00000793          	li	a5,0
    39b4:	d73e                	sw	a5,172(sp)
    39b6:	016d07b3          	add	a5,s10,s6
    39ba:	239c                	lbu	a5,0(a5)
    39bc:	360792e3          	bnez	a5,4520 <_ZL16motor_motion_runiym+0x2046>
    39c0:	4901                	li	s2,0
    39c2:	a725                	j	40ea <_ZL16motor_motion_runiym+0x1c10>
    39c4:	00000713          	li	a4,0
    39c8:	d73a                	sw	a4,172(sp)
    39ca:	4705                	li	a4,1
    39cc:	0a010323          	sb	zero,166(sp)
    39d0:	0a0103a3          	sb	zero,167(sp)
    39d4:	caba                	sw	a4,84(sp)
    39d6:	016d0733          	add	a4,s10,s6
    39da:	2318                	lbu	a4,0(a4)
    39dc:	d375                	beqz	a4,39c0 <_ZL16motor_motion_runiym+0x14e6>
    39de:	4721                	li	a4,8
    39e0:	4af763e3          	bltu	a4,a5,4686 <_ZL16motor_motion_runiym+0x21ac>
    39e4:	672d                	lui	a4,0xb
    39e6:	078a                	slli	a5,a5,0x2
    39e8:	73c70713          	addi	a4,a4,1852 # b73c <__clzsi2+0x190>
    39ec:	97ba                	add	a5,a5,a4
    39ee:	439c                	lw	a5,0(a5)
    39f0:	8782                	jr	a5
    39f2:	00000793          	li	a5,0
    39f6:	0a010323          	sb	zero,166(sp)
    39fa:	d73e                	sw	a5,172(sp)
    39fc:	0a0103a3          	sb	zero,167(sp)
    3a00:	ca82                	sw	zero,84(sp)
    3a02:	4901                	li	s2,0
    3a04:	57b6                	lw	a5,108(sp)
    3a06:	97da                	add	a5,a5,s6
    3a08:	0007ca83          	lbu	s5,0(a5)
    3a0c:	016d07b3          	add	a5,s10,s6
    3a10:	0007c983          	lbu	s3,0(a5)
    3a14:	6c0a8d63          	beqz	s5,40ee <_ZL16motor_motion_runiym+0x1c14>
    3a18:	57f6                	lw	a5,124(sp)
    3a1a:	97da                	add	a5,a5,s6
    3a1c:	239c                	lbu	a5,0(a5)
    3a1e:	6a079263          	bnez	a5,40c2 <_ZL16motor_motion_runiym+0x1be8>
    3a22:	200027b7          	lui	a5,0x20002
    3a26:	006b1713          	slli	a4,s6,0x6
    3a2a:	dd878793          	addi	a5,a5,-552 # 20001dd8 <ams>
    3a2e:	97ba                	add	a5,a5,a4
    3a30:	03c7aa03          	lw	s4,60(a5)
    3a34:	57e6                	lw	a5,120(sp)
    3a36:	97da                	add	a5,a5,s6
    3a38:	239c                	lbu	a5,0(a5)
    3a3a:	cbdd                	beqz	a5,3af0 <_ZL16motor_motion_runiym+0x1616>
    3a3c:	0ffb7793          	zext.b	a5,s6
    3a40:	470d                	li	a4,3
    3a42:	02f76963          	bltu	a4,a5,3a74 <_ZL16motor_motion_runiym+0x159a>
    3a46:	03000793          	li	a5,48
    3a4a:	0ffb7b13          	zext.b	s6,s6
    3a4e:	02fb0b33          	mul	s6,s6,a5
    3a52:	57d2                	lw	a5,52(sp)
    3a54:	9b3e                	add	s6,s6,a5
    3a56:	006b4783          	lbu	a5,6(s6)
    3a5a:	cf89                	beqz	a5,3a74 <_ZL16motor_motion_runiym+0x159a>
    3a5c:	008b2703          	lw	a4,8(s6)
    3a60:	67c1                	lui	a5,0x10
    3a62:	f0078793          	addi	a5,a5,-256 # ff00 <MC_PULL_calibration.cpp.947435e8+0x58f>
    3a66:	00f70763          	beq	a4,a5,3a74 <_ZL16motor_motion_runiym+0x159a>
    3a6a:	00fb2423          	sw	a5,8(s6)
    3a6e:	4785                	li	a5,1
    3a70:	02fb0623          	sb	a5,44(s6)
    3a74:	00000513          	li	a0,0
    3a78:	00000793          	li	a5,0
    3a7c:	d52a                	sw	a0,168(sp)
    3a7e:	dc3c                	sw	a5,120(s0)
    3a80:	dc7c                	sw	a5,124(s0)
    3a82:	cc3c                	sw	a5,88(s0)
    3a84:	cc7c                	sw	a5,92(s0)
    3a86:	00042983          	lw	s3,0(s0)
    3a8a:	20002bb7          	lui	s7,0x20002
    3a8e:	4044                	lw	s1,4(s0)
    3a90:	5b2a                	lw	s6,168(sp)
    3a92:	970b8b93          	addi	s7,s7,-1680 # 20001970 <_ZZN14_MOTOR_CONTROL3runEfyE14block_until_ms>
    3a96:	3e099ee3          	bnez	s3,4692 <_ZL16motor_motion_runiym+0x21b8>
    3a9a:	00091663          	bnez	s2,3aa6 <_ZL16motor_motion_runiym+0x15cc>
    3a9e:	04844783          	lbu	a5,72(s0)
    3aa2:	44078ce3          	beqz	a5,46fa <_ZL16motor_motion_runiym+0x2220>
    3aa6:	4a05                	li	s4,1
    3aa8:	9141a903          	lw	s2,-1772(gp) # 200002a4 <_ZL7g_scale+0xe4>
    3aac:	4550006f          	j	4700 <_ZL16motor_motion_runiym+0x2226>
    3ab0:	00000713          	li	a4,0
    3ab4:	d73a                	sw	a4,172(sp)
    3ab6:	0a010323          	sb	zero,166(sp)
    3aba:	0a0103a3          	sb	zero,167(sp)
    3abe:	4705                	li	a4,1
    3ac0:	6ee78863          	beq	a5,a4,41b0 <_ZL16motor_motion_runiym+0x1cd6>
    3ac4:	70d79363          	bne	a5,a3,41ca <_ZL16motor_motion_runiym+0x1cf0>
    3ac8:	200007b7          	lui	a5,0x20000
    3acc:	13078793          	addi	a5,a5,304 # 20000130 <_ZL16g_pull_speed_set>
    3ad0:	97de                	add	a5,a5,s7
    3ad2:	438c                	lw	a1,0(a5)
    3ad4:	5532                	lw	a0,44(sp)
    3ad6:	09042483          	lw	s1,144(s0)
    3ada:	1cc070ef          	jal	ra,aca6 <__subsf3>
    3ade:	4606                	lw	a2,64(sp)
    3ae0:	85aa                	mv	a1,a0
    3ae2:	04c40513          	addi	a0,s0,76
    3ae6:	ecdfc0ef          	jal	ra,9b2 <_ZN9MOTOR_PID8caculateEff>
    3aea:	85aa                	mv	a1,a0
    3aec:	8526                	mv	a0,s1
    3aee:	adc1                	j	41be <_ZL16motor_motion_runiym+0x1ce4>
    3af0:	57a2                	lw	a5,40(sp)
    3af2:	01678733          	add	a4,a5,s6
    3af6:	231c                	lbu	a5,0(a4)
    3af8:	14079e63          	bnez	a5,3c54 <_ZL16motor_motion_runiym+0x177a>
    3afc:	4789                	li	a5,2
    3afe:	08f99263          	bne	s3,a5,3b82 <_ZL16motor_motion_runiym+0x16a8>
    3b02:	47ca                	lw	a5,144(sp)
    3b04:	016786b3          	add	a3,a5,s6
    3b08:	229c                	lbu	a5,0(a3)
    3b0a:	52079763          	bnez	a5,4038 <_ZL16motor_motion_runiym+0x1b5e>
    3b0e:	4785                	li	a5,1
    3b10:	a31c                	sb	a5,0(a4)
    3b12:	a29c                	sb	a5,0(a3)
    3b14:	5792                	lw	a5,36(sp)
    3b16:	4772                	lw	a4,28(sp)
    3b18:	97e2                	add	a5,a5,s8
    3b1a:	c398                	sw	a4,0(a5)
    3b1c:	5702                	lw	a4,32(sp)
    3b1e:	c3d8                	sw	a4,4(a5)
    3b20:	0ffb7793          	zext.b	a5,s6
    3b24:	470d                	li	a4,3
    3b26:	00f76d63          	bltu	a4,a5,3b40 <_ZL16motor_motion_runiym+0x1666>
    3b2a:	0ffb7793          	zext.b	a5,s6
    3b2e:	03000713          	li	a4,48
    3b32:	02e78733          	mul	a4,a5,a4
    3b36:	56d2                	lw	a3,52(sp)
    3b38:	9736                	add	a4,a4,a3
    3b3a:	2378                	lbu	a4,6(a4)
    3b3c:	14071863          	bnez	a4,3c8c <_ZL16motor_motion_runiym+0x17b2>
    3b40:	5792                	lw	a5,36(sp)
    3b42:	46f2                	lw	a3,28(sp)
    3b44:	5602                	lw	a2,32(sp)
    3b46:	01878733          	add	a4,a5,s8
    3b4a:	431c                	lw	a5,0(a4)
    3b4c:	4358                	lw	a4,4(a4)
    3b4e:	40f687b3          	sub	a5,a3,a5
    3b52:	00f6b6b3          	sltu	a3,a3,a5
    3b56:	40e60733          	sub	a4,a2,a4
    3b5a:	00d71663          	bne	a4,a3,3b66 <_ZL16motor_motion_runiym+0x168c>
    3b5e:	06300713          	li	a4,99
    3b62:	f0f779e3          	bgeu	a4,a5,3a74 <_ZL16motor_motion_runiym+0x159a>
    3b66:	57a2                	lw	a5,40(sp)
    3b68:	9b3e                	add	s6,s6,a5
    3b6a:	4789                	li	a5,2
    3b6c:	00fb0023          	sb	a5,0(s6)
    3b70:	5792                	lw	a5,36(sp)
    3b72:	9c3e                	add	s8,s8,a5
    3b74:	47f2                	lw	a5,28(sp)
    3b76:	00fc2023          	sw	a5,0(s8)
    3b7a:	5782                	lw	a5,32(sp)
    3b7c:	00fc2223          	sw	a5,4(s8)
    3b80:	bdd5                	j	3a74 <_ZL16motor_motion_runiym+0x159a>
    3b82:	4785                	li	a5,1
    3b84:	50f99a63          	bne	s3,a5,4098 <_ZL16motor_motion_runiym+0x1bbe>
    3b88:	4791                	li	a5,4
    3b8a:	a31c                	sb	a5,0(a4)
    3b8c:	57f2                	lw	a5,60(sp)
    3b8e:	9081a703          	lw	a4,-1784(gp) # 20000298 <_ZL7g_scale+0xd8>
    3b92:	97da                	add	a5,a5,s6
    3b94:	00078023          	sb	zero,0(a5)
    3b98:	57e2                	lw	a5,56(sp)
    3b9a:	0ffb7493          	zext.b	s1,s6
    3b9e:	97de                	add	a5,a5,s7
    3ba0:	c398                	sw	a4,0(a5)
    3ba2:	57c6                	lw	a5,112(sp)
    3ba4:	97de                	add	a5,a5,s7
    3ba6:	0147a023          	sw	s4,0(a5)
    3baa:	478d                	li	a5,3
    3bac:	0097ed63          	bltu	a5,s1,3bc6 <_ZL16motor_motion_runiym+0x16ec>
    3bb0:	0ffb7793          	zext.b	a5,s6
    3bb4:	03000713          	li	a4,48
    3bb8:	02e78733          	mul	a4,a5,a4
    3bbc:	56d2                	lw	a3,52(sp)
    3bbe:	9736                	add	a4,a4,a3
    3bc0:	2378                	lbu	a4,6(a4)
    3bc2:	22071763          	bnez	a4,3df0 <_ZL16motor_motion_runiym+0x1916>
    3bc6:	57c6                	lw	a5,112(sp)
    3bc8:	8552                	mv	a0,s4
    3bca:	97de                	add	a5,a5,s7
    3bcc:	438c                	lw	a1,0(a5)
    3bce:	0d8070ef          	jal	ra,aca6 <__subsf3>
    3bd2:	00000593          	li	a1,0
    3bd6:	89aa                	mv	s3,a0
    3bd8:	55b060ef          	jal	ra,a932 <__lesf2>
    3bdc:	00055663          	bgez	a0,3be8 <_ZL16motor_motion_runiym+0x170e>
    3be0:	800007b7          	lui	a5,0x80000
    3be4:	0137c9b3          	xor	s3,a5,s3
    3be8:	57c6                	lw	a5,112(sp)
    3bea:	85ce                	mv	a1,s3
    3bec:	97de                	add	a5,a5,s7
    3bee:	0147a023          	sw	s4,0(a5) # 80000000 <__freertos_irq_stack_top+0x5fffb000>
    3bf2:	57e2                	lw	a5,56(sp)
    3bf4:	97de                	add	a5,a5,s7
    3bf6:	4388                	lw	a0,0(a5)
    3bf8:	0ae070ef          	jal	ra,aca6 <__subsf3>
    3bfc:	00000593          	li	a1,0
    3c00:	89aa                	mv	s3,a0
    3c02:	531060ef          	jal	ra,a932 <__lesf2>
    3c06:	00055463          	bgez	a0,3c0e <_ZL16motor_motion_runiym+0x1734>
    3c0a:	00000993          	li	s3,0
    3c0e:	57e2                	lw	a5,56(sp)
    3c10:	01778a33          	add	s4,a5,s7
    3c14:	47e6                	lw	a5,88(sp)
    3c16:	013a2023          	sw	s3,0(s4)
    3c1a:	9bbe                	add	s7,s7,a5
    3c1c:	9681a583          	lw	a1,-1688(gp) # 200002f8 <_ZL7g_scale+0x138>
    3c20:	000ba503          	lw	a0,0(s7)
    3c24:	479060ef          	jal	ra,a89c <__gesf2>
    3c28:	20a05763          	blez	a0,3e36 <_ZL16motor_motion_runiym+0x195c>
    3c2c:	57f2                	lw	a5,60(sp)
    3c2e:	0ff00693          	li	a3,255
    3c32:	01678733          	add	a4,a5,s6
    3c36:	231c                	lbu	a5,0(a4)
    3c38:	1ed79663          	bne	a5,a3,3e24 <_ZL16motor_motion_runiym+0x194a>
    3c3c:	57e6                	lw	a5,120(sp)
    3c3e:	4705                	li	a4,1
    3c40:	97da                	add	a5,a5,s6
    3c42:	a398                	sb	a4,0(a5)
    3c44:	4799                	li	a5,6
    3c46:	5722                	lw	a4,40(sp)
    3c48:	975a                	add	a4,a4,s6
    3c4a:	a31c                	sb	a5,0(a4)
    3c4c:	478d                	li	a5,3
    3c4e:	e297e3e3          	bltu	a5,s1,3a74 <_ZL16motor_motion_runiym+0x159a>
    3c52:	bbd5                	j	3a46 <_ZL16motor_motion_runiym+0x156c>
    3c54:	17fd                	addi	a5,a5,-1
    3c56:	0ff7f793          	zext.b	a5,a5
    3c5a:	4719                	li	a4,6
    3c5c:	42f76e63          	bltu	a4,a5,4098 <_ZL16motor_motion_runiym+0x1bbe>
    3c60:	672d                	lui	a4,0xb
    3c62:	078a                	slli	a5,a5,0x2
    3c64:	76070713          	addi	a4,a4,1888 # b760 <__clzsi2+0x1b4>
    3c68:	97ba                	add	a5,a5,a4
    3c6a:	439c                	lw	a5,0(a5)
    3c6c:	8782                	jr	a5
    3c6e:	0ffb7793          	zext.b	a5,s6
    3c72:	470d                	li	a4,3
    3c74:	02f76d63          	bltu	a4,a5,3cae <_ZL16motor_motion_runiym+0x17d4>
    3c78:	0ffb7793          	zext.b	a5,s6
    3c7c:	03000713          	li	a4,48
    3c80:	02e78733          	mul	a4,a5,a4
    3c84:	56d2                	lw	a3,52(sp)
    3c86:	9736                	add	a4,a4,a3
    3c88:	2378                	lbu	a4,6(a4)
    3c8a:	c315                	beqz	a4,3cae <_ZL16motor_motion_runiym+0x17d4>
    3c8c:	03000713          	li	a4,48
    3c90:	02e787b3          	mul	a5,a5,a4
    3c94:	5752                	lw	a4,52(sp)
    3c96:	97ba                	add	a5,a5,a4
    3c98:	4794                	lw	a3,8(a5)
    3c9a:	01000737          	lui	a4,0x1000
    3c9e:	f0070713          	addi	a4,a4,-256 # ffff00 <ch32v20x_wwdg.c.13394d49+0xfe2042>
    3ca2:	00e68663          	beq	a3,a4,3cae <_ZL16motor_motion_runiym+0x17d4>
    3ca6:	c798                	sw	a4,8(a5)
    3ca8:	4705                	li	a4,1
    3caa:	02e78623          	sb	a4,44(a5)
    3cae:	4789                	li	a5,2
    3cb0:	e8f988e3          	beq	s3,a5,3b40 <_ZL16motor_motion_runiym+0x1666>
    3cb4:	57a2                	lw	a5,40(sp)
    3cb6:	9b3e                	add	s6,s6,a5
    3cb8:	000b0023          	sb	zero,0(s6)
    3cbc:	5792                	lw	a5,36(sp)
    3cbe:	4801                	li	a6,0
    3cc0:	9c3e                	add	s8,s8,a5
    3cc2:	4781                	li	a5,0
    3cc4:	00fc2023          	sw	a5,0(s8)
    3cc8:	010c2223          	sw	a6,4(s8)
    3ccc:	b365                	j	3a74 <_ZL16motor_motion_runiym+0x159a>
    3cce:	0ffb7793          	zext.b	a5,s6
    3cd2:	470d                	li	a4,3
    3cd4:	02f76763          	bltu	a4,a5,3d02 <_ZL16motor_motion_runiym+0x1828>
    3cd8:	03000713          	li	a4,48
    3cdc:	0ffb7793          	zext.b	a5,s6
    3ce0:	02e787b3          	mul	a5,a5,a4
    3ce4:	5752                	lw	a4,52(sp)
    3ce6:	97ba                	add	a5,a5,a4
    3ce8:	23f8                	lbu	a4,6(a5)
    3cea:	cf01                	beqz	a4,3d02 <_ZL16motor_motion_runiym+0x1828>
    3cec:	4794                	lw	a3,8(a5)
    3cee:	01000737          	lui	a4,0x1000
    3cf2:	f0070713          	addi	a4,a4,-256 # ffff00 <ch32v20x_wwdg.c.13394d49+0xfe2042>
    3cf6:	00e68663          	beq	a3,a4,3d02 <_ZL16motor_motion_runiym+0x1828>
    3cfa:	c798                	sw	a4,8(a5)
    3cfc:	4705                	li	a4,1
    3cfe:	02e78623          	sb	a4,44(a5)
    3d02:	fa0989e3          	beqz	s3,3cb4 <_ZL16motor_motion_runiym+0x17da>
    3d06:	4785                	li	a5,1
    3d08:	02f99463          	bne	s3,a5,3d30 <_ZL16motor_motion_runiym+0x1856>
    3d0c:	57a2                	lw	a5,40(sp)
    3d0e:	4711                	li	a4,4
    3d10:	97da                	add	a5,a5,s6
    3d12:	a398                	sb	a4,0(a5)
    3d14:	57f2                	lw	a5,60(sp)
    3d16:	9081a703          	lw	a4,-1784(gp) # 20000298 <_ZL7g_scale+0xd8>
    3d1a:	9b3e                	add	s6,s6,a5
    3d1c:	57e2                	lw	a5,56(sp)
    3d1e:	000b0023          	sb	zero,0(s6)
    3d22:	97de                	add	a5,a5,s7
    3d24:	c398                	sw	a4,0(a5)
    3d26:	57c6                	lw	a5,112(sp)
    3d28:	9bbe                	add	s7,s7,a5
    3d2a:	014ba023          	sw	s4,0(s7)
    3d2e:	b399                	j	3a74 <_ZL16motor_motion_runiym+0x159a>
    3d30:	5792                	lw	a5,36(sp)
    3d32:	46f2                	lw	a3,28(sp)
    3d34:	5602                	lw	a2,32(sp)
    3d36:	01878733          	add	a4,a5,s8
    3d3a:	431c                	lw	a5,0(a4)
    3d3c:	4358                	lw	a4,4(a4)
    3d3e:	40f687b3          	sub	a5,a3,a5
    3d42:	00f6b6b3          	sltu	a3,a3,a5
    3d46:	40e60733          	sub	a4,a2,a4
    3d4a:	00d71763          	bne	a4,a3,3d58 <_ZL16motor_motion_runiym+0x187e>
    3d4e:	6705                	lui	a4,0x1
    3d50:	38770713          	addi	a4,a4,903 # 1387 <_Z10set_motionhhhh.part.0+0xf7>
    3d54:	14f77c63          	bgeu	a4,a5,3eac <_ZL16motor_motion_runiym+0x19d2>
    3d58:	57e6                	lw	a5,120(sp)
    3d5a:	4705                	li	a4,1
    3d5c:	97da                	add	a5,a5,s6
    3d5e:	a398                	sb	a4,0(a5)
    3d60:	57a2                	lw	a5,40(sp)
    3d62:	9b3e                	add	s6,s6,a5
    3d64:	478d                	li	a5,3
    3d66:	b519                	j	3b6c <_ZL16motor_motion_runiym+0x1692>
    3d68:	0ffb7793          	zext.b	a5,s6
    3d6c:	470d                	li	a4,3
    3d6e:	02f76663          	bltu	a4,a5,3d9a <_ZL16motor_motion_runiym+0x18c0>
    3d72:	03000713          	li	a4,48
    3d76:	0ffb7793          	zext.b	a5,s6
    3d7a:	02e787b3          	mul	a5,a5,a4
    3d7e:	5752                	lw	a4,52(sp)
    3d80:	97ba                	add	a5,a5,a4
    3d82:	23f8                	lbu	a4,6(a5)
    3d84:	cb19                	beqz	a4,3d9a <_ZL16motor_motion_runiym+0x18c0>
    3d86:	4794                	lw	a3,8(a5)
    3d88:	6741                	lui	a4,0x10
    3d8a:	f0070713          	addi	a4,a4,-256 # ff00 <MC_PULL_calibration.cpp.947435e8+0x58f>
    3d8e:	00e68663          	beq	a3,a4,3d9a <_ZL16motor_motion_runiym+0x18c0>
    3d92:	c798                	sw	a4,8(a5)
    3d94:	4705                	li	a4,1
    3d96:	02e78623          	sb	a4,44(a5)
    3d9a:	f0098de3          	beqz	s3,3cb4 <_ZL16motor_motion_runiym+0x17da>
    3d9e:	5792                	lw	a5,36(sp)
    3da0:	46f2                	lw	a3,28(sp)
    3da2:	5602                	lw	a2,32(sp)
    3da4:	01878733          	add	a4,a5,s8
    3da8:	431c                	lw	a5,0(a4)
    3daa:	4358                	lw	a4,4(a4)
    3dac:	40f687b3          	sub	a5,a3,a5
    3db0:	00f6b6b3          	sltu	a3,a3,a5
    3db4:	40e60733          	sub	a4,a2,a4
    3db8:	eed71ee3          	bne	a4,a3,3cb4 <_ZL16motor_motion_runiym+0x17da>
    3dbc:	5db00713          	li	a4,1499
    3dc0:	eef76ae3          	bltu	a4,a5,3cb4 <_ZL16motor_motion_runiym+0x17da>
    3dc4:	90c1a583          	lw	a1,-1780(gp) # 2000029c <_ZL7g_scale+0xdc>
    3dc8:	09042503          	lw	a0,144(s0)
    3dcc:	3ff060ef          	jal	ra,a9ca <__mulsf3>
    3dd0:	b165                	j	3a78 <_ZL16motor_motion_runiym+0x159e>
    3dd2:	0ffb7493          	zext.b	s1,s6
    3dd6:	478d                	li	a5,3
    3dd8:	0297ed63          	bltu	a5,s1,3e12 <_ZL16motor_motion_runiym+0x1938>
    3ddc:	0ffb7793          	zext.b	a5,s6
    3de0:	03000713          	li	a4,48
    3de4:	02e78733          	mul	a4,a5,a4
    3de8:	56d2                	lw	a3,52(sp)
    3dea:	9736                	add	a4,a4,a3
    3dec:	2378                	lbu	a4,6(a4)
    3dee:	c315                	beqz	a4,3e12 <_ZL16motor_motion_runiym+0x1938>
    3df0:	03000713          	li	a4,48
    3df4:	02e787b3          	mul	a5,a5,a4
    3df8:	5752                	lw	a4,52(sp)
    3dfa:	97ba                	add	a5,a5,a4
    3dfc:	4794                	lw	a3,8(a5)
    3dfe:	01000737          	lui	a4,0x1000
    3e02:	f0070713          	addi	a4,a4,-256 # ffff00 <ch32v20x_wwdg.c.13394d49+0xfe2042>
    3e06:	00e68663          	beq	a3,a4,3e12 <_ZL16motor_motion_runiym+0x1938>
    3e0a:	c798                	sw	a4,8(a5)
    3e0c:	4705                	li	a4,1
    3e0e:	02e78623          	sb	a4,44(a5)
    3e12:	4785                	li	a5,1
    3e14:	daf989e3          	beq	s3,a5,3bc6 <_ZL16motor_motion_runiym+0x16ec>
    3e18:	4709                	li	a4,2
    3e1a:	0ae99363          	bne	s3,a4,3ec0 <_ZL16motor_motion_runiym+0x19e6>
    3e1e:	5722                	lw	a4,40(sp)
    3e20:	9b3a                	add	s6,s6,a4
    3e22:	b3a9                	j	3b6c <_ZL16motor_motion_runiym+0x1692>
    3e24:	0785                	addi	a5,a5,1
    3e26:	0ff7f793          	zext.b	a5,a5
    3e2a:	a31c                	sb	a5,0(a4)
    3e2c:	4709                	li	a4,2
    3e2e:	e0f767e3          	bltu	a4,a5,3c3c <_ZL16motor_motion_runiym+0x1762>
    3e32:	4795                	li	a5,5
    3e34:	bd09                	j	3c46 <_ZL16motor_motion_runiym+0x176c>
    3e36:	00000593          	li	a1,0
    3e3a:	854e                	mv	a0,s3
    3e3c:	2f7060ef          	jal	ra,a932 <__lesf2>
    3e40:	06a04663          	bgtz	a0,3eac <_ZL16motor_motion_runiym+0x19d2>
    3e44:	57f6                	lw	a5,124(sp)
    3e46:	4705                	li	a4,1
    3e48:	4801                	li	a6,0
    3e4a:	97da                	add	a5,a5,s6
    3e4c:	a398                	sb	a4,0(a5)
    3e4e:	57a2                	lw	a5,40(sp)
    3e50:	97da                	add	a5,a5,s6
    3e52:	00078023          	sb	zero,0(a5)
    3e56:	57f2                	lw	a5,60(sp)
    3e58:	97da                	add	a5,a5,s6
    3e5a:	00078023          	sb	zero,0(a5)
    3e5e:	00000793          	li	a5,0
    3e62:	00fa2023          	sw	a5,0(s4)
    3e66:	5792                	lw	a5,36(sp)
    3e68:	9c3e                	add	s8,s8,a5
    3e6a:	4781                	li	a5,0
    3e6c:	00fc2023          	sw	a5,0(s8)
    3e70:	010c2223          	sw	a6,4(s8)
    3e74:	478d                	li	a5,3
    3e76:	be97efe3          	bltu	a5,s1,3a74 <_ZL16motor_motion_runiym+0x159a>
    3e7a:	03000793          	li	a5,48
    3e7e:	0ffb7b13          	zext.b	s6,s6
    3e82:	02fb0b33          	mul	s6,s6,a5
    3e86:	57d2                	lw	a5,52(sp)
    3e88:	9b3e                	add	s6,s6,a5
    3e8a:	006b4783          	lbu	a5,6(s6)
    3e8e:	be0783e3          	beqz	a5,3a74 <_ZL16motor_motion_runiym+0x159a>
    3e92:	008b2683          	lw	a3,8(s6)
    3e96:	003547b7          	lui	a5,0x354
    3e9a:	83278793          	addi	a5,a5,-1998 # 353832 <ch32v20x_wwdg.c.13394d49+0x335974>
    3e9e:	bcf68be3          	beq	a3,a5,3a74 <_ZL16motor_motion_runiym+0x159a>
    3ea2:	00fb2423          	sw	a5,8(s6)
    3ea6:	02eb0623          	sb	a4,44(s6)
    3eaa:	b6e9                	j	3a74 <_ZL16motor_motion_runiym+0x159a>
    3eac:	09042503          	lw	a0,144(s0)
    3eb0:	90c1a583          	lw	a1,-1780(gp) # 2000029c <_ZL7g_scale+0xdc>
    3eb4:	800007b7          	lui	a5,0x80000
    3eb8:	8d3d                	xor	a0,a0,a5
    3eba:	bf09                	j	3dcc <_ZL16motor_motion_runiym+0x18f2>
    3ebc:	02099163          	bnez	s3,3ede <_ZL16motor_motion_runiym+0x1a04>
    3ec0:	57a2                	lw	a5,40(sp)
    3ec2:	97da                	add	a5,a5,s6
    3ec4:	00078023          	sb	zero,0(a5) # 80000000 <__freertos_irq_stack_top+0x5fffb000>
    3ec8:	57f2                	lw	a5,60(sp)
    3eca:	9b3e                	add	s6,s6,a5
    3ecc:	57e2                	lw	a5,56(sp)
    3ece:	000b0023          	sb	zero,0(s6)
    3ed2:	9bbe                	add	s7,s7,a5
    3ed4:	00000793          	li	a5,0
    3ed8:	00fba023          	sw	a5,0(s7)
    3edc:	b3c5                	j	3cbc <_ZL16motor_motion_runiym+0x17e2>
    3ede:	57c6                	lw	a5,112(sp)
    3ee0:	8552                	mv	a0,s4
    3ee2:	97de                	add	a5,a5,s7
    3ee4:	438c                	lw	a1,0(a5)
    3ee6:	5c1060ef          	jal	ra,aca6 <__subsf3>
    3eea:	00000593          	li	a1,0
    3eee:	84aa                	mv	s1,a0
    3ef0:	243060ef          	jal	ra,a932 <__lesf2>
    3ef4:	00055563          	bgez	a0,3efe <_ZL16motor_motion_runiym+0x1a24>
    3ef8:	800007b7          	lui	a5,0x80000
    3efc:	8cbd                	xor	s1,s1,a5
    3efe:	57c6                	lw	a5,112(sp)
    3f00:	8526                	mv	a0,s1
    3f02:	97de                	add	a5,a5,s7
    3f04:	0147a023          	sw	s4,0(a5) # 80000000 <__freertos_irq_stack_top+0x5fffb000>
    3f08:	57e2                	lw	a5,56(sp)
    3f0a:	97de                	add	a5,a5,s7
    3f0c:	438c                	lw	a1,0(a5)
    3f0e:	2de060ef          	jal	ra,a1ec <__addsf3>
    3f12:	9081aa03          	lw	s4,-1784(gp) # 20000298 <_ZL7g_scale+0xd8>
    3f16:	84aa                	mv	s1,a0
    3f18:	85d2                	mv	a1,s4
    3f1a:	183060ef          	jal	ra,a89c <__gesf2>
    3f1e:	00a05363          	blez	a0,3f24 <_ZL16motor_motion_runiym+0x1a4a>
    3f22:	84d2                	mv	s1,s4
    3f24:	57e2                	lw	a5,56(sp)
    3f26:	470d                	li	a4,3
    3f28:	97de                	add	a5,a5,s7
    3f2a:	c384                	sw	s1,0(a5)
    3f2c:	0ffb7793          	zext.b	a5,s6
    3f30:	02f76663          	bltu	a4,a5,3f5c <_ZL16motor_motion_runiym+0x1a82>
    3f34:	03000713          	li	a4,48
    3f38:	0ffb7793          	zext.b	a5,s6
    3f3c:	02e787b3          	mul	a5,a5,a4
    3f40:	5752                	lw	a4,52(sp)
    3f42:	97ba                	add	a5,a5,a4
    3f44:	23f8                	lbu	a4,6(a5)
    3f46:	cb19                	beqz	a4,3f5c <_ZL16motor_motion_runiym+0x1a82>
    3f48:	4794                	lw	a3,8(a5)
    3f4a:	6741                	lui	a4,0x10
    3f4c:	f0070713          	addi	a4,a4,-256 # ff00 <MC_PULL_calibration.cpp.947435e8+0x58f>
    3f50:	00e68663          	beq	a3,a4,3f5c <_ZL16motor_motion_runiym+0x1a82>
    3f54:	c798                	sw	a4,8(a5)
    3f56:	4705                	li	a4,1
    3f58:	02e78623          	sb	a4,44(a5)
    3f5c:	47e6                	lw	a5,88(sp)
    3f5e:	96c1a583          	lw	a1,-1684(gp) # 200002fc <_ZL7g_scale+0x13c>
    3f62:	97de                	add	a5,a5,s7
    3f64:	4388                	lw	a0,0(a5)
    3f66:	1cd060ef          	jal	ra,a932 <__lesf2>
    3f6a:	00a05963          	blez	a0,3f7c <_ZL16motor_motion_runiym+0x1aa2>
    3f6e:	4789                	li	a5,2
    3f70:	e4f99ae3          	bne	s3,a5,3dc4 <_ZL16motor_motion_runiym+0x18ea>
    3f74:	57a2                	lw	a5,40(sp)
    3f76:	9b3e                	add	s6,s6,a5
    3f78:	4785                	li	a5,1
    3f7a:	becd                	j	3b6c <_ZL16motor_motion_runiym+0x1692>
    3f7c:	4785                	li	a5,1
    3f7e:	00f99863          	bne	s3,a5,3f8e <_ZL16motor_motion_runiym+0x1ab4>
    3f82:	57a2                	lw	a5,40(sp)
    3f84:	9b3e                	add	s6,s6,a5
    3f86:	4791                	li	a5,4
    3f88:	00fb0023          	sb	a5,0(s6)
    3f8c:	b4e5                	j	3a74 <_ZL16motor_motion_runiym+0x159a>
    3f8e:	4789                	li	a5,2
    3f90:	f2f998e3          	bne	s3,a5,3ec0 <_ZL16motor_motion_runiym+0x19e6>
    3f94:	b7c5                	j	3f74 <_ZL16motor_motion_runiym+0x1a9a>
    3f96:	0ffb7793          	zext.b	a5,s6
    3f9a:	470d                	li	a4,3
    3f9c:	02f76663          	bltu	a4,a5,3fc8 <_ZL16motor_motion_runiym+0x1aee>
    3fa0:	03000713          	li	a4,48
    3fa4:	0ffb7793          	zext.b	a5,s6
    3fa8:	02e787b3          	mul	a5,a5,a4
    3fac:	5752                	lw	a4,52(sp)
    3fae:	97ba                	add	a5,a5,a4
    3fb0:	23f8                	lbu	a4,6(a5)
    3fb2:	cb19                	beqz	a4,3fc8 <_ZL16motor_motion_runiym+0x1aee>
    3fb4:	4794                	lw	a3,8(a5)
    3fb6:	6741                	lui	a4,0x10
    3fb8:	f0070713          	addi	a4,a4,-256 # ff00 <MC_PULL_calibration.cpp.947435e8+0x58f>
    3fbc:	00e68663          	beq	a3,a4,3fc8 <_ZL16motor_motion_runiym+0x1aee>
    3fc0:	c798                	sw	a4,8(a5)
    3fc2:	4705                	li	a4,1
    3fc4:	02e78623          	sb	a4,44(a5)
    3fc8:	ee098ce3          	beqz	s3,3ec0 <_ZL16motor_motion_runiym+0x19e6>
    3fcc:	4789                	li	a5,2
    3fce:	def99be3          	bne	s3,a5,3dc4 <_ZL16motor_motion_runiym+0x18ea>
    3fd2:	57a2                	lw	a5,40(sp)
    3fd4:	9b3e                	add	s6,s6,a5
    3fd6:	479d                	li	a5,7
    3fd8:	be51                	j	3b6c <_ZL16motor_motion_runiym+0x1692>
    3fda:	0ffb7793          	zext.b	a5,s6
    3fde:	470d                	li	a4,3
    3fe0:	02f76663          	bltu	a4,a5,400c <_ZL16motor_motion_runiym+0x1b32>
    3fe4:	03000713          	li	a4,48
    3fe8:	0ffb7793          	zext.b	a5,s6
    3fec:	02e787b3          	mul	a5,a5,a4
    3ff0:	5752                	lw	a4,52(sp)
    3ff2:	97ba                	add	a5,a5,a4
    3ff4:	23f8                	lbu	a4,6(a5)
    3ff6:	cb19                	beqz	a4,400c <_ZL16motor_motion_runiym+0x1b32>
    3ff8:	4794                	lw	a3,8(a5)
    3ffa:	6741                	lui	a4,0x10
    3ffc:	f0070713          	addi	a4,a4,-256 # ff00 <MC_PULL_calibration.cpp.947435e8+0x58f>
    4000:	00e68663          	beq	a3,a4,400c <_ZL16motor_motion_runiym+0x1b32>
    4004:	c798                	sw	a4,8(a5)
    4006:	4705                	li	a4,1
    4008:	02e78623          	sb	a4,44(a5)
    400c:	ea098ae3          	beqz	s3,3ec0 <_ZL16motor_motion_runiym+0x19e6>
    4010:	5792                	lw	a5,36(sp)
    4012:	46f2                	lw	a3,28(sp)
    4014:	5602                	lw	a2,32(sp)
    4016:	01878733          	add	a4,a5,s8
    401a:	431c                	lw	a5,0(a4)
    401c:	4358                	lw	a4,4(a4)
    401e:	40f687b3          	sub	a5,a3,a5
    4022:	00f6b6b3          	sltu	a3,a3,a5
    4026:	40e60733          	sub	a4,a2,a4
    402a:	e8d71be3          	bne	a4,a3,3ec0 <_ZL16motor_motion_runiym+0x19e6>
    402e:	5db00713          	li	a4,1499
    4032:	d8f779e3          	bgeu	a4,a5,3dc4 <_ZL16motor_motion_runiym+0x18ea>
    4036:	b569                	j	3ec0 <_ZL16motor_motion_runiym+0x19e6>
    4038:	57f2                	lw	a5,60(sp)
    403a:	00070023          	sb	zero,0(a4)
    403e:	00000713          	li	a4,0
    4042:	97da                	add	a5,a5,s6
    4044:	00078023          	sb	zero,0(a5)
    4048:	57e2                	lw	a5,56(sp)
    404a:	4801                	li	a6,0
    404c:	97de                	add	a5,a5,s7
    404e:	c398                	sw	a4,0(a5)
    4050:	5792                	lw	a5,36(sp)
    4052:	9c3e                	add	s8,s8,a5
    4054:	4781                	li	a5,0
    4056:	00fc2023          	sw	a5,0(s8)
    405a:	010c2223          	sw	a6,4(s8)
    405e:	a8418793          	addi	a5,gp,-1404 # 20000414 <_ZL11MC_PULL_stu>
    4062:	97da                	add	a5,a5,s6
    4064:	00078783          	lb	a5,0(a5)
    4068:	12078f63          	beqz	a5,41a6 <_ZL16motor_motion_runiym+0x1ccc>
    406c:	47e6                	lw	a5,88(sp)
    406e:	09042483          	lw	s1,144(s0)
    4072:	9bbe                	add	s7,s7,a5
    4074:	89c1a583          	lw	a1,-1892(gp) # 2000022c <_ZL7g_scale+0x6c>
    4078:	000ba503          	lw	a0,0(s7)
    407c:	42b060ef          	jal	ra,aca6 <__subsf3>
    4080:	4606                	lw	a2,64(sp)
    4082:	85aa                	mv	a1,a0
    4084:	06c40513          	addi	a0,s0,108
    4088:	92bfc0ef          	jal	ra,9b2 <_ZN9MOTOR_PID8caculateEff>
    408c:	85aa                	mv	a1,a0
    408e:	8526                	mv	a0,s1
    4090:	13b060ef          	jal	ra,a9ca <__mulsf3>
    4094:	d52a                	sw	a0,168(sp)
    4096:	a891                	j	40ea <_ZL16motor_motion_runiym+0x1c10>
    4098:	57a2                	lw	a5,40(sp)
    409a:	00000713          	li	a4,0
    409e:	4801                	li	a6,0
    40a0:	97da                	add	a5,a5,s6
    40a2:	00078023          	sb	zero,0(a5)
    40a6:	57f2                	lw	a5,60(sp)
    40a8:	97da                	add	a5,a5,s6
    40aa:	00078023          	sb	zero,0(a5)
    40ae:	57e2                	lw	a5,56(sp)
    40b0:	97de                	add	a5,a5,s7
    40b2:	c398                	sw	a4,0(a5)
    40b4:	5792                	lw	a5,36(sp)
    40b6:	9c3e                	add	s8,s8,a5
    40b8:	4781                	li	a5,0
    40ba:	00fc2023          	sw	a5,0(s8)
    40be:	010c2223          	sw	a6,4(s8)
    40c2:	f8099ee3          	bnez	s3,405e <_ZL16motor_motion_runiym+0x1b84>
    40c6:	8ed1                	or	a3,a3,a2
    40c8:	c68d                	beqz	a3,40f2 <_ZL16motor_motion_runiym+0x1c18>
    40ca:	47d6                	lw	a5,84(sp)
    40cc:	dbc9                	beqz	a5,405e <_ZL16motor_motion_runiym+0x1b84>
    40ce:	479a                	lw	a5,132(sp)
    40d0:	9b3e                	add	s6,s6,a5
    40d2:	000b4703          	lbu	a4,0(s6)
    40d6:	03000793          	li	a5,48
    40da:	02e7f163          	bgeu	a5,a4,40fc <_ZL16motor_motion_runiym+0x1c22>
    40de:	00000793          	li	a5,0
    40e2:	dc3c                	sw	a5,120(s0)
    40e4:	dc7c                	sw	a5,124(s0)
    40e6:	0a010323          	sb	zero,166(sp)
    40ea:	4a81                	li	s5,0
    40ec:	ba69                	j	3a86 <_ZL16motor_motion_runiym+0x15ac>
    40ee:	f60998e3          	bnez	s3,405e <_ZL16motor_motion_runiym+0x1b84>
    40f2:	00000713          	li	a4,0
    40f6:	dc38                	sw	a4,120(s0)
    40f8:	dc78                	sw	a4,124(s0)
    40fa:	a105                	j	451a <_ZL16motor_motion_runiym+0x2040>
    40fc:	47e6                	lw	a5,88(sp)
    40fe:	80000a37          	lui	s4,0x80000
    4102:	9bbe                	add	s7,s7,a5
    4104:	9701a583          	lw	a1,-1680(gp) # 20000300 <_ZL7g_scale+0x140>
    4108:	000ba503          	lw	a0,0(s7)
    410c:	39b060ef          	jal	ra,aca6 <__subsf3>
    4110:	4606                	lw	a2,64(sp)
    4112:	09042983          	lw	s3,144(s0)
    4116:	4785                	li	a5,1
    4118:	00aa4a33          	xor	s4,s4,a0
    411c:	85aa                	mv	a1,a0
    411e:	06c40513          	addi	a0,s0,108
    4122:	0af10323          	sb	a5,166(sp)
    4126:	d752                	sw	s4,172(sp)
    4128:	88bfc0ef          	jal	ra,9b2 <_ZN9MOTOR_PID8caculateEff>
    412c:	85aa                	mv	a1,a0
    412e:	854e                	mv	a0,s3
    4130:	09b060ef          	jal	ra,a9ca <__mulsf3>
    4134:	8f01a583          	lw	a1,-1808(gp) # 20000280 <_ZL7g_scale+0xc0>
    4138:	84aa                	mv	s1,a0
    413a:	8552                	mv	a0,s4
    413c:	08f060ef          	jal	ra,a9ca <__mulsf3>
    4140:	8bc1a583          	lw	a1,-1860(gp) # 2000024c <_ZL7g_scale+0x8c>
    4144:	0a8060ef          	jal	ra,a1ec <__addsf3>
    4148:	90c1aa83          	lw	s5,-1780(gp) # 2000029c <_ZL7g_scale+0xdc>
    414c:	8a2a                	mv	s4,a0
    414e:	85d6                	mv	a1,s5
    4150:	74c060ef          	jal	ra,a89c <__gesf2>
    4154:	00a05363          	blez	a0,415a <_ZL16motor_motion_runiym+0x1c80>
    4158:	8a56                	mv	s4,s5
    415a:	85d2                	mv	a1,s4
    415c:	8526                	mv	a0,s1
    415e:	73e060ef          	jal	ra,a89c <__gesf2>
    4162:	00a05363          	blez	a0,4168 <_ZL16motor_motion_runiym+0x1c8e>
    4166:	84d2                	mv	s1,s4
    4168:	800007b7          	lui	a5,0x80000
    416c:	0147ca33          	xor	s4,a5,s4
    4170:	85a6                	mv	a1,s1
    4172:	8552                	mv	a0,s4
    4174:	d526                	sw	s1,168(sp)
    4176:	726060ef          	jal	ra,a89c <__gesf2>
    417a:	00a05363          	blez	a0,4180 <_ZL16motor_motion_runiym+0x1ca6>
    417e:	d552                	sw	s4,168(sp)
    4180:	55aa                	lw	a1,168(sp)
    4182:	854e                	mv	a0,s3
    4184:	047060ef          	jal	ra,a9ca <__mulsf3>
    4188:	00000593          	li	a1,0
    418c:	710060ef          	jal	ra,a89c <__gesf2>
    4190:	f4a05de3          	blez	a0,40ea <_ZL16motor_motion_runiym+0x1c10>
    4194:	00000793          	li	a5,0
    4198:	d53e                	sw	a5,168(sp)
    419a:	dc3c                	sw	a5,120(s0)
    419c:	dc7c                	sw	a5,124(s0)
    419e:	0a010323          	sb	zero,166(sp)
    41a2:	d73e                	sw	a5,172(sp)
    41a4:	b799                	j	40ea <_ZL16motor_motion_runiym+0x1c10>
    41a6:	00000793          	li	a5,0
    41aa:	dc3c                	sw	a5,120(s0)
    41ac:	dc7c                	sw	a5,124(s0)
    41ae:	bf35                	j	40ea <_ZL16motor_motion_runiym+0x1c10>
    41b0:	09042503          	lw	a0,144(s0)
    41b4:	90c1a583          	lw	a1,-1780(gp) # 2000029c <_ZL7g_scale+0xdc>
    41b8:	800007b7          	lui	a5,0x80000
    41bc:	8d3d                	xor	a0,a0,a5
    41be:	00d060ef          	jal	ra,a9ca <__mulsf3>
    41c2:	d52a                	sw	a0,168(sp)
    41c4:	ca82                	sw	zero,84(sp)
    41c6:	ffaff06f          	j	39c0 <_ZL16motor_motion_runiym+0x14e6>
    41ca:	ca82                	sw	zero,84(sp)
    41cc:	80bff06f          	j	39d6 <_ZL16motor_motion_runiym+0x14fc>
    41d0:	47e6                	lw	a5,88(sp)
    41d2:	a3818993          	addi	s3,gp,-1480 # 200003c8 <_ZZN14_MOTOR_CONTROL3runEfyE9pb_active>
    41d6:	99da                	add	s3,s3,s6
    41d8:	9bbe                	add	s7,s7,a5
    41da:	0009c783          	lbu	a5,0(s3)
    41de:	000ba903          	lw	s2,0(s7)
    41e2:	a3818493          	addi	s1,gp,-1480 # 200003c8 <_ZZN14_MOTOR_CONTROL3runEfyE9pb_active>
    41e6:	c3ad                	beqz	a5,4248 <_ZL16motor_motion_runiym+0x1d6e>
    41e8:	89c1a583          	lw	a1,-1892(gp) # 2000022c <_ZL7g_scale+0x6c>
    41ec:	854a                	mv	a0,s2
    41ee:	744060ef          	jal	ra,a932 <__lesf2>
    41f2:	06a05663          	blez	a0,425e <_ZL16motor_motion_runiym+0x1d84>
    41f6:	89c1a583          	lw	a1,-1892(gp) # 2000022c <_ZL7g_scale+0x6c>
    41fa:	854a                	mv	a0,s2
    41fc:	2ab060ef          	jal	ra,aca6 <__subsf3>
    4200:	4785                	li	a5,1
    4202:	0af10323          	sb	a5,166(sp)
    4206:	8781a583          	lw	a1,-1928(gp) # 20000208 <_ZL7g_scale+0x48>
    420a:	84aa                	mv	s1,a0
    420c:	d72a                	sw	a0,172(sp)
    420e:	724060ef          	jal	ra,a932 <__lesf2>
    4212:	00000593          	li	a1,0
    4216:	00a05663          	blez	a0,4222 <_ZL16motor_motion_runiym+0x1d48>
    421a:	8526                	mv	a0,s1
    421c:	b3ffd0ef          	jal	ra,1d5a <_ZL20retract_mag_from_errff.part.0.constprop.0>
    4220:	85aa                	mv	a1,a0
    4222:	09042483          	lw	s1,144(s0)
    4226:	8526                	mv	a0,s1
    4228:	7a2060ef          	jal	ra,a9ca <__mulsf3>
    422c:	85aa                	mv	a1,a0
    422e:	892a                	mv	s2,a0
    4230:	8526                	mv	a0,s1
    4232:	798060ef          	jal	ra,a9ca <__mulsf3>
    4236:	00000593          	li	a1,0
    423a:	6f8060ef          	jal	ra,a932 <__lesf2>
    423e:	f8054163          	bltz	a0,39c0 <_ZL16motor_motion_runiym+0x14e6>
    4242:	d54a                	sw	s2,168(sp)
    4244:	f7cff06f          	j	39c0 <_ZL16motor_motion_runiym+0x14e6>
    4248:	9581a583          	lw	a1,-1704(gp) # 200002e8 <_ZL7g_scale+0x128>
    424c:	854a                	mv	a0,s2
    424e:	64e060ef          	jal	ra,a89c <__gesf2>
    4252:	00054663          	bltz	a0,425e <_ZL16motor_motion_runiym+0x1d84>
    4256:	4785                	li	a5,1
    4258:	00f98023          	sb	a5,0(s3)
    425c:	bf69                	j	41f6 <_ZL16motor_motion_runiym+0x1d1c>
    425e:	94da                	add	s1,s1,s6
    4260:	00048023          	sb	zero,0(s1)
    4264:	0a010323          	sb	zero,166(sp)
    4268:	f58ff06f          	j	39c0 <_ZL16motor_motion_runiym+0x14e6>
    426c:	47e6                	lw	a5,88(sp)
    426e:	0ac10893          	addi	a7,sp,172
    4272:	0a610813          	addi	a6,sp,166
    4276:	9bbe                	add	s7,s7,a5
    4278:	0a710793          	addi	a5,sp,167
    427c:	c03e                	sw	a5,0(sp)
    427e:	4c14                	lw	a3,24(s0)
    4280:	09042583          	lw	a1,144(s0)
    4284:	000ba503          	lw	a0,0(s7)
    4288:	113c                	addi	a5,sp,168
    428a:	01c40713          	addi	a4,s0,28
    428e:	06c40613          	addi	a2,s0,108
    4292:	b85fd0ef          	jal	ra,1e16 <_ZN14_MOTOR_CONTROL9hold_loadEffR9MOTOR_PIDRfRhS2_RbS2_S4_.constprop.0.isra.0>
    4296:	f2aff06f          	j	39c0 <_ZL16motor_motion_runiym+0x14e6>
    429a:	02042983          	lw	s3,32(s0)
    429e:	47e6                	lw	a5,88(sp)
    42a0:	00000593          	li	a1,0
    42a4:	854e                	mv	a0,s3
    42a6:	9bbe                	add	s7,s7,a5
    42a8:	5f4060ef          	jal	ra,a89c <__gesf2>
    42ac:	000ba483          	lw	s1,0(s7)
    42b0:	02054e63          	bltz	a0,42ec <_ZL16motor_motion_runiym+0x1e12>
    42b4:	541c                	lw	a5,40(s0)
    42b6:	5458                	lw	a4,44(s0)
    42b8:	00e7e6b3          	or	a3,a5,a4
    42bc:	c285                	beqz	a3,42dc <_ZL16motor_motion_runiym+0x1e02>
    42be:	46f2                	lw	a3,28(sp)
    42c0:	5602                	lw	a2,32(sp)
    42c2:	40f687b3          	sub	a5,a3,a5
    42c6:	00f6b6b3          	sltu	a3,a3,a5
    42ca:	40e60733          	sub	a4,a2,a4
    42ce:	00d71763          	bne	a4,a3,42dc <_ZL16motor_motion_runiym+0x1e02>
    42d2:	6705                	lui	a4,0x1
    42d4:	38770713          	addi	a4,a4,903 # 1387 <_Z10set_motionhhhh.part.0+0xf7>
    42d8:	04f77063          	bgeu	a4,a5,4318 <_ZL16motor_motion_runiym+0x1e3e>
    42dc:	8a41a783          	lw	a5,-1884(gp) # 20000234 <_ZL7g_scale+0x74>
    42e0:	4801                	li	a6,0
    42e2:	03042623          	sw	a6,44(s0)
    42e6:	d01c                	sw	a5,32(s0)
    42e8:	4781                	li	a5,0
    42ea:	d41c                	sw	a5,40(s0)
    42ec:	9101a983          	lw	s3,-1776(gp) # 200002a0 <_ZL7g_scale+0xe0>
    42f0:	9741a583          	lw	a1,-1676(gp) # 20000304 <_ZL7g_scale+0x144>
    42f4:	00040e23          	sb	zero,28(s0)
    42f8:	8526                	mv	a0,s1
    42fa:	5a2060ef          	jal	ra,a89c <__gesf2>
    42fe:	08054163          	bltz	a0,4380 <_ZL16motor_motion_runiym+0x1ea6>
    4302:	85ce                	mv	a1,s3
    4304:	8526                	mv	a0,s1
    4306:	62c060ef          	jal	ra,a932 <__lesf2>
    430a:	06a04b63          	bgtz	a0,4380 <_ZL16motor_motion_runiym+0x1ea6>
    430e:	00000793          	li	a5,0
    4312:	dc3c                	sw	a5,120(s0)
    4314:	dc7c                	sw	a5,124(s0)
    4316:	b7b9                	j	4264 <_ZL16motor_motion_runiym+0x1d8a>
    4318:	85ce                	mv	a1,s3
    431a:	8526                	mv	a0,s1
    431c:	580060ef          	jal	ra,a89c <__gesf2>
    4320:	00a05363          	blez	a0,4326 <_ZL16motor_motion_runiym+0x1e4c>
    4324:	d004                	sw	s1,32(s0)
    4326:	5008                	lw	a0,32(s0)
    4328:	85a6                	mv	a1,s1
    432a:	17d060ef          	jal	ra,aca6 <__subsf3>
    432e:	8b01a583          	lw	a1,-1872(gp) # 20000240 <_ZL7g_scale+0x80>
    4332:	56a060ef          	jal	ra,a89c <__gesf2>
    4336:	02a05963          	blez	a0,4368 <_ZL16motor_motion_runiym+0x1e8e>
    433a:	8741a583          	lw	a1,-1932(gp) # 20000204 <_ZL7g_scale+0x44>
    433e:	8526                	mv	a0,s1
    4340:	6ad050ef          	jal	ra,a1ec <__addsf3>
    4344:	9101aa03          	lw	s4,-1776(gp) # 200002a0 <_ZL7g_scale+0xe0>
    4348:	89aa                	mv	s3,a0
    434a:	85d2                	mv	a1,s4
    434c:	5e6060ef          	jal	ra,a932 <__lesf2>
    4350:	02054663          	bltz	a0,437c <_ZL16motor_motion_runiym+0x1ea2>
    4354:	8581aa03          	lw	s4,-1960(gp) # 200001e8 <_ZL7g_scale+0x28>
    4358:	854e                	mv	a0,s3
    435a:	85d2                	mv	a1,s4
    435c:	540060ef          	jal	ra,a89c <__gesf2>
    4360:	00a04e63          	bgtz	a0,437c <_ZL16motor_motion_runiym+0x1ea2>
    4364:	03342023          	sw	s3,32(s0)
    4368:	02042983          	lw	s3,32(s0)
    436c:	9101a583          	lw	a1,-1776(gp) # 200002a0 <_ZL7g_scale+0xe0>
    4370:	854e                	mv	a0,s3
    4372:	52a060ef          	jal	ra,a89c <__gesf2>
    4376:	f6a05be3          	blez	a0,42ec <_ZL16motor_motion_runiym+0x1e12>
    437a:	bf9d                	j	42f0 <_ZL16motor_motion_runiym+0x1e16>
    437c:	89d2                	mv	s3,s4
    437e:	b7dd                	j	4364 <_ZL16motor_motion_runiym+0x1e8a>
    4380:	9781a583          	lw	a1,-1672(gp) # 20000308 <_ZL7g_scale+0x148>
    4384:	8526                	mv	a0,s1
    4386:	121060ef          	jal	ra,aca6 <__subsf3>
    438a:	9741aa83          	lw	s5,-1676(gp) # 20000304 <_ZL7g_scale+0x144>
    438e:	89aa                	mv	s3,a0
    4390:	8526                	mv	a0,s1
    4392:	85d6                	mv	a1,s5
    4394:	59e060ef          	jal	ra,a932 <__lesf2>
    4398:	4785                	li	a5,1
    439a:	0af10323          	sb	a5,166(sp)
    439e:	08055063          	bgez	a0,441e <_ZL16motor_motion_runiym+0x1f44>
    43a2:	800007b7          	lui	a5,0x80000
    43a6:	0137c7b3          	xor	a5,a5,s3
    43aa:	d73e                	sw	a5,172(sp)
    43ac:	89c1aa03          	lw	s4,-1892(gp) # 2000022c <_ZL7g_scale+0x6c>
    43b0:	8526                	mv	a0,s1
    43b2:	85d2                	mv	a1,s4
    43b4:	4e8060ef          	jal	ra,a89c <__gesf2>
    43b8:	85a6                	mv	a1,s1
    43ba:	04054863          	bltz	a0,440a <_ZL16motor_motion_runiym+0x1f30>
    43be:	8556                	mv	a0,s5
    43c0:	0e7060ef          	jal	ra,aca6 <__subsf3>
    43c4:	97c1a583          	lw	a1,-1668(gp) # 2000030c <_ZL7g_scale+0x14c>
    43c8:	602060ef          	jal	ra,a9ca <__mulsf3>
    43cc:	9801a583          	lw	a1,-1664(gp) # 20000310 <_ZL7g_scale+0x150>
    43d0:	61d050ef          	jal	ra,a1ec <__addsf3>
    43d4:	90c1a903          	lw	s2,-1780(gp) # 2000029c <_ZL7g_scale+0xdc>
    43d8:	84aa                	mv	s1,a0
    43da:	85ca                	mv	a1,s2
    43dc:	4c0060ef          	jal	ra,a89c <__gesf2>
    43e0:	00a05363          	blez	a0,43e6 <_ZL16motor_motion_runiym+0x1f0c>
    43e4:	84ca                	mv	s1,s2
    43e6:	09042503          	lw	a0,144(s0)
    43ea:	800007b7          	lui	a5,0x80000
    43ee:	85a6                	mv	a1,s1
    43f0:	8d3d                	xor	a0,a0,a5
    43f2:	5d8060ef          	jal	ra,a9ca <__mulsf3>
    43f6:	00000793          	li	a5,0
    43fa:	dc3c                	sw	a5,120(s0)
    43fc:	dc7c                	sw	a5,124(s0)
    43fe:	4785                	li	a5,1
    4400:	d52a                	sw	a0,168(sp)
    4402:	0af103a3          	sb	a5,167(sp)
    4406:	dbaff06f          	j	39c0 <_ZL16motor_motion_runiym+0x14e6>
    440a:	8552                	mv	a0,s4
    440c:	09b060ef          	jal	ra,aca6 <__subsf3>
    4410:	97c1a583          	lw	a1,-1668(gp) # 2000030c <_ZL7g_scale+0x14c>
    4414:	5b6060ef          	jal	ra,a9ca <__mulsf3>
    4418:	90c1a583          	lw	a1,-1780(gp) # 2000029c <_ZL7g_scale+0xdc>
    441c:	bf55                	j	43d0 <_ZL16motor_motion_runiym+0x1ef6>
    441e:	00000593          	li	a1,0
    4422:	854e                	mv	a0,s3
    4424:	50e060ef          	jal	ra,a932 <__lesf2>
    4428:	8ace                	mv	s5,s3
    442a:	00055663          	bgez	a0,4436 <_ZL16motor_motion_runiym+0x1f5c>
    442e:	80000ab7          	lui	s5,0x80000
    4432:	013acab3          	xor	s5,s5,s3
    4436:	4606                	lw	a2,64(sp)
    4438:	09042a03          	lw	s4,144(s0)
    443c:	85ce                	mv	a1,s3
    443e:	06c40513          	addi	a0,s0,108
    4442:	d756                	sw	s5,172(sp)
    4444:	d6efc0ef          	jal	ra,9b2 <_ZN9MOTOR_PID8caculateEff>
    4448:	85aa                	mv	a1,a0
    444a:	8552                	mv	a0,s4
    444c:	57e060ef          	jal	ra,a9ca <__mulsf3>
    4450:	8f01a583          	lw	a1,-1808(gp) # 20000280 <_ZL7g_scale+0xc0>
    4454:	8a2a                	mv	s4,a0
    4456:	8556                	mv	a0,s5
    4458:	572060ef          	jal	ra,a9ca <__mulsf3>
    445c:	8bc1a583          	lw	a1,-1860(gp) # 2000024c <_ZL7g_scale+0x8c>
    4460:	58d050ef          	jal	ra,a1ec <__addsf3>
    4464:	90c1a903          	lw	s2,-1780(gp) # 2000029c <_ZL7g_scale+0xdc>
    4468:	8aaa                	mv	s5,a0
    446a:	85ca                	mv	a1,s2
    446c:	430060ef          	jal	ra,a89c <__gesf2>
    4470:	00a05363          	blez	a0,4476 <_ZL16motor_motion_runiym+0x1f9c>
    4474:	8aca                	mv	s5,s2
    4476:	85d6                	mv	a1,s5
    4478:	8552                	mv	a0,s4
    447a:	422060ef          	jal	ra,a89c <__gesf2>
    447e:	00a05363          	blez	a0,4484 <_ZL16motor_motion_runiym+0x1faa>
    4482:	8a56                	mv	s4,s5
    4484:	80000937          	lui	s2,0x80000
    4488:	01594933          	xor	s2,s2,s5
    448c:	85d2                	mv	a1,s4
    448e:	854a                	mv	a0,s2
    4490:	d552                	sw	s4,168(sp)
    4492:	40a060ef          	jal	ra,a89c <__gesf2>
    4496:	00a05363          	blez	a0,449c <_ZL16motor_motion_runiym+0x1fc2>
    449a:	d54a                	sw	s2,168(sp)
    449c:	00000593          	li	a1,0
    44a0:	854e                	mv	a0,s3
    44a2:	3fa060ef          	jal	ra,a89c <__gesf2>
    44a6:	d0a05d63          	blez	a0,39c0 <_ZL16motor_motion_runiym+0x14e6>
    44aa:	8941a583          	lw	a1,-1900(gp) # 20000224 <_ZL7g_scale+0x64>
    44ae:	8526                	mv	a0,s1
    44b0:	3ec060ef          	jal	ra,a89c <__gesf2>
    44b4:	d0054663          	bltz	a0,39c0 <_ZL16motor_motion_runiym+0x14e6>
    44b8:	8941a583          	lw	a1,-1900(gp) # 20000224 <_ZL7g_scale+0x64>
    44bc:	8526                	mv	a0,s1
    44be:	7e8060ef          	jal	ra,aca6 <__subsf3>
    44c2:	8801a583          	lw	a1,-1920(gp) # 20000210 <_ZL7g_scale+0x50>
    44c6:	504060ef          	jal	ra,a9ca <__mulsf3>
    44ca:	8741a583          	lw	a1,-1932(gp) # 20000204 <_ZL7g_scale+0x44>
    44ce:	51f050ef          	jal	ra,a1ec <__addsf3>
    44d2:	9041a903          	lw	s2,-1788(gp) # 20000294 <_ZL7g_scale+0xd4>
    44d6:	84aa                	mv	s1,a0
    44d8:	85ca                	mv	a1,s2
    44da:	3c2060ef          	jal	ra,a89c <__gesf2>
    44de:	00a05363          	blez	a0,44e4 <_ZL16motor_motion_runiym+0x200a>
    44e2:	84ca                	mv	s1,s2
    44e4:	55aa                	lw	a1,168(sp)
    44e6:	8526                	mv	a0,s1
    44e8:	4e2060ef          	jal	ra,a9ca <__mulsf3>
    44ec:	91c1a903          	lw	s2,-1764(gp) # 200002ac <_ZL7g_scale+0xec>
    44f0:	84aa                	mv	s1,a0
    44f2:	85ca                	mv	a1,s2
    44f4:	3a8060ef          	jal	ra,a89c <__gesf2>
    44f8:	d4a045e3          	bgtz	a0,4242 <_ZL16motor_motion_runiym+0x1d68>
    44fc:	9841a903          	lw	s2,-1660(gp) # 20000314 <_ZL7g_scale+0x154>
    4500:	8526                	mv	a0,s1
    4502:	85ca                	mv	a1,s2
    4504:	42e060ef          	jal	ra,a932 <__lesf2>
    4508:	d2054de3          	bltz	a0,4242 <_ZL16motor_motion_runiym+0x1d68>
    450c:	d526                	sw	s1,168(sp)
    450e:	cb2ff06f          	j	39c0 <_ZL16motor_motion_runiym+0x14e6>
    4512:	00000713          	li	a4,0
    4516:	cc38                	sw	a4,88(s0)
    4518:	cc78                	sw	a4,92(s0)
    451a:	4785                	li	a5,1
    451c:	7840006f          	j	4ca0 <_ZL16motor_motion_runiym+0x27c6>
    4520:	47e6                	lw	a5,88(sp)
    4522:	97de                	add	a5,a5,s7
    4524:	4384                	lw	s1,0(a5)
    4526:	03c44783          	lbu	a5,60(s0)
    452a:	e3a9                	bnez	a5,456c <_ZL16motor_motion_runiym+0x2092>
    452c:	200027b7          	lui	a5,0x20002
    4530:	006b1713          	slli	a4,s6,0x6
    4534:	dd878793          	addi	a5,a5,-552 # 20001dd8 <ams>
    4538:	97ba                	add	a5,a5,a4
    453a:	5c0c                	lw	a1,56(s0)
    453c:	5fc8                	lw	a0,60(a5)
    453e:	768060ef          	jal	ra,aca6 <__subsf3>
    4542:	00000593          	li	a1,0
    4546:	89aa                	mv	s3,a0
    4548:	3ea060ef          	jal	ra,a932 <__lesf2>
    454c:	00055663          	bgez	a0,4558 <_ZL16motor_motion_runiym+0x207e>
    4550:	800007b7          	lui	a5,0x80000
    4554:	0137c9b3          	xor	s3,a5,s3
    4558:	8881a583          	lw	a1,-1912(gp) # 20000218 <_ZL7g_scale+0x58>
    455c:	854e                	mv	a0,s3
    455e:	33e060ef          	jal	ra,a89c <__gesf2>
    4562:	70054f63          	bltz	a0,4c80 <_ZL16motor_motion_runiym+0x27a6>
    4566:	4785                	li	a5,1
    4568:	02f40e23          	sb	a5,60(s0)
    456c:	00000793          	li	a5,0
    4570:	cc3c                	sw	a5,88(s0)
    4572:	cc7c                	sw	a5,92(s0)
    4574:	873e                	mv	a4,a5
    4576:	dc3c                	sw	a5,120(s0)
    4578:	b641                	j	40f8 <_ZL16motor_motion_runiym+0x1c1e>
    457a:	09444783          	lbu	a5,148(s0)
    457e:	cb91                	beqz	a5,4592 <_ZL16motor_motion_runiym+0x20b8>
    4580:	9881a583          	lw	a1,-1656(gp) # 20000318 <_ZL7g_scale+0x158>
    4584:	8526                	mv	a0,s1
    4586:	316060ef          	jal	ra,a89c <__gesf2>
    458a:	fe0551e3          	bgez	a0,456c <_ZL16motor_motion_runiym+0x2092>
    458e:	08040a23          	sb	zero,148(s0)
    4592:	04844783          	lbu	a5,72(s0)
    4596:	c395                	beqz	a5,45ba <_ZL16motor_motion_runiym+0x20e0>
    4598:	0a710793          	addi	a5,sp,167
    459c:	c03e                	sw	a5,0(sp)
    459e:	4c14                	lw	a3,24(s0)
    45a0:	09042583          	lw	a1,144(s0)
    45a4:	0ac10893          	addi	a7,sp,172
    45a8:	0a610813          	addi	a6,sp,166
    45ac:	113c                	addi	a5,sp,168
    45ae:	01c40713          	addi	a4,s0,28
    45b2:	06c40613          	addi	a2,s0,108
    45b6:	8526                	mv	a0,s1
    45b8:	b9e9                	j	4292 <_ZL16motor_motion_runiym+0x1db8>
    45ba:	9541a583          	lw	a1,-1708(gp) # 200002e4 <_ZL7g_scale+0x124>
    45be:	8526                	mv	a0,s1
    45c0:	2dc060ef          	jal	ra,a89c <__gesf2>
    45c4:	04054263          	bltz	a0,4608 <_ZL16motor_motion_runiym+0x212e>
    45c8:	4785                	li	a5,1
    45ca:	00000593          	li	a1,0
    45ce:	04f40423          	sb	a5,72(s0)
    45d2:	8526                	mv	a0,s1
    45d4:	35e060ef          	jal	ra,a932 <__lesf2>
    45d8:	00000593          	li	a1,0
    45dc:	00054c63          	bltz	a0,45f4 <_ZL16motor_motion_runiym+0x211a>
    45e0:	8581a583          	lw	a1,-1960(gp) # 200001e8 <_ZL7g_scale+0x28>
    45e4:	8526                	mv	a0,s1
    45e6:	2b6060ef          	jal	ra,a89c <__gesf2>
    45ea:	8581a583          	lw	a1,-1960(gp) # 200001e8 <_ZL7g_scale+0x28>
    45ee:	00a04363          	bgtz	a0,45f4 <_ZL16motor_motion_runiym+0x211a>
    45f2:	85a6                	mv	a1,s1
    45f4:	00000793          	li	a5,0
    45f8:	cc0c                	sw	a1,24(s0)
    45fa:	00040e23          	sb	zero,28(s0)
    45fe:	cc3c                	sw	a5,88(s0)
    4600:	cc7c                	sw	a5,92(s0)
    4602:	dc3c                	sw	a5,120(s0)
    4604:	dc7c                	sw	a5,124(s0)
    4606:	bf49                	j	4598 <_ZL16motor_motion_runiym+0x20be>
    4608:	5808                	lw	a0,48(s0)
    460a:	585c                	lw	a5,52(s0)
    460c:	00f56733          	or	a4,a0,a5
    4610:	cf35                	beqz	a4,468c <_ZL16motor_motion_runiym+0x21b2>
    4612:	4772                	lw	a4,28(sp)
    4614:	5682                	lw	a3,32(sp)
    4616:	40a70533          	sub	a0,a4,a0
    461a:	00a73733          	sltu	a4,a4,a0
    461e:	40f687b3          	sub	a5,a3,a5
    4622:	06e79563          	bne	a5,a4,468c <_ZL16motor_motion_runiym+0x21b2>
    4626:	12b00793          	li	a5,299
    462a:	06a7e163          	bltu	a5,a0,468c <_ZL16motor_motion_runiym+0x21b2>
    462e:	4581                	li	a1,0
    4630:	43d060ef          	jal	ra,b26c <__floatundisf>
    4634:	8dc1a583          	lw	a1,-1828(gp) # 2000026c <_ZL7g_scale+0xac>
    4638:	71d050ef          	jal	ra,a554 <__divsf3>
    463c:	8741a983          	lw	s3,-1932(gp) # 20000204 <_ZL7g_scale+0x44>
    4640:	84aa                	mv	s1,a0
    4642:	85ce                	mv	a1,s3
    4644:	258060ef          	jal	ra,a89c <__gesf2>
    4648:	00a05363          	blez	a0,464e <_ZL16motor_motion_runiym+0x2174>
    464c:	84ce                	mv	s1,s3
    464e:	89c1a583          	lw	a1,-1892(gp) # 2000022c <_ZL7g_scale+0x6c>
    4652:	8526                	mv	a0,s1
    4654:	376060ef          	jal	ra,a9ca <__mulsf3>
    4658:	8881a583          	lw	a1,-1912(gp) # 20000218 <_ZL7g_scale+0x58>
    465c:	391050ef          	jal	ra,a1ec <__addsf3>
    4660:	85aa                	mv	a1,a0
    4662:	5532                	lw	a0,44(sp)
    4664:	09042483          	lw	s1,144(s0)
    4668:	63e060ef          	jal	ra,aca6 <__subsf3>
    466c:	4606                	lw	a2,64(sp)
    466e:	85aa                	mv	a1,a0
    4670:	04c40513          	addi	a0,s0,76
    4674:	b3efc0ef          	jal	ra,9b2 <_ZN9MOTOR_PID8caculateEff>
    4678:	85aa                	mv	a1,a0
    467a:	8526                	mv	a0,s1
    467c:	34e060ef          	jal	ra,a9ca <__mulsf3>
    4680:	d52a                	sw	a0,168(sp)
    4682:	b3eff06f          	j	39c0 <_ZL16motor_motion_runiym+0x14e6>
    4686:	00000593          	li	a1,0
    468a:	bfe1                	j	4662 <_ZL16motor_motion_runiym+0x2188>
    468c:	9101a583          	lw	a1,-1776(gp) # 200002a0 <_ZL7g_scale+0xe0>
    4690:	bfc9                	j	4662 <_ZL16motor_motion_runiym+0x2188>
    4692:	ffc98793          	addi	a5,s3,-4
    4696:	470d                	li	a4,3
    4698:	c0f77763          	bgeu	a4,a5,3aa6 <_ZL16motor_motion_runiym+0x15cc>
    469c:	47a1                	li	a5,8
    469e:	00091863          	bnez	s2,46ae <_ZL16motor_motion_runiym+0x21d4>
    46a2:	04f99963          	bne	s3,a5,46f4 <_ZL16motor_motion_runiym+0x221a>
    46a6:	4a01                	li	s4,0
    46a8:	00000913          	li	s2,0
    46ac:	a891                	j	4700 <_ZL16motor_motion_runiym+0x2226>
    46ae:	fef98ce3          	beq	s3,a5,46a6 <_ZL16motor_motion_runiym+0x21cc>
    46b2:	4789                	li	a5,2
    46b4:	4a05                	li	s4,1
    46b6:	bef99963          	bne	s3,a5,3aa8 <_ZL16motor_motion_runiym+0x15ce>
    46ba:	200027b7          	lui	a5,0x20002
    46be:	00249713          	slli	a4,s1,0x2
    46c2:	99078793          	addi	a5,a5,-1648 # 20001990 <_ZL15g_pull_remain_m>
    46c6:	97ba                	add	a5,a5,a4
    46c8:	9481a583          	lw	a1,-1720(gp) # 200002d8 <_ZL7g_scale+0x118>
    46cc:	4388                	lw	a0,0(a5)
    46ce:	687050ef          	jal	ra,a554 <__divsf3>
    46d2:	00000593          	li	a1,0
    46d6:	892a                	mv	s2,a0
    46d8:	25a060ef          	jal	ra,a932 <__lesf2>
    46dc:	04054963          	bltz	a0,472e <_ZL16motor_motion_runiym+0x2254>
    46e0:	8741ac03          	lw	s8,-1932(gp) # 20000204 <_ZL7g_scale+0x44>
    46e4:	854a                	mv	a0,s2
    46e6:	85e2                	mv	a1,s8
    46e8:	1b4060ef          	jal	ra,a89c <__gesf2>
    46ec:	04a05363          	blez	a0,4732 <_ZL16motor_motion_runiym+0x2258>
    46f0:	8962                	mv	s2,s8
    46f2:	a081                	j	4732 <_ZL16motor_motion_runiym+0x2258>
    46f4:	4a09                	li	s4,2
    46f6:	fd4982e3          	beq	s3,s4,46ba <_ZL16motor_motion_runiym+0x21e0>
    46fa:	08c42903          	lw	s2,140(s0)
    46fe:	4a29                	li	s4,10
    4700:	8552                	mv	a0,s4
    4702:	1e3060ef          	jal	ra,b0e4 <__floatsisf>
    4706:	85da                	mv	a1,s6
    4708:	22a060ef          	jal	ra,a932 <__lesf2>
    470c:	0a055263          	bgez	a0,47b0 <_ZL16motor_motion_runiym+0x22d6>
    4710:	85ca                	mv	a1,s2
    4712:	855a                	mv	a0,s6
    4714:	21e060ef          	jal	ra,a932 <__lesf2>
    4718:	00055363          	bgez	a0,471e <_ZL16motor_motion_runiym+0x2244>
    471c:	d54a                	sw	s2,168(sp)
    471e:	479d                	li	a5,7
    4720:	06f99063          	bne	s3,a5,4780 <_ZL16motor_motion_runiym+0x22a6>
    4724:	0c0a8563          	beqz	s5,47ee <_ZL16motor_motion_runiym+0x2314>
    4728:	91c1a903          	lw	s2,-1764(gp) # 200002ac <_ZL7g_scale+0xec>
    472c:	a0d9                	j	47f2 <_ZL16motor_motion_runiym+0x2318>
    472e:	00000913          	li	s2,0
    4732:	9181a583          	lw	a1,-1768(gp) # 200002a8 <_ZL7g_scale+0xe8>
    4736:	08c42503          	lw	a0,140(s0)
    473a:	56c060ef          	jal	ra,aca6 <__subsf3>
    473e:	85ca                	mv	a1,s2
    4740:	28a060ef          	jal	ra,a9ca <__mulsf3>
    4744:	9181a583          	lw	a1,-1768(gp) # 200002a8 <_ZL7g_scale+0xe8>
    4748:	2a5050ef          	jal	ra,a1ec <__addsf3>
    474c:	892a                	mv	s2,a0
    474e:	8552                	mv	a0,s4
    4750:	195060ef          	jal	ra,b0e4 <__floatsisf>
    4754:	9181ac03          	lw	s8,-1768(gp) # 200002a8 <_ZL7g_scale+0xe8>
    4758:	c12a                	sw	a0,128(sp)
    475a:	854a                	mv	a0,s2
    475c:	85e2                	mv	a1,s8
    475e:	1d4060ef          	jal	ra,a932 <__lesf2>
    4762:	85da                	mv	a1,s6
    4764:	02055863          	bgez	a0,4794 <_ZL16motor_motion_runiym+0x22ba>
    4768:	450a                	lw	a0,128(sp)
    476a:	1c8060ef          	jal	ra,a932 <__lesf2>
    476e:	04055063          	bgez	a0,47ae <_ZL16motor_motion_runiym+0x22d4>
    4772:	85e2                	mv	a1,s8
    4774:	855a                	mv	a0,s6
    4776:	1bc060ef          	jal	ra,a932 <__lesf2>
    477a:	00055363          	bgez	a0,4780 <_ZL16motor_motion_runiym+0x22a6>
    477e:	d562                	sw	s8,168(sp)
    4780:	8a81a903          	lw	s2,-1880(gp) # 20000238 <_ZL7g_scale+0x78>
    4784:	552a                	lw	a0,168(sp)
    4786:	85ca                	mv	a1,s2
    4788:	114060ef          	jal	ra,a89c <__gesf2>
    478c:	12a05e63          	blez	a0,48c8 <_ZL16motor_motion_runiym+0x23ee>
    4790:	d54a                	sw	s2,168(sp)
    4792:	a299                	j	48d8 <_ZL16motor_motion_runiym+0x23fe>
    4794:	450a                	lw	a0,128(sp)
    4796:	19c060ef          	jal	ra,a932 <__lesf2>
    479a:	00055b63          	bgez	a0,47b0 <_ZL16motor_motion_runiym+0x22d6>
    479e:	85ca                	mv	a1,s2
    47a0:	855a                	mv	a0,s6
    47a2:	190060ef          	jal	ra,a932 <__lesf2>
    47a6:	fc055de3          	bgez	a0,4780 <_ZL16motor_motion_runiym+0x22a6>
    47aa:	d54a                	sw	s2,168(sp)
    47ac:	bfd1                	j	4780 <_ZL16motor_motion_runiym+0x22a6>
    47ae:	8962                	mv	s2,s8
    47b0:	41400533          	neg	a0,s4
    47b4:	131060ef          	jal	ra,b0e4 <__floatsisf>
    47b8:	85aa                	mv	a1,a0
    47ba:	855a                	mv	a0,s6
    47bc:	176060ef          	jal	ra,a932 <__lesf2>
    47c0:	00055f63          	bgez	a0,47de <_ZL16motor_motion_runiym+0x2304>
    47c4:	80000a37          	lui	s4,0x80000
    47c8:	016a45b3          	xor	a1,s4,s6
    47cc:	854a                	mv	a0,s2
    47ce:	0ce060ef          	jal	ra,a89c <__gesf2>
    47d2:	f4a056e3          	blez	a0,471e <_ZL16motor_motion_runiym+0x2244>
    47d6:	012a4a33          	xor	s4,s4,s2
    47da:	d552                	sw	s4,168(sp)
    47dc:	b789                	j	471e <_ZL16motor_motion_runiym+0x2244>
    47de:	00000793          	li	a5,0
    47e2:	d53e                	sw	a5,168(sp)
    47e4:	479d                	li	a5,7
    47e6:	0ef99963          	bne	s3,a5,48d8 <_ZL16motor_motion_runiym+0x23fe>
    47ea:	060a9263          	bnez	s5,484e <_ZL16motor_motion_runiym+0x2374>
    47ee:	9201a903          	lw	s2,-1760(gp) # 200002b0 <_ZL7g_scale+0xf0>
    47f2:	552a                	lw	a0,168(sp)
    47f4:	85ca                	mv	a1,s2
    47f6:	0a6060ef          	jal	ra,a89c <__gesf2>
    47fa:	00a05363          	blez	a0,4800 <_ZL16motor_motion_runiym+0x2326>
    47fe:	d54a                	sw	s2,168(sp)
    4800:	800007b7          	lui	a5,0x80000
    4804:	55aa                	lw	a1,168(sp)
    4806:	0127c933          	xor	s2,a5,s2
    480a:	854a                	mv	a0,s2
    480c:	090060ef          	jal	ra,a89c <__gesf2>
    4810:	04a04263          	bgtz	a0,4854 <_ZL16motor_motion_runiym+0x237a>
    4814:	47d6                	lw	a5,84(sp)
    4816:	c3a9                	beqz	a5,4858 <_ZL16motor_motion_runiym+0x237e>
    4818:	00349a93          	slli	s5,s1,0x3
    481c:	015b87b3          	add	a5,s7,s5
    4820:	43d8                	lw	a4,4(a5)
    4822:	5682                	lw	a3,32(sp)
    4824:	00249913          	slli	s2,s1,0x2
    4828:	00e6e863          	bltu	a3,a4,4838 <_ZL16motor_motion_runiym+0x235e>
    482c:	0cd71a63          	bne	a4,a3,4900 <_ZL16motor_motion_runiym+0x2426>
    4830:	439c                	lw	a5,0(a5)
    4832:	4772                	lw	a4,28(sp)
    4834:	0cf77663          	bgeu	a4,a5,4900 <_ZL16motor_motion_runiym+0x2426>
    4838:	00000713          	li	a4,0
    483c:	4785                	li	a5,1
    483e:	996e                	add	s2,s2,s11
    4840:	dc38                	sw	a4,120(s0)
    4842:	dc78                	sw	a4,124(s0)
    4844:	a41c                	sb	a5,8(s0)
    4846:	00e92023          	sw	a4,0(s2) # 80000000 <__freertos_irq_stack_top+0x5fffb000>
    484a:	4581                	li	a1,0
    484c:	a0fd                	j	493a <_ZL16motor_motion_runiym+0x2460>
    484e:	91c1a903          	lw	s2,-1764(gp) # 200002ac <_ZL7g_scale+0xec>
    4852:	b77d                	j	4800 <_ZL16motor_motion_runiym+0x2326>
    4854:	d54a                	sw	s2,168(sp)
    4856:	bf7d                	j	4814 <_ZL16motor_motion_runiym+0x233a>
    4858:	200027b7          	lui	a5,0x20002
    485c:	00249713          	slli	a4,s1,0x2
    4860:	96078793          	addi	a5,a5,-1696 # 20001960 <_ZZN14_MOTOR_CONTROL3runEfyE7stall_s>
    4864:	97ba                	add	a5,a5,a4
    4866:	00000713          	li	a4,0
    486a:	c398                	sw	a4,0(a5)
    486c:	00349793          	slli	a5,s1,0x3
    4870:	97de                	add	a5,a5,s7
    4872:	4681                	li	a3,0
    4874:	4701                	li	a4,0
    4876:	c394                	sw	a3,0(a5)
    4878:	c3d8                	sw	a4,4(a5)
    487a:	5aaa                	lw	s5,168(sp)
    487c:	8556                	mv	a0,s5
    487e:	7b4060ef          	jal	ra,b032 <__fixsfsi>
    4882:	4799                	li	a5,6
    4884:	8a2a                	mv	s4,a0
    4886:	20f99863          	bne	s3,a5,4a96 <_ZL16motor_motion_runiym+0x25bc>
    488a:	5796                	lw	a5,100(sp)
    488c:	009789b3          	add	s3,a5,s1
    4890:	0009c783          	lbu	a5,0(s3)
    4894:	20079163          	bnez	a5,4a96 <_ZL16motor_motion_runiym+0x25bc>
    4898:	009d07b3          	add	a5,s10,s1
    489c:	239c                	lbu	a5,0(a5)
    489e:	20002937          	lui	s2,0x20002
    48a2:	db090913          	addi	s2,s2,-592 # 20001db0 <_ZL18g_on_use_hi_pwm_us>
    48a6:	00249b13          	slli	s6,s1,0x2
    48aa:	28079863          	bnez	a5,4b3a <_ZL16motor_motion_runiym+0x2660>
    48ae:	9b4a                	add	s6,s6,s2
    48b0:	000b2023          	sw	zero,0(s6)
    48b4:	001a3793          	seqz	a5,s4
    48b8:	a41c                	sb	a5,8(s0)
    48ba:	00249793          	slli	a5,s1,0x2
    48be:	97ee                	add	a5,a5,s11
    48c0:	0157a023          	sw	s5,0(a5)
    48c4:	85d2                	mv	a1,s4
    48c6:	a895                	j	493a <_ZL16motor_motion_runiym+0x2460>
    48c8:	8ac1a903          	lw	s2,-1876(gp) # 2000023c <_ZL7g_scale+0x7c>
    48cc:	552a                	lw	a0,168(sp)
    48ce:	85ca                	mv	a1,s2
    48d0:	062060ef          	jal	ra,a932 <__lesf2>
    48d4:	ea054ee3          	bltz	a0,4790 <_ZL16motor_motion_runiym+0x22b6>
    48d8:	47d6                	lw	a5,84(sp)
    48da:	ff9d                	bnez	a5,4818 <_ZL16motor_motion_runiym+0x233e>
    48dc:	200027b7          	lui	a5,0x20002
    48e0:	00249713          	slli	a4,s1,0x2
    48e4:	96078793          	addi	a5,a5,-1696 # 20001960 <_ZZN14_MOTOR_CONTROL3runEfyE7stall_s>
    48e8:	97ba                	add	a5,a5,a4
    48ea:	00000713          	li	a4,0
    48ee:	c398                	sw	a4,0(a5)
    48f0:	00349793          	slli	a5,s1,0x3
    48f4:	97de                	add	a5,a5,s7
    48f6:	4681                	li	a3,0
    48f8:	4701                	li	a4,0
    48fa:	c394                	sw	a3,0(a5)
    48fc:	c3d8                	sw	a4,4(a5)
    48fe:	a831                	j	491a <_ZL16motor_motion_runiym+0x2440>
    4900:	0a614783          	lbu	a5,166(sp)
    4904:	20002a37          	lui	s4,0x20002
    4908:	5b2a                	lw	s6,168(sp)
    490a:	960a0a13          	addi	s4,s4,-1696 # 20001960 <_ZZN14_MOTOR_CONTROL3runEfyE7stall_s>
    490e:	eb95                	bnez	a5,4942 <_ZL16motor_motion_runiym+0x2468>
    4910:	9952                	add	s2,s2,s4
    4912:	00000793          	li	a5,0
    4916:	00f92023          	sw	a5,0(s2)
    491a:	4785                	li	a5,1
    491c:	5aaa                	lw	s5,168(sp)
    491e:	16f99363          	bne	s3,a5,4a84 <_ZL16motor_motion_runiym+0x25aa>
    4922:	8556                	mv	a0,s5
    4924:	70e060ef          	jal	ra,b032 <__fixsfsi>
    4928:	00153793          	seqz	a5,a0
    492c:	a41c                	sb	a5,8(s0)
    492e:	00249793          	slli	a5,s1,0x2
    4932:	97ee                	add	a5,a5,s11
    4934:	85aa                	mv	a1,a0
    4936:	0157a023          	sw	s5,0(a5)
    493a:	0ff4f513          	zext.b	a0,s1
    493e:	efdfe06f          	j	383a <_ZL16motor_motion_runiym+0x1360>
    4942:	00000593          	li	a1,0
    4946:	855a                	mv	a0,s6
    4948:	6f7050ef          	jal	ra,a83e <__eqsf2>
    494c:	c939                	beqz	a0,49a2 <_ZL16motor_motion_runiym+0x24c8>
    494e:	0a714783          	lbu	a5,167(sp)
    4952:	eba1                	bnez	a5,49a2 <_ZL16motor_motion_runiym+0x24c8>
    4954:	98c1a583          	lw	a1,-1652(gp) # 2000031c <_ZL7g_scale+0x15c>
    4958:	553a                	lw	a0,172(sp)
    495a:	743050ef          	jal	ra,a89c <__gesf2>
    495e:	00000593          	li	a1,0
    4962:	04054263          	bltz	a0,49a6 <_ZL16motor_motion_runiym+0x24cc>
    4966:	855a                	mv	a0,s6
    4968:	735050ef          	jal	ra,a89c <__gesf2>
    496c:	10054163          	bltz	a0,4a6e <_ZL16motor_motion_runiym+0x2594>
    4970:	8801a503          	lw	a0,-1920(gp) # 20000210 <_ZL7g_scale+0x50>
    4974:	85da                	mv	a1,s6
    4976:	077050ef          	jal	ra,a1ec <__addsf3>
    497a:	6b8060ef          	jal	ra,b032 <__fixsfsi>
    497e:	41f55793          	srai	a5,a0,0x1f
    4982:	8d3d                	xor	a0,a0,a5
    4984:	8d1d                	sub	a0,a0,a5
    4986:	1f300793          	li	a5,499
    498a:	00000593          	li	a1,0
    498e:	00a7cc63          	blt	a5,a0,49a6 <_ZL16motor_motion_runiym+0x24cc>
    4992:	855a                	mv	a0,s6
    4994:	709050ef          	jal	ra,a89c <__gesf2>
    4998:	0ca05e63          	blez	a0,4a74 <_ZL16motor_motion_runiym+0x259a>
    499c:	8bc1a783          	lw	a5,-1860(gp) # 2000024c <_ZL7g_scale+0x8c>
    49a0:	d53e                	sw	a5,168(sp)
    49a2:	00000593          	li	a1,0
    49a6:	5532                	lw	a0,44(sp)
    49a8:	78b050ef          	jal	ra,a932 <__lesf2>
    49ac:	00055763          	bgez	a0,49ba <_ZL16motor_motion_runiym+0x24e0>
    49b0:	5732                	lw	a4,44(sp)
    49b2:	800007b7          	lui	a5,0x80000
    49b6:	8fb9                	xor	a5,a5,a4
    49b8:	d63e                	sw	a5,44(sp)
    49ba:	8741a583          	lw	a1,-1932(gp) # 20000204 <_ZL7g_scale+0x44>
    49be:	5532                	lw	a0,44(sp)
    49c0:	5b2a                	lw	s6,168(sp)
    49c2:	771050ef          	jal	ra,a932 <__lesf2>
    49c6:	f40555e3          	bgez	a0,4910 <_ZL16motor_motion_runiym+0x2436>
    49ca:	8b01a583          	lw	a1,-1872(gp) # 20000240 <_ZL7g_scale+0x80>
    49ce:	553a                	lw	a0,172(sp)
    49d0:	6cd050ef          	jal	ra,a89c <__gesf2>
    49d4:	f2054ee3          	bltz	a0,4910 <_ZL16motor_motion_runiym+0x2436>
    49d8:	00000593          	li	a1,0
    49dc:	855a                	mv	a0,s6
    49de:	755050ef          	jal	ra,a932 <__lesf2>
    49e2:	08055c63          	bgez	a0,4a7a <_ZL16motor_motion_runiym+0x25a0>
    49e6:	80000537          	lui	a0,0x80000
    49ea:	01654533          	xor	a0,a0,s6
    49ee:	8d41a583          	lw	a1,-1836(gp) # 20000264 <_ZL7g_scale+0xa4>
    49f2:	6ab050ef          	jal	ra,a89c <__gesf2>
    49f6:	f0054de3          	bltz	a0,4910 <_ZL16motor_motion_runiym+0x2436>
    49fa:	012a07b3          	add	a5,s4,s2
    49fe:	438c                	lw	a1,0(a5)
    4a00:	4506                	lw	a0,64(sp)
    4a02:	d63e                	sw	a5,44(sp)
    4a04:	7e8050ef          	jal	ra,a1ec <__addsf3>
    4a08:	57b2                	lw	a5,44(sp)
    4a0a:	8c2a                	mv	s8,a0
    4a0c:	c388                	sw	a0,0(a5)
    4a0e:	9901a583          	lw	a1,-1648(gp) # 20000320 <_ZL7g_scale+0x160>
    4a12:	68b050ef          	jal	ra,a89c <__gesf2>
    4a16:	00a05c63          	blez	a0,4a2e <_ZL16motor_motion_runiym+0x2554>
    4a1a:	00000593          	li	a1,0
    4a1e:	855a                	mv	a0,s6
    4a20:	67d050ef          	jal	ra,a89c <__gesf2>
    4a24:	04a05d63          	blez	a0,4a7e <_ZL16motor_motion_runiym+0x25a4>
    4a28:	8c81a783          	lw	a5,-1848(gp) # 20000258 <_ZL7g_scale+0x98>
    4a2c:	d53e                	sw	a5,168(sp)
    4a2e:	9941a583          	lw	a1,-1644(gp) # 20000324 <_ZL7g_scale+0x164>
    4a32:	8562                	mv	a0,s8
    4a34:	669050ef          	jal	ra,a89c <__gesf2>
    4a38:	eea051e3          	blez	a0,491a <_ZL16motor_motion_runiym+0x2440>
    4a3c:	47f2                	lw	a5,28(sp)
    4a3e:	5602                	lw	a2,32(sp)
    4a40:	9ade                	add	s5,s5,s7
    4a42:	1f478713          	addi	a4,a5,500 # 800001f4 <__freertos_irq_stack_top+0x5fffb1f4>
    4a46:	00f737b3          	sltu	a5,a4,a5
    4a4a:	97b2                	add	a5,a5,a2
    4a4c:	00000693          	li	a3,0
    4a50:	9a4a                	add	s4,s4,s2
    4a52:	00faa223          	sw	a5,4(s5) # 80000004 <__freertos_irq_stack_top+0x5fffb004>
    4a56:	996e                	add	s2,s2,s11
    4a58:	4785                	li	a5,1
    4a5a:	00da2023          	sw	a3,0(s4)
    4a5e:	00eaa023          	sw	a4,0(s5)
    4a62:	dc34                	sw	a3,120(s0)
    4a64:	dc74                	sw	a3,124(s0)
    4a66:	a41c                	sb	a5,8(s0)
    4a68:	00d92023          	sw	a3,0(s2)
    4a6c:	bbf9                	j	484a <_ZL16motor_motion_runiym+0x2370>
    4a6e:	9241a503          	lw	a0,-1756(gp) # 200002b4 <_ZL7g_scale+0xf4>
    4a72:	b709                	j	4974 <_ZL16motor_motion_runiym+0x249a>
    4a74:	9281a783          	lw	a5,-1752(gp) # 200002b8 <_ZL7g_scale+0xf8>
    4a78:	b725                	j	49a0 <_ZL16motor_motion_runiym+0x24c6>
    4a7a:	855a                	mv	a0,s6
    4a7c:	bf8d                	j	49ee <_ZL16motor_motion_runiym+0x2514>
    4a7e:	8c41a783          	lw	a5,-1852(gp) # 20000254 <_ZL7g_scale+0x94>
    4a82:	b76d                	j	4a2c <_ZL16motor_motion_runiym+0x2552>
    4a84:	02099363          	bnez	s3,4aaa <_ZL16motor_motion_runiym+0x25d0>
    4a88:	04844783          	lbu	a5,72(s0)
    4a8c:	cfc9                	beqz	a5,4b26 <_ZL16motor_motion_runiym+0x264c>
    4a8e:	8556                	mv	a0,s5
    4a90:	5a2060ef          	jal	ra,b032 <__fixsfsi>
    4a94:	8a2a                	mv	s4,a0
    4a96:	200027b7          	lui	a5,0x20002
    4a9a:	00249713          	slli	a4,s1,0x2
    4a9e:	db078793          	addi	a5,a5,-592 # 20001db0 <_ZL18g_on_use_hi_pwm_us>
    4aa2:	97ba                	add	a5,a5,a4
    4aa4:	0007a023          	sw	zero,0(a5)
    4aa8:	b531                	j	48b4 <_ZL16motor_motion_runiym+0x23da>
    4aaa:	4789                	li	a5,2
    4aac:	dcf997e3          	bne	s3,a5,487a <_ZL16motor_motion_runiym+0x23a0>
    4ab0:	403c                	lw	a5,64(s0)
    4ab2:	4078                	lw	a4,68(s0)
    4ab4:	00e7e633          	or	a2,a5,a4
    4ab8:	ce25                	beqz	a2,4b30 <_ZL16motor_motion_runiym+0x2656>
    4aba:	4672                	lw	a2,28(sp)
    4abc:	5582                	lw	a1,32(sp)
    4abe:	40f607b3          	sub	a5,a2,a5
    4ac2:	40e58733          	sub	a4,a1,a4
    4ac6:	00f63633          	sltu	a2,a2,a5
    4aca:	92c1a583          	lw	a1,-1748(gp) # 200002bc <_ZL7g_scale+0xfc>
    4ace:	06c71363          	bne	a4,a2,4b34 <_ZL16motor_motion_runiym+0x265a>
    4ad2:	18f00713          	li	a4,399
    4ad6:	04f76f63          	bltu	a4,a5,4b34 <_ZL16motor_motion_runiym+0x265a>
    4ada:	9301ab03          	lw	s6,-1744(gp) # 200002c0 <_ZL7g_scale+0x100>
    4ade:	00249793          	slli	a5,s1,0x2
    4ae2:	97ee                	add	a5,a5,s11
    4ae4:	4506                	lw	a0,64(sp)
    4ae6:	0007a903          	lw	s2,0(a5)
    4aea:	6e1050ef          	jal	ra,a9ca <__mulsf3>
    4aee:	85aa                	mv	a1,a0
    4af0:	854a                	mv	a0,s2
    4af2:	1b4060ef          	jal	ra,aca6 <__subsf3>
    4af6:	8a2a                	mv	s4,a0
    4af8:	4506                	lw	a0,64(sp)
    4afa:	85da                	mv	a1,s6
    4afc:	6cf050ef          	jal	ra,a9ca <__mulsf3>
    4b00:	85ca                	mv	a1,s2
    4b02:	6ea050ef          	jal	ra,a1ec <__addsf3>
    4b06:	892a                	mv	s2,a0
    4b08:	85d2                	mv	a1,s4
    4b0a:	8556                	mv	a0,s5
    4b0c:	627050ef          	jal	ra,a932 <__lesf2>
    4b10:	00055363          	bgez	a0,4b16 <_ZL16motor_motion_runiym+0x263c>
    4b14:	d552                	sw	s4,168(sp)
    4b16:	55aa                	lw	a1,168(sp)
    4b18:	854a                	mv	a0,s2
    4b1a:	619050ef          	jal	ra,a932 <__lesf2>
    4b1e:	d4055ee3          	bgez	a0,487a <_ZL16motor_motion_runiym+0x23a0>
    4b22:	d54a                	sw	s2,168(sp)
    4b24:	bb99                	j	487a <_ZL16motor_motion_runiym+0x23a0>
    4b26:	9341a583          	lw	a1,-1740(gp) # 200002c4 <_ZL7g_scale+0x104>
    4b2a:	9381ab03          	lw	s6,-1736(gp) # 200002c8 <_ZL7g_scale+0x108>
    4b2e:	bf45                	j	4ade <_ZL16motor_motion_runiym+0x2604>
    4b30:	92c1a583          	lw	a1,-1748(gp) # 200002bc <_ZL7g_scale+0xfc>
    4b34:	93c1ab03          	lw	s6,-1732(gp) # 200002cc <_ZL7g_scale+0x10c>
    4b38:	b75d                	j	4ade <_ZL16motor_motion_runiym+0x2604>
    4b3a:	47e6                	lw	a5,88(sp)
    4b3c:	9981a583          	lw	a1,-1640(gp) # 20000328 <_ZL7g_scale+0x168>
    4b40:	97da                	add	a5,a5,s6
    4b42:	4388                	lw	a0,0(a5)
    4b44:	5ef050ef          	jal	ra,a932 <__lesf2>
    4b48:	0a054f63          	bltz	a0,4c06 <_ZL16motor_motion_runiym+0x272c>
    4b4c:	09042983          	lw	s3,144(s0)
    4b50:	00000593          	li	a1,0
    4b54:	854e                	mv	a0,s3
    4b56:	4e9050ef          	jal	ra,a83e <__eqsf2>
    4b5a:	d4050ae3          	beqz	a0,48ae <_ZL16motor_motion_runiym+0x23d4>
    4b5e:	8552                	mv	a0,s4
    4b60:	584060ef          	jal	ra,b0e4 <__floatsisf>
    4b64:	85ce                	mv	a1,s3
    4b66:	665050ef          	jal	ra,a9ca <__mulsf3>
    4b6a:	00000593          	li	a1,0
    4b6e:	5c5050ef          	jal	ra,a932 <__lesf2>
    4b72:	d2055ee3          	bgez	a0,48ae <_ZL16motor_motion_runiym+0x23d4>
    4b76:	41fa5713          	srai	a4,s4,0x1f
    4b7a:	014747b3          	xor	a5,a4,s4
    4b7e:	8f99                	sub	a5,a5,a4
    4b80:	32000713          	li	a4,800
    4b84:	d2f755e3          	bge	a4,a5,48ae <_ZL16motor_motion_runiym+0x23d4>
    4b88:	9401a583          	lw	a1,-1728(gp) # 200002d0 <_ZL7g_scale+0x110>
    4b8c:	4506                	lw	a0,64(sp)
    4b8e:	63d050ef          	jal	ra,a9ca <__mulsf3>
    4b92:	8801a583          	lw	a1,-1920(gp) # 20000210 <_ZL7g_scale+0x50>
    4b96:	656050ef          	jal	ra,a1ec <__addsf3>
    4b9a:	4f8060ef          	jal	ra,b092 <__fixunssfsi>
    4b9e:	01690733          	add	a4,s2,s6
    4ba2:	431c                	lw	a5,0(a4)
    4ba4:	953e                	add	a0,a0,a5
    4ba6:	013137b7          	lui	a5,0x1313
    4baa:	d0078793          	addi	a5,a5,-768 # 1312d00 <ch32v20x_wwdg.c.13394d49+0x12f4e42>
    4bae:	86aa                	mv	a3,a0
    4bb0:	00a7f363          	bgeu	a5,a0,4bb6 <_ZL16motor_motion_runiym+0x26dc>
    4bb4:	86be                	mv	a3,a5
    4bb6:	013137b7          	lui	a5,0x1313
    4bba:	c314                	sw	a3,0(a4)
    4bbc:	cff78793          	addi	a5,a5,-769 # 1312cff <ch32v20x_wwdg.c.13394d49+0x12f4e41>
    4bc0:	cea7fae3          	bgeu	a5,a0,48b4 <_ZL16motor_motion_runiym+0x23da>
    4bc4:	5796                	lw	a5,100(sp)
    4bc6:	4705                	li	a4,1
    4bc8:	995a                	add	s2,s2,s6
    4bca:	97a6                	add	a5,a5,s1
    4bcc:	a398                	sb	a4,0(a5)
    4bce:	a7c18793          	addi	a5,gp,-1412 # 2000040c <_ZL18g_on_use_jam_latch>
    4bd2:	97a6                	add	a5,a5,s1
    4bd4:	00078023          	sb	zero,0(a5)
    4bd8:	00092023          	sw	zero,0(s2)
    4bdc:	0ff4f713          	zext.b	a4,s1
    4be0:	a8a1                	j	4c38 <_ZL16motor_motion_runiym+0x275e>
    4be2:	04600713          	li	a4,70
    4be6:	cd7fe06f          	j	38bc <_ZL16motor_motion_runiym+0x13e2>
    4bea:	4681                	li	a3,0
    4bec:	4601                	li	a2,0
    4bee:	45c1                	li	a1,16
    4bf0:	5542                	lw	a0,48(sp)
    4bf2:	86bfd0ef          	jal	ra,245c <_ZN12WS2812_class14set_RGB_onlineEhhhhb.constprop.0>
    4bf6:	c37fd06f          	j	282c <_ZL16motor_motion_runiym+0x352>
    4bfa:	46c1                	li	a3,16
    4bfc:	cf3fe06f          	j	38ee <_ZL16motor_motion_runiym+0x1414>
    4c00:	4681                	li	a3,0
    4c02:	cedfe06f          	j	38ee <_ZL16motor_motion_runiym+0x1414>
    4c06:	a7c18793          	addi	a5,gp,-1412 # 2000040c <_ZL18g_on_use_jam_latch>
    4c0a:	4705                	li	a4,1
    4c0c:	97a6                	add	a5,a5,s1
    4c0e:	a398                	sb	a4,0(a5)
    4c10:	200027b7          	lui	a5,0x20002
    4c14:	dd878793          	addi	a5,a5,-552 # 20001dd8 <ams>
    4c18:	1047c683          	lbu	a3,260(a5)
    4c1c:	995a                	add	s2,s2,s6
    4c1e:	00e98023          	sb	a4,0(s3)
    4c22:	00092023          	sw	zero,0(s2)
    4c26:	0ff4f713          	zext.b	a4,s1
    4c2a:	00e69763          	bne	a3,a4,4c38 <_ZL16motor_motion_runiym+0x275e>
    4c2e:	76fd                	lui	a3,0xfffff
    4c30:	06f68693          	addi	a3,a3,111 # fffff06f <__freertos_irq_stack_top+0xdfffa06f>
    4c34:	10d79723          	sh	a3,270(a5)
    4c38:	478d                	li	a5,3
    4c3a:	02e7e663          	bltu	a5,a4,4c66 <_ZL16motor_motion_runiym+0x278c>
    4c3e:	03000713          	li	a4,48
    4c42:	0ff4f793          	zext.b	a5,s1
    4c46:	02e787b3          	mul	a5,a5,a4
    4c4a:	5752                	lw	a4,52(sp)
    4c4c:	97ba                	add	a5,a5,a4
    4c4e:	23f8                	lbu	a4,6(a5)
    4c50:	cb19                	beqz	a4,4c66 <_ZL16motor_motion_runiym+0x278c>
    4c52:	4794                	lw	a3,8(a5)
    4c54:	6741                	lui	a4,0x10
    4c56:	f0070713          	addi	a4,a4,-256 # ff00 <MC_PULL_calibration.cpp.947435e8+0x58f>
    4c5a:	00e68663          	beq	a3,a4,4c66 <_ZL16motor_motion_runiym+0x278c>
    4c5e:	c798                	sw	a4,8(a5)
    4c60:	4705                	li	a4,1
    4c62:	02e78623          	sb	a4,44(a5)
    4c66:	00000793          	li	a5,0
    4c6a:	873e                	mv	a4,a5
    4c6c:	cc3c                	sw	a5,88(s0)
    4c6e:	cc7c                	sw	a5,92(s0)
    4c70:	dc3c                	sw	a5,120(s0)
    4c72:	dc7c                	sw	a5,124(s0)
    4c74:	9b6e                	add	s6,s6,s11
    4c76:	4785                	li	a5,1
    4c78:	a41c                	sb	a5,8(s0)
    4c7a:	00eb2023          	sw	a4,0(s6)
    4c7e:	b6f1                	j	484a <_ZL16motor_motion_runiym+0x2370>
    4c80:	99c1a583          	lw	a1,-1636(gp) # 2000032c <_ZL7g_scale+0x16c>
    4c84:	8526                	mv	a0,s1
    4c86:	417050ef          	jal	ra,a89c <__gesf2>
    4c8a:	8e0548e3          	bltz	a0,457a <_ZL16motor_motion_runiym+0x20a0>
    4c8e:	00000713          	li	a4,0
    4c92:	4785                	li	a5,1
    4c94:	08f40a23          	sb	a5,148(s0)
    4c98:	cc38                	sw	a4,88(s0)
    4c9a:	cc78                	sw	a4,92(s0)
    4c9c:	dc38                	sw	a4,120(s0)
    4c9e:	dc78                	sw	a4,124(s0)
    4ca0:	9bee                	add	s7,s7,s11
    4ca2:	a41c                	sb	a5,8(s0)
    4ca4:	00eba023          	sw	a4,0(s7)
    4ca8:	4581                	li	a1,0
    4caa:	0ffb7513          	zext.b	a0,s6
    4cae:	b8dfe06f          	j	383a <_ZL16motor_motion_runiym+0x1360>
    4cb2:	4901                	li	s2,0
    4cb4:	00000793          	li	a5,0
    4cb8:	0a010323          	sb	zero,166(sp)
    4cbc:	d73e                	sw	a5,172(sp)
    4cbe:	0a0103a3          	sb	zero,167(sp)
    4cc2:	ca82                	sw	zero,84(sp)
    4cc4:	d41fe06f          	j	3a04 <_ZL16motor_motion_runiym+0x152a>

00004cc8 <_ZL9blink_allhhhiii.constprop.0>:
    4cc8:	c66fb2ef          	jal	t0,12e <__riscv_save_10>
    4ccc:	8aaa                	mv	s5,a0
    4cce:	8b2e                	mv	s6,a1
    4cd0:	8932                	mv	s2,a2
    4cd2:	8bb6                	mv	s7,a3
    4cd4:	8a3a                	mv	s4,a4
    4cd6:	4981                	li	s3,0
    4cd8:	20002c37          	lui	s8,0x20002
    4cdc:	258c0413          	addi	s0,s8,600 # 20002258 <RGBOUT>
    4ce0:	0c040c93          	addi	s9,s0,192
    4ce4:	258c0493          	addi	s1,s8,600
    4ce8:	8526                	mv	a0,s1
    4cea:	4681                	li	a3,0
    4cec:	865a                	mv	a2,s6
    4cee:	85d6                	mv	a1,s5
    4cf0:	03048493          	addi	s1,s1,48
    4cf4:	f68fd0ef          	jal	ra,245c <_ZN12WS2812_class14set_RGB_onlineEhhhhb.constprop.0>
    4cf8:	ff9498e3          	bne	s1,s9,4ce8 <_ZL9blink_allhhhiii.constprop.0+0x20>
    4cfc:	b91fc0ef          	jal	ra,188c <_Z10RGB_updatev>
    4d00:	855e                	mv	a0,s7
    4d02:	d02fc0ef          	jal	ra,1204 <delay>
    4d06:	8522                	mv	a0,s0
    4d08:	4681                	li	a3,0
    4d0a:	4601                	li	a2,0
    4d0c:	4581                	li	a1,0
    4d0e:	03040413          	addi	s0,s0,48
    4d12:	f4afd0ef          	jal	ra,245c <_ZN12WS2812_class14set_RGB_onlineEhhhhb.constprop.0>
    4d16:	ff9418e3          	bne	s0,s9,4d06 <_ZL9blink_allhhhiii.constprop.0+0x3e>
    4d1a:	b73fc0ef          	jal	ra,188c <_Z10RGB_updatev>
    4d1e:	8552                	mv	a0,s4
    4d20:	0985                	addi	s3,s3,1
    4d22:	ce2fc0ef          	jal	ra,1204 <delay>
    4d26:	fb299be3          	bne	s3,s2,4cdc <_ZL9blink_allhhhiii.constprop.0+0x14>
    4d2a:	c3cfb06f          	j	166 <__riscv_restore_10>

00004d2e <_ZL9blink_oneihhhiii.constprop.0>:
    4d2e:	c0efb2ef          	jal	t0,13c <__riscv_save_4>
    4d32:	03000413          	li	s0,48
    4d36:	02850433          	mul	s0,a0,s0
    4d3a:	200027b7          	lui	a5,0x20002
    4d3e:	25878793          	addi	a5,a5,600 # 20002258 <RGBOUT>
    4d42:	84aa                	mv	s1,a0
    4d44:	4909                	li	s2,2
    4d46:	4a11                	li	s4,4
    4d48:	4985                	li	s3,1
    4d4a:	943e                	add	s0,s0,a5
    4d4c:	03449463          	bne	s1,s4,4d74 <_ZL9blink_oneihhhiii.constprop.0+0x46>
    4d50:	b3dfc0ef          	jal	ra,188c <_Z10RGB_updatev>
    4d54:	03c00513          	li	a0,60
    4d58:	cacfc0ef          	jal	ra,1204 <delay>
    4d5c:	b31fc0ef          	jal	ra,188c <_Z10RGB_updatev>
    4d60:	03c00513          	li	a0,60
    4d64:	ca0fc0ef          	jal	ra,1204 <delay>
    4d68:	01391463          	bne	s2,s3,4d70 <_ZL9blink_oneihhhiii.constprop.0+0x42>
    4d6c:	c04fb06f          	j	170 <__riscv_restore_4>
    4d70:	4905                	li	s2,1
    4d72:	bfe9                	j	4d4c <_ZL9blink_oneihhhiii.constprop.0+0x1e>
    4d74:	4681                	li	a3,0
    4d76:	4641                	li	a2,16
    4d78:	45c1                	li	a1,16
    4d7a:	8522                	mv	a0,s0
    4d7c:	ee0fd0ef          	jal	ra,245c <_ZN12WS2812_class14set_RGB_onlineEhhhhb.constprop.0>
    4d80:	b0dfc0ef          	jal	ra,188c <_Z10RGB_updatev>
    4d84:	03c00513          	li	a0,60
    4d88:	c7cfc0ef          	jal	ra,1204 <delay>
    4d8c:	4681                	li	a3,0
    4d8e:	4601                	li	a2,0
    4d90:	4581                	li	a1,0
    4d92:	8522                	mv	a0,s0
    4d94:	ec8fd0ef          	jal	ra,245c <_ZN12WS2812_class14set_RGB_onlineEhhhhb.constprop.0>
    4d98:	b7d1                	j	4d5c <_ZL9blink_oneihhhiii.constprop.0+0x2e>

00004d9a <_ZL25flash_runtime_cache_clearv>:
    4d9a:	bbcfb2ef          	jal	t0,156 <__riscv_save_0>
    4d9e:	20002537          	lui	a0,0x20002
    4da2:	aa01a423          	sw	zero,-1368(gp) # 20000438 <_ZL10g_fil_have>
    4da6:	08000613          	li	a2,128
    4daa:	4581                	li	a1,0
    4dac:	31850513          	addi	a0,a0,792 # 20002318 <_ZL10g_fil_last>
    4db0:	aa01a223          	sw	zero,-1372(gp) # 20000434 <_ZL17g_fil_first_empty>
    4db4:	b62fb0ef          	jal	ra,116 <memset>
    4db8:	aa019023          	sh	zero,-1376(gp) # 20000430 <_ZL9g_sta_seq>
    4dbc:	a8019f23          	sh	zero,-1378(gp) # 2000042e <_ZL10g_sta_slot>
    4dc0:	a8018e23          	sb	zero,-1380(gp) # 2000042c <_ZL16g_sta_have_saved>
    4dc4:	577d                	li	a4,-1
    4dc6:	82e18423          	sb	a4,-2008(gp) # 200001b8 <_ZL18g_sta_saved_loaded>
    4dca:	bb0fb06f          	j	17a <__riscv_restore_0>

00004dce <_Z20Flash_NVM_full_clearv>:
    4dce:	b6efb2ef          	jal	t0,13c <__riscv_save_4>
    4dd2:	80002973          	csrr	s2,0x800
    4dd6:	08800a13          	li	s4,136
    4dda:	800a3073          	csrc	0x800,s4
    4dde:	456707b7          	lui	a5,0x45670
    4de2:	40022437          	lui	s0,0x40022
    4de6:	12378793          	addi	a5,a5,291 # 45670123 <__freertos_irq_stack_top+0x2566b123>
    4dea:	c05c                	sw	a5,4(s0)
    4dec:	cdef97b7          	lui	a5,0xcdef9
    4df0:	9ab78793          	addi	a5,a5,-1621 # cdef89ab <__freertos_irq_stack_top+0xadef39ab>
    4df4:	c05c                	sw	a5,4(s0)
    4df6:	03100793          	li	a5,49
    4dfa:	c45c                	sw	a5,12(s0)
    4dfc:	000b0537          	lui	a0,0xb0
    4e00:	b33fc0ef          	jal	ra,1932 <FLASH_WaitForLastOperation>
    4e04:	4791                	li	a5,4
    4e06:	08897913          	andi	s2,s2,136
    4e0a:	00f50b63          	beq	a0,a5,4e20 <_Z20Flash_NVM_full_clearv+0x52>
    4e0e:	b01fc0ef          	jal	ra,190e <FLASH_Lock>
    4e12:	800a3073          	csrc	0x800,s4
    4e16:	80092073          	csrs	0x800,s2
    4e1a:	4501                	li	a0,0
    4e1c:	b54fb06f          	j	170 <__riscv_restore_4>
    4e20:	481c                	lw	a5,16(s0)
    4e22:	84aa                	mv	s1,a0
    4e24:	000b0537          	lui	a0,0xb0
    4e28:	0027e793          	ori	a5,a5,2
    4e2c:	c81c                	sw	a5,16(s0)
    4e2e:	0800f7b7          	lui	a5,0x800f
    4e32:	c85c                	sw	a5,20(s0)
    4e34:	481c                	lw	a5,16(s0)
    4e36:	0407e793          	ori	a5,a5,64
    4e3a:	c81c                	sw	a5,16(s0)
    4e3c:	af7fc0ef          	jal	ra,1932 <FLASH_WaitForLastOperation>
    4e40:	481c                	lw	a5,16(s0)
    4e42:	89aa                	mv	s3,a0
    4e44:	9bf5                	andi	a5,a5,-3
    4e46:	c81c                	sw	a5,16(s0)
    4e48:	ac7fc0ef          	jal	ra,190e <FLASH_Lock>
    4e4c:	800a3073          	csrc	0x800,s4
    4e50:	80092073          	csrs	0x800,s2
    4e54:	0800f7b7          	lui	a5,0x800f
    4e58:	fc9991e3          	bne	s3,s1,4e1a <_Z20Flash_NVM_full_clearv+0x4c>
    4e5c:	e339e737          	lui	a4,0xe339e
    4e60:	33970713          	addi	a4,a4,825 # e339e339 <__freertos_irq_stack_top+0xc3399339>
    4e64:	080106b7          	lui	a3,0x8010
    4e68:	4390                	lw	a2,0(a5)
    4e6a:	fae618e3          	bne	a2,a4,4e1a <_Z20Flash_NVM_full_clearv+0x4c>
    4e6e:	0791                	addi	a5,a5,4 # 800f004 <ch32v20x_wwdg.c.13394d49+0x7ff1146>
    4e70:	fed79ce3          	bne	a5,a3,4e68 <_Z20Flash_NVM_full_clearv+0x9a>
    4e74:	f27ff0ef          	jal	ra,4d9a <_ZL25flash_runtime_cache_clearv>
    4e78:	4505                	li	a0,1
    4e7a:	b74d                	j	4e1c <_Z20Flash_NVM_full_clearv+0x4e>

00004e7c <_Z16Flash_saves_initv>:
    4e7c:	aaafb2ef          	jal	t0,126 <__riscv_save_12>
    4e80:	40021737          	lui	a4,0x40021
    4e84:	4b5c                	lw	a5,20(a4)
    4e86:	715d                	addi	sp,sp,-80
    4e88:	0407e793          	ori	a5,a5,64
    4e8c:	cb5c                	sw	a5,20(a4)
    4e8e:	200024b7          	lui	s1,0x20002
    4e92:	0800f437          	lui	s0,0x800f
    4e96:	e339eb37          	lui	s6,0xe339e
    4e9a:	314c5bb7          	lui	s7,0x314c5
    4e9e:	efdff0ef          	jal	ra,4d9a <_ZL25flash_runtime_cache_clearv>
    4ea2:	aa818993          	addi	s3,gp,-1368 # 20000438 <_ZL10g_fil_have>
    4ea6:	aa418913          	addi	s2,gp,-1372 # 20000434 <_ZL17g_fil_first_empty>
    4eaa:	31848493          	addi	s1,s1,792 # 20002318 <_ZL10g_fil_last>
    4eae:	20040413          	addi	s0,s0,512 # 800f200 <ch32v20x_wwdg.c.13394d49+0x7ff1342>
    4eb2:	4c19                	li	s8,6
    4eb4:	339b0b13          	addi	s6,s6,825 # e339e339 <__freertos_irq_stack_top+0xc3399339>
    4eb8:	946b8b93          	addi	s7,s7,-1722 # 314c4946 <__freertos_irq_stack_top+0x114bf946>
    4ebc:	4d99                	li	s11,6
    4ebe:	4701                	li	a4,0
    4ec0:	4a81                	li	s5,0
    4ec2:	02800c93          	li	s9,40
    4ec6:	5d7d                	li	s10,-1
    4ec8:	039a8a33          	mul	s4,s5,s9
    4ecc:	9a22                	add	s4,s4,s0
    4ece:	000a2783          	lw	a5,0(s4)
    4ed2:	05678063          	beq	a5,s6,4f12 <_Z16Flash_saves_initv+0x96>
    4ed6:	03a78e63          	beq	a5,s10,4f12 <_Z16Flash_saves_initv+0x96>
    4eda:	03779f63          	bne	a5,s7,4f18 <_Z16Flash_saves_initv+0x9c>
    4ede:	02400593          	li	a1,36
    4ee2:	8552                	mv	a0,s4
    4ee4:	c63a                	sw	a4,12(sp)
    4ee6:	d54fb0ef          	jal	ra,43a <_ZL14crc32_hw_wordsPKvm>
    4eea:	024a2783          	lw	a5,36(s4)
    4eee:	4732                	lw	a4,12(sp)
    4ef0:	02f51463          	bne	a0,a5,4f18 <_Z16Flash_saves_initv+0x9c>
    4ef4:	02000613          	li	a2,32
    4ef8:	004a0593          	addi	a1,s4,4
    4efc:	1808                	addi	a0,sp,48
    4efe:	a02fb0ef          	jal	ra,100 <memcpy>
    4f02:	02000613          	li	a2,32
    4f06:	180c                	addi	a1,sp,48
    4f08:	0808                	addi	a0,sp,16
    4f0a:	9f6fb0ef          	jal	ra,100 <memcpy>
    4f0e:	4705                	li	a4,1
    4f10:	a021                	j	4f18 <_Z16Flash_saves_initv+0x9c>
    4f12:	018d9363          	bne	s11,s8,4f18 <_Z16Flash_saves_initv+0x9c>
    4f16:	8dd6                	mv	s11,s5
    4f18:	0a85                	addi	s5,s5,1
    4f1a:	fb8a97e3          	bne	s5,s8,4ec8 <_Z16Flash_saves_initv+0x4c>
    4f1e:	cb1d                	beqz	a4,4f54 <_Z16Flash_saves_initv+0xd8>
    4f20:	4785                	li	a5,1
    4f22:	02000613          	li	a2,32
    4f26:	080c                	addi	a1,sp,16
    4f28:	8526                	mv	a0,s1
    4f2a:	00f98023          	sb	a5,0(s3)
    4f2e:	01b90023          	sb	s11,0(s2)
    4f32:	9cefb0ef          	jal	ra,100 <memcpy>
    4f36:	0800f7b7          	lui	a5,0x800f
    4f3a:	10040413          	addi	s0,s0,256
    4f3e:	60078793          	addi	a5,a5,1536 # 800f600 <ch32v20x_wwdg.c.13394d49+0x7ff1742>
    4f42:	0985                	addi	s3,s3,1
    4f44:	0905                	addi	s2,s2,1
    4f46:	02048493          	addi	s1,s1,32
    4f4a:	f6f419e3          	bne	s0,a5,4ebc <_Z16Flash_saves_initv+0x40>
    4f4e:	6161                	addi	sp,sp,80
    4f50:	a12fb06f          	j	162 <__riscv_restore_12>
    4f54:	02000613          	li	a2,32
    4f58:	4581                	li	a1,0
    4f5a:	8526                	mv	a0,s1
    4f5c:	00098023          	sb	zero,0(s3)
    4f60:	00090023          	sb	zero,0(s2)
    4f64:	9b2fb0ef          	jal	ra,116 <memset>
    4f68:	b7f9                	j	4f36 <_Z16Flash_saves_initv+0xba>

00004f6a <_Z25bambubus_long_package_getP25bambubus_long_packge_data>:
    4f6a:	9ecfb2ef          	jal	t0,156 <__riscv_save_0>
    4f6e:	200004b7          	lui	s1,0x20000
    4f72:	4c448793          	addi	a5,s1,1220 # 200004c4 <bus_port_to_host>
    4f76:	6705                	lui	a4,0x1
    4f78:	97ba                	add	a5,a5,a4
    4f7a:	4247a783          	lw	a5,1060(a5)
    4f7e:	e7c9                	bnez	a5,5008 <_Z25bambubus_long_package_getP25bambubus_long_packge_data+0x9e>
    4f80:	20001937          	lui	s2,0x20001
    4f84:	4c490913          	addi	s2,s2,1220 # 200014c4 <__global_pointer$+0xb34>
    4f88:	40094783          	lbu	a5,1024(s2)
    4f8c:	842a                	mv	s0,a0
    4f8e:	4c448493          	addi	s1,s1,1220
    4f92:	c789                	beqz	a5,4f9c <_Z25bambubus_long_package_getP25bambubus_long_packge_data+0x32>
    4f94:	200014b7          	lui	s1,0x20001
    4f98:	9c448493          	addi	s1,s1,-1596 # 200009c4 <__global_pointer$+0x34>
    4f9c:	03d00793          	li	a5,61
    4fa0:	a09e                	sh	a5,0(s1)
    4fa2:	281c                	lbu	a5,16(s0)
    4fa4:	3478                	lbu	a4,15(s0)
    4fa6:	462d                	li	a2,11
    4fa8:	07a2                	slli	a5,a5,0x8
    4faa:	8fd9                	or	a5,a5,a4
    4fac:	07bd                	addi	a5,a5,15
    4fae:	01079713          	slli	a4,a5,0x10
    4fb2:	8341                	srli	a4,a4,0x10
    4fb4:	a03c                	sb	a5,2(s0)
    4fb6:	00875793          	srli	a5,a4,0x8
    4fba:	b03c                	sb	a5,3(s0)
    4fbc:	85a2                	mv	a1,s0
    4fbe:	00248513          	addi	a0,s1,2
    4fc2:	93efb0ef          	jal	ra,100 <memcpy>
    4fc6:	2458                	lbu	a4,12(s0)
    4fc8:	343c                	lbu	a5,11(s0)
    4fca:	2814                	lbu	a3,16(s0)
    4fcc:	0722                	slli	a4,a4,0x8
    4fce:	8f5d                	or	a4,a4,a5
    4fd0:	345c                	lbu	a5,13(s0)
    4fd2:	246c                	lbu	a1,14(s0)
    4fd4:	3470                	lbu	a2,15(s0)
    4fd6:	07c2                	slli	a5,a5,0x10
    4fd8:	8fd9                	or	a5,a5,a4
    4fda:	06a2                	slli	a3,a3,0x8
    4fdc:	05e2                	slli	a1,a1,0x18
    4fde:	8ddd                	or	a1,a1,a5
    4fe0:	8e55                	or	a2,a2,a3
    4fe2:	00d48513          	addi	a0,s1,13
    4fe6:	91afb0ef          	jal	ra,100 <memcpy>
    4fea:	280c                	lbu	a1,16(s0)
    4fec:	347c                	lbu	a5,15(s0)
    4fee:	8526                	mv	a0,s1
    4ff0:	05a2                	slli	a1,a1,0x8
    4ff2:	8ddd                	or	a1,a1,a5
    4ff4:	05bd                	addi	a1,a1,15
    4ff6:	980fc0ef          	jal	ra,1176 <_Z15package_add_crcPhi>
    4ffa:	281c                	lbu	a5,16(s0)
    4ffc:	3478                	lbu	a4,15(s0)
    4ffe:	07a2                	slli	a5,a5,0x8
    5000:	8fd9                	or	a5,a5,a4
    5002:	07bd                	addi	a5,a5,15
    5004:	42f92223          	sw	a5,1060(s2)
    5008:	972fb06f          	j	17a <__riscv_restore_0>

0000500c <_ZL26online_detect_build_packethh.constprop.0>:
    500c:	94afb2ef          	jal	t0,156 <__riscv_save_0>
    5010:	b41dc7b7          	lui	a5,0xb41dc
    5014:	20000437          	lui	s0,0x20000
    5018:	03d78793          	addi	a5,a5,61 # b41dc03d <__freertos_irq_stack_top+0x941d703d>
    501c:	02f42023          	sw	a5,32(s0) # 20000020 <online_detect_res>
    5020:	4715                	li	a4,5
    5022:	02040793          	addi	a5,s0,32
    5026:	a3d8                	sb	a4,4(a5)
    5028:	80d1c703          	lbu	a4,-2035(gp) # 2000019d <_ZL24online_detect_prefix_now>
    502c:	b3c8                	sb	a0,5(a5)
    502e:	200005b7          	lui	a1,0x20000
    5032:	20000537          	lui	a0,0x20000
    5036:	4641                	li	a2,16
    5038:	0fd58593          	addi	a1,a1,253 # 200000fd <long_packge_version_serial_number+0x21>
    503c:	02850513          	addi	a0,a0,40 # 20000028 <online_detect_res+0x8>
    5040:	00078323          	sb	zero,6(a5)
    5044:	b3f8                	sb	a4,7(a5)
    5046:	8bafb0ef          	jal	ra,100 <memcpy>
    504a:	45f5                	li	a1,29
    504c:	02040513          	addi	a0,s0,32
    5050:	926fc0ef          	jal	ra,1176 <_Z15package_add_crcPhi>
    5054:	926fb06f          	j	17a <__riscv_restore_0>

00005058 <_ZL11nvm256_readmmtPvtPtPm.constprop.0>:
    5058:	8d6fb2ef          	jal	t0,12e <__riscv_save_10>
    505c:	0fc52903          	lw	s2,252(a0)
    5060:	84be                	mv	s1,a5
    5062:	e339e7b7          	lui	a5,0xe339e
    5066:	33978793          	addi	a5,a5,825 # e339e339 <__freertos_irq_stack_top+0xc3399339>
    506a:	00f91563          	bne	s2,a5,5074 <_ZL11nvm256_readmmtPvtPtPm.constprop.0+0x1c>
    506e:	4501                	li	a0,0
    5070:	8f6fb06f          	j	166 <__riscv_restore_10>
    5074:	57fd                	li	a5,-1
    5076:	fef90ce3          	beq	s2,a5,506e <_ZL11nvm256_readmmtPvtPtPm.constprop.0+0x16>
    507a:	8b2e                	mv	s6,a1
    507c:	0fc00593          	li	a1,252
    5080:	842a                	mv	s0,a0
    5082:	8a32                	mv	s4,a2
    5084:	8ab6                	mv	s5,a3
    5086:	89ba                	mv	s3,a4
    5088:	bb2fb0ef          	jal	ra,43a <_ZL14crc32_hw_wordsPKvm>
    508c:	fea911e3          	bne	s2,a0,506e <_ZL11nvm256_readmmtPvtPtPm.constprop.0+0x16>
    5090:	401c                	lw	a5,0(s0)
    5092:	205a                	lhu	a4,4(s0)
    5094:	00645903          	lhu	s2,6(s0)
    5098:	00842b83          	lw	s7,8(s0)
    509c:	fcfb19e3          	bne	s6,a5,506e <_ZL11nvm256_readmmtPvtPtPm.constprop.0+0x16>
    50a0:	4785                	li	a5,1
    50a2:	fcf716e3          	bne	a4,a5,506e <_ZL11nvm256_readmmtPvtPtPm.constprop.0+0x16>
    50a6:	fd2ae4e3          	bltu	s5,s2,506e <_ZL11nvm256_readmmtPvtPtPm.constprop.0+0x16>
    50aa:	00090863          	beqz	s2,50ba <_ZL11nvm256_readmmtPvtPtPm.constprop.0+0x62>
    50ae:	864a                	mv	a2,s2
    50b0:	00c40593          	addi	a1,s0,12
    50b4:	8552                	mv	a0,s4
    50b6:	84afb0ef          	jal	ra,100 <memcpy>
    50ba:	01299023          	sh	s2,0(s3)
    50be:	c099                	beqz	s1,50c4 <_ZL11nvm256_readmmtPvtPtPm.constprop.0+0x6c>
    50c0:	0174a023          	sw	s7,0(s1)
    50c4:	4505                	li	a0,1
    50c6:	b76d                	j	5070 <_ZL11nvm256_readmmtPvtPtPm.constprop.0+0x18>

000050c8 <_ZL19Motion_control_readv>:
    50c8:	88efb2ef          	jal	t0,156 <__riscv_save_0>
    50cc:	1101                	addi	sp,sp,-32
    50ce:	86dfb0ef          	jal	ra,93a <_ZL23Motion_control_defaultsv>
    50d2:	20002437          	lui	s0,0x20002
    50d6:	315455b7          	lui	a1,0x31545
    50da:	0800f537          	lui	a0,0x800f
    50de:	4781                	li	a5,0
    50e0:	01e10713          	addi	a4,sp,30
    50e4:	46e1                	li	a3,24
    50e6:	dc040613          	addi	a2,s0,-576 # 20001dc0 <Motion_control_data_save>
    50ea:	f4d58593          	addi	a1,a1,-179 # 31544f4d <__freertos_irq_stack_top+0x1153ff4d>
    50ee:	10050513          	addi	a0,a0,256 # 800f100 <ch32v20x_wwdg.c.13394d49+0x7ff1242>
    50f2:	00011f23          	sh	zero,30(sp)
    50f6:	f63ff0ef          	jal	ra,5058 <_ZL11nvm256_readmmtPvtPtPm.constprop.0>
    50fa:	e519                	bnez	a0,5108 <_ZL19Motion_control_readv+0x40>
    50fc:	86dfb0ef          	jal	ra,968 <_ZL26Motion_control_apply_savedv>
    5100:	4501                	li	a0,0
    5102:	6105                	addi	sp,sp,32
    5104:	876fb06f          	j	17a <__riscv_restore_0>
    5108:	87bc                	lhu	a5,30(sp)
    510a:	475d                	li	a4,23
    510c:	17fd                	addi	a5,a5,-1
    510e:	07c2                	slli	a5,a5,0x10
    5110:	83c1                	srli	a5,a5,0x10
    5112:	fef765e3          	bltu	a4,a5,50fc <_ZL19Motion_control_readv+0x34>
    5116:	dc040413          	addi	s0,s0,-576
    511a:	4818                	lw	a4,16(s0)
    511c:	406147b7          	lui	a5,0x40614
    5120:	06178793          	addi	a5,a5,97 # 40614061 <__freertos_irq_stack_top+0x2060f061>
    5124:	00f70563          	beq	a4,a5,512e <_ZL19Motion_control_readv+0x66>
    5128:	813fb0ef          	jal	ra,93a <_ZL23Motion_control_defaultsv>
    512c:	bfc1                	j	50fc <_ZL19Motion_control_readv+0x34>
    512e:	c62a                	sw	a0,12(sp)
    5130:	839fb0ef          	jal	ra,968 <_ZL26Motion_control_apply_savedv>
    5134:	4532                	lw	a0,12(sp)
    5136:	b7f1                	j	5102 <_ZL19Motion_control_readv+0x3a>

00005138 <_ZL12nvm256_writemmtmPKvt.part.0.constprop.0>:
    5138:	804fb2ef          	jal	t0,13c <__riscv_save_4>
    513c:	7111                	addi	sp,sp,-256
    513e:	84aa                	mv	s1,a0
    5140:	8a2e                	mv	s4,a1
    5142:	89b2                	mv	s3,a2
    5144:	0ff00593          	li	a1,255
    5148:	0f400613          	li	a2,244
    514c:	0068                	addi	a0,sp,12
    514e:	843a                	mv	s0,a4
    5150:	8936                	mv	s2,a3
    5152:	fc5fa0ef          	jal	ra,116 <memset>
    5156:	4785                	li	a5,1
    5158:	8622                	mv	a2,s0
    515a:	85ca                	mv	a1,s2
    515c:	0068                	addi	a0,sp,12
    515e:	827c                	sh	a5,4(sp)
    5160:	c052                	sw	s4,0(sp)
    5162:	8360                	sh	s0,6(sp)
    5164:	c44e                	sw	s3,8(sp)
    5166:	f9bfa0ef          	jal	ra,100 <memcpy>
    516a:	0fc00593          	li	a1,252
    516e:	850a                	mv	a0,sp
    5170:	acafb0ef          	jal	ra,43a <_ZL14crc32_hw_wordsPKvm>
    5174:	dfaa                	sw	a0,252(sp)
    5176:	10000613          	li	a2,256
    517a:	858a                	mv	a1,sp
    517c:	8526                	mv	a0,s1
    517e:	7a9030ef          	jal	ra,9126 <memcmp>
    5182:	c169                	beqz	a0,5244 <_ZL12nvm256_writemmtmPKvt.part.0.constprop.0+0x10c>
    5184:	80002973          	csrr	s2,0x800
    5188:	08800793          	li	a5,136
    518c:	8007b073          	csrc	0x800,a5
    5190:	45670737          	lui	a4,0x45670
    5194:	40022437          	lui	s0,0x40022
    5198:	12370713          	addi	a4,a4,291 # 45670123 <__freertos_irq_stack_top+0x2566b123>
    519c:	cdef97b7          	lui	a5,0xcdef9
    51a0:	c058                	sw	a4,4(s0)
    51a2:	9ab78793          	addi	a5,a5,-1621 # cdef89ab <__freertos_irq_stack_top+0xadef39ab>
    51a6:	c05c                	sw	a5,4(s0)
    51a8:	d058                	sw	a4,36(s0)
    51aa:	d05c                	sw	a5,36(s0)
    51ac:	03100793          	li	a5,49
    51b0:	c45c                	sw	a5,12(s0)
    51b2:	8526                	mv	a0,s1
    51b4:	87ffc0ef          	jal	ra,1a32 <FLASH_ErasePage_Fast>
    51b8:	481c                	lw	a5,16(s0)
    51ba:	6741                	lui	a4,0x10
    51bc:	08897913          	andi	s2,s2,136
    51c0:	8fd9                	or	a5,a5,a4
    51c2:	c81c                	sw	a5,16(s0)
    51c4:	40022737          	lui	a4,0x40022
    51c8:	475c                	lw	a5,12(a4)
    51ca:	8b85                	andi	a5,a5,1
    51cc:	fff5                	bnez	a5,51c8 <_ZL12nvm256_writemmtmPKvt.part.0.constprop.0+0x90>
    51ce:	40022737          	lui	a4,0x40022
    51d2:	475c                	lw	a5,12(a4)
    51d4:	8b89                	andi	a5,a5,2
    51d6:	fff5                	bnez	a5,51d2 <_ZL12nvm256_writemmtmPKvt.part.0.constprop.0+0x9a>
    51d8:	40022737          	lui	a4,0x40022
    51dc:	10000613          	li	a2,256
    51e0:	00f106b3          	add	a3,sp,a5
    51e4:	428c                	lw	a1,0(a3)
    51e6:	00f486b3          	add	a3,s1,a5
    51ea:	c28c                	sw	a1,0(a3)
    51ec:	4754                	lw	a3,12(a4)
    51ee:	8a89                	andi	a3,a3,2
    51f0:	fef5                	bnez	a3,51ec <_ZL12nvm256_writemmtmPKvt.part.0.constprop.0+0xb4>
    51f2:	0791                	addi	a5,a5,4
    51f4:	fec796e3          	bne	a5,a2,51e0 <_ZL12nvm256_writemmtmPKvt.part.0.constprop.0+0xa8>
    51f8:	4b1c                	lw	a5,16(a4)
    51fa:	002006b7          	lui	a3,0x200
    51fe:	8fd5                	or	a5,a5,a3
    5200:	cb1c                	sw	a5,16(a4)
    5202:	400227b7          	lui	a5,0x40022
    5206:	47d8                	lw	a4,12(a5)
    5208:	8b05                	andi	a4,a4,1
    520a:	ff75                	bnez	a4,5206 <_ZL12nvm256_writemmtmPKvt.part.0.constprop.0+0xce>
    520c:	4b98                	lw	a4,16(a5)
    520e:	76c1                	lui	a3,0xffff0
    5210:	16fd                	addi	a3,a3,-1 # fffeffff <__freertos_irq_stack_top+0xdffeafff>
    5212:	8f75                	and	a4,a4,a3
    5214:	cb98                	sw	a4,16(a5)
    5216:	4b98                	lw	a4,16(a5)
    5218:	66a1                	lui	a3,0x8
    521a:	8f55                	or	a4,a4,a3
    521c:	cb98                	sw	a4,16(a5)
    521e:	ef0fc0ef          	jal	ra,190e <FLASH_Lock>
    5222:	08800793          	li	a5,136
    5226:	8007b073          	csrc	0x800,a5
    522a:	80092073          	csrs	0x800,s2
    522e:	10000613          	li	a2,256
    5232:	858a                	mv	a1,sp
    5234:	8526                	mv	a0,s1
    5236:	6f1030ef          	jal	ra,9126 <memcmp>
    523a:	00153513          	seqz	a0,a0
    523e:	6111                	addi	sp,sp,256
    5240:	f31fa06f          	j	170 <__riscv_restore_4>
    5244:	4505                	li	a0,1
    5246:	bfe5                	j	523e <_ZL12nvm256_writemmtmPKvt.part.0.constprop.0+0x106>

00005248 <_ZL19Motion_control_savev>:
    5248:	ef5fa2ef          	jal	t0,13c <__riscv_save_4>
    524c:	20002937          	lui	s2,0x20002
    5250:	406147b7          	lui	a5,0x40614
    5254:	dc090713          	addi	a4,s2,-576 # 20001dc0 <Motion_control_data_save>
    5258:	06178793          	addi	a5,a5,97 # 40614061 <__freertos_irq_stack_top+0x2060f061>
    525c:	200004b7          	lui	s1,0x20000
    5260:	dc090413          	addi	s0,s2,-576
    5264:	cb1c                	sw	a5,16(a4)
    5266:	16048493          	addi	s1,s1,352 # 20000160 <MC_DM_KEY_NONE_THRESH>
    526a:	00440993          	addi	s3,s0,4 # 40022004 <__freertos_irq_stack_top+0x2001d004>
    526e:	03c00a13          	li	s4,60
    5272:	4088                	lw	a0,0(s1)
    5274:	a08fb0ef          	jal	ra,47c <_ZL22dm_key_v_to_centi_ceilf>
    5278:	87aa                	mv	a5,a0
    527a:	01457463          	bgeu	a0,s4,5282 <_ZL19Motion_control_savev+0x3a>
    527e:	03c00793          	li	a5,60
    5282:	a85c                	sb	a5,20(s0)
    5284:	0405                	addi	s0,s0,1
    5286:	0491                	addi	s1,s1,4
    5288:	ff3415e3          	bne	s0,s3,5272 <_ZL19Motion_control_savev+0x2a>
    528c:	315455b7          	lui	a1,0x31545
    5290:	0800f537          	lui	a0,0x800f
    5294:	4761                	li	a4,24
    5296:	dc090693          	addi	a3,s2,-576
    529a:	4601                	li	a2,0
    529c:	f4d58593          	addi	a1,a1,-179 # 31544f4d <__freertos_irq_stack_top+0x1153ff4d>
    52a0:	10050513          	addi	a0,a0,256 # 800f100 <ch32v20x_wwdg.c.13394d49+0x7ff1242>
    52a4:	e95ff0ef          	jal	ra,5138 <_ZL12nvm256_writemmtmPKvt.part.0.constprop.0>
    52a8:	ec9fa06f          	j	170 <__riscv_restore_4>

000052ac <_Z24MC_PULL_calibration_bootv>:
    52ac:	e7bfa2ef          	jal	t0,126 <__riscv_save_12>
    52b0:	7115                	addi	sp,sp,-224
    52b2:	4419                	li	s0,6
    52b4:	884fb0ef          	jal	ra,338 <_Z12ADC_DMA_pollv>
    52b8:	4551                	li	a0,20
    52ba:	147d                	addi	s0,s0,-1
    52bc:	f1dfb0ef          	jal	ra,11d8 <delay.part.0>
    52c0:	f875                	bnez	s0,52b4 <_Z24MC_PULL_calibration_bootv+0x8>
    52c2:	cedfc0ef          	jal	ra,1fae <_Z32MC_PULL_detect_channels_insertedv>
    52c6:	324c45b7          	lui	a1,0x324c4
    52ca:	089c                	addi	a5,sp,80
    52cc:	04a10713          	addi	a4,sp,74
    52d0:	03000693          	li	a3,48
    52d4:	1910                	addi	a2,sp,176
    52d6:	14358593          	addi	a1,a1,323 # 324c4143 <__freertos_irq_stack_top+0x124bf143>
    52da:	0800f537          	lui	a0,0x800f
    52de:	04011523          	sh	zero,74(sp)
    52e2:	c882                	sw	zero,80(sp)
    52e4:	d75ff0ef          	jal	ra,5058 <_ZL11nvm256_readmmtPvtPtPm.constprop.0>
    52e8:	36051063          	bnez	a0,5648 <_Z24MC_PULL_calibration_bootv+0x39c>
    52ec:	ae3ff0ef          	jal	ra,4dce <_Z20Flash_NVM_full_clearv>
    52f0:	82c1a783          	lw	a5,-2004(gp) # 200001bc <time_hw_tpms>
    52f4:	cc2a                	sw	a0,24(sp)
    52f6:	c43e                	sw	a5,8(sp)
    52f8:	e000f7b7          	lui	a5,0xe000f
    52fc:	479c                	lw	a5,8(a5)
    52fe:	c902                	sw	zero,144(sp)
    5300:	cb02                	sw	zero,148(sp)
    5302:	c63e                	sw	a5,12(sp)
    5304:	05a00793          	li	a5,90
    5308:	cd02                	sw	zero,152(sp)
    530a:	cf02                	sw	zero,156(sp)
    530c:	d102                	sw	zero,160(sp)
    530e:	d302                	sw	zero,164(sp)
    5310:	d502                	sw	zero,168(sp)
    5312:	d702                	sw	zero,172(sp)
    5314:	d882                	sw	zero,112(sp)
    5316:	da82                	sw	zero,116(sp)
    5318:	dc82                	sw	zero,120(sp)
    531a:	de82                	sw	zero,124(sp)
    531c:	c102                	sw	zero,128(sp)
    531e:	c302                	sw	zero,132(sp)
    5320:	c502                	sw	zero,136(sp)
    5322:	c702                	sw	zero,140(sp)
    5324:	c23e                	sw	a5,4(sp)
    5326:	a9818b93          	addi	s7,gp,-1384 # 20000428 <filament_channel_inserted>
    532a:	4c05                	li	s8,1
    532c:	4c89                	li	s9,2
    532e:	20002a37          	lui	s4,0x20002
    5332:	858fb0ef          	jal	ra,38a <_Z17ADC_DMA_get_valuev>
    5336:	07010993          	addi	s3,sp,112
    533a:	09010913          	addi	s2,sp,144
    533e:	8b2a                	mv	s6,a0
    5340:	844a                	mv	s0,s2
    5342:	84ce                	mv	s1,s3
    5344:	4d81                	li	s11,0
    5346:	4d11                	li	s10,4
    5348:	017d8733          	add	a4,s11,s7
    534c:	2318                	lbu	a4,0(a4)
    534e:	c329                	beqz	a4,5390 <_Z24MC_PULL_calibration_bootv+0xe4>
    5350:	85da                	mv	a1,s6
    5352:	856e                	mv	a0,s11
    5354:	90afb0ef          	jal	ra,45e <_ZL15adc_pull_raw_chiPKf>
    5358:	042060ef          	jal	ra,b39a <__extendsfdf2>
    535c:	862a                	mv	a2,a0
    535e:	86ae                	mv	a3,a1
    5360:	4008                	lw	a0,0(s0)
    5362:	404c                	lw	a1,4(s0)
    5364:	1f2040ef          	jal	ra,9556 <__adddf3>
    5368:	c008                	sw	a0,0(s0)
    536a:	c04c                	sw	a1,4(s0)
    536c:	378d8f63          	beq	s11,s8,56ea <_Z24MC_PULL_calibration_bootv+0x43e>
    5370:	399d8063          	beq	s11,s9,56f0 <_Z24MC_PULL_calibration_bootv+0x444>
    5374:	380d9163          	bnez	s11,56f6 <_Z24MC_PULL_calibration_bootv+0x44a>
    5378:	01cb2503          	lw	a0,28(s6)
    537c:	01e060ef          	jal	ra,b39a <__extendsfdf2>
    5380:	862a                	mv	a2,a0
    5382:	86ae                	mv	a3,a1
    5384:	4088                	lw	a0,0(s1)
    5386:	40cc                	lw	a1,4(s1)
    5388:	1ce040ef          	jal	ra,9556 <__adddf3>
    538c:	c088                	sw	a0,0(s1)
    538e:	c0cc                	sw	a1,4(s1)
    5390:	0d85                	addi	s11,s11,1
    5392:	04a1                	addi	s1,s1,8
    5394:	0421                	addi	s0,s0,8
    5396:	fbad99e3          	bne	s11,s10,5348 <_Z24MC_PULL_calibration_bootv+0x9c>
    539a:	e000f7b7          	lui	a5,0xe000f
    539e:	4780                	lw	s0,8(a5)
    53a0:	47b2                	lw	a5,12(sp)
    53a2:	258a0493          	addi	s1,s4,600 # 20002258 <RGBOUT>
    53a6:	8c1d                	sub	s0,s0,a5
    53a8:	47a2                	lw	a5,8(sp)
    53aa:	02f45433          	divu	s0,s0,a5
    53ae:	0c800793          	li	a5,200
    53b2:	02f45433          	divu	s0,s0,a5
    53b6:	258a0793          	addi	a5,s4,600
    53ba:	c03e                	sw	a5,0(sp)
    53bc:	0c078d13          	addi	s10,a5,192 # e000f0c0 <__freertos_irq_stack_top+0xc000a0c0>
    53c0:	fff44413          	not	s0,s0
    53c4:	8805                	andi	s0,s0,1
    53c6:	0412                	slli	s0,s0,0x4
    53c8:	8526                	mv	a0,s1
    53ca:	4681                	li	a3,0
    53cc:	8622                	mv	a2,s0
    53ce:	85a2                	mv	a1,s0
    53d0:	03048493          	addi	s1,s1,48
    53d4:	888fd0ef          	jal	ra,245c <_ZN12WS2812_class14set_RGB_onlineEhhhhb.constprop.0>
    53d8:	ffa498e3          	bne	s1,s10,53c8 <_Z24MC_PULL_calibration_bootv+0x11c>
    53dc:	cb0fc0ef          	jal	ra,188c <_Z10RGB_updatev>
    53e0:	453d                	li	a0,15
    53e2:	df7fb0ef          	jal	ra,11d8 <delay.part.0>
    53e6:	4792                	lw	a5,4(sp)
    53e8:	17fd                	addi	a5,a5,-1
    53ea:	c23e                	sw	a5,4(sp)
    53ec:	f3b9                	bnez	a5,5332 <_Z24MC_PULL_calibration_bootv+0x86>
    53ee:	6a2d                	lui	s4,0xb
    53f0:	4641                	li	a2,16
    53f2:	614a0593          	addi	a1,s4,1556 # b614 <__clzsi2+0x68>
    53f6:	1088                	addi	a0,sp,96
    53f8:	d09fa0ef          	jal	ra,100 <memcpy>
    53fc:	8381a403          	lw	s0,-1992(gp) # 200001c8 <_ZL7g_scale+0x8>
    5400:	83c1a483          	lw	s1,-1988(gp) # 200001cc <_ZL7g_scale+0xc>
    5404:	06010b93          	addi	s7,sp,96
    5408:	4b01                	li	s6,0
    540a:	4c11                	li	s8,4
    540c:	a9818793          	addi	a5,gp,-1384 # 20000428 <filament_channel_inserted>
    5410:	97da                	add	a5,a5,s6
    5412:	239c                	lbu	a5,0(a5)
    5414:	cf89                	beqz	a5,542e <_Z24MC_PULL_calibration_bootv+0x182>
    5416:	00092503          	lw	a0,0(s2)
    541a:	00492583          	lw	a1,4(s2)
    541e:	8622                	mv	a2,s0
    5420:	86a6                	mv	a3,s1
    5422:	01d040ef          	jal	ra,9c3e <__divdf3>
    5426:	01a060ef          	jal	ra,b440 <__truncdfsf2>
    542a:	00aba023          	sw	a0,0(s7)
    542e:	0b05                	addi	s6,s6,1
    5430:	0921                	addi	s2,s2,8
    5432:	0b91                	addi	s7,s7,4
    5434:	fd8b1ce3          	bne	s6,s8,540c <_Z24MC_PULL_calibration_bootv+0x160>
    5438:	20002737          	lui	a4,0x20002
    543c:	a9818913          	addi	s2,gp,-1384 # 20000428 <filament_channel_inserted>
    5440:	24870793          	addi	a5,a4,584 # 20002248 <MC_PULL_V_OFFSET>
    5444:	d03e                	sw	a5,32(sp)
    5446:	82418693          	addi	a3,gp,-2012 # 200001b4 <MC_PULL_POLARITY>
    544a:	82418413          	addi	s0,gp,-2012 # 200001b4 <MC_PULL_POLARITY>
    544e:	82418793          	addi	a5,gp,-2012 # 200001b4 <MC_PULL_POLARITY>
    5452:	d83e                	sw	a5,48(sp)
    5454:	87c1a783          	lw	a5,-1924(gp) # 2000020c <_ZL7g_scale+0x4c>
    5458:	a9818b93          	addi	s7,gp,-1384 # 20000428 <filament_channel_inserted>
    545c:	ce36                	sw	a3,28(sp)
    545e:	c63e                	sw	a5,12(sp)
    5460:	83c1a803          	lw	a6,-1988(gp) # 200001cc <_ZL7g_scale+0xc>
    5464:	8381a783          	lw	a5,-1992(gp) # 200001c8 <_ZL7g_scale+0x8>
    5468:	4b01                	li	s6,0
    546a:	24870493          	addi	s1,a4,584
    546e:	c83e                	sw	a5,16(sp)
    5470:	8a01a783          	lw	a5,-1888(gp) # 20000230 <_ZL7g_scale+0x70>
    5474:	4a85                	li	s5,1
    5476:	ca42                	sw	a6,20(sp)
    5478:	d23e                	sw	a5,36(sp)
    547a:	9a01ad83          	lw	s11,-1632(gp) # 20000330 <_ZL7g_scale+0x170>
    547e:	200007b7          	lui	a5,0x20000
    5482:	08b00c13          	li	s8,139
    5486:	03c00c93          	li	s9,60
    548a:	16078d13          	addi	s10,a5,352 # 20000160 <MC_DM_KEY_NONE_THRESH>
    548e:	000bc783          	lbu	a5,0(s7)
    5492:	26079563          	bnez	a5,56fc <_Z24MC_PULL_calibration_bootv+0x450>
    5496:	00000793          	li	a5,0
    549a:	c09c                	sw	a5,0(s1)
    549c:	01540023          	sb	s5,0(s0)
    54a0:	856e                	mv	a0,s11
    54a2:	01ab07b3          	add	a5,s6,s10
    54a6:	c388                	sw	a0,0(a5)
    54a8:	0b11                	addi	s6,s6,4
    54aa:	47c1                	li	a5,16
    54ac:	0b85                	addi	s7,s7,1
    54ae:	0491                	addi	s1,s1,4
    54b0:	0405                	addi	s0,s0,1
    54b2:	09a1                	addi	s3,s3,8
    54b4:	fcfb1de3          	bne	s6,a5,548e <_Z24MC_PULL_calibration_bootv+0x1e2>
    54b8:	4641                	li	a2,16
    54ba:	614a0593          	addi	a1,s4,1556
    54be:	0888                	addi	a0,sp,80
    54c0:	c41fa0ef          	jal	ra,100 <memcpy>
    54c4:	4401                	li	s0,0
    54c6:	44c1                	li	s1,16
    54c8:	00094783          	lbu	a5,0(s2)
    54cc:	c38d                	beqz	a5,54ee <_Z24MC_PULL_calibration_bootv+0x242>
    54ce:	089c                	addi	a5,sp,80
    54d0:	008789b3          	add	s3,a5,s0
    54d4:	200027b7          	lui	a5,0x20002
    54d8:	24878793          	addi	a5,a5,584 # 20002248 <MC_PULL_V_OFFSET>
    54dc:	97a2                	add	a5,a5,s0
    54de:	438c                	lw	a1,0(a5)
    54e0:	109c                	addi	a5,sp,96
    54e2:	97a2                	add	a5,a5,s0
    54e4:	4388                	lw	a0,0(a5)
    54e6:	507040ef          	jal	ra,a1ec <__addsf3>
    54ea:	00a9a023          	sw	a0,0(s3)
    54ee:	0411                	addi	s0,s0,4
    54f0:	0905                	addi	s2,s2,1
    54f2:	fc941be3          	bne	s0,s1,54c8 <_Z24MC_PULL_calibration_bootv+0x21c>
    54f6:	03c00713          	li	a4,60
    54fa:	03c00693          	li	a3,60
    54fe:	460d                	li	a2,3
    5500:	45c1                	li	a1,16
    5502:	4541                	li	a0,16
    5504:	fc4ff0ef          	jal	ra,4cc8 <_ZL9blink_allhhhiii.constprop.0>
    5508:	4722                	lw	a4,8(sp)
    550a:	679d                	lui	a5,0x7
    550c:	53078793          	addi	a5,a5,1328 # 7530 <main+0xe82>
    5510:	02f707b3          	mul	a5,a4,a5
    5514:	4a01                	li	s4,0
    5516:	d23e                	sw	a5,36(sp)
    5518:	0c800793          	li	a5,200
    551c:	02f707b3          	mul	a5,a4,a5
    5520:	d43e                	sw	a5,40(sp)
    5522:	200007b7          	lui	a5,0x20000
    5526:	18078d93          	addi	s11,a5,384 # 20000180 <MC_PULL_V_MIN>
    552a:	200007b7          	lui	a5,0x20000
    552e:	17078793          	addi	a5,a5,368 # 20000170 <MC_PULL_V_MAX>
    5532:	c83e                	sw	a5,16(sp)
    5534:	86c1a783          	lw	a5,-1940(gp) # 200001fc <_ZL7g_scale+0x3c>
    5538:	dc3e                	sw	a5,56(sp)
    553a:	a9818793          	addi	a5,gp,-1384 # 20000428 <filament_channel_inserted>
    553e:	97d2                	add	a5,a5,s4
    5540:	239c                	lbu	a5,0(a5)
    5542:	c63e                	sw	a5,12(sp)
    5544:	20079763          	bnez	a5,5752 <_Z24MC_PULL_calibration_bootv+0x4a6>
    5548:	57e2                	lw	a5,56(sp)
    554a:	4742                	lw	a4,16(sp)
    554c:	00fda023          	sw	a5,0(s11)
    5550:	8681a783          	lw	a5,-1944(gp) # 200001f8 <_ZL7g_scale+0x38>
    5554:	c31c                	sw	a5,0(a4)
    5556:	4772                	lw	a4,28(sp)
    5558:	4785                	li	a5,1
    555a:	a31c                	sb	a5,0(a4)
    555c:	47c2                	lw	a5,16(sp)
    555e:	0a05                	addi	s4,s4,1
    5560:	0d91                	addi	s11,s11,4
    5562:	0791                	addi	a5,a5,4
    5564:	c83e                	sw	a5,16(sp)
    5566:	47f2                	lw	a5,28(sp)
    5568:	0785                	addi	a5,a5,1
    556a:	ce3e                	sw	a5,28(sp)
    556c:	4782                	lw	a5,0(sp)
    556e:	03078793          	addi	a5,a5,48
    5572:	c03e                	sw	a5,0(sp)
    5574:	5782                	lw	a5,32(sp)
    5576:	0791                	addi	a5,a5,4
    5578:	d03e                	sw	a5,32(sp)
    557a:	4791                	li	a5,4
    557c:	fafa1fe3          	bne	s4,a5,553a <_Z24MC_PULL_calibration_bootv+0x28e>
    5580:	200027b7          	lui	a5,0x20002
    5584:	24878593          	addi	a1,a5,584 # 20002248 <MC_PULL_V_OFFSET>
    5588:	4641                	li	a2,16
    558a:	1908                	addi	a0,sp,176
    558c:	b75fa0ef          	jal	ra,100 <memcpy>
    5590:	200005b7          	lui	a1,0x20000
    5594:	4641                	li	a2,16
    5596:	18058593          	addi	a1,a1,384 # 20000180 <MC_PULL_V_MIN>
    559a:	0188                	addi	a0,sp,192
    559c:	b65fa0ef          	jal	ra,100 <memcpy>
    55a0:	200005b7          	lui	a1,0x20000
    55a4:	4641                	li	a2,16
    55a6:	17058593          	addi	a1,a1,368 # 20000170 <MC_PULL_V_MAX>
    55aa:	0988                	addi	a0,sp,208
    55ac:	b55fa0ef          	jal	ra,100 <memcpy>
    55b0:	4781                	li	a5,0
    55b2:	4685                	li	a3,1
    55b4:	4711                	li	a4,4
    55b6:	5642                	lw	a2,48(sp)
    55b8:	963e                	add	a2,a2,a5
    55ba:	00060603          	lb	a2,0(a2)
    55be:	00065763          	bgez	a2,55cc <_Z24MC_PULL_calibration_bootv+0x320>
    55c2:	4592                	lw	a1,4(sp)
    55c4:	00f69633          	sll	a2,a3,a5
    55c8:	8e4d                	or	a2,a2,a1
    55ca:	c232                	sw	a2,4(sp)
    55cc:	0785                	addi	a5,a5,1
    55ce:	fee794e3          	bne	a5,a4,55b6 <_Z24MC_PULL_calibration_bootv+0x30a>
    55d2:	4612                	lw	a2,4(sp)
    55d4:	324c45b7          	lui	a1,0x324c4
    55d8:	03000713          	li	a4,48
    55dc:	1914                	addi	a3,sp,176
    55de:	14358593          	addi	a1,a1,323 # 324c4143 <__freertos_irq_stack_top+0x124bf143>
    55e2:	0800f537          	lui	a0,0x800f
    55e6:	b53ff0ef          	jal	ra,5138 <_ZL12nvm256_writemmtmPKvt.part.0.constprop.0>
    55ea:	00cd2403          	lw	s0,12(s10)
    55ee:	000d2a03          	lw	s4,0(s10)
    55f2:	004d2983          	lw	s3,4(s10)
    55f6:	008d2903          	lw	s2,8(s10)
    55fa:	84aa                	mv	s1,a0
    55fc:	acdff0ef          	jal	ra,50c8 <_ZL19Motion_control_readv>
    5600:	008d2623          	sw	s0,12(s10)
    5604:	014d2023          	sw	s4,0(s10)
    5608:	013d2223          	sw	s3,4(s10)
    560c:	012d2423          	sw	s2,8(s10)
    5610:	c39ff0ef          	jal	ra,5248 <_ZL19Motion_control_savev>
    5614:	47e2                	lw	a5,24(sp)
    5616:	842a                	mv	s0,a0
    5618:	48078063          	beqz	a5,5a98 <_Z24MC_PULL_calibration_bootv+0x7ec>
    561c:	0b400713          	li	a4,180
    5620:	16800693          	li	a3,360
    5624:	4641                	li	a2,16
    5626:	45c1                	li	a1,16
    5628:	4501                	li	a0,0
    562a:	42049163          	bnez	s1,5a4c <_Z24MC_PULL_calibration_bootv+0x7a0>
    562e:	e53fc0ef          	jal	ra,2480 <_ZL14show_diag_stephhhii>
    5632:	0dc00713          	li	a4,220
    5636:	1cc00693          	li	a3,460
    563a:	4641                	li	a2,16
    563c:	4581                	li	a1,0
    563e:	4541                	li	a0,16
    5640:	e41fc0ef          	jal	ra,2480 <_ZL14show_diag_stephhhii>
    5644:	cc02                	sw	zero,24(sp)
    5646:	a939                	j	5a64 <_Z24MC_PULL_calibration_bootv+0x7b8>
    5648:	04a15703          	lhu	a4,74(sp)
    564c:	03000793          	li	a5,48
    5650:	c8f71ee3          	bne	a4,a5,52ec <_Z24MC_PULL_calibration_bootv+0x40>
    5654:	4641                	li	a2,16
    5656:	190c                	addi	a1,sp,176
    5658:	0908                	addi	a0,sp,144
    565a:	aa7fa0ef          	jal	ra,100 <memcpy>
    565e:	4641                	li	a2,16
    5660:	018c                	addi	a1,sp,192
    5662:	1888                	addi	a0,sp,112
    5664:	a9dfa0ef          	jal	ra,100 <memcpy>
    5668:	4641                	li	a2,16
    566a:	098c                	addi	a1,sp,208
    566c:	1088                	addi	a0,sp,96
    566e:	a93fa0ef          	jal	ra,100 <memcpy>
    5672:	4646                	lw	a2,80(sp)
    5674:	4585                	li	a1,1
    5676:	4691                	li	a3,4
    5678:	008597b3          	sll	a5,a1,s0
    567c:	8ff1                	and	a5,a5,a2
    567e:	4705                	li	a4,1
    5680:	c391                	beqz	a5,5684 <_Z24MC_PULL_calibration_bootv+0x3d8>
    5682:	577d                	li	a4,-1
    5684:	00fc                	addi	a5,sp,76
    5686:	97a2                	add	a5,a5,s0
    5688:	a398                	sb	a4,0(a5)
    568a:	0405                	addi	s0,s0,1
    568c:	fed416e3          	bne	s0,a3,5678 <_Z24MC_PULL_calibration_bootv+0x3cc>
    5690:	20002537          	lui	a0,0x20002
    5694:	4641                	li	a2,16
    5696:	090c                	addi	a1,sp,144
    5698:	24850513          	addi	a0,a0,584 # 20002248 <MC_PULL_V_OFFSET>
    569c:	a65fa0ef          	jal	ra,100 <memcpy>
    56a0:	20000537          	lui	a0,0x20000
    56a4:	4641                	li	a2,16
    56a6:	188c                	addi	a1,sp,112
    56a8:	18050513          	addi	a0,a0,384 # 20000180 <MC_PULL_V_MIN>
    56ac:	a55fa0ef          	jal	ra,100 <memcpy>
    56b0:	20000537          	lui	a0,0x20000
    56b4:	4641                	li	a2,16
    56b6:	108c                	addi	a1,sp,96
    56b8:	17050513          	addi	a0,a0,368 # 20000170 <MC_PULL_V_MAX>
    56bc:	a45fa0ef          	jal	ra,100 <memcpy>
    56c0:	4781                	li	a5,0
    56c2:	82418713          	addi	a4,gp,-2012 # 200001b4 <MC_PULL_POLARITY>
    56c6:	4611                	li	a2,4
    56c8:	00f4                	addi	a3,sp,76
    56ca:	96be                	add	a3,a3,a5
    56cc:	00068583          	lb	a1,0(a3) # 8000 <main+0x1952>
    56d0:	4685                	li	a3,1
    56d2:	0005d363          	bgez	a1,56d8 <_Z24MC_PULL_calibration_bootv+0x42c>
    56d6:	56fd                	li	a3,-1
    56d8:	00f705b3          	add	a1,a4,a5
    56dc:	a194                	sb	a3,0(a1)
    56de:	0785                	addi	a5,a5,1
    56e0:	fec794e3          	bne	a5,a2,56c8 <_Z24MC_PULL_calibration_bootv+0x41c>
    56e4:	612d                	addi	sp,sp,224
    56e6:	a7dfa06f          	j	162 <__riscv_restore_12>
    56ea:	014b2503          	lw	a0,20(s6)
    56ee:	b179                	j	537c <_Z24MC_PULL_calibration_bootv+0xd0>
    56f0:	00cb2503          	lw	a0,12(s6)
    56f4:	b161                	j	537c <_Z24MC_PULL_calibration_bootv+0xd0>
    56f6:	004b2503          	lw	a0,4(s6)
    56fa:	b149                	j	537c <_Z24MC_PULL_calibration_bootv+0xd0>
    56fc:	109c                	addi	a5,sp,96
    56fe:	97da                	add	a5,a5,s6
    5700:	438c                	lw	a1,0(a5)
    5702:	4532                	lw	a0,12(sp)
    5704:	5a2050ef          	jal	ra,aca6 <__subsf3>
    5708:	4642                	lw	a2,16(sp)
    570a:	46d2                	lw	a3,20(sp)
    570c:	c088                	sw	a0,0(s1)
    570e:	0049a583          	lw	a1,4(s3)
    5712:	0009a503          	lw	a0,0(s3)
    5716:	01540023          	sb	s5,0(s0)
    571a:	524040ef          	jal	ra,9c3e <__divdf3>
    571e:	523050ef          	jal	ra,b440 <__truncdfsf2>
    5722:	d5bfa0ef          	jal	ra,47c <_ZL22dm_key_v_to_centi_ceilf>
    5726:	00a50793          	addi	a5,a0,10
    572a:	0ff7f513          	zext.b	a0,a5
    572e:	0ff7f793          	zext.b	a5,a5
    5732:	00fc7463          	bgeu	s8,a5,573a <_Z24MC_PULL_calibration_bootv+0x48e>
    5736:	08b00513          	li	a0,139
    573a:	0ff57793          	zext.b	a5,a0
    573e:	0197f463          	bgeu	a5,s9,5746 <_Z24MC_PULL_calibration_bootv+0x49a>
    5742:	03c00513          	li	a0,60
    5746:	26b050ef          	jal	ra,b1b0 <__floatunsisf>
    574a:	5592                	lw	a1,36(sp)
    574c:	27e050ef          	jal	ra,a9ca <__mulsf3>
    5750:	bb89                	j	54a2 <_Z24MC_PULL_calibration_bootv+0x1f6>
    5752:	002a1793          	slli	a5,s4,0x2
    5756:	0898                	addi	a4,sp,80
    5758:	97ba                	add	a5,a5,a4
    575a:	4380                	lw	s0,0(a5)
    575c:	e000f7b7          	lui	a5,0xe000f
    5760:	479c                	lw	a5,8(a5)
    5762:	80000c37          	lui	s8,0x80000
    5766:	4b81                	li	s7,0
    5768:	d63e                	sw	a5,44(sp)
    576a:	8922                	mv	s2,s0
    576c:	89a2                	mv	s3,s0
    576e:	4c81                	li	s9,0
    5770:	1c7d                	addi	s8,s8,-1 # 7fffffff <__freertos_irq_stack_top+0x5fffafff>
    5772:	e000f7b7          	lui	a5,0xe000f
    5776:	0087aa83          	lw	s5,8(a5) # e000f008 <__freertos_irq_stack_top+0xc000a008>
    577a:	57b2                	lw	a5,44(sp)
    577c:	5712                	lw	a4,36(sp)
    577e:	40fa87b3          	sub	a5,s5,a5
    5782:	da3e                	sw	a5,52(sp)
    5784:	18e7f263          	bgeu	a5,a4,5908 <_Z24MC_PULL_calibration_bootv+0x65c>
    5788:	c03fa0ef          	jal	ra,38a <_Z17ADC_DMA_get_valuev>
    578c:	85aa                	mv	a1,a0
    578e:	8552                	mv	a0,s4
    5790:	ccffa0ef          	jal	ra,45e <_ZL15adc_pull_raw_chiPKf>
    5794:	5782                	lw	a5,32(sp)
    5796:	438c                	lw	a1,0(a5)
    5798:	255040ef          	jal	ra,a1ec <__addsf3>
    579c:	4722                	lw	a4,8(sp)
    579e:	57d2                	lw	a5,52(sp)
    57a0:	84aa                	mv	s1,a0
    57a2:	46c1                	li	a3,16
    57a4:	02e7d7b3          	divu	a5,a5,a4
    57a8:	0c800713          	li	a4,200
    57ac:	02e7d7b3          	divu	a5,a5,a4
    57b0:	8b85                	andi	a5,a5,1
    57b2:	c391                	beqz	a5,57b6 <_Z24MC_PULL_calibration_bootv+0x50a>
    57b4:	4681                	li	a3,0
    57b6:	4502                	lw	a0,0(sp)
    57b8:	4601                	li	a2,0
    57ba:	4581                	li	a1,0
    57bc:	ca1fc0ef          	jal	ra,245c <_ZN12WS2812_class14set_RGB_onlineEhhhhb.constprop.0>
    57c0:	8ccfc0ef          	jal	ra,188c <_Z10RGB_updatev>
    57c4:	020c9263          	bnez	s9,57e8 <_Z24MC_PULL_calibration_bootv+0x53c>
    57c8:	85a2                	mv	a1,s0
    57ca:	8526                	mv	a0,s1
    57cc:	4da050ef          	jal	ra,aca6 <__subsf3>
    57d0:	8781a583          	lw	a1,-1928(gp) # 20000208 <_ZL7g_scale+0x48>
    57d4:	00ac7533          	and	a0,s8,a0
    57d8:	0c4050ef          	jal	ra,a89c <__gesf2>
    57dc:	12055063          	bgez	a0,58fc <_Z24MC_PULL_calibration_bootv+0x650>
    57e0:	453d                	li	a0,15
    57e2:	9f7fb0ef          	jal	ra,11d8 <delay.part.0>
    57e6:	b771                	j	5772 <_Z24MC_PULL_calibration_bootv+0x4c6>
    57e8:	85a6                	mv	a1,s1
    57ea:	854e                	mv	a0,s3
    57ec:	0b0050ef          	jal	ra,a89c <__gesf2>
    57f0:	00a05363          	blez	a0,57f6 <_Z24MC_PULL_calibration_bootv+0x54a>
    57f4:	89a6                	mv	s3,s1
    57f6:	85a6                	mv	a1,s1
    57f8:	854a                	mv	a0,s2
    57fa:	138050ef          	jal	ra,a932 <__lesf2>
    57fe:	00055363          	bgez	a0,5804 <_Z24MC_PULL_calibration_bootv+0x558>
    5802:	8926                	mv	s2,s1
    5804:	85a2                	mv	a1,s0
    5806:	8526                	mv	a0,s1
    5808:	49e050ef          	jal	ra,aca6 <__subsf3>
    580c:	9a41a583          	lw	a1,-1628(gp) # 20000334 <_ZL7g_scale+0x174>
    5810:	00ac7533          	and	a0,s8,a0
    5814:	11e050ef          	jal	ra,a932 <__lesf2>
    5818:	0ea04663          	bgtz	a0,5904 <_Z24MC_PULL_calibration_bootv+0x658>
    581c:	000b9363          	bnez	s7,5822 <_Z24MC_PULL_calibration_bootv+0x576>
    5820:	8bd6                	mv	s7,s5
    5822:	57a2                	lw	a5,40(sp)
    5824:	417a8ab3          	sub	s5,s5,s7
    5828:	fafaece3          	bltu	s5,a5,57e0 <_Z24MC_PULL_calibration_bootv+0x534>
    582c:	85ce                	mv	a1,s3
    582e:	8522                	mv	a0,s0
    5830:	476050ef          	jal	ra,aca6 <__subsf3>
    5834:	84aa                	mv	s1,a0
    5836:	85a2                	mv	a1,s0
    5838:	854a                	mv	a0,s2
    583a:	46c050ef          	jal	ra,aca6 <__subsf3>
    583e:	85aa                	mv	a1,a0
    5840:	8526                	mv	a0,s1
    5842:	0f0050ef          	jal	ra,a932 <__lesf2>
    5846:	4a85                	li	s5,1
    5848:	00055963          	bgez	a0,585a <_Z24MC_PULL_calibration_bootv+0x5ae>
    584c:	8841a503          	lw	a0,-1916(gp) # 20000214 <_ZL7g_scale+0x54>
    5850:	85ca                	mv	a1,s2
    5852:	5afd                	li	s5,-1
    5854:	452050ef          	jal	ra,aca6 <__subsf3>
    5858:	89aa                	mv	s3,a0
    585a:	4502                	lw	a0,0(sp)
    585c:	4681                	li	a3,0
    585e:	4601                	li	a2,0
    5860:	4581                	li	a1,0
    5862:	bfbfc0ef          	jal	ra,245c <_ZN12WS2812_class14set_RGB_onlineEhhhhb.constprop.0>
    5866:	826fc0ef          	jal	ra,188c <_Z10RGB_updatev>
    586a:	8552                	mv	a0,s4
    586c:	cc2ff0ef          	jal	ra,4d2e <_ZL9blink_oneihhhiii.constprop.0>
    5870:	e000f7b7          	lui	a5,0xe000f
    5874:	479c                	lw	a5,8(a5)
    5876:	4c01                	li	s8,0
    5878:	84a2                	mv	s1,s0
    587a:	d63e                	sw	a5,44(sp)
    587c:	800007b7          	lui	a5,0x80000
    5880:	17fd                	addi	a5,a5,-1 # 7fffffff <__freertos_irq_stack_top+0x5fffafff>
    5882:	4c81                	li	s9,0
    5884:	da3e                	sw	a5,52(sp)
    5886:	e000f7b7          	lui	a5,0xe000f
    588a:	0087ab83          	lw	s7,8(a5) # e000f008 <__freertos_irq_stack_top+0xc000a008>
    588e:	57b2                	lw	a5,44(sp)
    5890:	5712                	lw	a4,36(sp)
    5892:	40fb87b3          	sub	a5,s7,a5
    5896:	de3e                	sw	a5,60(sp)
    5898:	1ae7f063          	bgeu	a5,a4,5a38 <_Z24MC_PULL_calibration_bootv+0x78c>
    589c:	aeffa0ef          	jal	ra,38a <_Z17ADC_DMA_get_valuev>
    58a0:	85aa                	mv	a1,a0
    58a2:	8552                	mv	a0,s4
    58a4:	bbbfa0ef          	jal	ra,45e <_ZL15adc_pull_raw_chiPKf>
    58a8:	5782                	lw	a5,32(sp)
    58aa:	438c                	lw	a1,0(a5)
    58ac:	141040ef          	jal	ra,a1ec <__addsf3>
    58b0:	4722                	lw	a4,8(sp)
    58b2:	57f2                	lw	a5,60(sp)
    58b4:	892a                	mv	s2,a0
    58b6:	4681                	li	a3,0
    58b8:	02e7d7b3          	divu	a5,a5,a4
    58bc:	0c800713          	li	a4,200
    58c0:	4601                	li	a2,0
    58c2:	45c1                	li	a1,16
    58c4:	02e7d7b3          	divu	a5,a5,a4
    58c8:	8b85                	andi	a5,a5,1
    58ca:	c391                	beqz	a5,58ce <_Z24MC_PULL_calibration_bootv+0x622>
    58cc:	4581                	li	a1,0
    58ce:	4502                	lw	a0,0(sp)
    58d0:	b8dfc0ef          	jal	ra,245c <_ZN12WS2812_class14set_RGB_onlineEhhhhb.constprop.0>
    58d4:	fb9fb0ef          	jal	ra,188c <_Z10RGB_updatev>
    58d8:	57fd                	li	a5,-1
    58da:	060c9063          	bnez	s9,593a <_Z24MC_PULL_calibration_bootv+0x68e>
    58de:	04fa9063          	bne	s5,a5,591e <_Z24MC_PULL_calibration_bootv+0x672>
    58e2:	8781a583          	lw	a1,-1928(gp) # 20000208 <_ZL7g_scale+0x48>
    58e6:	8522                	mv	a0,s0
    58e8:	3be050ef          	jal	ra,aca6 <__subsf3>
    58ec:	85ca                	mv	a1,s2
    58ee:	7af040ef          	jal	ra,a89c <__gesf2>
    58f2:	04a05063          	blez	a0,5932 <_Z24MC_PULL_calibration_bootv+0x686>
    58f6:	4cb2                	lw	s9,12(sp)
    58f8:	84ca                	mv	s1,s2
    58fa:	a825                	j	5932 <_Z24MC_PULL_calibration_bootv+0x686>
    58fc:	4cb2                	lw	s9,12(sp)
    58fe:	8926                	mv	s2,s1
    5900:	89a6                	mv	s3,s1
    5902:	bdf9                	j	57e0 <_Z24MC_PULL_calibration_bootv+0x534>
    5904:	4b81                	li	s7,0
    5906:	bde9                	j	57e0 <_Z24MC_PULL_calibration_bootv+0x534>
    5908:	4502                	lw	a0,0(sp)
    590a:	4681                	li	a3,0
    590c:	4601                	li	a2,0
    590e:	4581                	li	a1,0
    5910:	b4dfc0ef          	jal	ra,245c <_ZN12WS2812_class14set_RGB_onlineEhhhhb.constprop.0>
    5914:	89a2                	mv	s3,s0
    5916:	f77fb0ef          	jal	ra,188c <_Z10RGB_updatev>
    591a:	4a85                	li	s5,1
    591c:	bf91                	j	5870 <_Z24MC_PULL_calibration_bootv+0x5c4>
    591e:	8781a583          	lw	a1,-1928(gp) # 20000208 <_ZL7g_scale+0x48>
    5922:	8522                	mv	a0,s0
    5924:	0c9040ef          	jal	ra,a1ec <__addsf3>
    5928:	85ca                	mv	a1,s2
    592a:	008050ef          	jal	ra,a932 <__lesf2>
    592e:	fc0544e3          	bltz	a0,58f6 <_Z24MC_PULL_calibration_bootv+0x64a>
    5932:	453d                	li	a0,15
    5934:	8a5fb0ef          	jal	ra,11d8 <delay.part.0>
    5938:	b7b9                	j	5886 <_Z24MC_PULL_calibration_bootv+0x5da>
    593a:	85ca                	mv	a1,s2
    593c:	8526                	mv	a0,s1
    593e:	00fa9863          	bne	s5,a5,594e <_Z24MC_PULL_calibration_bootv+0x6a2>
    5942:	75b040ef          	jal	ra,a89c <__gesf2>
    5946:	00a05863          	blez	a0,5956 <_Z24MC_PULL_calibration_bootv+0x6aa>
    594a:	84ca                	mv	s1,s2
    594c:	a029                	j	5956 <_Z24MC_PULL_calibration_bootv+0x6aa>
    594e:	7e5040ef          	jal	ra,a932 <__lesf2>
    5952:	fe054ce3          	bltz	a0,594a <_Z24MC_PULL_calibration_bootv+0x69e>
    5956:	85a2                	mv	a1,s0
    5958:	854a                	mv	a0,s2
    595a:	34c050ef          	jal	ra,aca6 <__subsf3>
    595e:	9a41a583          	lw	a1,-1628(gp) # 20000334 <_ZL7g_scale+0x174>
    5962:	57d2                	lw	a5,52(sp)
    5964:	8d7d                	and	a0,a0,a5
    5966:	7cd040ef          	jal	ra,a932 <__lesf2>
    596a:	0ca04563          	bgtz	a0,5a34 <_Z24MC_PULL_calibration_bootv+0x788>
    596e:	000c1363          	bnez	s8,5974 <_Z24MC_PULL_calibration_bootv+0x6c8>
    5972:	8c5e                	mv	s8,s7
    5974:	57a2                	lw	a5,40(sp)
    5976:	418b8bb3          	sub	s7,s7,s8
    597a:	fafbece3          	bltu	s7,a5,5932 <_Z24MC_PULL_calibration_bootv+0x686>
    597e:	57fd                	li	a5,-1
    5980:	00fa9863          	bne	s5,a5,5990 <_Z24MC_PULL_calibration_bootv+0x6e4>
    5984:	8841a503          	lw	a0,-1916(gp) # 20000214 <_ZL7g_scale+0x54>
    5988:	85a6                	mv	a1,s1
    598a:	31c050ef          	jal	ra,aca6 <__subsf3>
    598e:	84aa                	mv	s1,a0
    5990:	4502                	lw	a0,0(sp)
    5992:	4681                	li	a3,0
    5994:	4601                	li	a2,0
    5996:	4581                	li	a1,0
    5998:	ac5fc0ef          	jal	ra,245c <_ZN12WS2812_class14set_RGB_onlineEhhhhb.constprop.0>
    599c:	ef1fb0ef          	jal	ra,188c <_Z10RGB_updatev>
    59a0:	8552                	mv	a0,s4
    59a2:	b8cff0ef          	jal	ra,4d2e <_ZL9blink_oneihhhiii.constprop.0>
    59a6:	8701a583          	lw	a1,-1936(gp) # 20000200 <_ZL7g_scale+0x40>
    59aa:	8522                	mv	a0,s0
    59ac:	2fa050ef          	jal	ra,aca6 <__subsf3>
    59b0:	85ce                	mv	a1,s3
    59b2:	892a                	mv	s2,a0
    59b4:	77f040ef          	jal	ra,a932 <__lesf2>
    59b8:	00054363          	bltz	a0,59be <_Z24MC_PULL_calibration_bootv+0x712>
    59bc:	894e                	mv	s2,s3
    59be:	8701a583          	lw	a1,-1936(gp) # 20000200 <_ZL7g_scale+0x40>
    59c2:	8522                	mv	a0,s0
    59c4:	029040ef          	jal	ra,a1ec <__addsf3>
    59c8:	85a6                	mv	a1,s1
    59ca:	89aa                	mv	s3,a0
    59cc:	6d1040ef          	jal	ra,a89c <__gesf2>
    59d0:	00a04363          	bgtz	a0,59d6 <_Z24MC_PULL_calibration_bootv+0x72a>
    59d4:	89a6                	mv	s3,s1
    59d6:	8781a583          	lw	a1,-1928(gp) # 20000208 <_ZL7g_scale+0x48>
    59da:	854a                	mv	a0,s2
    59dc:	011040ef          	jal	ra,a1ec <__addsf3>
    59e0:	85ce                	mv	a1,s3
    59e2:	6bb040ef          	jal	ra,a89c <__gesf2>
    59e6:	00054e63          	bltz	a0,5a02 <_Z24MC_PULL_calibration_bootv+0x756>
    59ea:	8781a583          	lw	a1,-1928(gp) # 20000208 <_ZL7g_scale+0x48>
    59ee:	8522                	mv	a0,s0
    59f0:	2b6050ef          	jal	ra,aca6 <__subsf3>
    59f4:	8781a583          	lw	a1,-1928(gp) # 20000208 <_ZL7g_scale+0x48>
    59f8:	892a                	mv	s2,a0
    59fa:	8522                	mv	a0,s0
    59fc:	7f0040ef          	jal	ra,a1ec <__addsf3>
    5a00:	89aa                	mv	s3,a0
    5a02:	47c2                	lw	a5,16(sp)
    5a04:	012da023          	sw	s2,0(s11)
    5a08:	0137a023          	sw	s3,0(a5)
    5a0c:	57fd                	li	a5,-1
    5a0e:	00fa8363          	beq	s5,a5,5a14 <_Z24MC_PULL_calibration_bootv+0x768>
    5a12:	4a85                	li	s5,1
    5a14:	47f2                	lw	a5,28(sp)
    5a16:	4502                	lw	a0,0(sp)
    5a18:	4681                	li	a3,0
    5a1a:	01578023          	sb	s5,0(a5)
    5a1e:	4601                	li	a2,0
    5a20:	4581                	li	a1,0
    5a22:	a3bfc0ef          	jal	ra,245c <_ZN12WS2812_class14set_RGB_onlineEhhhhb.constprop.0>
    5a26:	e67fb0ef          	jal	ra,188c <_Z10RGB_updatev>
    5a2a:	05000513          	li	a0,80
    5a2e:	faafb0ef          	jal	ra,11d8 <delay.part.0>
    5a32:	b62d                	j	555c <_Z24MC_PULL_calibration_bootv+0x2b0>
    5a34:	4c01                	li	s8,0
    5a36:	bdf5                	j	5932 <_Z24MC_PULL_calibration_bootv+0x686>
    5a38:	4502                	lw	a0,0(sp)
    5a3a:	4681                	li	a3,0
    5a3c:	4601                	li	a2,0
    5a3e:	4581                	li	a1,0
    5a40:	a1dfc0ef          	jal	ra,245c <_ZN12WS2812_class14set_RGB_onlineEhhhhb.constprop.0>
    5a44:	84a2                	mv	s1,s0
    5a46:	e47fb0ef          	jal	ra,188c <_Z10RGB_updatev>
    5a4a:	bfb1                	j	59a6 <_Z24MC_PULL_calibration_bootv+0x6fa>
    5a4c:	a35fc0ef          	jal	ra,2480 <_ZL14show_diag_stephhhii>
    5a50:	cc22                	sw	s0,24(sp)
    5a52:	0b400713          	li	a4,180
    5a56:	16800693          	li	a3,360
    5a5a:	4601                	li	a2,0
    5a5c:	45c1                	li	a1,16
    5a5e:	4541                	li	a0,16
    5a60:	a21fc0ef          	jal	ra,2480 <_ZL14show_diag_stephhhii>
    5a64:	c431                	beqz	s0,5ab0 <_Z24MC_PULL_calibration_bootv+0x804>
    5a66:	0b400713          	li	a4,180
    5a6a:	16800693          	li	a3,360
    5a6e:	4641                	li	a2,16
    5a70:	4581                	li	a1,0
    5a72:	4501                	li	a0,0
    5a74:	a0dfc0ef          	jal	ra,2480 <_ZL14show_diag_stephhhii>
    5a78:	47e2                	lw	a5,24(sp)
    5a7a:	c3b9                	beqz	a5,5ac0 <_Z24MC_PULL_calibration_bootv+0x814>
    5a7c:	0dc00713          	li	a4,220
    5a80:	0dc00693          	li	a3,220
    5a84:	4609                	li	a2,2
    5a86:	45c1                	li	a1,16
    5a88:	4501                	li	a0,0
    5a8a:	a3eff0ef          	jal	ra,4cc8 <_ZL9blink_allhhhiii.constprop.0>
    5a8e:	0c800513          	li	a0,200
    5a92:	f46fb0ef          	jal	ra,11d8 <delay.part.0>
    5a96:	b1b9                	j	56e4 <_Z24MC_PULL_calibration_bootv+0x438>
    5a98:	0dc00713          	li	a4,220
    5a9c:	1cc00693          	li	a3,460
    5aa0:	4601                	li	a2,0
    5aa2:	4581                	li	a1,0
    5aa4:	4541                	li	a0,16
    5aa6:	9dbfc0ef          	jal	ra,2480 <_ZL14show_diag_stephhhii>
    5aaa:	b80484e3          	beqz	s1,5632 <_Z24MC_PULL_calibration_bootv+0x386>
    5aae:	b755                	j	5a52 <_Z24MC_PULL_calibration_bootv+0x7a6>
    5ab0:	0dc00713          	li	a4,220
    5ab4:	1cc00693          	li	a3,460
    5ab8:	4641                	li	a2,16
    5aba:	45c1                	li	a1,16
    5abc:	4541                	li	a0,16
    5abe:	bf5d                	j	5a74 <_Z24MC_PULL_calibration_bootv+0x7c8>
    5ac0:	10400713          	li	a4,260
    5ac4:	10400693          	li	a3,260
    5ac8:	4609                	li	a2,2
    5aca:	4581                	li	a1,0
    5acc:	4541                	li	a0,16
    5ace:	bf75                	j	5a8a <_Z24MC_PULL_calibration_bootv+0x7de>

00005ad0 <_ZN20AS5600_soft_IIC_many12sda_mode_ipuEi.constprop.0>:
    5ad0:	e86fa2ef          	jal	t0,156 <__riscv_save_0>
    5ad4:	200027b7          	lui	a5,0x20002
    5ad8:	cf078793          	addi	a5,a5,-784 # 20001cf0 <MC_AS5600>
    5adc:	5ff8                	lw	a4,124(a5)
    5ade:	0847a783          	lw	a5,132(a5)
    5ae2:	00251693          	slli	a3,a0,0x2
    5ae6:	0506                	slli	a0,a0,0x1
    5ae8:	9736                	add	a4,a4,a3
    5aea:	97aa                	add	a5,a5,a0
    5aec:	4300                	lw	s0,0(a4)
    5aee:	238a                	lhu	a0,0(a5)
    5af0:	c808                	sw	a0,16(s0)
    5af2:	658030ef          	jal	ra,914a <__ctzsi2>
    5af6:	479d                	li	a5,7
    5af8:	86a2                	mv	a3,s0
    5afa:	00a7d463          	bge	a5,a0,5b02 <_ZN20AS5600_soft_IIC_many12sda_mode_ipuEi.constprop.0+0x32>
    5afe:	00440693          	addi	a3,s0,4
    5b02:	891d                	andi	a0,a0,7
    5b04:	4298                	lw	a4,0(a3)
    5b06:	050a                	slli	a0,a0,0x2
    5b08:	47bd                	li	a5,15
    5b0a:	00a797b3          	sll	a5,a5,a0
    5b0e:	fff7c793          	not	a5,a5
    5b12:	8ff9                	and	a5,a5,a4
    5b14:	4721                	li	a4,8
    5b16:	00a71733          	sll	a4,a4,a0
    5b1a:	8fd9                	or	a5,a5,a4
    5b1c:	c29c                	sw	a5,0(a3)
    5b1e:	e5cfa06f          	j	17a <__riscv_restore_0>

00005b22 <_ZN20AS5600_soft_IIC_many11sda_mode_odEi.constprop.0>:
    5b22:	e34fa2ef          	jal	t0,156 <__riscv_save_0>
    5b26:	200027b7          	lui	a5,0x20002
    5b2a:	cf078793          	addi	a5,a5,-784 # 20001cf0 <MC_AS5600>
    5b2e:	5ff8                	lw	a4,124(a5)
    5b30:	0847a783          	lw	a5,132(a5)
    5b34:	00251693          	slli	a3,a0,0x2
    5b38:	0506                	slli	a0,a0,0x1
    5b3a:	97aa                	add	a5,a5,a0
    5b3c:	2386                	lhu	s1,0(a5)
    5b3e:	9736                	add	a4,a4,a3
    5b40:	4300                	lw	s0,0(a4)
    5b42:	8526                	mv	a0,s1
    5b44:	606030ef          	jal	ra,914a <__ctzsi2>
    5b48:	479d                	li	a5,7
    5b4a:	86a2                	mv	a3,s0
    5b4c:	00a7d463          	bge	a5,a0,5b54 <_ZN20AS5600_soft_IIC_many11sda_mode_odEi.constprop.0+0x32>
    5b50:	00440693          	addi	a3,s0,4
    5b54:	891d                	andi	a0,a0,7
    5b56:	4298                	lw	a4,0(a3)
    5b58:	050a                	slli	a0,a0,0x2
    5b5a:	47bd                	li	a5,15
    5b5c:	00a797b3          	sll	a5,a5,a0
    5b60:	fff7c793          	not	a5,a5
    5b64:	8ff9                	and	a5,a5,a4
    5b66:	471d                	li	a4,7
    5b68:	00a71733          	sll	a4,a4,a0
    5b6c:	8fd9                	or	a5,a5,a4
    5b6e:	c29c                	sw	a5,0(a3)
    5b70:	c804                	sw	s1,16(s0)
    5b72:	e08fa06f          	j	17a <__riscv_restore_0>

00005b76 <_ZN20AS5600_soft_IIC_many8read_iicEb.constprop.0>:
    5b76:	dc6fa2ef          	jal	t0,13c <__riscv_save_4>
    5b7a:	20002437          	lui	s0,0x20002
    5b7e:	89aa                	mv	s3,a0
    5b80:	4481                	li	s1,0
    5b82:	cf040413          	addi	s0,s0,-784 # 20001cf0 <MC_AS5600>
    5b86:	481c                	lw	a5,16(s0)
    5b88:	06f4c363          	blt	s1,a5,5bee <_ZN20AS5600_soft_IIC_many8read_iicEb.constprop.0+0x78>
    5b8c:	4a21                	li	s4,8
    5b8e:	200004b7          	lui	s1,0x20000
    5b92:	e000f937          	lui	s2,0xe000f
    5b96:	1944a703          	lw	a4,404(s1) # 20000194 <_ZL17g_iic_delay_ticks>
    5b9a:	e72d                	bnez	a4,5c04 <_ZN20AS5600_soft_IIC_many8read_iicEb.constprop.0+0x8e>
    5b9c:	08842583          	lw	a1,136(s0)
    5ba0:	08042503          	lw	a0,128(s0)
    5ba4:	910fc0ef          	jal	ra,1cb4 <_ZN20AS5600_soft_IIC_many5set_hEPKP12GPIO_TypeDefPKt.constprop.0>
    5ba8:	1944a703          	lw	a4,404(s1)
    5bac:	e72d                	bnez	a4,5c16 <_ZN20AS5600_soft_IIC_many8read_iicEb.constprop.0+0xa0>
    5bae:	480c                	lw	a1,16(s0)
    5bb0:	5c68                	lw	a0,124(s0)
    5bb2:	08442803          	lw	a6,132(s0)
    5bb6:	4454                	lw	a3,12(s0)
    5bb8:	4701                	li	a4,0
    5bba:	06b74763          	blt	a4,a1,5c28 <_ZN20AS5600_soft_IIC_many8read_iicEb.constprop.0+0xb2>
    5bbe:	08842583          	lw	a1,136(s0)
    5bc2:	08042503          	lw	a0,128(s0)
    5bc6:	1a7d                	addi	s4,s4,-1
    5bc8:	926fc0ef          	jal	ra,1cee <_ZN20AS5600_soft_IIC_many5set_lEPKP12GPIO_TypeDefPKt.constprop.0>
    5bcc:	fc0a15e3          	bnez	s4,5b96 <_ZN20AS5600_soft_IIC_many8read_iicEb.constprop.0+0x20>
    5bd0:	4901                	li	s2,0
    5bd2:	481c                	lw	a5,16(s0)
    5bd4:	08f94263          	blt	s2,a5,5c58 <_ZN20AS5600_soft_IIC_many8read_iicEb.constprop.0+0xe2>
    5bd8:	1944a703          	lw	a4,404(s1)
    5bdc:	e359                	bnez	a4,5c62 <_ZN20AS5600_soft_IIC_many8read_iicEb.constprop.0+0xec>
    5bde:	5c68                	lw	a0,124(s0)
    5be0:	08442583          	lw	a1,132(s0)
    5be4:	08099a63          	bnez	s3,5c78 <_ZN20AS5600_soft_IIC_many8read_iicEb.constprop.0+0x102>
    5be8:	8ccfc0ef          	jal	ra,1cb4 <_ZN20AS5600_soft_IIC_many5set_hEPKP12GPIO_TypeDefPKt.constprop.0>
    5bec:	a841                	j	5c7c <_ZN20AS5600_soft_IIC_many8read_iicEb.constprop.0+0x106>
    5bee:	5c3c                	lw	a5,120(s0)
    5bf0:	00249713          	slli	a4,s1,0x2
    5bf4:	97ba                	add	a5,a5,a4
    5bf6:	439c                	lw	a5,0(a5)
    5bf8:	e781                	bnez	a5,5c00 <_ZN20AS5600_soft_IIC_many8read_iicEb.constprop.0+0x8a>
    5bfa:	8526                	mv	a0,s1
    5bfc:	ed5ff0ef          	jal	ra,5ad0 <_ZN20AS5600_soft_IIC_many12sda_mode_ipuEi.constprop.0>
    5c00:	0485                	addi	s1,s1,1
    5c02:	b751                	j	5b86 <_ZN20AS5600_soft_IIC_many8read_iicEb.constprop.0+0x10>
    5c04:	00892683          	lw	a3,8(s2) # e000f008 <__freertos_irq_stack_top+0xc000a008>
    5c08:	00892783          	lw	a5,8(s2)
    5c0c:	8f95                	sub	a5,a5,a3
    5c0e:	f8e7f7e3          	bgeu	a5,a4,5b9c <_ZN20AS5600_soft_IIC_many8read_iicEb.constprop.0+0x26>
    5c12:	0001                	nop
    5c14:	bfd5                	j	5c08 <_ZN20AS5600_soft_IIC_many8read_iicEb.constprop.0+0x92>
    5c16:	00892683          	lw	a3,8(s2)
    5c1a:	00892783          	lw	a5,8(s2)
    5c1e:	8f95                	sub	a5,a5,a3
    5c20:	f8e7f7e3          	bgeu	a5,a4,5bae <_ZN20AS5600_soft_IIC_many8read_iicEb.constprop.0+0x38>
    5c24:	0001                	nop
    5c26:	bfd5                	j	5c1a <_ZN20AS5600_soft_IIC_many8read_iicEb.constprop.0+0xa4>
    5c28:	229e                	lhu	a5,0(a3)
    5c2a:	00271613          	slli	a2,a4,0x2
    5c2e:	962a                	add	a2,a2,a0
    5c30:	4210                	lw	a2,0(a2)
    5c32:	0786                	slli	a5,a5,0x1
    5c34:	07c2                	slli	a5,a5,0x10
    5c36:	00862883          	lw	a7,8(a2)
    5c3a:	83c1                	srli	a5,a5,0x10
    5c3c:	00171613          	slli	a2,a4,0x1
    5c40:	a29e                	sh	a5,0(a3)
    5c42:	9642                	add	a2,a2,a6
    5c44:	2212                	lhu	a2,0(a2)
    5c46:	01167633          	and	a2,a2,a7
    5c4a:	c601                	beqz	a2,5c52 <_ZN20AS5600_soft_IIC_many8read_iicEb.constprop.0+0xdc>
    5c4c:	0017e793          	ori	a5,a5,1
    5c50:	a29e                	sh	a5,0(a3)
    5c52:	0705                	addi	a4,a4,1
    5c54:	0689                	addi	a3,a3,2
    5c56:	b795                	j	5bba <_ZN20AS5600_soft_IIC_many8read_iicEb.constprop.0+0x44>
    5c58:	854a                	mv	a0,s2
    5c5a:	ec9ff0ef          	jal	ra,5b22 <_ZN20AS5600_soft_IIC_many11sda_mode_odEi.constprop.0>
    5c5e:	0905                	addi	s2,s2,1
    5c60:	bf8d                	j	5bd2 <_ZN20AS5600_soft_IIC_many8read_iicEb.constprop.0+0x5c>
    5c62:	e000f7b7          	lui	a5,0xe000f
    5c66:	4794                	lw	a3,8(a5)
    5c68:	e000f637          	lui	a2,0xe000f
    5c6c:	461c                	lw	a5,8(a2)
    5c6e:	8f95                	sub	a5,a5,a3
    5c70:	f6e7f7e3          	bgeu	a5,a4,5bde <_ZN20AS5600_soft_IIC_many8read_iicEb.constprop.0+0x68>
    5c74:	0001                	nop
    5c76:	bfdd                	j	5c6c <_ZN20AS5600_soft_IIC_many8read_iicEb.constprop.0+0xf6>
    5c78:	876fc0ef          	jal	ra,1cee <_ZN20AS5600_soft_IIC_many5set_lEPKP12GPIO_TypeDefPKt.constprop.0>
    5c7c:	1944a703          	lw	a4,404(s1)
    5c80:	e70d                	bnez	a4,5caa <_ZN20AS5600_soft_IIC_many8read_iicEb.constprop.0+0x134>
    5c82:	08842583          	lw	a1,136(s0)
    5c86:	08042503          	lw	a0,128(s0)
    5c8a:	82afc0ef          	jal	ra,1cb4 <_ZN20AS5600_soft_IIC_many5set_hEPKP12GPIO_TypeDefPKt.constprop.0>
    5c8e:	1944a703          	lw	a4,404(s1)
    5c92:	e71d                	bnez	a4,5cc0 <_ZN20AS5600_soft_IIC_many8read_iicEb.constprop.0+0x14a>
    5c94:	08842583          	lw	a1,136(s0)
    5c98:	08042503          	lw	a0,128(s0)
    5c9c:	852fc0ef          	jal	ra,1cee <_ZN20AS5600_soft_IIC_many5set_lEPKP12GPIO_TypeDefPKt.constprop.0>
    5ca0:	1944a703          	lw	a4,404(s1)
    5ca4:	eb0d                	bnez	a4,5cd6 <_ZN20AS5600_soft_IIC_many8read_iicEb.constprop.0+0x160>
    5ca6:	ccafa06f          	j	170 <__riscv_restore_4>
    5caa:	e000f7b7          	lui	a5,0xe000f
    5cae:	4794                	lw	a3,8(a5)
    5cb0:	e000f637          	lui	a2,0xe000f
    5cb4:	461c                	lw	a5,8(a2)
    5cb6:	8f95                	sub	a5,a5,a3
    5cb8:	fce7f5e3          	bgeu	a5,a4,5c82 <_ZN20AS5600_soft_IIC_many8read_iicEb.constprop.0+0x10c>
    5cbc:	0001                	nop
    5cbe:	bfdd                	j	5cb4 <_ZN20AS5600_soft_IIC_many8read_iicEb.constprop.0+0x13e>
    5cc0:	e000f7b7          	lui	a5,0xe000f
    5cc4:	4794                	lw	a3,8(a5)
    5cc6:	e000f637          	lui	a2,0xe000f
    5cca:	461c                	lw	a5,8(a2)
    5ccc:	8f95                	sub	a5,a5,a3
    5cce:	fce7f3e3          	bgeu	a5,a4,5c94 <_ZN20AS5600_soft_IIC_many8read_iicEb.constprop.0+0x11e>
    5cd2:	0001                	nop
    5cd4:	bfdd                	j	5cca <_ZN20AS5600_soft_IIC_many8read_iicEb.constprop.0+0x154>
    5cd6:	e000f7b7          	lui	a5,0xe000f
    5cda:	4794                	lw	a3,8(a5)
    5cdc:	e000f637          	lui	a2,0xe000f
    5ce0:	461c                	lw	a5,8(a2)
    5ce2:	8f95                	sub	a5,a5,a3
    5ce4:	fce7f1e3          	bgeu	a5,a4,5ca6 <_ZN20AS5600_soft_IIC_many8read_iicEb.constprop.0+0x130>
    5ce8:	0001                	nop
    5cea:	bfdd                	j	5ce0 <_ZN20AS5600_soft_IIC_many8read_iicEb.constprop.0+0x16a>

00005cec <_ZN20AS5600_soft_IIC_many9write_iicEh.constprop.0>:
    5cec:	c50fa2ef          	jal	t0,13c <__riscv_save_4>
    5cf0:	20002437          	lui	s0,0x20002
    5cf4:	8aaa                	mv	s5,a0
    5cf6:	4a21                	li	s4,8
    5cf8:	08000993          	li	s3,128
    5cfc:	200004b7          	lui	s1,0x20000
    5d00:	e000f937          	lui	s2,0xe000f
    5d04:	cf040413          	addi	s0,s0,-784 # 20001cf0 <MC_AS5600>
    5d08:	1944a703          	lw	a4,404(s1) # 20000194 <_ZL17g_iic_delay_ticks>
    5d0c:	eb11                	bnez	a4,5d20 <_ZN20AS5600_soft_IIC_many9write_iicEh.constprop.0+0x34>
    5d0e:	013af7b3          	and	a5,s5,s3
    5d12:	5c68                	lw	a0,124(s0)
    5d14:	08442583          	lw	a1,132(s0)
    5d18:	ef89                	bnez	a5,5d32 <_ZN20AS5600_soft_IIC_many9write_iicEh.constprop.0+0x46>
    5d1a:	fd5fb0ef          	jal	ra,1cee <_ZN20AS5600_soft_IIC_many5set_lEPKP12GPIO_TypeDefPKt.constprop.0>
    5d1e:	a821                	j	5d36 <_ZN20AS5600_soft_IIC_many9write_iicEh.constprop.0+0x4a>
    5d20:	00892683          	lw	a3,8(s2) # e000f008 <__freertos_irq_stack_top+0xc000a008>
    5d24:	00892783          	lw	a5,8(s2)
    5d28:	8f95                	sub	a5,a5,a3
    5d2a:	fee7f2e3          	bgeu	a5,a4,5d0e <_ZN20AS5600_soft_IIC_many9write_iicEh.constprop.0+0x22>
    5d2e:	0001                	nop
    5d30:	bfd5                	j	5d24 <_ZN20AS5600_soft_IIC_many9write_iicEh.constprop.0+0x38>
    5d32:	f83fb0ef          	jal	ra,1cb4 <_ZN20AS5600_soft_IIC_many5set_hEPKP12GPIO_TypeDefPKt.constprop.0>
    5d36:	08842583          	lw	a1,136(s0)
    5d3a:	08042503          	lw	a0,128(s0)
    5d3e:	f77fb0ef          	jal	ra,1cb4 <_ZN20AS5600_soft_IIC_many5set_hEPKP12GPIO_TypeDefPKt.constprop.0>
    5d42:	1944a703          	lw	a4,404(s1)
    5d46:	eb2d                	bnez	a4,5db8 <_ZN20AS5600_soft_IIC_many9write_iicEh.constprop.0+0xcc>
    5d48:	08842583          	lw	a1,136(s0)
    5d4c:	08042503          	lw	a0,128(s0)
    5d50:	1a7d                	addi	s4,s4,-1
    5d52:	0019d993          	srli	s3,s3,0x1
    5d56:	f99fb0ef          	jal	ra,1cee <_ZN20AS5600_soft_IIC_many5set_lEPKP12GPIO_TypeDefPKt.constprop.0>
    5d5a:	fa0a17e3          	bnez	s4,5d08 <_ZN20AS5600_soft_IIC_many9write_iicEh.constprop.0+0x1c>
    5d5e:	08442583          	lw	a1,132(s0)
    5d62:	5c68                	lw	a0,124(s0)
    5d64:	4901                	li	s2,0
    5d66:	f4ffb0ef          	jal	ra,1cb4 <_ZN20AS5600_soft_IIC_many5set_hEPKP12GPIO_TypeDefPKt.constprop.0>
    5d6a:	481c                	lw	a5,16(s0)
    5d6c:	04f94f63          	blt	s2,a5,5dca <_ZN20AS5600_soft_IIC_many9write_iicEh.constprop.0+0xde>
    5d70:	1944a703          	lw	a4,404(s1)
    5d74:	e735                	bnez	a4,5de0 <_ZN20AS5600_soft_IIC_many9write_iicEh.constprop.0+0xf4>
    5d76:	08842583          	lw	a1,136(s0)
    5d7a:	08042503          	lw	a0,128(s0)
    5d7e:	f37fb0ef          	jal	ra,1cb4 <_ZN20AS5600_soft_IIC_many5set_hEPKP12GPIO_TypeDefPKt.constprop.0>
    5d82:	1944a703          	lw	a4,404(s1)
    5d86:	eb25                	bnez	a4,5df6 <_ZN20AS5600_soft_IIC_many9write_iicEh.constprop.0+0x10a>
    5d88:	5c70                	lw	a2,124(s0)
    5d8a:	08442583          	lw	a1,132(s0)
    5d8e:	5c38                	lw	a4,120(s0)
    5d90:	4781                	li	a5,0
    5d92:	4505                	li	a0,1
    5d94:	4814                	lw	a3,16(s0)
    5d96:	06d7cb63          	blt	a5,a3,5e0c <_ZN20AS5600_soft_IIC_many9write_iicEh.constprop.0+0x120>
    5d9a:	08842583          	lw	a1,136(s0)
    5d9e:	08042503          	lw	a0,128(s0)
    5da2:	f4dfb0ef          	jal	ra,1cee <_ZN20AS5600_soft_IIC_many5set_lEPKP12GPIO_TypeDefPKt.constprop.0>
    5da6:	1944a703          	lw	a4,404(s1)
    5daa:	e741                	bnez	a4,5e32 <_ZN20AS5600_soft_IIC_many9write_iicEh.constprop.0+0x146>
    5dac:	4481                	li	s1,0
    5dae:	481c                	lw	a5,16(s0)
    5db0:	08f4cc63          	blt	s1,a5,5e48 <_ZN20AS5600_soft_IIC_many9write_iicEh.constprop.0+0x15c>
    5db4:	bbcfa06f          	j	170 <__riscv_restore_4>
    5db8:	00892683          	lw	a3,8(s2)
    5dbc:	00892783          	lw	a5,8(s2)
    5dc0:	8f95                	sub	a5,a5,a3
    5dc2:	f8e7f3e3          	bgeu	a5,a4,5d48 <_ZN20AS5600_soft_IIC_many9write_iicEh.constprop.0+0x5c>
    5dc6:	0001                	nop
    5dc8:	bfd5                	j	5dbc <_ZN20AS5600_soft_IIC_many9write_iicEh.constprop.0+0xd0>
    5dca:	5c3c                	lw	a5,120(s0)
    5dcc:	00291713          	slli	a4,s2,0x2
    5dd0:	97ba                	add	a5,a5,a4
    5dd2:	439c                	lw	a5,0(a5)
    5dd4:	e781                	bnez	a5,5ddc <_ZN20AS5600_soft_IIC_many9write_iicEh.constprop.0+0xf0>
    5dd6:	854a                	mv	a0,s2
    5dd8:	cf9ff0ef          	jal	ra,5ad0 <_ZN20AS5600_soft_IIC_many12sda_mode_ipuEi.constprop.0>
    5ddc:	0905                	addi	s2,s2,1
    5dde:	b771                	j	5d6a <_ZN20AS5600_soft_IIC_many9write_iicEh.constprop.0+0x7e>
    5de0:	e000f7b7          	lui	a5,0xe000f
    5de4:	4794                	lw	a3,8(a5)
    5de6:	e000f637          	lui	a2,0xe000f
    5dea:	461c                	lw	a5,8(a2)
    5dec:	8f95                	sub	a5,a5,a3
    5dee:	f8e7f4e3          	bgeu	a5,a4,5d76 <_ZN20AS5600_soft_IIC_many9write_iicEh.constprop.0+0x8a>
    5df2:	0001                	nop
    5df4:	bfdd                	j	5dea <_ZN20AS5600_soft_IIC_many9write_iicEh.constprop.0+0xfe>
    5df6:	e000f7b7          	lui	a5,0xe000f
    5dfa:	4794                	lw	a3,8(a5)
    5dfc:	e000f637          	lui	a2,0xe000f
    5e00:	461c                	lw	a5,8(a2)
    5e02:	8f95                	sub	a5,a5,a3
    5e04:	f8e7f2e3          	bgeu	a5,a4,5d88 <_ZN20AS5600_soft_IIC_many9write_iicEh.constprop.0+0x9c>
    5e08:	0001                	nop
    5e0a:	bfdd                	j	5e00 <_ZN20AS5600_soft_IIC_many9write_iicEh.constprop.0+0x114>
    5e0c:	4314                	lw	a3,0(a4)
    5e0e:	ee99                	bnez	a3,5e2c <_ZN20AS5600_soft_IIC_many9write_iicEh.constprop.0+0x140>
    5e10:	00279693          	slli	a3,a5,0x2
    5e14:	96b2                	add	a3,a3,a2
    5e16:	4294                	lw	a3,0(a3)
    5e18:	0086a803          	lw	a6,8(a3)
    5e1c:	00179693          	slli	a3,a5,0x1
    5e20:	96ae                	add	a3,a3,a1
    5e22:	2296                	lhu	a3,0(a3)
    5e24:	0106f6b3          	and	a3,a3,a6
    5e28:	c291                	beqz	a3,5e2c <_ZN20AS5600_soft_IIC_many9write_iicEh.constprop.0+0x140>
    5e2a:	c308                	sw	a0,0(a4)
    5e2c:	0785                	addi	a5,a5,1 # e000f001 <__freertos_irq_stack_top+0xc000a001>
    5e2e:	0711                	addi	a4,a4,4
    5e30:	b795                	j	5d94 <_ZN20AS5600_soft_IIC_many9write_iicEh.constprop.0+0xa8>
    5e32:	e000f7b7          	lui	a5,0xe000f
    5e36:	4794                	lw	a3,8(a5)
    5e38:	e000f637          	lui	a2,0xe000f
    5e3c:	461c                	lw	a5,8(a2)
    5e3e:	8f95                	sub	a5,a5,a3
    5e40:	f6e7f6e3          	bgeu	a5,a4,5dac <_ZN20AS5600_soft_IIC_many9write_iicEh.constprop.0+0xc0>
    5e44:	0001                	nop
    5e46:	bfdd                	j	5e3c <_ZN20AS5600_soft_IIC_many9write_iicEh.constprop.0+0x150>
    5e48:	8526                	mv	a0,s1
    5e4a:	cd9ff0ef          	jal	ra,5b22 <_ZN20AS5600_soft_IIC_many11sda_mode_odEi.constprop.0>
    5e4e:	0485                	addi	s1,s1,1
    5e50:	bfb9                	j	5dae <_ZN20AS5600_soft_IIC_many9write_iicEh.constprop.0+0xc2>

00005e52 <_ZN20AS5600_soft_IIC_many9start_iicEh.constprop.0>:
    5e52:	aeafa2ef          	jal	t0,13c <__riscv_save_4>
    5e56:	20000937          	lui	s2,0x20000
    5e5a:	19492703          	lw	a4,404(s2) # 20000194 <_ZL17g_iic_delay_ticks>
    5e5e:	84aa                	mv	s1,a0
    5e60:	eb31                	bnez	a4,5eb4 <_ZN20AS5600_soft_IIC_many9start_iicEh.constprop.0+0x62>
    5e62:	20002437          	lui	s0,0x20002
    5e66:	cf040793          	addi	a5,s0,-784 # 20001cf0 <MC_AS5600>
    5e6a:	0847a583          	lw	a1,132(a5) # e000f084 <__freertos_irq_stack_top+0xc000a084>
    5e6e:	5fe8                	lw	a0,124(a5)
    5e70:	08078993          	addi	s3,a5,128
    5e74:	cf040413          	addi	s0,s0,-784
    5e78:	e3dfb0ef          	jal	ra,1cb4 <_ZN20AS5600_soft_IIC_many5set_hEPKP12GPIO_TypeDefPKt.constprop.0>
    5e7c:	0089a583          	lw	a1,8(s3)
    5e80:	0009a503          	lw	a0,0(s3)
    5e84:	e31fb0ef          	jal	ra,1cb4 <_ZN20AS5600_soft_IIC_many5set_hEPKP12GPIO_TypeDefPKt.constprop.0>
    5e88:	19492703          	lw	a4,404(s2)
    5e8c:	ef1d                	bnez	a4,5eca <_ZN20AS5600_soft_IIC_many9start_iicEh.constprop.0+0x78>
    5e8e:	08442583          	lw	a1,132(s0)
    5e92:	5c68                	lw	a0,124(s0)
    5e94:	e5bfb0ef          	jal	ra,1cee <_ZN20AS5600_soft_IIC_many5set_lEPKP12GPIO_TypeDefPKt.constprop.0>
    5e98:	19492703          	lw	a4,404(s2)
    5e9c:	e331                	bnez	a4,5ee0 <_ZN20AS5600_soft_IIC_many9start_iicEh.constprop.0+0x8e>
    5e9e:	08842583          	lw	a1,136(s0)
    5ea2:	08042503          	lw	a0,128(s0)
    5ea6:	e49fb0ef          	jal	ra,1cee <_ZN20AS5600_soft_IIC_many5set_lEPKP12GPIO_TypeDefPKt.constprop.0>
    5eaa:	8526                	mv	a0,s1
    5eac:	e41ff0ef          	jal	ra,5cec <_ZN20AS5600_soft_IIC_many9write_iicEh.constprop.0>
    5eb0:	ac0fa06f          	j	170 <__riscv_restore_4>
    5eb4:	e000f7b7          	lui	a5,0xe000f
    5eb8:	4794                	lw	a3,8(a5)
    5eba:	e000f637          	lui	a2,0xe000f
    5ebe:	461c                	lw	a5,8(a2)
    5ec0:	8f95                	sub	a5,a5,a3
    5ec2:	fae7f0e3          	bgeu	a5,a4,5e62 <_ZN20AS5600_soft_IIC_many9start_iicEh.constprop.0+0x10>
    5ec6:	0001                	nop
    5ec8:	bfdd                	j	5ebe <_ZN20AS5600_soft_IIC_many9start_iicEh.constprop.0+0x6c>
    5eca:	e000f7b7          	lui	a5,0xe000f
    5ece:	4794                	lw	a3,8(a5)
    5ed0:	e000f637          	lui	a2,0xe000f
    5ed4:	461c                	lw	a5,8(a2)
    5ed6:	8f95                	sub	a5,a5,a3
    5ed8:	fae7fbe3          	bgeu	a5,a4,5e8e <_ZN20AS5600_soft_IIC_many9start_iicEh.constprop.0+0x3c>
    5edc:	0001                	nop
    5ede:	bfdd                	j	5ed4 <_ZN20AS5600_soft_IIC_many9start_iicEh.constprop.0+0x82>
    5ee0:	e000f7b7          	lui	a5,0xe000f
    5ee4:	4794                	lw	a3,8(a5)
    5ee6:	e000f637          	lui	a2,0xe000f
    5eea:	461c                	lw	a5,8(a2)
    5eec:	8f95                	sub	a5,a5,a3
    5eee:	fae7f8e3          	bgeu	a5,a4,5e9e <_ZN20AS5600_soft_IIC_many9start_iicEh.constprop.0+0x4c>
    5ef2:	0001                	nop
    5ef4:	bfdd                	j	5eea <_ZN20AS5600_soft_IIC_many9start_iicEh.constprop.0+0x98>

00005ef6 <_ZN20AS5600_soft_IIC_many10updata_stuEv.constprop.0>:
    5ef6:	a60fa2ef          	jal	t0,156 <__riscv_save_0>
    5efa:	20002437          	lui	s0,0x20002
    5efe:	cf040793          	addi	a5,s0,-784 # 20001cf0 <MC_AS5600>
    5f02:	4b9c                	lw	a5,16(a5)
    5f04:	cf040413          	addi	s0,s0,-784
    5f08:	c39d                	beqz	a5,5f2e <_ZN20AS5600_soft_IIC_many10updata_stuEv.constprop.0+0x38>
    5f0a:	e1ffb0ef          	jal	ra,1d28 <_ZN20AS5600_soft_IIC_many11clear_datasEv.constprop.0>
    5f0e:	06c00513          	li	a0,108
    5f12:	f41ff0ef          	jal	ra,5e52 <_ZN20AS5600_soft_IIC_many9start_iicEh.constprop.0>
    5f16:	452d                	li	a0,11
    5f18:	dd5ff0ef          	jal	ra,5cec <_ZN20AS5600_soft_IIC_many9write_iicEh.constprop.0>
    5f1c:	06d00513          	li	a0,109
    5f20:	f33ff0ef          	jal	ra,5e52 <_ZN20AS5600_soft_IIC_many9start_iicEh.constprop.0>
    5f24:	4501                	li	a0,0
    5f26:	c51ff0ef          	jal	ra,5b76 <_ZN20AS5600_soft_IIC_many8read_iicEb.constprop.0>
    5f2a:	c8ffb0ef          	jal	ra,1bb8 <_ZN20AS5600_soft_IIC_many8stop_iicEv.constprop.0>
    5f2e:	5c28                	lw	a0,120(s0)
    5f30:	00042803          	lw	a6,0(s0)
    5f34:	00c42883          	lw	a7,12(s0)
    5f38:	00442303          	lw	t1,4(s0)
    5f3c:	4781                	li	a5,0
    5f3e:	4818                	lw	a4,16(s0)
    5f40:	00e7c463          	blt	a5,a4,5f48 <_ZN20AS5600_soft_IIC_many10updata_stuEv.constprop.0+0x52>
    5f44:	a36fa06f          	j	17a <__riscv_restore_0>
    5f48:	00279693          	slli	a3,a5,0x2
    5f4c:	00d50633          	add	a2,a0,a3
    5f50:	4210                	lw	a2,0(a2)
    5f52:	00f80733          	add	a4,a6,a5
    5f56:	00163613          	seqz	a2,a2
    5f5a:	a310                	sb	a2,0(a4)
    5f5c:	00179713          	slli	a4,a5,0x1
    5f60:	9746                	add	a4,a4,a7
    5f62:	231a                	lhu	a4,0(a4)
    5f64:	567d                	li	a2,-1
    5f66:	02077593          	andi	a1,a4,32
    5f6a:	c981                	beqz	a1,5f7a <_ZN20AS5600_soft_IIC_many10updata_stuEv.constprop.0+0x84>
    5f6c:	01077593          	andi	a1,a4,16
    5f70:	4605                	li	a2,1
    5f72:	e581                	bnez	a1,5f7a <_ZN20AS5600_soft_IIC_many10updata_stuEv.constprop.0+0x84>
    5f74:	8309                	srli	a4,a4,0x2
    5f76:	00277613          	andi	a2,a4,2
    5f7a:	969a                	add	a3,a3,t1
    5f7c:	c290                	sw	a2,0(a3)
    5f7e:	0785                	addi	a5,a5,1 # e000f001 <__freertos_irq_stack_top+0xc000a001>
    5f80:	bf7d                	j	5f3e <_ZN20AS5600_soft_IIC_many10updata_stuEv.constprop.0+0x48>

00005f82 <_ZN20AS5600_soft_IIC_many12updata_angleEv.constprop.0>:
    5f82:	9d4fa2ef          	jal	t0,156 <__riscv_save_0>
    5f86:	20002437          	lui	s0,0x20002
    5f8a:	cf040793          	addi	a5,s0,-784 # 20001cf0 <MC_AS5600>
    5f8e:	4b9c                	lw	a5,16(a5)
    5f90:	cf040413          	addi	s0,s0,-784
    5f94:	c795                	beqz	a5,5fc0 <_ZN20AS5600_soft_IIC_many12updata_angleEv.constprop.0+0x3e>
    5f96:	d93fb0ef          	jal	ra,1d28 <_ZN20AS5600_soft_IIC_many11clear_datasEv.constprop.0>
    5f9a:	06c00513          	li	a0,108
    5f9e:	eb5ff0ef          	jal	ra,5e52 <_ZN20AS5600_soft_IIC_many9start_iicEh.constprop.0>
    5fa2:	4531                	li	a0,12
    5fa4:	d49ff0ef          	jal	ra,5cec <_ZN20AS5600_soft_IIC_many9write_iicEh.constprop.0>
    5fa8:	06d00513          	li	a0,109
    5fac:	ea7ff0ef          	jal	ra,5e52 <_ZN20AS5600_soft_IIC_many9start_iicEh.constprop.0>
    5fb0:	4505                	li	a0,1
    5fb2:	bc5ff0ef          	jal	ra,5b76 <_ZN20AS5600_soft_IIC_many8read_iicEb.constprop.0>
    5fb6:	4501                	li	a0,0
    5fb8:	bbfff0ef          	jal	ra,5b76 <_ZN20AS5600_soft_IIC_many8read_iicEb.constprop.0>
    5fbc:	bfdfb0ef          	jal	ra,1bb8 <_ZN20AS5600_soft_IIC_many8stop_iicEv.constprop.0>
    5fc0:	480c                	lw	a1,16(s0)
    5fc2:	5c28                	lw	a0,120(s0)
    5fc4:	00842883          	lw	a7,8(s0)
    5fc8:	00042303          	lw	t1,0(s0)
    5fcc:	00c42803          	lw	a6,12(s0)
    5fd0:	4781                	li	a5,0
    5fd2:	00b7c463          	blt	a5,a1,5fda <_ZN20AS5600_soft_IIC_many12updata_angleEv.constprop.0+0x58>
    5fd6:	9a4fa06f          	j	17a <__riscv_restore_0>
    5fda:	00279713          	slli	a4,a5,0x2
    5fde:	972a                	add	a4,a4,a0
    5fe0:	4314                	lw	a3,0(a4)
    5fe2:	00179713          	slli	a4,a5,0x1
    5fe6:	ee81                	bnez	a3,5ffe <_ZN20AS5600_soft_IIC_many12updata_angleEv.constprop.0+0x7c>
    5fe8:	00e806b3          	add	a3,a6,a4
    5fec:	2292                	lhu	a2,0(a3)
    5fee:	4685                	li	a3,1
    5ff0:	9746                	add	a4,a4,a7
    5ff2:	a312                	sh	a2,0(a4)
    5ff4:	00f30733          	add	a4,t1,a5
    5ff8:	a314                	sb	a3,0(a4)
    5ffa:	0785                	addi	a5,a5,1
    5ffc:	bfd9                	j	5fd2 <_ZN20AS5600_soft_IIC_many12updata_angleEv.constprop.0+0x50>
    5ffe:	4601                	li	a2,0
    6000:	4681                	li	a3,0
    6002:	b7fd                	j	5ff0 <_ZN20AS5600_soft_IIC_many12updata_angleEv.constprop.0+0x6e>

00006004 <_Z22AS5600_distance_updatam>:
    6004:	922fa2ef          	jal	t0,126 <__riscv_save_12>
    6008:	82c1a783          	lw	a5,-2004(gp) # 200001bc <time_hw_tpms>
    600c:	1141                	addi	sp,sp,-16
    600e:	842a                	mv	s0,a0
    6010:	e391                	bnez	a5,6014 <_Z22AS5600_distance_updatam+0x10>
    6012:	4785                	li	a5,1
    6014:	a781a703          	lw	a4,-1416(gp) # 20000408 <_ZZ22AS5600_distance_updatamE15last_poll_ticks>
    6018:	40e40733          	sub	a4,s0,a4
    601c:	02f76c63          	bltu	a4,a5,6054 <_Z22AS5600_distance_updatam+0x50>
    6020:	0c800613          	li	a2,200
    6024:	02c787b3          	mul	a5,a5,a2
    6028:	a681ac23          	sw	s0,-1416(gp) # 20000408 <_ZZ22AS5600_distance_updatamE15last_poll_ticks>
    602c:	81c1a483          	lw	s1,-2020(gp) # 200001ac <time_hw_tpus>
    6030:	a741a703          	lw	a4,-1420(gp) # 20000404 <_ZZ22AS5600_distance_updatamE14last_stu_ticks>
    6034:	40e40733          	sub	a4,s0,a4
    6038:	00f76663          	bltu	a4,a5,6044 <_Z22AS5600_distance_updatam+0x40>
    603c:	a681aa23          	sw	s0,-1420(gp) # 20000404 <_ZZ22AS5600_distance_updatamE14last_stu_ticks>
    6040:	eb7ff0ef          	jal	ra,5ef6 <_ZN20AS5600_soft_IIC_many10updata_stuEv.constprop.0>
    6044:	a701c683          	lbu	a3,-1424(gp) # 20000400 <_ZZ22AS5600_distance_updatamE15have_last_ticks>
    6048:	ea89                	bnez	a3,605a <_Z22AS5600_distance_updatam+0x56>
    604a:	a681a623          	sw	s0,-1428(gp) # 200003fc <_ZZ22AS5600_distance_updatamE10last_ticks>
    604e:	4785                	li	a5,1
    6050:	a6f18823          	sb	a5,-1424(gp) # 20000400 <_ZZ22AS5600_distance_updatamE15have_last_ticks>
    6054:	0141                	addi	sp,sp,16
    6056:	90cfa06f          	j	162 <__riscv_restore_12>
    605a:	a6c1a703          	lw	a4,-1428(gp) # 200003fc <_ZZ22AS5600_distance_updatamE10last_ticks>
    605e:	40e40933          	sub	s2,s0,a4
    6062:	fee409e3          	beq	s0,a4,6054 <_Z22AS5600_distance_updatam+0x50>
    6066:	a681a623          	sw	s0,-1428(gp) # 200003fc <_ZZ22AS5600_distance_updatamE10last_ticks>
    606a:	8526                	mv	a0,s1
    606c:	e091                	bnez	s1,6070 <_Z22AS5600_distance_updatam+0x6c>
    606e:	4505                	li	a0,1
    6070:	140050ef          	jal	ra,b1b0 <__floatunsisf>
    6074:	9401a583          	lw	a1,-1728(gp) # 200002d0 <_ZL7g_scale+0x110>
    6078:	20002a37          	lui	s4,0x20002
    607c:	14f040ef          	jal	ra,a9ca <__mulsf3>
    6080:	842a                	mv	s0,a0
    6082:	854a                	mv	a0,s2
    6084:	12c050ef          	jal	ra,b1b0 <__floatunsisf>
    6088:	85aa                	mv	a1,a0
    608a:	8522                	mv	a0,s0
    608c:	4c8040ef          	jal	ra,a554 <__divsf3>
    6090:	c22a                	sw	a0,4(sp)
    6092:	ef1ff0ef          	jal	ra,5f82 <_ZN20AS5600_soft_IIC_many12updata_angleEv.constprop.0>
    6096:	200027b7          	lui	a5,0x20002
    609a:	cf078793          	addi	a5,a5,-784 # 20001cf0 <MC_AS5600>
    609e:	0007ab83          	lw	s7,0(a5)
    60a2:	0047ac03          	lw	s8,4(a5)
    60a6:	0087ad83          	lw	s11,8(a5)
    60aa:	9a81a783          	lw	a5,-1624(gp) # 20000338 <_ZL7g_scale+0x178>
    60ae:	200029b7          	lui	s3,0x20002
    60b2:	20002d37          	lui	s10,0x20002
    60b6:	c43e                	sw	a5,8(sp)
    60b8:	9ac1a783          	lw	a5,-1620(gp) # 2000033c <_ZL7g_scale+0x17c>
    60bc:	6705                	lui	a4,0x1
    60be:	a5c18a93          	addi	s5,gp,-1444 # 200003ec <_ZZ22AS5600_distance_updatamE6was_ok>
    60c2:	ce0a0a13          	addi	s4,s4,-800 # 20001ce0 <speed_as5600>
    60c6:	cd098993          	addi	s3,s3,-816 # 20001cd0 <as5600_distance_save>
    60ca:	dd8d0d13          	addi	s10,s10,-552 # 20001dd8 <ams>
    60ce:	a6018913          	addi	s2,gp,-1440 # 200003f0 <_ZL13g_as5600_good>
    60d2:	a6818493          	addi	s1,gp,-1432 # 200003f8 <_ZL13g_as5600_fail>
    60d6:	a6418413          	addi	s0,gp,-1436 # 200003f4 <_ZL17g_as5600_okstreak>
    60da:	4c81                	li	s9,0
    60dc:	80070e13          	addi	t3,a4,-2048 # 800 <__stack_size>
    60e0:	c63e                	sw	a5,12(sp)
    60e2:	0ff00693          	li	a3,255
    60e6:	4e89                	li	t4,2
    60e8:	5f7d                	li	t5,-1
    60ea:	4b11                	li	s6,4
    60ec:	019b87b3          	add	a5,s7,s9
    60f0:	239c                	lbu	a5,0(a5)
    60f2:	c3a1                	beqz	a5,6132 <_Z22AS5600_distance_updatam+0x12e>
    60f4:	002c9793          	slli	a5,s9,0x2
    60f8:	97e2                	add	a5,a5,s8
    60fa:	439c                	lw	a5,0(a5)
    60fc:	03e78b63          	beq	a5,t5,6132 <_Z22AS5600_distance_updatam+0x12e>
    6100:	201c                	lbu	a5,0(s0)
    6102:	00048023          	sb	zero,0(s1)
    6106:	04d79f63          	bne	a5,a3,6164 <_Z22AS5600_distance_updatam+0x160>
    610a:	4785                	li	a5,1
    610c:	00f90023          	sb	a5,0(s2)
    6110:	001c9793          	slli	a5,s9,0x1
    6114:	97ee                	add	a5,a5,s11
    6116:	238e                	lhu	a1,0(a5)
    6118:	000ac783          	lbu	a5,0(s5)
    611c:	e7b5                	bnez	a5,6188 <_Z22AS5600_distance_updatam+0x184>
    611e:	00000793          	li	a5,0
    6122:	00fa2023          	sw	a5,0(s4)
    6126:	4785                	li	a5,1
    6128:	00b9a023          	sw	a1,0(s3)
    612c:	00fa8023          	sb	a5,0(s5)
    6130:	a831                	j	614c <_Z22AS5600_distance_updatam+0x148>
    6132:	209c                	lbu	a5,0(s1)
    6134:	00040023          	sb	zero,0(s0)
    6138:	04d79163          	bne	a5,a3,617a <_Z22AS5600_distance_updatam+0x176>
    613c:	00090023          	sb	zero,0(s2)
    6140:	00000793          	li	a5,0
    6144:	000a8023          	sb	zero,0(s5)
    6148:	00fa2023          	sw	a5,0(s4)
    614c:	0c85                	addi	s9,s9,1
    614e:	0a85                	addi	s5,s5,1
    6150:	0a11                	addi	s4,s4,4
    6152:	0991                	addi	s3,s3,4
    6154:	040d0d13          	addi	s10,s10,64
    6158:	0905                	addi	s2,s2,1
    615a:	0485                	addi	s1,s1,1
    615c:	0405                	addi	s0,s0,1
    615e:	f96c97e3          	bne	s9,s6,60ec <_Z22AS5600_distance_updatam+0xe8>
    6162:	bdcd                	j	6054 <_Z22AS5600_distance_updatam+0x50>
    6164:	0785                	addi	a5,a5,1
    6166:	0ff7f793          	zext.b	a5,a5
    616a:	a01c                	sb	a5,0(s0)
    616c:	4585                	li	a1,1
    616e:	f8b79ee3          	bne	a5,a1,610a <_Z22AS5600_distance_updatam+0x106>
    6172:	00094783          	lbu	a5,0(s2)
    6176:	ffc9                	bnez	a5,6110 <_Z22AS5600_distance_updatam+0x10c>
    6178:	b7e1                	j	6140 <_Z22AS5600_distance_updatam+0x13c>
    617a:	0785                	addi	a5,a5,1
    617c:	0ff7f793          	zext.b	a5,a5
    6180:	a09c                	sb	a5,0(s1)
    6182:	fefef8e3          	bgeu	t4,a5,6172 <_Z22AS5600_distance_updatam+0x16e>
    6186:	bf5d                	j	613c <_Z22AS5600_distance_updatam+0x138>
    6188:	0009a783          	lw	a5,0(s3)
    618c:	40f58533          	sub	a0,a1,a5
    6190:	04ae5563          	bge	t3,a0,61da <_Z22AS5600_distance_updatam+0x1d6>
    6194:	8d19                	sub	a0,a0,a4
    6196:	00b9a023          	sw	a1,0(s3)
    619a:	74b040ef          	jal	ra,b0e4 <__floatsisf>
    619e:	45a2                	lw	a1,8(sp)
    61a0:	02b040ef          	jal	ra,a9ca <__mulsf3>
    61a4:	85aa                	mv	a1,a0
    61a6:	c02a                	sw	a0,0(sp)
    61a8:	4512                	lw	a0,4(sp)
    61aa:	021040ef          	jal	ra,a9ca <__mulsf3>
    61ae:	45b2                	lw	a1,12(sp)
    61b0:	00aa2023          	sw	a0,0(s4)
    61b4:	4502                	lw	a0,0(sp)
    61b6:	015040ef          	jal	ra,a9ca <__mulsf3>
    61ba:	85aa                	mv	a1,a0
    61bc:	03cd2503          	lw	a0,60(s10)
    61c0:	02c040ef          	jal	ra,a1ec <__addsf3>
    61c4:	6785                	lui	a5,0x1
    61c6:	02ad2e23          	sw	a0,60(s10)
    61ca:	5f7d                	li	t5,-1
    61cc:	4e89                	li	t4,2
    61ce:	0ff00693          	li	a3,255
    61d2:	80078e13          	addi	t3,a5,-2048 # 800 <__stack_size>
    61d6:	6705                	lui	a4,0x1
    61d8:	bf95                	j	614c <_Z22AS5600_distance_updatam+0x148>
    61da:	80000793          	li	a5,-2048
    61de:	faf55ce3          	bge	a0,a5,6196 <_Z22AS5600_distance_updatam+0x192>
    61e2:	953a                	add	a0,a0,a4
    61e4:	bf4d                	j	6196 <_Z22AS5600_distance_updatam+0x192>

000061e6 <_ZL13MOTOR_get_dirv>:
    61e6:	f41f92ef          	jal	t0,126 <__riscv_save_12>
    61ea:	7179                	addi	sp,sp,-48
    61ec:	d002                	sw	zero,32(sp)
    61ee:	d202                	sw	zero,36(sp)
    61f0:	d402                	sw	zero,40(sp)
    61f2:	d602                	sw	zero,44(sp)
    61f4:	ca02                	sw	zero,20(sp)
    61f6:	ed3fe0ef          	jal	ra,50c8 <_ZL19Motion_control_readv>
    61fa:	20002937          	lui	s2,0x20002
    61fe:	e919                	bnez	a0,6214 <_ZL13MOTOR_get_dirv+0x2e>
    6200:	dc090793          	addi	a5,s2,-576 # 20001dc0 <Motion_control_data_save>
    6204:	0007a023          	sw	zero,0(a5)
    6208:	0007a223          	sw	zero,4(a5)
    620c:	0007a423          	sw	zero,8(a5)
    6210:	0007a623          	sw	zero,12(a5)
    6214:	d6fff0ef          	jal	ra,5f82 <_ZN20AS5600_soft_IIC_many12updata_angleEv.constprop.0>
    6218:	200029b7          	lui	s3,0x20002
    621c:	cf098793          	addi	a5,s3,-784 # 20001cf0 <MC_AS5600>
    6220:	479c                	lw	a5,8(a5)
    6222:	4641                	li	a2,16
    6224:	dc090593          	addi	a1,s2,-576
    6228:	239a                	lhu	a4,0(a5)
    622a:	1008                	addi	a0,sp,32
    622c:	84f8                	sh	a4,24(sp)
    622e:	23ba                	lhu	a4,2(a5)
    6230:	1004                	addi	s1,sp,32
    6232:	85f8                	sh	a4,26(sp)
    6234:	23da                	lhu	a4,4(a5)
    6236:	23fe                	lhu	a5,6(a5)
    6238:	4401                	li	s0,0
    623a:	86f8                	sh	a4,28(sp)
    623c:	87fc                	sh	a5,30(sp)
    623e:	cf098993          	addi	s3,s3,-784
    6242:	ebff90ef          	jal	ra,100 <memcpy>
    6246:	a6018a13          	addi	s4,gp,-1440 # 200003f0 <_ZL13g_as5600_good>
    624a:	a9818a93          	addi	s5,gp,-1384 # 20000428 <filament_channel_inserted>
    624e:	4b11                	li	s6,4
    6250:	014407b3          	add	a5,s0,s4
    6254:	239c                	lbu	a5,0(a5)
    6256:	c785                	beqz	a5,627e <_ZL13MOTOR_get_dirv+0x98>
    6258:	015407b3          	add	a5,s0,s5
    625c:	239c                	lbu	a5,0(a5)
    625e:	c385                	beqz	a5,627e <_ZL13MOTOR_get_dirv+0x98>
    6260:	409c                	lw	a5,0(s1)
    6262:	ef91                	bnez	a5,627e <_ZL13MOTOR_get_dirv+0x98>
    6264:	3e800593          	li	a1,1000
    6268:	0ff47513          	zext.b	a0,s0
    626c:	da9fa0ef          	jal	ra,1014 <_Z22Motion_control_set_PWMhi>
    6270:	02040793          	addi	a5,s0,32
    6274:	0814                	addi	a3,sp,16
    6276:	4705                	li	a4,1
    6278:	97b6                	add	a5,a5,a3
    627a:	fee78223          	sb	a4,-28(a5)
    627e:	0405                	addi	s0,s0,1
    6280:	0491                	addi	s1,s1,4
    6282:	fd6417e3          	bne	s0,s6,6250 <_ZL13MOTOR_get_dirv+0x6a>
    6286:	01414d83          	lbu	s11,20(sp)
    628a:	020d9163          	bnez	s11,62ac <_ZL13MOTOR_get_dirv+0xc6>
    628e:	01514783          	lbu	a5,21(sp)
    6292:	efdd                	bnez	a5,6350 <_ZL13MOTOR_get_dirv+0x16a>
    6294:	01614d83          	lbu	s11,22(sp)
    6298:	0a0d9b63          	bnez	s11,634e <_ZL13MOTOR_get_dirv+0x168>
    629c:	01714783          	lbu	a5,23(sp)
    62a0:	0c800413          	li	s0,200
    62a4:	e799                	bnez	a5,62b2 <_ZL13MOTOR_get_dirv+0xcc>
    62a6:	6145                	addi	sp,sp,48
    62a8:	ebbf906f          	j	162 <__riscv_restore_12>
    62ac:	0c800413          	li	s0,200
    62b0:	4d81                	li	s11,0
    62b2:	6a05                	lui	s4,0x1
    62b4:	4529                	li	a0,10
    62b6:	f23fa0ef          	jal	ra,11d8 <delay.part.0>
    62ba:	01410c93          	addi	s9,sp,20
    62be:	cc5ff0ef          	jal	ra,5f82 <_ZN20AS5600_soft_IIC_many12updata_angleEv.constprop.0>
    62c2:	01810b93          	addi	s7,sp,24
    62c6:	02010c13          	addi	s8,sp,32
    62ca:	4b01                	li	s6,0
    62cc:	4a85                	li	s5,1
    62ce:	4d11                	li	s10,4
    62d0:	000cc583          	lbu	a1,0(s9)
    62d4:	cd99                	beqz	a1,62f2 <_ZL13MOTOR_get_dirv+0x10c>
    62d6:	0009a583          	lw	a1,0(s3)
    62da:	0ffb7513          	zext.b	a0,s6
    62de:	95da                	add	a1,a1,s6
    62e0:	0005c803          	lbu	a6,0(a1)
    62e4:	06081963          	bnez	a6,6356 <_ZL13MOTOR_get_dirv+0x170>
    62e8:	4581                	li	a1,0
    62ea:	d2bfa0ef          	jal	ra,1014 <_Z22Motion_control_set_PWMhi>
    62ee:	000c8023          	sb	zero,0(s9)
    62f2:	0b05                	addi	s6,s6,1
    62f4:	0c85                	addi	s9,s9,1
    62f6:	0c11                	addi	s8,s8,4
    62f8:	0b89                	addi	s7,s7,2
    62fa:	fdab1be3          	bne	s6,s10,62d0 <_ZL13MOTOR_get_dirv+0xea>
    62fe:	0a0a9a63          	bnez	s5,63b2 <_ZL13MOTOR_get_dirv+0x1cc>
    6302:	147d                	addi	s0,s0,-1
    6304:	f845                	bnez	s0,62b4 <_ZL13MOTOR_get_dirv+0xce>
    6306:	4491                	li	s1,4
    6308:	085c                	addi	a5,sp,20
    630a:	97a2                	add	a5,a5,s0
    630c:	239c                	lbu	a5,0(a5)
    630e:	c791                	beqz	a5,631a <_ZL13MOTOR_get_dirv+0x134>
    6310:	4581                	li	a1,0
    6312:	0ff47513          	zext.b	a0,s0
    6316:	cfffa0ef          	jal	ra,1014 <_Z22Motion_control_set_PWMhi>
    631a:	0405                	addi	s0,s0,1
    631c:	fe9416e3          	bne	s0,s1,6308 <_ZL13MOTOR_get_dirv+0x122>
    6320:	dc090793          	addi	a5,s2,-576
    6324:	4701                	li	a4,0
    6326:	4681                	li	a3,0
    6328:	45c1                	li	a1,16
    632a:	1010                	addi	a2,sp,32
    632c:	963a                	add	a2,a2,a4
    632e:	4210                	lw	a2,0(a2)
    6330:	4388                	lw	a0,0(a5)
    6332:	00a60463          	beq	a2,a0,633a <_ZL13MOTOR_get_dirv+0x154>
    6336:	c390                	sw	a2,0(a5)
    6338:	4685                	li	a3,1
    633a:	0711                	addi	a4,a4,4 # 1004 <_ZN14_MOTOR_CONTROL10set_motionE20filament_motion_enumyy+0x520>
    633c:	0791                	addi	a5,a5,4
    633e:	feb716e3          	bne	a4,a1,632a <_ZL13MOTOR_get_dirv+0x144>
    6342:	f60d82e3          	beqz	s11,62a6 <_ZL13MOTOR_get_dirv+0xc0>
    6346:	d2a5                	beqz	a3,62a6 <_ZL13MOTOR_get_dirv+0xc0>
    6348:	f01fe0ef          	jal	ra,5248 <_ZL19Motion_control_savev>
    634c:	bfa9                	j	62a6 <_ZL13MOTOR_get_dirv+0xc0>
    634e:	4d81                	li	s11,0
    6350:	0c800413          	li	s0,200
    6354:	bfb9                	j	62b2 <_ZL13MOTOR_get_dirv+0xcc>
    6356:	0089a583          	lw	a1,8(s3)
    635a:	001b1893          	slli	a7,s6,0x1
    635e:	6785                	lui	a5,0x1
    6360:	95c6                	add	a1,a1,a7
    6362:	00059483          	lh	s1,0(a1)
    6366:	000b9583          	lh	a1,0(s7)
    636a:	80078793          	addi	a5,a5,-2048 # 800 <__stack_size>
    636e:	8c8d                	sub	s1,s1,a1
    6370:	0297d963          	bge	a5,s1,63a2 <_ZL13MOTOR_get_dirv+0x1bc>
    6374:	414484b3          	sub	s1,s1,s4
    6378:	0a348593          	addi	a1,s1,163
    637c:	14600793          	li	a5,326
    6380:	02b7f763          	bgeu	a5,a1,63ae <_ZL13MOTOR_get_dirv+0x1c8>
    6384:	4581                	li	a1,0
    6386:	c642                	sw	a6,12(sp)
    6388:	c8dfa0ef          	jal	ra,1014 <_Z22Motion_control_set_PWMhi>
    638c:	4832                	lw	a6,12(sp)
    638e:	55fd                	li	a1,-1
    6390:	00905363          	blez	s1,6396 <_ZL13MOTOR_get_dirv+0x1b0>
    6394:	4585                	li	a1,1
    6396:	00bc2023          	sw	a1,0(s8)
    639a:	000c8023          	sb	zero,0(s9)
    639e:	8dc2                	mv	s11,a6
    63a0:	bf89                	j	62f2 <_ZL13MOTOR_get_dirv+0x10c>
    63a2:	80000793          	li	a5,-2048
    63a6:	fcf4d9e3          	bge	s1,a5,6378 <_ZL13MOTOR_get_dirv+0x192>
    63aa:	94d2                	add	s1,s1,s4
    63ac:	b7f1                	j	6378 <_ZL13MOTOR_get_dirv+0x192>
    63ae:	4a81                	li	s5,0
    63b0:	b789                	j	62f2 <_ZL13MOTOR_get_dirv+0x10c>
    63b2:	4401                	li	s0,0
    63b4:	bf89                	j	6306 <_ZL13MOTOR_get_dirv+0x120>

000063b6 <SystemInit>:
    63b6:	400217b7          	lui	a5,0x40021
    63ba:	4398                	lw	a4,0(a5)
    63bc:	f0ff06b7          	lui	a3,0xf0ff0
    63c0:	00176713          	ori	a4,a4,1
    63c4:	c398                	sw	a4,0(a5)
    63c6:	43d8                	lw	a4,4(a5)
    63c8:	8f75                	and	a4,a4,a3
    63ca:	c3d8                	sw	a4,4(a5)
    63cc:	4398                	lw	a4,0(a5)
    63ce:	fef706b7          	lui	a3,0xfef70
    63d2:	16fd                	addi	a3,a3,-1 # fef6ffff <__freertos_irq_stack_top+0xdef6afff>
    63d4:	8f75                	and	a4,a4,a3
    63d6:	c398                	sw	a4,0(a5)
    63d8:	4398                	lw	a4,0(a5)
    63da:	fffc06b7          	lui	a3,0xfffc0
    63de:	16fd                	addi	a3,a3,-1 # fffbffff <__freertos_irq_stack_top+0xdffbafff>
    63e0:	8f75                	and	a4,a4,a3
    63e2:	c398                	sw	a4,0(a5)
    63e4:	43d8                	lw	a4,4(a5)
    63e6:	ff0106b7          	lui	a3,0xff010
    63ea:	16fd                	addi	a3,a3,-1 # ff00ffff <__freertos_irq_stack_top+0xdf00afff>
    63ec:	8f75                	and	a4,a4,a3
    63ee:	c3d8                	sw	a4,4(a5)
    63f0:	009f0737          	lui	a4,0x9f0
    63f4:	c798                	sw	a4,8(a5)
    63f6:	40024737          	lui	a4,0x40024
    63fa:	80070713          	addi	a4,a4,-2048 # 40023800 <__freertos_irq_stack_top+0x2001e800>
    63fe:	4314                	lw	a3,0(a4)
    6400:	0106e693          	ori	a3,a3,16
    6404:	c314                	sw	a3,0(a4)
    6406:	43d8                	lw	a4,4(a5)
    6408:	ffc106b7          	lui	a3,0xffc10
    640c:	16fd                	addi	a3,a3,-1 # ffc0ffff <__freertos_irq_stack_top+0xdfc0afff>
    640e:	c3d8                	sw	a4,4(a5)
    6410:	43d8                	lw	a4,4(a5)
    6412:	c3d8                	sw	a4,4(a5)
    6414:	43d8                	lw	a4,4(a5)
    6416:	40076713          	ori	a4,a4,1024
    641a:	c3d8                	sw	a4,4(a5)
    641c:	43d8                	lw	a4,4(a5)
    641e:	8f75                	and	a4,a4,a3
    6420:	c3d8                	sw	a4,4(a5)
    6422:	43d8                	lw	a4,4(a5)
    6424:	003c06b7          	lui	a3,0x3c0
    6428:	8f55                	or	a4,a4,a3
    642a:	c3d8                	sw	a4,4(a5)
    642c:	4398                	lw	a4,0(a5)
    642e:	010006b7          	lui	a3,0x1000
    6432:	8f55                	or	a4,a4,a3
    6434:	c398                	sw	a4,0(a5)
    6436:	020006b7          	lui	a3,0x2000
    643a:	4398                	lw	a4,0(a5)
    643c:	8f75                	and	a4,a4,a3
    643e:	df75                	beqz	a4,643a <SystemInit+0x84>
    6440:	43d8                	lw	a4,4(a5)
    6442:	400216b7          	lui	a3,0x40021
    6446:	9b71                	andi	a4,a4,-4
    6448:	c3d8                	sw	a4,4(a5)
    644a:	43d8                	lw	a4,4(a5)
    644c:	00276713          	ori	a4,a4,2
    6450:	c3d8                	sw	a4,4(a5)
    6452:	4721                	li	a4,8
    6454:	42dc                	lw	a5,4(a3)
    6456:	8bb1                	andi	a5,a5,12
    6458:	fee79ee3          	bne	a5,a4,6454 <SystemInit+0x9e>
    645c:	8082                	ret

0000645e <USART1_IRQHandler>:
    645e:	400147b7          	lui	a5,0x40014
    6462:	80c7d703          	lhu	a4,-2036(a5) # 4001380c <__freertos_irq_stack_top+0x2000e80c>
    6466:	1101                	addi	sp,sp,-32
    6468:	80078693          	addi	a3,a5,-2048
    646c:	8007d783          	lhu	a5,-2048(a5)
    6470:	ce22                	sw	s0,28(sp)
    6472:	cc26                	sw	s1,24(sp)
    6474:	ca4a                	sw	s2,20(sp)
    6476:	c84e                	sw	s3,16(sp)
    6478:	c652                	sw	s4,12(sp)
    647a:	02077713          	andi	a4,a4,32
    647e:	cf29                	beqz	a4,64d8 <USART1_IRQHandler+0x7a>
    6480:	07c2                	slli	a5,a5,0x10
    6482:	83c1                	srli	a5,a5,0x10
    6484:	0207f793          	andi	a5,a5,32
    6488:	cba1                	beqz	a5,64d8 <USART1_IRQHandler+0x7a>
    648a:	20001737          	lui	a4,0x20001
    648e:	22c6                	lhu	s1,4(a3)
    6490:	4c470713          	addi	a4,a4,1220 # 200014c4 <__global_pointer$+0xb34>
    6494:	42974783          	lbu	a5,1065(a4)
    6498:	04c2                	slli	s1,s1,0x10
    649a:	20001437          	lui	s0,0x20001
    649e:	80c1                	srli	s1,s1,0x10
    64a0:	4c440413          	addi	s0,s0,1220 # 200014c4 <__global_pointer$+0xb34>
    64a4:	cb95                	beqz	a5,64d8 <USART1_IRQHandler+0x7a>
    64a6:	41472783          	lw	a5,1044(a4)
    64aa:	0af05263          	blez	a5,654e <USART1_IRQHandler+0xf0>
    64ae:	17fd                	addi	a5,a5,-1
    64b0:	40f72a23          	sw	a5,1044(a4)
    64b4:	e395                	bnez	a5,64d8 <USART1_IRQHandler+0x7a>
    64b6:	e000f7b7          	lui	a5,0xe000f
    64ba:	4798                	lw	a4,8(a5)
    64bc:	82c1a783          	lw	a5,-2004(gp) # 200001bc <time_hw_tpms>
    64c0:	cb89                	beqz	a5,64d2 <USART1_IRQHandler+0x74>
    64c2:	3e800693          	li	a3,1000
    64c6:	02d7b633          	mulhu	a2,a5,a3
    64ca:	02d787b3          	mul	a5,a5,a3
    64ce:	c211                	beqz	a2,64d2 <USART1_IRQHandler+0x74>
    64d0:	57fd                	li	a5,-1
    64d2:	97ba                	add	a5,a5,a4
    64d4:	a2f1a423          	sw	a5,-1496(gp) # 200003b8 <_ZL27bambubus_heartbeat_deadline>
    64d8:	400146b7          	lui	a3,0x40014
    64dc:	80c6d603          	lhu	a2,-2036(a3) # 4001380c <__freertos_irq_stack_top+0x2000e80c>
    64e0:	8006d783          	lhu	a5,-2048(a3)
    64e4:	80068713          	addi	a4,a3,-2048
    64e8:	04067613          	andi	a2,a2,64
    64ec:	07c2                	slli	a5,a5,0x10
    64ee:	83c1                	srli	a5,a5,0x10
    64f0:	c639                	beqz	a2,653e <USART1_IRQHandler+0xe0>
    64f2:	0407f793          	andi	a5,a5,64
    64f6:	c7a1                	beqz	a5,653e <USART1_IRQHandler+0xe0>
    64f8:	fbf00793          	li	a5,-65
    64fc:	80f69023          	sh	a5,-2048(a3)
    6500:	8146d783          	lhu	a5,-2028(a3)
    6504:	6741                	lui	a4,0x10
    6506:	1779                	addi	a4,a4,-2 # fffe <MC_PULL_calibration.cpp.947435e8+0x68d>
    6508:	07c2                	slli	a5,a5,0x10
    650a:	83c1                	srli	a5,a5,0x10
    650c:	f7f7f793          	andi	a5,a5,-129
    6510:	07c2                	slli	a5,a5,0x10
    6512:	83c1                	srli	a5,a5,0x10
    6514:	80f69a23          	sh	a5,-2028(a3)
    6518:	400206b7          	lui	a3,0x40020
    651c:	42fc                	lw	a5,68(a3)
    651e:	8ff9                	and	a5,a5,a4
    6520:	c2fc                	sw	a5,68(a3)
    6522:	400117b7          	lui	a5,0x40011
    6526:	6705                	lui	a4,0x1
    6528:	80078793          	addi	a5,a5,-2048 # 40010800 <__freertos_irq_stack_top+0x2000b800>
    652c:	cbd8                	sw	a4,20(a5)
    652e:	200007b7          	lui	a5,0x20000
    6532:	4c478793          	addi	a5,a5,1220 # 200004c4 <bus_port_to_host>
    6536:	97ba                	add	a5,a5,a4
    6538:	4705                	li	a4,1
    653a:	42e784a3          	sb	a4,1065(a5)
    653e:	4472                	lw	s0,28(sp)
    6540:	44e2                	lw	s1,24(sp)
    6542:	4952                	lw	s2,20(sp)
    6544:	49c2                	lw	s3,16(sp)
    6546:	4a32                	lw	s4,12(sp)
    6548:	6105                	addi	sp,sp,32
    654a:	30200073          	mret
    654e:	40442903          	lw	s2,1028(s0)
    6552:	1ff4f793          	andi	a5,s1,511
    6556:	0ff4f493          	zext.b	s1,s1
    655a:	02091a63          	bnez	s2,658e <USART1_IRQHandler+0x130>
    655e:	03d00793          	li	a5,61
    6562:	00f48663          	beq	s1,a5,656e <USART1_IRQHandler+0x110>
    6566:	03300793          	li	a5,51
    656a:	f6f497e3          	bne	s1,a5,64d8 <USART1_IRQHandler+0x7a>
    656e:	41042783          	lw	a5,1040(s0)
    6572:	a384                	sb	s1,0(a5)
    6574:	4785                	li	a5,1
    6576:	40f42223          	sw	a5,1028(s0)
    657a:	4799                	li	a5,6
    657c:	40f42423          	sw	a5,1032(s0)
    6580:	60400793          	li	a5,1540
    6584:	40f41623          	sh	a5,1036(s0)
    6588:	40940723          	sb	s1,1038(s0)
    658c:	b7b1                	j	64d8 <USART1_IRQHandler+0x7a>
    658e:	4ff00713          	li	a4,1279
    6592:	01277563          	bgeu	a4,s2,659c <USART1_IRQHandler+0x13e>
    6596:	40042223          	sw	zero,1028(s0)
    659a:	bf3d                	j	64d8 <USART1_IRQHandler+0x7a>
    659c:	41042983          	lw	s3,1040(s0)
    65a0:	01298733          	add	a4,s3,s2
    65a4:	a304                	sb	s1,0(a4)
    65a6:	4705                	li	a4,1
    65a8:	00e91a63          	bne	s2,a4,65bc <USART1_IRQHandler+0x15e>
    65ac:	07e2                	slli	a5,a5,0x18
    65ae:	87e1                	srai	a5,a5,0x18
    65b0:	0807db63          	bgez	a5,6646 <USART1_IRQHandler+0x1e8>
    65b4:	30200793          	li	a5,770
    65b8:	40f41623          	sh	a5,1036(s0)
    65bc:	40c44a03          	lbu	s4,1036(s0)
    65c0:	03491763          	bne	s2,s4,65ee <USART1_IRQHandler+0x190>
    65c4:	40e44783          	lbu	a5,1038(s0)
    65c8:	03d00713          	li	a4,61
    65cc:	0ae79363          	bne	a5,a4,6672 <USART1_IRQHandler+0x214>
    65d0:	4789                	li	a5,2
    65d2:	08f91863          	bne	s2,a5,6662 <USART1_IRQHandler+0x204>
    65d6:	40942423          	sw	s1,1032(s0)
    65da:	40842783          	lw	a5,1032(s0)
    65de:	40d44703          	lbu	a4,1037(s0)
    65e2:	faf75ae3          	bge	a4,a5,6596 <USART1_IRQHandler+0x138>
    65e6:	50000713          	li	a4,1280
    65ea:	faf746e3          	blt	a4,a5,6596 <USART1_IRQHandler+0x138>
    65ee:	40d44783          	lbu	a5,1037(s0)
    65f2:	00f91863          	bne	s2,a5,6602 <USART1_IRQHandler+0x1a4>
    65f6:	85ca                	mv	a1,s2
    65f8:	854e                	mv	a0,s3
    65fa:	b13fa0ef          	jal	ra,110c <bus_crc8>
    65fe:	f8a49ce3          	bne	s1,a0,6596 <USART1_IRQHandler+0x138>
    6602:	40e44683          	lbu	a3,1038(s0)
    6606:	03d00713          	li	a4,61
    660a:	40842783          	lw	a5,1032(s0)
    660e:	06e69a63          	bne	a3,a4,6682 <USART1_IRQHandler+0x224>
    6612:	4711                	li	a4,4
    6614:	06e91763          	bne	s2,a4,6682 <USART1_IRQHandler+0x224>
    6618:	4709                	li	a4,2
    661a:	06ea1463          	bne	s4,a4,6682 <USART1_IRQHandler+0x224>
    661e:	4715                	li	a4,5
    6620:	06f75463          	bge	a4,a5,6688 <USART1_IRQHandler+0x22a>
    6624:	0019c683          	lbu	a3,1(s3)
    6628:	0c500713          	li	a4,197
    662c:	4915                	li	s2,5
    662e:	06e69d63          	bne	a3,a4,66a8 <USART1_IRQHandler+0x24a>
    6632:	02000713          	li	a4,32
    6636:	06e49963          	bne	s1,a4,66a8 <USART1_IRQHandler+0x24a>
    663a:	17ed                	addi	a5,a5,-5
    663c:	40042223          	sw	zero,1028(s0)
    6640:	40f42a23          	sw	a5,1044(s0)
    6644:	bd51                	j	64d8 <USART1_IRQHandler+0x7a>
    6646:	40e44683          	lbu	a3,1038(s0)
    664a:	4799                	li	a5,6
    664c:	40f406a3          	sb	a5,1037(s0)
    6650:	03d00713          	li	a4,61
    6654:	4791                	li	a5,4
    6656:	00e69363          	bne	a3,a4,665c <USART1_IRQHandler+0x1fe>
    665a:	4795                	li	a5,5
    665c:	40f40623          	sb	a5,1036(s0)
    6660:	bfb1                	j	65bc <USART1_IRQHandler+0x15e>
    6662:	0049c783          	lbu	a5,4(s3)
    6666:	00849713          	slli	a4,s1,0x8
    666a:	8fd9                	or	a5,a5,a4
    666c:	40f42423          	sw	a5,1032(s0)
    6670:	b7ad                	j	65da <USART1_IRQHandler+0x17c>
    6672:	03300713          	li	a4,51
    6676:	f6e792e3          	bne	a5,a4,65da <USART1_IRQHandler+0x17c>
    667a:	00249793          	slli	a5,s1,0x2
    667e:	07b1                	addi	a5,a5,12
    6680:	b7f5                	j	666c <USART1_IRQHandler+0x20e>
    6682:	0905                	addi	s2,s2,1
    6684:	02f94263          	blt	s2,a5,66a8 <USART1_IRQHandler+0x24a>
    6688:	42042703          	lw	a4,1056(s0)
    668c:	40042223          	sw	zero,1028(s0)
    6690:	e40714e3          	bnez	a4,64d8 <USART1_IRQHandler+0x7a>
    6694:	40040713          	addi	a4,s0,1024
    6698:	4b0c                	lw	a1,16(a4)
    669a:	4f50                	lw	a2,28(a4)
    669c:	cf4c                	sw	a1,28(a4)
    669e:	42d40423          	sb	a3,1064(s0)
    66a2:	cb10                	sw	a2,16(a4)
    66a4:	d31c                	sw	a5,32(a4)
    66a6:	bd0d                	j	64d8 <USART1_IRQHandler+0x7a>
    66a8:	41242223          	sw	s2,1028(s0)
    66ac:	b535                	j	64d8 <USART1_IRQHandler+0x7a>

000066ae <main>:
    66ae:	a79f92ef          	jal	t0,126 <__riscv_save_12>
    66b2:	7119                	addi	sp,sp,-128
    66b4:	d03ff0ef          	jal	ra,63b6 <SystemInit>
    66b8:	40021737          	lui	a4,0x40021
    66bc:	435c                	lw	a5,4(a4)
    66be:	46a1                	li	a3,8
    66c0:	8bb1                	andi	a5,a5,12
    66c2:	58d79de3          	bne	a5,a3,745c <main+0xdae>
    66c6:	435c                	lw	a5,4(a4)
    66c8:	4358                	lw	a4,4(a4)
    66ca:	66c1                	lui	a3,0x10
    66cc:	83c9                	srli	a5,a5,0x12
    66ce:	8bbd                	andi	a5,a5,15
    66d0:	8f75                	and	a4,a4,a3
    66d2:	0789                	addi	a5,a5,2
    66d4:	46c5                	li	a3,17
    66d6:	00d79363          	bne	a5,a3,66dc <main+0x2e>
    66da:	47c9                	li	a5,18
    66dc:	ef01                	bnez	a4,66f4 <main+0x46>
    66de:	40024737          	lui	a4,0x40024
    66e2:	80072703          	lw	a4,-2048(a4) # 40023800 <__freertos_irq_stack_top+0x2001e800>
    66e6:	8b41                	andi	a4,a4,16
    66e8:	cf09                	beqz	a4,6702 <main+0x54>
    66ea:	007a1737          	lui	a4,0x7a1
    66ee:	20070713          	addi	a4,a4,512 # 7a1200 <ch32v20x_wwdg.c.13394d49+0x783342>
    66f2:	a821                	j	670a <main+0x5c>
    66f4:	40021737          	lui	a4,0x40021
    66f8:	4358                	lw	a4,4(a4)
    66fa:	000206b7          	lui	a3,0x20
    66fe:	8f75                	and	a4,a4,a3
    6700:	d76d                	beqz	a4,66ea <main+0x3c>
    6702:	003d1737          	lui	a4,0x3d1
    6706:	90070713          	addi	a4,a4,-1792 # 3d0900 <ch32v20x_wwdg.c.13394d49+0x3b2a42>
    670a:	02e787b3          	mul	a5,a5,a4
    670e:	40021737          	lui	a4,0x40021
    6712:	4354                	lw	a3,4(a4)
    6714:	20000737          	lui	a4,0x20000
    6718:	00070713          	mv	a4,a4
    671c:	8291                	srli	a3,a3,0x4
    671e:	8abd                	andi	a3,a3,15
    6720:	9736                	add	a4,a4,a3
    6722:	2314                	lbu	a3,0(a4)
    6724:	20000737          	lui	a4,0x20000
    6728:	00d7d7b3          	srl	a5,a5,a3
    672c:	18f72823          	sw	a5,400(a4) # 20000190 <SystemCoreClock>
    6730:	e000f7b7          	lui	a5,0xe000f
    6734:	0007a023          	sw	zero,0(a5) # e000f000 <__freertos_irq_stack_top+0xc000a000>
    6738:	0007a223          	sw	zero,4(a5)
    673c:	0007a423          	sw	zero,8(a5)
    6740:	0007a623          	sw	zero,12(a5)
    6744:	56fd                	li	a3,-1
    6746:	cb94                	sw	a3,16(a5)
    6748:	cbd4                	sw	a3,20(a5)
    674a:	46a5                	li	a3,9
    674c:	c394                	sw	a3,0(a5)
    674e:	19072683          	lw	a3,400(a4)
    6752:	007a1737          	lui	a4,0x7a1
    6756:	1ff70613          	addi	a2,a4,511 # 7a11ff <ch32v20x_wwdg.c.13394d49+0x783341>
    675a:	4785                	li	a5,1
    675c:	00d67663          	bgeu	a2,a3,6768 <main+0xba>
    6760:	20070713          	addi	a4,a4,512
    6764:	02e6d7b3          	divu	a5,a3,a4
    6768:	3e800713          	li	a4,1000
    676c:	80f1ae23          	sw	a5,-2020(gp) # 200001ac <time_hw_tpus>
    6770:	02e787b3          	mul	a5,a5,a4
    6774:	82f1a623          	sw	a5,-2004(gp) # 200001bc <time_hw_tpms>
    6778:	08800793          	li	a5,136
    677c:	8007a073          	csrs	0x800,a5
    6780:	400217b7          	lui	a5,0x40021
    6784:	4b98                	lw	a4,16(a5)
    6786:	6685                	lui	a3,0x1
    6788:	80068693          	addi	a3,a3,-2048 # 800 <__stack_size>
    678c:	8f55                	or	a4,a4,a3
    678e:	cb98                	sw	a4,16(a5)
    6790:	4b94                	lw	a3,16(a5)
    6792:	777d                	lui	a4,0xfffff
    6794:	7ff70713          	addi	a4,a4,2047 # fffff7ff <__freertos_irq_stack_top+0xdfffa7ff>
    6798:	8ef9                	and	a3,a3,a4
    679a:	cb94                	sw	a3,16(a5)
    679c:	4fd4                	lw	a3,28(a5)
    679e:	8f75                	and	a4,a4,a3
    67a0:	cfd8                	sw	a4,28(a5)
    67a2:	4f98                	lw	a4,24(a5)
    67a4:	00176713          	ori	a4,a4,1
    67a8:	cf98                	sw	a4,24(a5)
    67aa:	4705                	li	a4,1
    67ac:	9ee1a023          	sw	a4,-1568(gp) # 20000370 <NVIC_Priority_Group>
    67b0:	40022737          	lui	a4,0x40022
    67b4:	5b14                	lw	a3,48(a4)
    67b6:	400107b7          	lui	a5,0x40010
    67ba:	0f000737          	lui	a4,0xf000
    67be:	43dc                	lw	a5,4(a5)
    67c0:	8f75                	and	a4,a4,a3
    67c2:	eb01                	bnez	a4,67d2 <main+0x124>
    67c4:	0017d713          	srli	a4,a5,0x1
    67c8:	76f9                	lui	a3,0xffffe
    67ca:	07ce                	slli	a5,a5,0x13
    67cc:	8f75                	and	a4,a4,a3
    67ce:	83cd                	srli	a5,a5,0x13
    67d0:	8fd9                	or	a5,a5,a4
    67d2:	7761                	lui	a4,0xffff8
    67d4:	177d                	addi	a4,a4,-1 # ffff7fff <__freertos_irq_stack_top+0xdfff2fff>
    67d6:	8ff9                	and	a5,a5,a4
    67d8:	0f008737          	lui	a4,0xf008
    67dc:	8fd9                	or	a5,a5,a4
    67de:	400119b7          	lui	s3,0x40011
    67e2:	40010737          	lui	a4,0x40010
    67e6:	c35c                	sw	a5,4(a4)
    67e8:	4689                	li	a3,2
    67ea:	40098613          	addi	a2,s3,1024 # 40011400 <__freertos_irq_stack_top+0x2000c400>
    67ee:	4585                	li	a1,1
    67f0:	af418513          	addi	a0,gp,-1292 # 20000484 <SYS_RGB>
    67f4:	b47fb0ef          	jal	ra,233a <_ZN12WS2812_class4initEhP12GPIO_TypeDeft>
    67f8:	6a05                	lui	s4,0x1
    67fa:	20002437          	lui	s0,0x20002
    67fe:	800a0693          	addi	a3,s4,-2048 # 800 <__stack_size>
    6802:	80098613          	addi	a2,s3,-2048
    6806:	4589                	li	a1,2
    6808:	25840513          	addi	a0,s0,600 # 20002258 <RGBOUT>
    680c:	b2ffb0ef          	jal	ra,233a <_ZN12WS2812_class4initEhP12GPIO_TypeDeft>
    6810:	20002537          	lui	a0,0x20002
    6814:	10000693          	li	a3,256
    6818:	80098613          	addi	a2,s3,-2048
    681c:	4589                	li	a1,2
    681e:	28850513          	addi	a0,a0,648 # 20002288 <RGBOUT+0x30>
    6822:	b19fb0ef          	jal	ra,233a <_ZN12WS2812_class4initEhP12GPIO_TypeDeft>
    6826:	20002537          	lui	a0,0x20002
    682a:	4689                	li	a3,2
    682c:	c0098613          	addi	a2,s3,-1024
    6830:	4589                	li	a1,2
    6832:	2b850513          	addi	a0,a0,696 # 200022b8 <RGBOUT+0x60>
    6836:	b05fb0ef          	jal	ra,233a <_ZN12WS2812_class4initEhP12GPIO_TypeDeft>
    683a:	20002537          	lui	a0,0x20002
    683e:	4685                	li	a3,1
    6840:	c0098613          	addi	a2,s3,-1024
    6844:	4589                	li	a1,2
    6846:	2e850513          	addi	a0,a0,744 # 200022e8 <RGBOUT+0x90>
    684a:	af1fb0ef          	jal	ra,233a <_ZN12WS2812_class4initEhP12GPIO_TypeDeft>
    684e:	4529                	li	a0,10
    6850:	989fa0ef          	jal	ra,11d8 <delay.part.0>
    6854:	af418793          	addi	a5,gp,-1292 # 20000484 <SYS_RGB>
    6858:	23f8                	lbu	a4,6(a5)
    685a:	cb09                	beqz	a4,686c <main+0x1be>
    685c:	4798                	lw	a4,8(a5)
    685e:	01470763          	beq	a4,s4,686c <main+0x1be>
    6862:	4705                	li	a4,1
    6864:	0147a423          	sw	s4,8(a5) # 40010008 <__freertos_irq_stack_top+0x2000b008>
    6868:	02e78623          	sb	a4,44(a5)
    686c:	25840793          	addi	a5,s0,600
    6870:	4705                	li	a4,1
    6872:	23f4                	lbu	a3,6(a5)
    6874:	c699                	beqz	a3,6882 <main+0x1d4>
    6876:	4794                	lw	a3,8(a5)
    6878:	c689                	beqz	a3,6882 <main+0x1d4>
    687a:	0007a423          	sw	zero,8(a5)
    687e:	02e78623          	sb	a4,44(a5)
    6882:	200026b7          	lui	a3,0x20002
    6886:	03078793          	addi	a5,a5,48
    688a:	31868693          	addi	a3,a3,792 # 20002318 <_ZL10g_fil_last>
    688e:	fed792e3          	bne	a5,a3,6872 <main+0x1c4>
    6892:	ffbfa0ef          	jal	ra,188c <_Z10RGB_updatev>
    6896:	03200513          	li	a0,50
    689a:	93ffa0ef          	jal	ra,11d8 <delay.part.0>
    689e:	8741a403          	lw	s0,-1932(gp) # 20000204 <_ZL7g_scale+0x44>
    68a2:	200024b7          	lui	s1,0x20002
    68a6:	dd848713          	addi	a4,s1,-552 # 20001dd8 <ams>
    68aa:	4501                	li	a0,0
    68ac:	dd848493          	addi	s1,s1,-552
    68b0:	56fd                	li	a3,-1
    68b2:	11400313          	li	t1,276
    68b6:	04700813          	li	a6,71
    68ba:	04600e13          	li	t3,70
    68be:	03000893          	li	a7,48
    68c2:	0dc00e93          	li	t4,220
    68c6:	0f000f13          	li	t5,240
    68ca:	05000f93          	li	t6,80
    68ce:	04500293          	li	t0,69
    68d2:	05400393          	li	t2,84
    68d6:	4985                	li	s3,1
    68d8:	4a59                	li	s4,22
    68da:	4ad1                	li	s5,20
    68dc:	4b11                	li	s6,4
    68de:	02650bb3          	mul	s7,a0,t1
    68e2:	10d70223          	sb	a3,260(a4) # 40010104 <__freertos_irq_stack_top+0x2000b104>
    68e6:	100706a3          	sb	zero,269(a4)
    68ea:	10d71723          	sh	a3,270(a4)
    68ee:	10070823          	sb	zero,272(a4)
    68f2:	87ba                	mv	a5,a4
    68f4:	4581                	li	a1,0
    68f6:	00659613          	slli	a2,a1,0x6
    68fa:	965e                	add	a2,a2,s7
    68fc:	9626                	add	a2,a2,s1
    68fe:	02062423          	sw	zero,40(a2) # e000f028 <__freertos_irq_stack_top+0xc000a028>
    6902:	02062623          	sw	zero,44(a2)
    6906:	00000613          	li	a2,0
    690a:	01078223          	sb	a6,4(a5)
    690e:	01c782a3          	sb	t3,5(a5)
    6912:	01078323          	sb	a6,6(a5)
    6916:	011783a3          	sb	a7,7(a5)
    691a:	01178423          	sb	a7,8(a5)
    691e:	000784a3          	sb	zero,9(a5)
    6922:	a7d4                	sb	a3,12(a5)
    6924:	b7d4                	sb	a3,13(a5)
    6926:	a7f4                	sb	a3,14(a5)
    6928:	b7f4                	sb	a3,15(a5)
    692a:	01d79823          	sh	t4,16(a5)
    692e:	01e79923          	sh	t5,18(a5)
    6932:	01f78a23          	sb	t6,20(a5)
    6936:	00578aa3          	sb	t0,21(a5)
    693a:	00778b23          	sb	t2,22(a5)
    693e:	01078ba3          	sb	a6,23(a5)
    6942:	00078c23          	sb	zero,24(a5)
    6946:	dfc0                	sw	s0,60(a5)
    6948:	c3b0                	sw	a2,64(a5)
    694a:	03378a23          	sb	s3,52(a5)
    694e:	02078aa3          	sb	zero,53(a5)
    6952:	03478ba3          	sb	s4,55(a5)
    6956:	03578c23          	sb	s5,56(a5)
    695a:	0585                	addi	a1,a1,1
    695c:	04078793          	addi	a5,a5,64
    6960:	f9659be3          	bne	a1,s6,68f6 <main+0x248>
    6964:	0505                	addi	a0,a0,1
    6966:	11470713          	addi	a4,a4,276
    696a:	f6b51ae3          	bne	a0,a1,68de <main+0x230>
    696e:	d0efe0ef          	jal	ra,4e7c <_Z16Flash_saves_initv>
    6972:	aac1c783          	lbu	a5,-1364(gp) # 2000043c <_ZL16g_adc_dma_inited>
    6976:	2e0789e3          	beqz	a5,7468 <main+0xdba>
    697a:	df8fb0ef          	jal	ra,1f72 <_Z19ADC_DMA_gpio_analogv>
    697e:	400207b7          	lui	a5,0x40020
    6982:	473d                	li	a4,15
    6984:	c3d8                	sw	a4,4(a5)
    6986:	0ff0000f          	fence
    698a:	ffcf90ef          	jal	ra,186 <_ZL12filter_resetv>
    698e:	87dfa0ef          	jal	ra,120a <_Z17ADC_DMA_wait_fullv>
    6992:	879fa0ef          	jal	ra,120a <_Z17ADC_DMA_wait_fullv>
    6996:	917fe0ef          	jal	ra,52ac <_Z24MC_PULL_calibration_bootv>
    699a:	200029b7          	lui	s3,0x20002
    699e:	200027b7          	lui	a5,0x20002
    69a2:	31898993          	addi	s3,s3,792 # 20002318 <_ZL10g_fil_last>
    69a6:	dd878413          	addi	s0,a5,-552 # 20001dd8 <ams>
    69aa:	4a01                	li	s4,0
    69ac:	aa818a93          	addi	s5,gp,-1368 # 20000438 <_ZL10g_fil_have>
    69b0:	4b11                	li	s6,4
    69b2:	015a07b3          	add	a5,s4,s5
    69b6:	239c                	lbu	a5,0(a5)
    69b8:	cba9                	beqz	a5,6a0a <main+0x35c>
    69ba:	02000613          	li	a2,32
    69be:	85ce                	mv	a1,s3
    69c0:	08a8                	addi	a0,sp,88
    69c2:	f3ef90ef          	jal	ra,100 <memcpy>
    69c6:	4866                	lw	a6,88(sp)
    69c8:	0089c503          	lbu	a0,8(s3)
    69cc:	0099c583          	lbu	a1,9(s3)
    69d0:	00a9c603          	lbu	a2,10(s3)
    69d4:	00b9c683          	lbu	a3,11(s3)
    69d8:	00c9d703          	lhu	a4,12(s3)
    69dc:	00e9d783          	lhu	a5,14(s3)
    69e0:	01042223          	sw	a6,4(s0)
    69e4:	4876                	lw	a6,92(sp)
    69e6:	a448                	sb	a0,12(s0)
    69e8:	b44c                	sb	a1,13(s0)
    69ea:	a470                	sb	a2,14(s0)
    69ec:	01042423          	sw	a6,8(s0)
    69f0:	b474                	sb	a3,15(s0)
    69f2:	a81a                	sh	a4,16(s0)
    69f4:	a83e                	sh	a5,18(s0)
    69f6:	02042223          	sw	zero,36(s0)
    69fa:	4641                	li	a2,16
    69fc:	10ac                	addi	a1,sp,104
    69fe:	01440513          	addi	a0,s0,20
    6a02:	efef90ef          	jal	ra,100 <memcpy>
    6a06:	020403a3          	sb	zero,39(s0)
    6a0a:	0a05                	addi	s4,s4,1
    6a0c:	02098993          	addi	s3,s3,32
    6a10:	04040413          	addi	s0,s0,64
    6a14:	f96a1fe3          	bne	s4,s6,69b2 <main+0x304>
    6a18:	000808b7          	lui	a7,0x80
    6a1c:	e339e337          	lui	t1,0xe339e
    6a20:	31415e37          	lui	t3,0x31415
    6a24:	4701                	li	a4,0
    6a26:	0ff00793          	li	a5,255
    6a2a:	4681                	li	a3,0
    6a2c:	4801                	li	a6,0
    6a2e:	4501                	li	a0,0
    6a30:	0f688893          	addi	a7,a7,246 # 800f6 <ch32v20x_wwdg.c.13394d49+0x62238>
    6a34:	33930313          	addi	t1,t1,825 # e339e339 <__freertos_irq_stack_top+0xc3399339>
    6a38:	5ffd                	li	t6,-1
    6a3a:	0a500293          	li	t0,165
    6a3e:	453e0e13          	addi	t3,t3,1107 # 31415453 <__freertos_irq_stack_top+0x11410453>
    6a42:	14000f13          	li	t5,320
    6a46:	00555613          	srli	a2,a0,0x5
    6a4a:	9646                	add	a2,a2,a7
    6a4c:	01f57593          	andi	a1,a0,31
    6a50:	058e                	slli	a1,a1,0x3
    6a52:	0622                	slli	a2,a2,0x8
    6a54:	962e                	add	a2,a2,a1
    6a56:	420c                	lw	a1,0(a2)
    6a58:	4250                	lw	a2,4(a2)
    6a5a:	02658d63          	beq	a1,t1,6a94 <main+0x3e6>
    6a5e:	03f58b63          	beq	a1,t6,6a94 <main+0x3e6>
    6a62:	0185de93          	srli	t4,a1,0x18
    6a66:	025e9763          	bne	t4,t0,6a94 <main+0x3e6>
    6a6a:	8e2d                	xor	a2,a2,a1
    6a6c:	03c61463          	bne	a2,t3,6a94 <main+0x3e6>
    6a70:	0085d613          	srli	a2,a1,0x8
    6a74:	0642                	slli	a2,a2,0x10
    6a76:	8241                	srli	a2,a2,0x10
    6a78:	00080963          	beqz	a6,6a8a <main+0x3dc>
    6a7c:	40d60eb3          	sub	t4,a2,a3
    6a80:	0ec2                	slli	t4,t4,0x10
    6a82:	410ede93          	srai	t4,t4,0x10
    6a86:	01d05763          	blez	t4,6a94 <main+0x3e6>
    6a8a:	0ff5f793          	zext.b	a5,a1
    6a8e:	872a                	mv	a4,a0
    6a90:	86b2                	mv	a3,a2
    6a92:	4805                	li	a6,1
    6a94:	0505                	addi	a0,a0,1
    6a96:	fbe518e3          	bne	a0,t5,6a46 <main+0x398>
    6a9a:	1c080be3          	beqz	a6,7470 <main+0xdc2>
    6a9e:	0705                	addi	a4,a4,1
    6aa0:	02a77733          	remu	a4,a4,a0
    6aa4:	0685                	addi	a3,a3,1
    6aa6:	06c2                	slli	a3,a3,0x10
    6aa8:	82c1                	srli	a3,a3,0x10
    6aaa:	863e                	mv	a2,a5
    6aac:	0742                	slli	a4,a4,0x10
    6aae:	8341                	srli	a4,a4,0x10
    6ab0:	aad19023          	sh	a3,-1376(gp) # 20000430 <_ZL9g_sta_seq>
    6ab4:	a8e19f23          	sh	a4,-1378(gp) # 2000042e <_ZL10g_sta_slot>
    6ab8:	a9018e23          	sb	a6,-1380(gp) # 2000042c <_ZL16g_sta_have_saved>
    6abc:	82c18423          	sb	a2,-2008(gp) # 200001b8 <_ZL18g_sta_saved_loaded>
    6ac0:	80f18a23          	sb	a5,-2028(gp) # 200001a4 <_ZL11g_loaded_ch>
    6ac4:	470d                	li	a4,3
    6ac6:	02f76963          	bltu	a4,a5,6af8 <main+0x44a>
    6aca:	4711                	li	a4,4
    6acc:	10e486a3          	sb	a4,269(s1)
    6ad0:	670d                	lui	a4,0x3
    6ad2:	b0070713          	addi	a4,a4,-1280 # 2b00 <_ZL16motor_motion_runiym+0x626>
    6ad6:	10f48223          	sb	a5,260(s1)
    6ada:	079a                	slli	a5,a5,0x6
    6adc:	10e49723          	sh	a4,270(s1)
    6ae0:	02048aa3          	sb	zero,53(s1)
    6ae4:	06048aa3          	sb	zero,117(s1)
    6ae8:	0a048aa3          	sb	zero,181(s1)
    6aec:	0e048aa3          	sb	zero,245(s1)
    6af0:	97a6                	add	a5,a5,s1
    6af2:	4709                	li	a4,2
    6af4:	02e78aa3          	sb	a4,53(a5)
    6af8:	4785                	li	a5,1
    6afa:	10f48823          	sb	a5,272(s1)
    6afe:	478d                	li	a5,3
    6b00:	a09c                	sb	a5,0(s1)
    6b02:	dc6fe0ef          	jal	ra,50c8 <_ZL19Motion_control_readv>
    6b06:	ca8fb0ef          	jal	ra,1fae <_Z32MC_PULL_detect_channels_insertedv>
    6b0a:	e000f7b7          	lui	a5,0xe000f
    6b0e:	4788                	lw	a0,8(a5)
    6b10:	4405                	li	s0,1
    6b12:	adbf90ef          	jal	ra,5ec <_ZL19MC_PULL_ONLINE_readm>
    6b16:	20002537          	lui	a0,0x20002
    6b1a:	200025b7          	lui	a1,0x20002
    6b1e:	20002637          	lui	a2,0x20002
    6b22:	200026b7          	lui	a3,0x20002
    6b26:	81818e13          	addi	t3,gp,-2024 # 200001a8 <_ZL9dm_loaded>
    6b2a:	a8818313          	addi	t1,gp,-1400 # 20000418 <_ZL13dm_fail_latch>
    6b2e:	a5818893          	addi	a7,gp,-1448 # 200003e8 <_ZL13dm_auto_state>
    6b32:	a5418813          	addi	a6,gp,-1452 # 200003e4 <_ZL11dm_auto_try>
    6b36:	cb050513          	addi	a0,a0,-848 # 20001cb0 <_ZL13dm_auto_t0_ms>
    6b3a:	ca058593          	addi	a1,a1,-864 # 20001ca0 <_ZL16dm_auto_remain_m>
    6b3e:	c9060613          	addi	a2,a2,-880 # 20001c90 <_ZL14dm_auto_last_m>
    6b42:	c7068693          	addi	a3,a3,-912 # 20001c70 <_ZL20dm_loaded_drop_t0_ms>
    6b46:	a5018713          	addi	a4,gp,-1456 # 200003e0 <_ZL16dm_autoload_gate>
    6b4a:	4781                	li	a5,0
    6b4c:	a9818f13          	addi	t5,gp,-1384 # 20000428 <filament_channel_inserted>
    6b50:	a8c18f93          	addi	t6,gp,-1396 # 2000041c <_ZL17MC_ONLINE_key_stu>
    6b54:	4391                	li	t2,4
    6b56:	01e78eb3          	add	t4,a5,t5
    6b5a:	000ece83          	lbu	t4,0(t4)
    6b5e:	100e9fe3          	bnez	t4,747c <main+0xdce>
    6b62:	4981                	li	s3,0
    6b64:	4a01                	li	s4,0
    6b66:	00000493          	li	s1,0
    6b6a:	008e0023          	sb	s0,0(t3)
    6b6e:	00030023          	sb	zero,0(t1)
    6b72:	00088023          	sb	zero,0(a7)
    6b76:	00080023          	sb	zero,0(a6)
    6b7a:	01352023          	sw	s3,0(a0)
    6b7e:	01452223          	sw	s4,4(a0)
    6b82:	c184                	sw	s1,0(a1)
    6b84:	c204                	sw	s1,0(a2)
    6b86:	0136a023          	sw	s3,0(a3)
    6b8a:	0146a223          	sw	s4,4(a3)
    6b8e:	00070023          	sb	zero,0(a4)
    6b92:	0785                	addi	a5,a5,1 # e000f001 <__freertos_irq_stack_top+0xc000a001>
    6b94:	0e05                	addi	t3,t3,1
    6b96:	0305                	addi	t1,t1,1
    6b98:	0885                	addi	a7,a7,1
    6b9a:	0805                	addi	a6,a6,1
    6b9c:	0521                	addi	a0,a0,8
    6b9e:	0591                	addi	a1,a1,4
    6ba0:	0611                	addi	a2,a2,4
    6ba2:	06a1                	addi	a3,a3,8
    6ba4:	0705                	addi	a4,a4,1
    6ba6:	fa7798e3          	bne	a5,t2,6b56 <main+0x4a8>
    6baa:	20002437          	lui	s0,0x20002
    6bae:	cf040713          	addi	a4,s0,-784 # 20001cf0 <MC_AS5600>
    6bb2:	cb1c                	sw	a5,16(a4)
    6bb4:	81c1a783          	lw	a5,-2020(gp) # 200001ac <time_hw_tpus>
    6bb8:	cf040413          	addi	s0,s0,-784
    6bbc:	078a                	slli	a5,a5,0x2
    6bbe:	e391                	bnez	a5,6bc2 <main+0x514>
    6bc0:	4785                	li	a5,1
    6bc2:	20000737          	lui	a4,0x20000
    6bc6:	6a2d                	lui	s4,0xb
    6bc8:	69ad                	lui	s3,0xb
    6bca:	18f72a23          	sw	a5,404(a4) # 20000194 <_ZL17g_iic_delay_ticks>
    6bce:	7a0a0a13          	addi	s4,s4,1952 # b7a0 <_ZL15AS5600_SCL_PORT>
    6bd2:	79098993          	addi	s3,s3,1936 # b790 <_ZL15AS5600_SDA_PORT>
    6bd6:	4481                	li	s1,0
    6bd8:	4901                	li	s2,0
    6bda:	9bc18a93          	addi	s5,gp,-1604 # 2000034c <_ZL14AS5600_SCL_PIN>
    6bde:	9b418b13          	addi	s6,gp,-1612 # 20000344 <_ZL14AS5600_SDA_PIN>
    6be2:	5c7d                	li	s8,-1
    6be4:	481c                	lw	a5,16(s0)
    6be6:	0ef940e3          	blt	s2,a5,74c6 <main+0xe18>
    6bea:	4981                	li	s3,0
    6bec:	4b0d                	li	s6,3
    6bee:	4bc1                	li	s7,16
    6bf0:	4ad1                	li	s5,20
    6bf2:	481c                	lw	a5,16(s0)
    6bf4:	14f9c4e3          	blt	s3,a5,753c <main+0xe8e>
    6bf8:	afeff0ef          	jal	ra,5ef6 <_ZN20AS5600_soft_IIC_many10updata_stuEv.constprop.0>
    6bfc:	b86ff0ef          	jal	ra,5f82 <_ZN20AS5600_soft_IIC_many12updata_angleEv.constprop.0>
    6c00:	af6ff0ef          	jal	ra,5ef6 <_ZN20AS5600_soft_IIC_many10updata_stuEv.constprop.0>
    6c04:	00042e03          	lw	t3,0(s0)
    6c08:	00442e83          	lw	t4,4(s0)
    6c0c:	4781                	li	a5,0
    6c0e:	5f7d                	li	t5,-1
    6c10:	a6018813          	addi	a6,gp,-1440 # 200003f0 <_ZL13g_as5600_good>
    6c14:	a6818593          	addi	a1,gp,-1432 # 200003f8 <_ZL13g_as5600_fail>
    6c18:	a6418693          	addi	a3,gp,-1436 # 200003f4 <_ZL17g_as5600_okstreak>
    6c1c:	4891                	li	a7,4
    6c1e:	00fe0733          	add	a4,t3,a5
    6c22:	2318                	lbu	a4,0(a4)
    6c24:	180709e3          	beqz	a4,75b6 <main+0xf08>
    6c28:	00279713          	slli	a4,a5,0x2
    6c2c:	9776                	add	a4,a4,t4
    6c2e:	4318                	lw	a4,0(a4)
    6c30:	19e703e3          	beq	a4,t5,75b6 <main+0xf08>
    6c34:	4505                	li	a0,1
    6c36:	4601                	li	a2,0
    6c38:	4709                	li	a4,2
    6c3a:	01078333          	add	t1,a5,a6
    6c3e:	00a30023          	sb	a0,0(t1)
    6c42:	00b78533          	add	a0,a5,a1
    6c46:	a110                	sb	a2,0(a0)
    6c48:	00d78633          	add	a2,a5,a3
    6c4c:	a218                	sb	a4,0(a2)
    6c4e:	0785                	addi	a5,a5,1
    6c50:	fd1797e3          	bne	a5,a7,6c1e <main+0x570>
    6c54:	4418                	lw	a4,8(s0)
    6c56:	200026b7          	lui	a3,0x20002
    6c5a:	200027b7          	lui	a5,0x20002
    6c5e:	cd068693          	addi	a3,a3,-816 # 20001cd0 <as5600_distance_save>
    6c62:	00870613          	addi	a2,a4,8
    6c66:	c6078793          	addi	a5,a5,-928 # 20001c60 <_ZL21filament_now_position>
    6c6a:	230e                	lhu	a1,0(a4)
    6c6c:	0007a023          	sw	zero,0(a5)
    6c70:	0709                	addi	a4,a4,2
    6c72:	c28c                	sw	a1,0(a3)
    6c74:	0791                	addi	a5,a5,4
    6c76:	0691                	addi	a3,a3,4
    6c78:	fee619e3          	bne	a2,a4,6c6a <main+0x5bc>
    6c7c:	40021437          	lui	s0,0x40021
    6c80:	4c1c                	lw	a5,24(s0)
    6c82:	400114b7          	lui	s1,0x40011
    6c86:	08ac                	addi	a1,sp,88
    6c88:	00c7e793          	ori	a5,a5,12
    6c8c:	cc1c                	sw	a5,24(s0)
    6c8e:	3f800793          	li	a5,1016
    6c92:	04f11c23          	sh	a5,88(sp)
    6c96:	47e1                	li	a5,24
    6c98:	d0be                	sw	a5,96(sp)
    6c9a:	c0048513          	addi	a0,s1,-1024 # 40010c00 <__freertos_irq_stack_top+0x2000bc00>
    6c9e:	478d                	li	a5,3
    6ca0:	cebe                	sw	a5,92(sp)
    6ca2:	e29fa0ef          	jal	ra,1aca <GPIO_Init>
    6ca6:	77e1                	lui	a5,0xffff8
    6ca8:	08ac                	addi	a1,sp,88
    6caa:	80048513          	addi	a0,s1,-2048
    6cae:	04f11c23          	sh	a5,88(sp)
    6cb2:	e19fa0ef          	jal	ra,1aca <GPIO_Init>
    6cb6:	4c1c                	lw	a5,24(s0)
    6cb8:	40000737          	lui	a4,0x40000
    6cbc:	3e700513          	li	a0,999
    6cc0:	0017e793          	ori	a5,a5,1
    6cc4:	cc1c                	sw	a5,24(s0)
    6cc6:	4c5c                	lw	a5,28(s0)
    6cc8:	4585                	li	a1,1
    6cca:	40070693          	addi	a3,a4,1024 # 40000400 <__freertos_irq_stack_top+0x1fffb400>
    6cce:	0017e793          	ori	a5,a5,1
    6cd2:	cc5c                	sw	a5,28(s0)
    6cd4:	4c5c                	lw	a5,28(s0)
    6cd6:	40001837          	lui	a6,0x40001
    6cda:	78e5                	lui	a7,0xffff9
    6cdc:	0027e793          	ori	a5,a5,2
    6ce0:	cc5c                	sw	a5,28(s0)
    6ce2:	4c5c                	lw	a5,28(s0)
    6ce4:	cff88893          	addi	a7,a7,-769 # ffff8cff <__freertos_irq_stack_top+0xdfff3cff>
    6ce8:	0047e793          	ori	a5,a5,4
    6cec:	cc5c                	sw	a5,28(s0)
    6cee:	231e                	lhu	a5,0(a4)
    6cf0:	07c2                	slli	a5,a5,0x10
    6cf2:	83c1                	srli	a5,a5,0x10
    6cf4:	c8f7f793          	andi	a5,a5,-881
    6cf8:	07c2                	slli	a5,a5,0x10
    6cfa:	83c1                	srli	a5,a5,0x10
    6cfc:	a31e                	sh	a5,0(a4)
    6cfe:	b74a                	sh	a0,44(a4)
    6d00:	b70e                	sh	a1,40(a4)
    6d02:	ab4e                	sh	a1,20(a4)
    6d04:	40075783          	lhu	a5,1024(a4)
    6d08:	07c2                	slli	a5,a5,0x10
    6d0a:	83c1                	srli	a5,a5,0x10
    6d0c:	c8f7f793          	andi	a5,a5,-881
    6d10:	07c2                	slli	a5,a5,0x10
    6d12:	83c1                	srli	a5,a5,0x10
    6d14:	40f71023          	sh	a5,1024(a4)
    6d18:	b6ca                	sh	a0,44(a3)
    6d1a:	b68e                	sh	a1,40(a3)
    6d1c:	aace                	sh	a1,20(a3)
    6d1e:	80085603          	lhu	a2,-2048(a6) # 40000800 <__freertos_irq_stack_top+0x1fffb800>
    6d22:	80080793          	addi	a5,a6,-2048
    6d26:	0642                	slli	a2,a2,0x10
    6d28:	8241                	srli	a2,a2,0x10
    6d2a:	c8f67613          	andi	a2,a2,-881
    6d2e:	0642                	slli	a2,a2,0x10
    6d30:	8241                	srli	a2,a2,0x10
    6d32:	80c81023          	sh	a2,-2048(a6)
    6d36:	b7ca                	sh	a0,44(a5)
    6d38:	b78e                	sh	a1,40(a5)
    6d3a:	abce                	sh	a1,20(a5)
    6d3c:	3312                	lhu	a2,32(a4)
    6d3e:	6819                	lui	a6,0x6
    6d40:	0642                	slli	a2,a2,0x10
    6d42:	8241                	srli	a2,a2,0x10
    6d44:	9a79                	andi	a2,a2,-2
    6d46:	0642                	slli	a2,a2,0x10
    6d48:	8241                	srli	a2,a2,0x10
    6d4a:	b312                	sh	a2,32(a4)
    6d4c:	3312                	lhu	a2,32(a4)
    6d4e:	234a                	lhu	a0,4(a4)
    6d50:	2f0e                	lhu	a1,24(a4)
    6d52:	0642                	slli	a2,a2,0x10
    6d54:	0542                	slli	a0,a0,0x10
    6d56:	05c2                	slli	a1,a1,0x10
    6d58:	81c1                	srli	a1,a1,0x10
    6d5a:	8141                	srli	a0,a0,0x10
    6d5c:	f8c5f593          	andi	a1,a1,-116
    6d60:	a34a                	sh	a0,4(a4)
    6d62:	0605e593          	ori	a1,a1,96
    6d66:	8241                	srli	a2,a2,0x10
    6d68:	af0e                	sh	a1,24(a4)
    6d6a:	9a75                	andi	a2,a2,-3
    6d6c:	02071a23          	sh	zero,52(a4)
    6d70:	00166613          	ori	a2,a2,1
    6d74:	b312                	sh	a2,32(a4)
    6d76:	3312                	lhu	a2,32(a4)
    6d78:	0642                	slli	a2,a2,0x10
    6d7a:	8241                	srli	a2,a2,0x10
    6d7c:	9a3d                	andi	a2,a2,-17
    6d7e:	0642                	slli	a2,a2,0x10
    6d80:	8241                	srli	a2,a2,0x10
    6d82:	b312                	sh	a2,32(a4)
    6d84:	3312                	lhu	a2,32(a4)
    6d86:	234a                	lhu	a0,4(a4)
    6d88:	2f0e                	lhu	a1,24(a4)
    6d8a:	0642                	slli	a2,a2,0x10
    6d8c:	0542                	slli	a0,a0,0x10
    6d8e:	0115f5b3          	and	a1,a1,a7
    6d92:	0105e5b3          	or	a1,a1,a6
    6d96:	8141                	srli	a0,a0,0x10
    6d98:	05c2                	slli	a1,a1,0x10
    6d9a:	a34a                	sh	a0,4(a4)
    6d9c:	81c1                	srli	a1,a1,0x10
    6d9e:	8241                	srli	a2,a2,0x10
    6da0:	af0e                	sh	a1,24(a4)
    6da2:	fdf67613          	andi	a2,a2,-33
    6da6:	02071c23          	sh	zero,56(a4)
    6daa:	01066613          	ori	a2,a2,16
    6dae:	b312                	sh	a2,32(a4)
    6db0:	3292                	lhu	a2,32(a3)
    6db2:	0642                	slli	a2,a2,0x10
    6db4:	8241                	srli	a2,a2,0x10
    6db6:	9a79                	andi	a2,a2,-2
    6db8:	0642                	slli	a2,a2,0x10
    6dba:	8241                	srli	a2,a2,0x10
    6dbc:	b292                	sh	a2,32(a3)
    6dbe:	3292                	lhu	a2,32(a3)
    6dc0:	22ca                	lhu	a0,4(a3)
    6dc2:	2e8e                	lhu	a1,24(a3)
    6dc4:	0642                	slli	a2,a2,0x10
    6dc6:	0542                	slli	a0,a0,0x10
    6dc8:	05c2                	slli	a1,a1,0x10
    6dca:	81c1                	srli	a1,a1,0x10
    6dcc:	8141                	srli	a0,a0,0x10
    6dce:	f8c5f593          	andi	a1,a1,-116
    6dd2:	a2ca                	sh	a0,4(a3)
    6dd4:	0605e593          	ori	a1,a1,96
    6dd8:	8241                	srli	a2,a2,0x10
    6dda:	ae8e                	sh	a1,24(a3)
    6ddc:	9a75                	andi	a2,a2,-3
    6dde:	02069a23          	sh	zero,52(a3)
    6de2:	00166613          	ori	a2,a2,1
    6de6:	b292                	sh	a2,32(a3)
    6de8:	3292                	lhu	a2,32(a3)
    6dea:	0642                	slli	a2,a2,0x10
    6dec:	8241                	srli	a2,a2,0x10
    6dee:	9a3d                	andi	a2,a2,-17
    6df0:	0642                	slli	a2,a2,0x10
    6df2:	8241                	srli	a2,a2,0x10
    6df4:	b292                	sh	a2,32(a3)
    6df6:	3292                	lhu	a2,32(a3)
    6df8:	22ca                	lhu	a0,4(a3)
    6dfa:	2e8e                	lhu	a1,24(a3)
    6dfc:	0642                	slli	a2,a2,0x10
    6dfe:	0542                	slli	a0,a0,0x10
    6e00:	0115f5b3          	and	a1,a1,a7
    6e04:	0105e5b3          	or	a1,a1,a6
    6e08:	8141                	srli	a0,a0,0x10
    6e0a:	05c2                	slli	a1,a1,0x10
    6e0c:	a2ca                	sh	a0,4(a3)
    6e0e:	81c1                	srli	a1,a1,0x10
    6e10:	8241                	srli	a2,a2,0x10
    6e12:	ae8e                	sh	a1,24(a3)
    6e14:	fdf67613          	andi	a2,a2,-33
    6e18:	02069c23          	sh	zero,56(a3)
    6e1c:	01066613          	ori	a2,a2,16
    6e20:	b292                	sh	a2,32(a3)
    6e22:	3392                	lhu	a2,32(a5)
    6e24:	0642                	slli	a2,a2,0x10
    6e26:	8241                	srli	a2,a2,0x10
    6e28:	9a79                	andi	a2,a2,-2
    6e2a:	0642                	slli	a2,a2,0x10
    6e2c:	8241                	srli	a2,a2,0x10
    6e2e:	b392                	sh	a2,32(a5)
    6e30:	3392                	lhu	a2,32(a5)
    6e32:	23ca                	lhu	a0,4(a5)
    6e34:	2f8e                	lhu	a1,24(a5)
    6e36:	0642                	slli	a2,a2,0x10
    6e38:	0542                	slli	a0,a0,0x10
    6e3a:	05c2                	slli	a1,a1,0x10
    6e3c:	81c1                	srli	a1,a1,0x10
    6e3e:	f8c5f593          	andi	a1,a1,-116
    6e42:	8141                	srli	a0,a0,0x10
    6e44:	0605e593          	ori	a1,a1,96
    6e48:	8241                	srli	a2,a2,0x10
    6e4a:	a3ca                	sh	a0,4(a5)
    6e4c:	9a75                	andi	a2,a2,-3
    6e4e:	af8e                	sh	a1,24(a5)
    6e50:	02079a23          	sh	zero,52(a5) # ffff8034 <__freertos_irq_stack_top+0xdfff3034>
    6e54:	00166613          	ori	a2,a2,1
    6e58:	b392                	sh	a2,32(a5)
    6e5a:	3392                	lhu	a2,32(a5)
    6e5c:	0642                	slli	a2,a2,0x10
    6e5e:	8241                	srli	a2,a2,0x10
    6e60:	9a3d                	andi	a2,a2,-17
    6e62:	0642                	slli	a2,a2,0x10
    6e64:	8241                	srli	a2,a2,0x10
    6e66:	b392                	sh	a2,32(a5)
    6e68:	3392                	lhu	a2,32(a5)
    6e6a:	23ca                	lhu	a0,4(a5)
    6e6c:	2f8e                	lhu	a1,24(a5)
    6e6e:	0642                	slli	a2,a2,0x10
    6e70:	0542                	slli	a0,a0,0x10
    6e72:	0115f5b3          	and	a1,a1,a7
    6e76:	0105e5b3          	or	a1,a1,a6
    6e7a:	8141                	srli	a0,a0,0x10
    6e7c:	05c2                	slli	a1,a1,0x10
    6e7e:	a3ca                	sh	a0,4(a5)
    6e80:	81c1                	srli	a1,a1,0x10
    6e82:	8241                	srli	a2,a2,0x10
    6e84:	af8e                	sh	a1,24(a5)
    6e86:	fdf67613          	andi	a2,a2,-33
    6e8a:	02079c23          	sh	zero,56(a5)
    6e8e:	01066613          	ori	a2,a2,16
    6e92:	b392                	sh	a2,32(a5)
    6e94:	3392                	lhu	a2,32(a5)
    6e96:	0642                	slli	a2,a2,0x10
    6e98:	8241                	srli	a2,a2,0x10
    6e9a:	eff67613          	andi	a2,a2,-257
    6e9e:	0642                	slli	a2,a2,0x10
    6ea0:	8241                	srli	a2,a2,0x10
    6ea2:	b392                	sh	a2,32(a5)
    6ea4:	3392                	lhu	a2,32(a5)
    6ea6:	23ca                	lhu	a0,4(a5)
    6ea8:	2fce                	lhu	a1,28(a5)
    6eaa:	0642                	slli	a2,a2,0x10
    6eac:	0542                	slli	a0,a0,0x10
    6eae:	05c2                	slli	a1,a1,0x10
    6eb0:	81c1                	srli	a1,a1,0x10
    6eb2:	8141                	srli	a0,a0,0x10
    6eb4:	f8c5f593          	andi	a1,a1,-116
    6eb8:	a3ca                	sh	a0,4(a5)
    6eba:	0605e593          	ori	a1,a1,96
    6ebe:	8241                	srli	a2,a2,0x10
    6ec0:	afce                	sh	a1,28(a5)
    6ec2:	dff67613          	andi	a2,a2,-513
    6ec6:	02079e23          	sh	zero,60(a5)
    6eca:	10066613          	ori	a2,a2,256
    6ece:	b392                	sh	a2,32(a5)
    6ed0:	338e                	lhu	a1,32(a5)
    6ed2:	767d                	lui	a2,0xfffff
    6ed4:	fff60513          	addi	a0,a2,-1 # ffffefff <__freertos_irq_stack_top+0xdfff9fff>
    6ed8:	8de9                	and	a1,a1,a0
    6eda:	b38e                	sh	a1,32(a5)
    6edc:	0207d303          	lhu	t1,32(a5)
    6ee0:	0047de03          	lhu	t3,4(a5)
    6ee4:	2fca                	lhu	a0,28(a5)
    6ee6:	75f9                	lui	a1,0xffffe
    6ee8:	0e42                	slli	t3,t3,0x10
    6eea:	01157533          	and	a0,a0,a7
    6eee:	01056533          	or	a0,a0,a6
    6ef2:	010e5e13          	srli	t3,t3,0x10
    6ef6:	0542                	slli	a0,a0,0x10
    6ef8:	01c79223          	sh	t3,4(a5)
    6efc:	8141                	srli	a0,a0,0x10
    6efe:	fff58813          	addi	a6,a1,-1 # ffffdfff <__freertos_irq_stack_top+0xdfff8fff>
    6f02:	afca                	sh	a0,28(a5)
    6f04:	01037833          	and	a6,t1,a6
    6f08:	6885                	lui	a7,0x1
    6f0a:	04079023          	sh	zero,64(a5)
    6f0e:	01186833          	or	a6,a6,a7
    6f12:	03079023          	sh	a6,32(a5)
    6f16:	2f0a                	lhu	a0,24(a4)
    6f18:	7ff60613          	addi	a2,a2,2047
    6f1c:	0542                	slli	a0,a0,0x10
    6f1e:	8141                	srli	a0,a0,0x10
    6f20:	995d                	andi	a0,a0,-9
    6f22:	00856513          	ori	a0,a0,8
    6f26:	af0a                	sh	a0,24(a4)
    6f28:	01875803          	lhu	a6,24(a4)
    6f2c:	6505                	lui	a0,0x1
    6f2e:	80050513          	addi	a0,a0,-2048 # 800 <__stack_size>
    6f32:	00c87833          	and	a6,a6,a2
    6f36:	00a86833          	or	a6,a6,a0
    6f3a:	0842                	slli	a6,a6,0x10
    6f3c:	01085813          	srli	a6,a6,0x10
    6f40:	01071c23          	sh	a6,24(a4)
    6f44:	2e9a                	lhu	a4,24(a3)
    6f46:	0742                	slli	a4,a4,0x10
    6f48:	8341                	srli	a4,a4,0x10
    6f4a:	9b5d                	andi	a4,a4,-9
    6f4c:	00876713          	ori	a4,a4,8
    6f50:	ae9a                	sh	a4,24(a3)
    6f52:	2e9a                	lhu	a4,24(a3)
    6f54:	8f71                	and	a4,a4,a2
    6f56:	8f49                	or	a4,a4,a0
    6f58:	0742                	slli	a4,a4,0x10
    6f5a:	8341                	srli	a4,a4,0x10
    6f5c:	ae9a                	sh	a4,24(a3)
    6f5e:	2f9a                	lhu	a4,24(a5)
    6f60:	0742                	slli	a4,a4,0x10
    6f62:	8341                	srli	a4,a4,0x10
    6f64:	9b5d                	andi	a4,a4,-9
    6f66:	00876713          	ori	a4,a4,8
    6f6a:	af9a                	sh	a4,24(a5)
    6f6c:	2f9a                	lhu	a4,24(a5)
    6f6e:	8f71                	and	a4,a4,a2
    6f70:	8f49                	or	a4,a4,a0
    6f72:	0742                	slli	a4,a4,0x10
    6f74:	8341                	srli	a4,a4,0x10
    6f76:	af9a                	sh	a4,24(a5)
    6f78:	2fda                	lhu	a4,28(a5)
    6f7a:	0742                	slli	a4,a4,0x10
    6f7c:	8341                	srli	a4,a4,0x10
    6f7e:	9b5d                	andi	a4,a4,-9
    6f80:	00876713          	ori	a4,a4,8
    6f84:	afda                	sh	a4,28(a5)
    6f86:	2fda                	lhu	a4,28(a5)
    6f88:	8f71                	and	a4,a4,a2
    6f8a:	8f49                	or	a4,a4,a0
    6f8c:	0742                	slli	a4,a4,0x10
    6f8e:	8341                	srli	a4,a4,0x10
    6f90:	afda                	sh	a4,28(a5)
    6f92:	40022737          	lui	a4,0x40022
    6f96:	5b14                	lw	a3,48(a4)
    6f98:	400107b7          	lui	a5,0x40010
    6f9c:	0f000737          	lui	a4,0xf000
    6fa0:	43dc                	lw	a5,4(a5)
    6fa2:	8f75                	and	a4,a4,a3
    6fa4:	e719                	bnez	a4,6fb2 <main+0x904>
    6fa6:	0017d713          	srli	a4,a5,0x1
    6faa:	07ce                	slli	a5,a5,0x13
    6fac:	8f6d                	and	a4,a4,a1
    6fae:	83cd                	srli	a5,a5,0x13
    6fb0:	8fd9                	or	a5,a5,a4
    6fb2:	0f000737          	lui	a4,0xf000
    6fb6:	30070693          	addi	a3,a4,768 # f000300 <ch32v20x_wwdg.c.13394d49+0xefe2442>
    6fba:	cff7f793          	andi	a5,a5,-769
    6fbe:	8fd5                	or	a5,a5,a3
    6fc0:	400106b7          	lui	a3,0x40010
    6fc4:	c2dc                	sw	a5,4(a3)
    6fc6:	42dc                	lw	a5,4(a3)
    6fc8:	400226b7          	lui	a3,0x40022
    6fcc:	5a94                	lw	a3,48(a3)
    6fce:	8f75                	and	a4,a4,a3
    6fd0:	eb01                	bnez	a4,6fe0 <main+0x932>
    6fd2:	0017d713          	srli	a4,a5,0x1
    6fd6:	76f9                	lui	a3,0xffffe
    6fd8:	07ce                	slli	a5,a5,0x13
    6fda:	8f75                	and	a4,a4,a3
    6fdc:	83cd                	srli	a5,a5,0x13
    6fde:	8fd9                	or	a5,a5,a4
    6fe0:	777d                	lui	a4,0xfffff
    6fe2:	3ff70713          	addi	a4,a4,1023 # fffff3ff <__freertos_irq_stack_top+0xdfffa3ff>
    6fe6:	8ff9                	and	a5,a5,a4
    6fe8:	0f001737          	lui	a4,0xf001
    6fec:	80070713          	addi	a4,a4,-2048 # f000800 <ch32v20x_wwdg.c.13394d49+0xefe2942>
    6ff0:	8fd9                	or	a5,a5,a4
    6ff2:	40010737          	lui	a4,0x40010
    6ff6:	c35c                	sw	a5,4(a4)
    6ff8:	435c                	lw	a5,4(a4)
    6ffa:	40022737          	lui	a4,0x40022
    6ffe:	5b14                	lw	a3,48(a4)
    7000:	0f000737          	lui	a4,0xf000
    7004:	8f75                	and	a4,a4,a3
    7006:	eb01                	bnez	a4,7016 <main+0x968>
    7008:	0017d713          	srli	a4,a5,0x1
    700c:	76f9                	lui	a3,0xffffe
    700e:	07ce                	slli	a5,a5,0x13
    7010:	8f75                	and	a4,a4,a3
    7012:	83cd                	srli	a5,a5,0x13
    7014:	8fd9                	or	a5,a5,a4
    7016:	777d                	lui	a4,0xfffff
    7018:	177d                	addi	a4,a4,-1 # ffffefff <__freertos_irq_stack_top+0xdfff9fff>
    701a:	8ff9                	and	a5,a5,a4
    701c:	0f000737          	lui	a4,0xf000
    7020:	8fd9                	or	a5,a5,a4
    7022:	40010737          	lui	a4,0x40010
    7026:	c35c                	sw	a5,4(a4)
    7028:	400007b7          	lui	a5,0x40000
    702c:	0447d703          	lhu	a4,68(a5) # 40000044 <__freertos_irq_stack_top+0x1fffb044>
    7030:	76e1                	lui	a3,0xffff8
    7032:	20002437          	lui	s0,0x20002
    7036:	8f55                	or	a4,a4,a3
    7038:	0742                	slli	a4,a4,0x10
    703a:	8341                	srli	a4,a4,0x10
    703c:	04e79223          	sh	a4,68(a5)
    7040:	239a                	lhu	a4,0(a5)
    7042:	200024b7          	lui	s1,0x20002
    7046:	dc048493          	addi	s1,s1,-576 # 20001dc0 <Motion_control_data_save>
    704a:	08076713          	ori	a4,a4,128
    704e:	a39a                	sh	a4,0(a5)
    7050:	239a                	lhu	a4,0(a5)
    7052:	a0040413          	addi	s0,s0,-1536 # 20001a00 <MOTOR_CONTROL>
    7056:	4911                	li	s2,4
    7058:	00176713          	ori	a4,a4,1
    705c:	a39a                	sh	a4,0(a5)
    705e:	4447d703          	lhu	a4,1092(a5)
    7062:	8f55                	or	a4,a4,a3
    7064:	0742                	slli	a4,a4,0x10
    7066:	8341                	srli	a4,a4,0x10
    7068:	44e79223          	sh	a4,1092(a5)
    706c:	4007d703          	lhu	a4,1024(a5)
    7070:	08076713          	ori	a4,a4,128
    7074:	40e79023          	sh	a4,1024(a5)
    7078:	4007d703          	lhu	a4,1024(a5)
    707c:	00176713          	ori	a4,a4,1
    7080:	40e79023          	sh	a4,1024(a5)
    7084:	400017b7          	lui	a5,0x40001
    7088:	8447d703          	lhu	a4,-1980(a5) # 40000844 <__freertos_irq_stack_top+0x1fffb844>
    708c:	8f55                	or	a4,a4,a3
    708e:	0742                	slli	a4,a4,0x10
    7090:	8341                	srli	a4,a4,0x10
    7092:	84e79223          	sh	a4,-1980(a5)
    7096:	8007d703          	lhu	a4,-2048(a5)
    709a:	08076713          	ori	a4,a4,128
    709e:	80e79023          	sh	a4,-2048(a5)
    70a2:	8007d703          	lhu	a4,-2048(a5)
    70a6:	00176713          	ori	a4,a4,1
    70aa:	80e79023          	sh	a4,-2048(a5)
    70ae:	40021737          	lui	a4,0x40021
    70b2:	4f1c                	lw	a5,24(a4)
    70b4:	0307e793          	ori	a5,a5,48
    70b8:	cf1c                	sw	a5,24(a4)
    70ba:	92cff0ef          	jal	ra,61e6 <_ZL13MOTOR_get_dirv>
    70be:	8bc1a983          	lw	s3,-1860(gp) # 2000024c <_ZL7g_scale+0x8c>
    70c2:	c802                	sw	zero,16(sp)
    70c4:	4542                	lw	a0,16(sp)
    70c6:	4581                	li	a1,0
    70c8:	09840413          	addi	s0,s0,152
    70cc:	f49f90ef          	jal	ra,1014 <_Z22Motion_control_set_PWMhi>
    70d0:	4088                	lw	a0,0(s1)
    70d2:	ff342a23          	sw	s3,-12(s0)
    70d6:	0491                	addi	s1,s1,4
    70d8:	00c040ef          	jal	ra,b0e4 <__floatsisf>
    70dc:	47c2                	lw	a5,16(sp)
    70de:	fea42c23          	sw	a0,-8(s0)
    70e2:	0785                	addi	a5,a5,1
    70e4:	0ff7f793          	zext.b	a5,a5
    70e8:	c83e                	sw	a5,16(sp)
    70ea:	fd279de3          	bne	a5,s2,70c4 <main+0xa16>
    70ee:	8401a703          	lw	a4,-1984(gp) # 200001d0 <_ZL7g_scale+0x10>
    70f2:	8441a783          	lw	a5,-1980(gp) # 200001d4 <_ZL7g_scale+0x14>
    70f6:	1ffff6b7          	lui	a3,0x1ffff
    70fa:	7e868613          	addi	a2,a3,2024 # 1ffff7e8 <ch32v20x_wwdg.c.13394d49+0x1ffe192a>
    70fe:	1b300513          	li	a0,435
    7102:	7f468693          	addi	a3,a3,2036
    7106:	02f507b3          	mul	a5,a0,a5
    710a:	220c                	lbu	a1,0(a2)
    710c:	0605                	addi	a2,a2,1
    710e:	8f2d                	xor	a4,a4,a1
    7110:	00871593          	slli	a1,a4,0x8
    7114:	95be                	add	a1,a1,a5
    7116:	02e537b3          	mulhu	a5,a0,a4
    711a:	02e50733          	mul	a4,a0,a4
    711e:	97ae                	add	a5,a5,a1
    7120:	fed613e3          	bne	a2,a3,7106 <main+0xa58>
    7124:	00279613          	slli	a2,a5,0x2
    7128:	01e75693          	srli	a3,a4,0x1e
    712c:	8ed1                	or	a3,a3,a2
    712e:	01e7d613          	srli	a2,a5,0x1e
    7132:	8f35                	xor	a4,a4,a3
    7134:	8fb1                	xor	a5,a5,a2
    7136:	bf5846b7          	lui	a3,0xbf584
    713a:	1ce4e637          	lui	a2,0x1ce4e
    713e:	5b960613          	addi	a2,a2,1465 # 1ce4e5b9 <ch32v20x_wwdg.c.13394d49+0x1ce306fb>
    7142:	76d68693          	addi	a3,a3,1901 # bf58476d <__freertos_irq_stack_top+0x9f57f76d>
    7146:	02d706b3          	mul	a3,a4,a3
    714a:	200004b7          	lui	s1,0x20000
    714e:	40021937          	lui	s2,0x40021
    7152:	200009b7          	lui	s3,0x20000
    7156:	6a05                	lui	s4,0x1
    7158:	40011437          	lui	s0,0x40011
    715c:	4a8d                	li	s5,3
    715e:	02c787b3          	mul	a5,a5,a2
    7162:	97b6                	add	a5,a5,a3
    7164:	02c706b3          	mul	a3,a4,a2
    7168:	02c73733          	mulhu	a4,a4,a2
    716c:	97ba                	add	a5,a5,a4
    716e:	00579613          	slli	a2,a5,0x5
    7172:	01b6d713          	srli	a4,a3,0x1b
    7176:	8f51                	or	a4,a4,a2
    7178:	01b7d613          	srli	a2,a5,0x1b
    717c:	8f35                	xor	a4,a4,a3
    717e:	8fb1                	xor	a5,a5,a2
    7180:	133116b7          	lui	a3,0x13311
    7184:	94d05637          	lui	a2,0x94d05
    7188:	1eb68693          	addi	a3,a3,491 # 133111eb <ch32v20x_wwdg.c.13394d49+0x132f332d>
    718c:	9bb60613          	addi	a2,a2,-1605 # 94d049bb <__freertos_irq_stack_top+0x74cff9bb>
    7190:	02c70633          	mul	a2,a4,a2
    7194:	02d787b3          	mul	a5,a5,a3
    7198:	97b2                	add	a5,a5,a2
    719a:	02d70633          	mul	a2,a4,a3
    719e:	02d73733          	mulhu	a4,a4,a3
    71a2:	97ba                	add	a5,a5,a4
    71a4:	00179693          	slli	a3,a5,0x1
    71a8:	01f65713          	srli	a4,a2,0x1f
    71ac:	8f55                	or	a4,a4,a3
    71ae:	8e39                	xor	a2,a2,a4
    71b0:	41453737          	lui	a4,0x41453
    71b4:	01f7d693          	srli	a3,a5,0x1f
    71b8:	073d                	addi	a4,a4,15 # 4145300f <__freertos_irq_stack_top+0x2144e00f>
    71ba:	8fb5                	xor	a5,a5,a3
    71bc:	0ce4ae23          	sw	a4,220(s1) # 200000dc <long_packge_version_serial_number>
    71c0:	03000693          	li	a3,48
    71c4:	0dc48713          	addi	a4,s1,220
    71c8:	a354                	sb	a3,4(a4)
    71ca:	66ad                	lui	a3,0xb
    71cc:	7b068693          	addi	a3,a3,1968 # b7b0 <_ZZL28bambubus_build_static_serialvE3hex>
    71d0:	0ff7f313          	zext.b	t1,a5
    71d4:	0187de13          	srli	t3,a5,0x18
    71d8:	0107d813          	srli	a6,a5,0x10
    71dc:	0087d513          	srli	a0,a5,0x8
    71e0:	83f1                	srli	a5,a5,0x1c
    71e2:	97b6                	add	a5,a5,a3
    71e4:	239c                	lbu	a5,0(a5)
    71e6:	0ff87813          	zext.b	a6,a6
    71ea:	0ff57513          	zext.b	a0,a0
    71ee:	b35c                	sb	a5,5(a4)
    71f0:	00fe7793          	andi	a5,t3,15
    71f4:	97b6                	add	a5,a5,a3
    71f6:	239c                	lbu	a5,0(a5)
    71f8:	01865893          	srli	a7,a2,0x18
    71fc:	01065593          	srli	a1,a2,0x10
    7200:	a37c                	sb	a5,6(a4)
    7202:	00485793          	srli	a5,a6,0x4
    7206:	97b6                	add	a5,a5,a3
    7208:	239c                	lbu	a5,0(a5)
    720a:	0ff5f593          	zext.b	a1,a1
    720e:	03c701a3          	sb	t3,35(a4)
    7212:	b37c                	sb	a5,7(a4)
    7214:	00f87793          	andi	a5,a6,15
    7218:	97b6                	add	a5,a5,a3
    721a:	239c                	lbu	a5,0(a5)
    721c:	03070223          	sb	a6,36(a4)
    7220:	02670323          	sb	t1,38(a4)
    7224:	a71c                	sb	a5,8(a4)
    7226:	00455793          	srli	a5,a0,0x4
    722a:	97b6                	add	a5,a5,a3
    722c:	239c                	lbu	a5,0(a5)
    722e:	031703a3          	sb	a7,39(a4)
    7232:	02a702a3          	sb	a0,37(a4)
    7236:	b71c                	sb	a5,9(a4)
    7238:	00f57793          	andi	a5,a0,15
    723c:	97b6                	add	a5,a5,a3
    723e:	239c                	lbu	a5,0(a5)
    7240:	02b70423          	sb	a1,40(a4)
    7244:	20000537          	lui	a0,0x20000
    7248:	a73c                	sb	a5,10(a4)
    724a:	00435793          	srli	a5,t1,0x4
    724e:	97b6                	add	a5,a5,a3
    7250:	239c                	lbu	a5,0(a5)
    7252:	02850513          	addi	a0,a0,40 # 20000028 <online_detect_res+0x8>
    7256:	b73c                	sb	a5,11(a4)
    7258:	00f37793          	andi	a5,t1,15
    725c:	97b6                	add	a5,a5,a3
    725e:	239c                	lbu	a5,0(a5)
    7260:	a75c                	sb	a5,12(a4)
    7262:	01c65793          	srli	a5,a2,0x1c
    7266:	97b6                	add	a5,a5,a3
    7268:	239c                	lbu	a5,0(a5)
    726a:	b75c                	sb	a5,13(a4)
    726c:	00f8f793          	andi	a5,a7,15
    7270:	97b6                	add	a5,a5,a3
    7272:	239c                	lbu	a5,0(a5)
    7274:	a77c                	sb	a5,14(a4)
    7276:	0045d793          	srli	a5,a1,0x4
    727a:	96be                	add	a3,a3,a5
    727c:	229c                	lbu	a5,0(a3)
    727e:	b77c                	sb	a5,15(a4)
    7280:	47b9                	li	a5,14
    7282:	02f700a3          	sb	a5,33(a4)
    7286:	fa000793          	li	a5,-96
    728a:	02f70123          	sb	a5,34(a4)
    728e:	00865793          	srli	a5,a2,0x8
    7292:	031704a3          	sb	a7,41(a4)
    7296:	02f705a3          	sb	a5,43(a4)
    729a:	57fd                	li	a5,-1
    729c:	02f706a3          	sb	a5,45(a4)
    72a0:	b77e                	sh	a5,46(a4)
    72a2:	02f70823          	sb	a5,48(a4)
    72a6:	02b70523          	sb	a1,42(a4)
    72aa:	02c70623          	sb	a2,44(a4)
    72ae:	040700a3          	sb	zero,65(a4)
    72b2:	9e018623          	sb	zero,-1556(gp) # 2000037c <_ZL15have_registered>
    72b6:	47b1                	li	a5,12
    72b8:	80f186a3          	sb	a5,-2035(gp) # 2000019d <_ZL24online_detect_prefix_now>
    72bc:	200005b7          	lui	a1,0x20000
    72c0:	4641                	li	a2,16
    72c2:	9e0185a3          	sb	zero,-1557(gp) # 2000037b <_ZL19online_detect_phase>
    72c6:	0fd58593          	addi	a1,a1,253 # 200000fd <long_packge_version_serial_number+0x21>
    72ca:	200007b7          	lui	a5,0x20000
    72ce:	02078323          	sb	zero,38(a5) # 20000026 <online_detect_res+0x6>
    72d2:	e2ff80ef          	jal	ra,100 <memcpy>
    72d6:	a201a423          	sw	zero,-1496(gp) # 200003b8 <_ZL27bambubus_heartbeat_deadline>
    72da:	01492783          	lw	a5,20(s2) # 40021014 <__freertos_irq_stack_top+0x2001c014>
    72de:	3e700693          	li	a3,999
    72e2:	80040513          	addi	a0,s0,-2048 # 40010800 <__freertos_irq_stack_top+0x2000b800>
    72e6:	0407e793          	ori	a5,a5,64
    72ea:	00f92a23          	sw	a5,20(s2)
    72ee:	4c498793          	addi	a5,s3,1220 # 200004c4 <bus_port_to_host>
    72f2:	97d2                	add	a5,a5,s4
    72f4:	40078713          	addi	a4,a5,1024
    72f8:	c714                	sw	a3,8(a4)
    72fa:	200016b7          	lui	a3,0x20001
    72fe:	ec468693          	addi	a3,a3,-316 # 20000ec4 <__global_pointer$+0x534>
    7302:	cb14                	sw	a3,16(a4)
    7304:	200016b7          	lui	a3,0x20001
    7308:	3c468693          	addi	a3,a3,964 # 200013c4 <__global_pointer$+0xa34>
    730c:	cf54                	sw	a3,28(a4)
    730e:	4685                	li	a3,1
    7310:	42d784a3          	sb	a3,1065(a5)
    7314:	4207a223          	sw	zero,1060(a5)
    7318:	4007a223          	sw	zero,1028(a5)
    731c:	40079623          	sh	zero,1036(a5)
    7320:	40078723          	sb	zero,1038(a5)
    7324:	4007aa23          	sw	zero,1044(a5)
    7328:	4207a023          	sw	zero,1056(a5)
    732c:	40078023          	sb	zero,1024(a5)
    7330:	6785                	lui	a5,0x1
    7332:	02011d23          	sh	zero,58(sp)
    7336:	04011f23          	sh	zero,94(sp)
    733a:	06011023          	sh	zero,96(sp)
    733e:	06011123          	sh	zero,98(sp)
    7342:	06011223          	sh	zero,100(sp)
    7346:	06011323          	sh	zero,102(sp)
    734a:	d802                	sw	zero,48(sp)
    734c:	da02                	sw	zero,52(sp)
    734e:	07478793          	addi	a5,a5,116 # 1074 <_Z18bus_uart1_dma_sendPht>
    7352:	cf1c                	sw	a5,24(a4)
    7354:	01892783          	lw	a5,24(s2)
    7358:	6711                	lui	a4,0x4
    735a:	182c                	addi	a1,sp,56
    735c:	8fd9                	or	a5,a5,a4
    735e:	00f92c23          	sw	a5,24(s2)
    7362:	01892783          	lw	a5,24(s2)
    7366:	0047e793          	ori	a5,a5,4
    736a:	00f92c23          	sw	a5,24(s2)
    736e:	01492783          	lw	a5,20(s2)
    7372:	0017e793          	ori	a5,a5,1
    7376:	00f92a23          	sw	a5,20(s2)
    737a:	20000793          	li	a5,512
    737e:	02f11c23          	sh	a5,56(sp)
    7382:	47e1                	li	a5,24
    7384:	c0be                	sw	a5,64(sp)
    7386:	de56                	sw	s5,60(sp)
    7388:	f42fa0ef          	jal	ra,1aca <GPIO_Init>
    738c:	40000793          	li	a5,1024
    7390:	80040513          	addi	a0,s0,-2048
    7394:	02f11c23          	sh	a5,56(sp)
    7398:	182c                	addi	a1,sp,56
    739a:	04800793          	li	a5,72
    739e:	c0be                	sw	a5,64(sp)
    73a0:	f2afa0ef          	jal	ra,1aca <GPIO_Init>
    73a4:	47c1                	li	a5,16
    73a6:	80040513          	addi	a0,s0,-2048
    73aa:	182c                	addi	a1,sp,56
    73ac:	c0be                	sw	a5,64(sp)
    73ae:	03411c23          	sh	s4,56(sp)
    73b2:	de56                	sw	s5,60(sp)
    73b4:	f16fa0ef          	jal	ra,1aca <GPIO_Init>
    73b8:	80040413          	addi	s0,s0,-2048
    73bc:	001317b7          	lui	a5,0x131
    73c0:	01442a23          	sw	s4,20(s0)
    73c4:	400146b7          	lui	a3,0x40014
    73c8:	2d078793          	addi	a5,a5,720 # 1312d0 <ch32v20x_wwdg.c.13394d49+0x113412>
    73cc:	ccbe                	sw	a5,88(sp)
    73ce:	8106d783          	lhu	a5,-2032(a3) # 40013810 <__freertos_irq_stack_top+0x2000e810>
    73d2:	7775                	lui	a4,0xffffd
    73d4:	177d                	addi	a4,a4,-1 # ffffcfff <__freertos_irq_stack_top+0xdfff7fff>
    73d6:	8ff9                	and	a5,a5,a4
    73d8:	80f69823          	sh	a5,-2032(a3)
    73dc:	80c6d703          	lhu	a4,-2036(a3)
    73e0:	77fd                	lui	a5,0xfffff
    73e2:	9f378793          	addi	a5,a5,-1549 # ffffe9f3 <__freertos_irq_stack_top+0xdfff99f3>
    73e6:	8f7d                	and	a4,a4,a5
    73e8:	40ca0793          	addi	a5,s4,1036 # 140c <_Z10set_motionhhhh.part.0+0x17c>
    73ec:	8fd9                	or	a5,a5,a4
    73ee:	80f69623          	sh	a5,-2036(a3)
    73f2:	8146d783          	lhu	a5,-2028(a3)
    73f6:	20001437          	lui	s0,0x20001
    73fa:	4721                	li	a4,8
    73fc:	07c2                	slli	a5,a5,0x10
    73fe:	83c1                	srli	a5,a5,0x10
    7400:	cff7f793          	andi	a5,a5,-769
    7404:	07c2                	slli	a5,a5,0x10
    7406:	83c1                	srli	a5,a5,0x10
    7408:	80f69a23          	sh	a5,-2028(a3)
    740c:	00492783          	lw	a5,4(s2)
    7410:	0dc48693          	addi	a3,s1,220
    7414:	d036                	sw	a3,32(sp)
    7416:	4c498693          	addi	a3,s3,1220
    741a:	8bb1                	andi	a5,a5,12
    741c:	c636                	sw	a3,12(sp)
    741e:	4c440413          	addi	s0,s0,1220 # 200014c4 <__global_pointer$+0xb34>
    7422:	3ce79063          	bne	a5,a4,77e2 <main+0x1134>
    7426:	00492783          	lw	a5,4(s2)
    742a:	00492703          	lw	a4,4(s2)
    742e:	66c1                	lui	a3,0x10
    7430:	83c9                	srli	a5,a5,0x12
    7432:	8bbd                	andi	a5,a5,15
    7434:	8f75                	and	a4,a4,a3
    7436:	0789                	addi	a5,a5,2
    7438:	46c5                	li	a3,17
    743a:	00d79363          	bne	a5,a3,7440 <main+0xd92>
    743e:	47c9                	li	a5,18
    7440:	18071063          	bnez	a4,75c0 <main+0xf12>
    7444:	40024737          	lui	a4,0x40024
    7448:	80072703          	lw	a4,-2048(a4) # 40023800 <__freertos_irq_stack_top+0x2001e800>
    744c:	8b41                	andi	a4,a4,16
    744e:	18070163          	beqz	a4,75d0 <main+0xf22>
    7452:	007a1737          	lui	a4,0x7a1
    7456:	20070713          	addi	a4,a4,512 # 7a1200 <ch32v20x_wwdg.c.13394d49+0x783342>
    745a:	aabd                	j	75d8 <main+0xf2a>
    745c:	007a17b7          	lui	a5,0x7a1
    7460:	20078793          	addi	a5,a5,512 # 7a1200 <ch32v20x_wwdg.c.13394d49+0x783342>
    7464:	aaaff06f          	j	670e <main+0x60>
    7468:	c39fa0ef          	jal	ra,20a0 <_Z12ADC_DMA_initv.part.0>
    746c:	d26ff06f          	j	6992 <main+0x2e4>
    7470:	4681                	li	a3,0
    7472:	4701                	li	a4,0
    7474:	0ff00613          	li	a2,255
    7478:	e38ff06f          	j	6ab0 <main+0x402>
    747c:	01f78eb3          	add	t4,a5,t6
    7480:	000ece83          	lbu	t4,0(t4)
    7484:	4281                	li	t0,0
    7486:	000e8663          	beqz	t4,7492 <main+0xde4>
    748a:	1efd                	addi	t4,t4,-1
    748c:	001ebe93          	seqz	t4,t4
    7490:	4285                	li	t0,1
    7492:	4981                	li	s3,0
    7494:	4a01                	li	s4,0
    7496:	00000493          	li	s1,0
    749a:	00570023          	sb	t0,0(a4)
    749e:	01de0023          	sb	t4,0(t3)
    74a2:	00030023          	sb	zero,0(t1)
    74a6:	00088023          	sb	zero,0(a7) # 1000 <_ZN14_MOTOR_CONTROL10set_motionE20filament_motion_enumyy+0x51c>
    74aa:	00080023          	sb	zero,0(a6) # 6000 <_ZN20AS5600_soft_IIC_many12updata_angleEv.constprop.0+0x7e>
    74ae:	01352023          	sw	s3,0(a0)
    74b2:	01452223          	sw	s4,4(a0)
    74b6:	c184                	sw	s1,0(a1)
    74b8:	c204                	sw	s1,0(a2)
    74ba:	0136a023          	sw	s3,0(a3) # 10000 <MC_PULL_calibration.cpp.947435e8+0x68f>
    74be:	0146a223          	sw	s4,4(a3)
    74c2:	ed0ff06f          	j	6b92 <main+0x4e4>
    74c6:	08040693          	addi	a3,s0,128
    74ca:	429c                	lw	a5,0(a3)
    74cc:	000a2603          	lw	a2,0(s4)
    74d0:	00291713          	slli	a4,s2,0x2
    74d4:	97ba                	add	a5,a5,a4
    74d6:	c390                	sw	a2,0(a5)
    74d8:	01548633          	add	a2,s1,s5
    74dc:	220e                	lhu	a1,0(a2)
    74de:	4690                	lw	a2,8(a3)
    74e0:	0009ab83          	lw	s7,0(s3)
    74e4:	42d4                	lw	a3,4(a3)
    74e6:	9626                	add	a2,a2,s1
    74e8:	a20e                	sh	a1,0(a2)
    74ea:	5c70                	lw	a2,124(s0)
    74ec:	96a6                	add	a3,a3,s1
    74ee:	0a11                	addi	s4,s4,4
    74f0:	963a                	add	a2,a2,a4
    74f2:	01762023          	sw	s7,0(a2)
    74f6:	01648633          	add	a2,s1,s6
    74fa:	2212                	lhu	a2,0(a2)
    74fc:	4388                	lw	a0,0(a5)
    74fe:	0991                	addi	s3,s3,4
    7500:	a292                	sh	a2,0(a3)
    7502:	4054                	lw	a3,4(s0)
    7504:	96ba                	add	a3,a3,a4
    7506:	0186a023          	sw	s8,0(a3)
    750a:	4014                	lw	a3,0(s0)
    750c:	96ca                	add	a3,a3,s2
    750e:	00068023          	sb	zero,0(a3)
    7512:	4414                	lw	a3,8(s0)
    7514:	0905                	addi	s2,s2,1
    7516:	96a6                	add	a3,a3,s1
    7518:	00069023          	sh	zero,0(a3)
    751c:	4454                	lw	a3,12(s0)
    751e:	96a6                	add	a3,a3,s1
    7520:	00069023          	sh	zero,0(a3)
    7524:	5c34                	lw	a3,120(s0)
    7526:	0489                	addi	s1,s1,2
    7528:	9736                	add	a4,a4,a3
    752a:	00072023          	sw	zero,0(a4)
    752e:	eddfa0ef          	jal	ra,240a <_ZN20AS5600_soft_IIC_many17enable_gpio_clockEP12GPIO_TypeDef.constprop.0>
    7532:	855e                	mv	a0,s7
    7534:	ed7fa0ef          	jal	ra,240a <_ZN20AS5600_soft_IIC_many17enable_gpio_clockEP12GPIO_TypeDef.constprop.0>
    7538:	eacff06f          	j	6be4 <main+0x536>
    753c:	08040493          	addi	s1,s0,128
    7540:	409c                	lw	a5,0(s1)
    7542:	00299913          	slli	s2,s3,0x2
    7546:	00199a13          	slli	s4,s3,0x1
    754a:	97ca                	add	a5,a5,s2
    754c:	4388                	lw	a0,0(a5)
    754e:	449c                	lw	a5,8(s1)
    7550:	08ac                	addi	a1,sp,88
    7552:	0985                	addi	s3,s3,1
    7554:	97d2                	add	a5,a5,s4
    7556:	239a                	lhu	a4,0(a5)
    7558:	5c7c                	lw	a5,124(s0)
    755a:	c918                	sw	a4,16(a0)
    755c:	97ca                	add	a5,a5,s2
    755e:	4394                	lw	a3,0(a5)
    7560:	40dc                	lw	a5,4(s1)
    7562:	97d2                	add	a5,a5,s4
    7564:	239e                	lhu	a5,0(a5)
    7566:	ca9c                	sw	a5,16(a3)
    7568:	cc82                	sw	zero,88(sp)
    756a:	04e11c23          	sh	a4,88(sp)
    756e:	ceda                	sw	s6,92(sp)
    7570:	d0de                	sw	s7,96(sp)
    7572:	d58fa0ef          	jal	ra,1aca <GPIO_Init>
    7576:	40dc                	lw	a5,4(s1)
    7578:	08ac                	addi	a1,sp,88
    757a:	d0d6                	sw	s5,96(sp)
    757c:	97d2                	add	a5,a5,s4
    757e:	239e                	lhu	a5,0(a5)
    7580:	04f11c23          	sh	a5,88(sp)
    7584:	5c7c                	lw	a5,124(s0)
    7586:	97ca                	add	a5,a5,s2
    7588:	4388                	lw	a0,0(a5)
    758a:	d40fa0ef          	jal	ra,1aca <GPIO_Init>
    758e:	409c                	lw	a5,0(s1)
    7590:	97ca                	add	a5,a5,s2
    7592:	4398                	lw	a4,0(a5)
    7594:	449c                	lw	a5,8(s1)
    7596:	97d2                	add	a5,a5,s4
    7598:	239e                	lhu	a5,0(a5)
    759a:	cb1c                	sw	a5,16(a4)
    759c:	5c7c                	lw	a5,124(s0)
    759e:	97ca                	add	a5,a5,s2
    75a0:	4398                	lw	a4,0(a5)
    75a2:	40dc                	lw	a5,4(s1)
    75a4:	97d2                	add	a5,a5,s4
    75a6:	239e                	lhu	a5,0(a5)
    75a8:	cb1c                	sw	a5,16(a4)
    75aa:	5c3c                	lw	a5,120(s0)
    75ac:	97ca                	add	a5,a5,s2
    75ae:	0007a023          	sw	zero,0(a5)
    75b2:	e40ff06f          	j	6bf2 <main+0x544>
    75b6:	4501                	li	a0,0
    75b8:	460d                	li	a2,3
    75ba:	4701                	li	a4,0
    75bc:	e7eff06f          	j	6c3a <main+0x58c>
    75c0:	40021737          	lui	a4,0x40021
    75c4:	4358                	lw	a4,4(a4)
    75c6:	000206b7          	lui	a3,0x20
    75ca:	8f75                	and	a4,a4,a3
    75cc:	e80703e3          	beqz	a4,7452 <main+0xda4>
    75d0:	003d1737          	lui	a4,0x3d1
    75d4:	90070713          	addi	a4,a4,-1792 # 3d0900 <ch32v20x_wwdg.c.13394d49+0x3b2a42>
    75d8:	02e787b3          	mul	a5,a5,a4
    75dc:	40021637          	lui	a2,0x40021
    75e0:	4254                	lw	a3,4(a2)
    75e2:	20000737          	lui	a4,0x20000
    75e6:	01070713          	addi	a4,a4,16 # 20000010 <APBAHBPrescTable>
    75ea:	8291                	srli	a3,a3,0x4
    75ec:	8abd                	andi	a3,a3,15
    75ee:	96ba                	add	a3,a3,a4
    75f0:	228c                	lbu	a1,0(a3)
    75f2:	4254                	lw	a3,4(a2)
    75f4:	00b7d7b3          	srl	a5,a5,a1
    75f8:	82a1                	srli	a3,a3,0x8
    75fa:	8a9d                	andi	a3,a3,7
    75fc:	96ba                	add	a3,a3,a4
    75fe:	2294                	lbu	a3,0(a3)
    7600:	4254                	lw	a3,4(a2)
    7602:	82ad                	srli	a3,a3,0xb
    7604:	8a9d                	andi	a3,a3,7
    7606:	9736                	add	a4,a4,a3
    7608:	2308                	lbu	a0,0(a4)
    760a:	4258                	lw	a4,4(a2)
    760c:	200006b7          	lui	a3,0x20000
    7610:	19868693          	addi	a3,a3,408 # 20000198 <ADCPrescTable>
    7614:	8339                	srli	a4,a4,0xe
    7616:	8b0d                	andi	a4,a4,3
    7618:	9736                	add	a4,a4,a3
    761a:	2318                	lbu	a4,0(a4)
    761c:	00a7d7b3          	srl	a5,a5,a0
    7620:	4765                	li	a4,25
    7622:	02e787b3          	mul	a5,a5,a4
    7626:	004c5737          	lui	a4,0x4c5
    762a:	b4070713          	addi	a4,a4,-1216 # 4c4b40 <ch32v20x_wwdg.c.13394d49+0x4a6c82>
    762e:	06400693          	li	a3,100
    7632:	02e7d7b3          	divu	a5,a5,a4
    7636:	02d7d733          	divu	a4,a5,a3
    763a:	02d7f7b3          	remu	a5,a5,a3
    763e:	0712                	slli	a4,a4,0x4
    7640:	0792                	slli	a5,a5,0x4
    7642:	03278793          	addi	a5,a5,50
    7646:	02d7d7b3          	divu	a5,a5,a3
    764a:	8bbd                	andi	a5,a5,15
    764c:	8fd9                	or	a5,a5,a4
    764e:	07c2                	slli	a5,a5,0x10
    7650:	40014737          	lui	a4,0x40014
    7654:	83c1                	srli	a5,a5,0x10
    7656:	80f71423          	sh	a5,-2040(a4) # 40013808 <__freertos_irq_stack_top+0x2000e808>
    765a:	80c70793          	addi	a5,a4,-2036
    765e:	4398                	lw	a4,0(a5)
    7660:	02076713          	ori	a4,a4,32
    7664:	c398                	sw	a4,0(a5)
    7666:	4398                	lw	a4,0(a5)
    7668:	04076713          	ori	a4,a4,64
    766c:	c398                	sw	a4,0(a5)
    766e:	9e01a703          	lw	a4,-1568(gp) # 20000370 <NVIC_Priority_Group>
    7672:	4785                	li	a5,1
    7674:	00f71663          	bne	a4,a5,7680 <main+0xfd2>
    7678:	e000e7b7          	lui	a5,0xe000e
    767c:	42078aa3          	sb	zero,1077(a5) # e000e435 <__freertos_irq_stack_top+0xc0009435>
    7680:	e000e7b7          	lui	a5,0xe000e
    7684:	00200737          	lui	a4,0x200
    7688:	10e7a223          	sw	a4,260(a5) # e000e104 <__freertos_irq_stack_top+0xc0009104>
    768c:	ab418793          	addi	a5,gp,-1356 # 20000444 <bus_uart1_dma_init_structure>
    7690:	46c1                	li	a3,16
    7692:	c794                	sw	a3,8(a5)
    7694:	40014737          	lui	a4,0x40014
    7698:	08000693          	li	a3,128
    769c:	cbd4                	sw	a3,20(a5)
    769e:	80470813          	addi	a6,a4,-2044 # 40013804 <__freertos_irq_stack_top+0x2000e804>
    76a2:	668d                	lui	a3,0x3
    76a4:	d3d4                	sw	a3,36(a5)
    76a6:	0007a623          	sw	zero,12(a5)
    76aa:	0107a023          	sw	a6,0(a5)
    76ae:	0007a223          	sw	zero,4(a5)
    76b2:	0207a023          	sw	zero,32(a5)
    76b6:	0007a823          	sw	zero,16(a5)
    76ba:	0207a423          	sw	zero,40(a5)
    76be:	0007ae23          	sw	zero,28(a5)
    76c2:	0007ac23          	sw	zero,24(a5)
    76c6:	400205b7          	lui	a1,0x40020
    76ca:	41fc                	lw	a5,68(a1)
    76cc:	7561                	lui	a0,0xffff8
    76ce:	053d                	addi	a0,a0,15 # ffff800f <__freertos_irq_stack_top+0xdfff300f>
    76d0:	09068693          	addi	a3,a3,144 # 3090 <_ZL16motor_motion_runiym+0xbb6>
    76d4:	8fe9                	and	a5,a5,a0
    76d6:	8fd5                	or	a5,a5,a3
    76d8:	c1fc                	sw	a5,68(a1)
    76da:	0405a423          	sw	zero,72(a1) # 40020048 <__freertos_irq_stack_top+0x2001b048>
    76de:	0505a623          	sw	a6,76(a1)
    76e2:	0405a823          	sw	zero,80(a1)
    76e6:	80070793          	addi	a5,a4,-2048
    76ea:	80c75703          	lhu	a4,-2036(a4)
    76ee:	6689                	lui	a3,0x2
    76f0:	8f55                	or	a4,a4,a3
    76f2:	a7da                	sh	a4,12(a5)
    76f4:	200027b7          	lui	a5,0x20002
    76f8:	dd878793          	addi	a5,a5,-552 # 20001dd8 <ams>
    76fc:	cc3e                	sw	a5,24(sp)
    76fe:	86c1a783          	lw	a5,-1940(gp) # 200001fc <_ZL7g_scale+0x3c>
    7702:	d43e                	sw	a5,40(sp)
    7704:	9b01a783          	lw	a5,-1616(gp) # 20000340 <_ZL7g_scale+0x180>
    7708:	d63e                	sw	a5,44(sp)
    770a:	e000f7b7          	lui	a5,0xe000f
    770e:	0087aa03          	lw	s4,8(a5) # e000f008 <__freertos_irq_stack_top+0xc000a008>
    7712:	80002773          	csrr	a4,0x800
    7716:	08800613          	li	a2,136
    771a:	80063073          	csrc	0x800,a2
    771e:	42042683          	lw	a3,1056(s0)
    7722:	42844783          	lbu	a5,1064(s0)
    7726:	41c42583          	lw	a1,1052(s0)
    772a:	0ff7f793          	zext.b	a5,a5
    772e:	80063073          	csrc	0x800,a2
    7732:	08877713          	andi	a4,a4,136
    7736:	80072073          	csrs	0x800,a4
    773a:	44c2                	lw	s1,16(sp)
    773c:	02d05863          	blez	a3,776c <main+0x10be>
    7740:	03300713          	li	a4,51
    7744:	02e79463          	bne	a5,a4,776c <main+0x10be>
    7748:	e1d5                	bnez	a1,77ec <main+0x113e>
    774a:	44c2                	lw	s1,16(sp)
    774c:	800027f3          	csrr	a5,0x800
    7750:	08800713          	li	a4,136
    7754:	80073073          	csrc	0x800,a4
    7758:	42042023          	sw	zero,1056(s0)
    775c:	42040423          	sb	zero,1064(s0)
    7760:	80073073          	csrc	0x800,a4
    7764:	0887f793          	andi	a5,a5,136
    7768:	8007a073          	csrs	0x800,a5
    776c:	9e41a783          	lw	a5,-1564(gp) # 20000374 <_ZZ10ahubus_runvE8deadline>
    7770:	40fa0a33          	sub	s4,s4,a5
    7774:	01405363          	blez	s4,777a <main+0x10cc>
    7778:	4495                	li	s1,5
    777a:	e000f7b7          	lui	a5,0xe000f
    777e:	479c                	lw	a5,8(a5)
    7780:	ca3e                	sw	a5,20(sp)
    7782:	800026f3          	csrr	a3,0x800
    7786:	08800713          	li	a4,136
    778a:	80073073          	csrc	0x800,a4
    778e:	42042a83          	lw	s5,1056(s0)
    7792:	42844783          	lbu	a5,1064(s0)
    7796:	41c42903          	lw	s2,1052(s0)
    779a:	0ff7f793          	zext.b	a5,a5
    779e:	80073073          	csrc	0x800,a4
    77a2:	0886f693          	andi	a3,a3,136
    77a6:	8006a073          	csrs	0x800,a3
    77aa:	59504663          	bgtz	s5,7d36 <main+0x1688>
    77ae:	800026f3          	csrr	a3,0x800
    77b2:	80073073          	csrc	0x800,a4
    77b6:	a281a783          	lw	a5,-1496(gp) # 200003b8 <_ZL27bambubus_heartbeat_deadline>
    77ba:	80073073          	csrc	0x800,a4
    77be:	0886f713          	andi	a4,a3,136
    77c2:	80072073          	csrs	0x800,a4
    77c6:	9f41a683          	lw	a3,-1548(gp) # 20000384 <_ZZ12bambubus_runvE16last_hb_deadline>
    77ca:	4981                	li	s3,0
    77cc:	5ed78563          	beq	a5,a3,7db6 <main+0x1708>
    77d0:	9ef1aa23          	sw	a5,-1548(gp) # 20000384 <_ZZ12bambubus_runvE16last_hb_deadline>
    77d4:	4752                	lw	a4,20(sp)
    77d6:	40e78733          	sub	a4,a5,a4
    77da:	5ce05e63          	blez	a4,7db6 <main+0x1708>
    77de:	49b1                	li	s3,12
    77e0:	abd9                	j	7db6 <main+0x1708>
    77e2:	007a17b7          	lui	a5,0x7a1
    77e6:	20078793          	addi	a5,a5,512 # 7a1200 <ch32v20x_wwdg.c.13394d49+0x783342>
    77ea:	bbcd                	j	75dc <main+0xf2e>
    77ec:	50000713          	li	a4,1280
    77f0:	f4d74de3          	blt	a4,a3,774a <main+0x109c>
    77f4:	2198                	lbu	a4,0(a1)
    77f6:	f4f71ae3          	bne	a4,a5,774a <main+0x109c>
    77fa:	21bc                	lbu	a5,2(a1)
    77fc:	40023737          	lui	a4,0x40023
    7800:	4685                	li	a3,1
    7802:	c714                	sw	a3,8(a4)
    7804:	0789                	addi	a5,a5,2
    7806:	4701                	li	a4,0
    7808:	40023637          	lui	a2,0x40023
    780c:	00271693          	slli	a3,a4,0x2
    7810:	96ae                	add	a3,a3,a1
    7812:	4294                	lw	a3,0(a3)
    7814:	0705                	addi	a4,a4,1 # 40023001 <__freertos_irq_stack_top+0x2001e001>
    7816:	c214                	sw	a3,0(a2)
    7818:	fef76ae3          	bltu	a4,a5,780c <main+0x115e>
    781c:	078a                	slli	a5,a5,0x2
    781e:	97ae                	add	a5,a5,a1
    7820:	4218                	lw	a4,0(a2)
    7822:	439c                	lw	a5,0(a5)
    7824:	f2f713e3          	bne	a4,a5,774a <main+0x109c>
    7828:	21c4                	lbu	s1,4(a1)
    782a:	4789                	li	a5,2
    782c:	0af48463          	beq	s1,a5,78d4 <main+0x1226>
    7830:	478d                	li	a5,3
    7832:	3cf48f63          	beq	s1,a5,7c10 <main+0x1562>
    7836:	4785                	li	a5,1
    7838:	f0f49ae3          	bne	s1,a5,774c <main+0x109e>
    783c:	42442783          	lw	a5,1060(s0)
    7840:	ebbd                	bnez	a5,78b6 <main+0x1208>
    7842:	40044783          	lbu	a5,1024(s0)
    7846:	4532                	lw	a0,12(sp)
    7848:	c789                	beqz	a5,7852 <main+0x11a4>
    784a:	20001537          	lui	a0,0x20001
    784e:	9c450513          	addi	a0,a0,-1596 # 200009c4 <__global_pointer$+0x34>
    7852:	03300793          	li	a5,51
    7856:	a11c                	sb	a5,0(a0)
    7858:	319c                	lbu	a5,1(a1)
    785a:	20002737          	lui	a4,0x20002
    785e:	dd870613          	addi	a2,a4,-552 # 20001dd8 <ams>
    7862:	b11c                	sb	a5,1(a0)
    7864:	4785                	li	a5,1
    7866:	a15c                	sb	a5,4(a0)
    7868:	4681                	li	a3,0
    786a:	00650793          	addi	a5,a0,6
    786e:	4701                	li	a4,0
    7870:	45c1                	li	a1,16
    7872:	11064803          	lbu	a6,272(a2) # 40023110 <__freertos_irq_stack_top+0x2001e110>
    7876:	00080b63          	beqz	a6,788c <main+0x11de>
    787a:	00064803          	lbu	a6,0(a2)
    787e:	0705                	addi	a4,a4,1
    7880:	a394                	sb	a3,0(a5)
    7882:	010780a3          	sb	a6,1(a5)
    7886:	0ff77713          	zext.b	a4,a4
    788a:	0789                	addi	a5,a5,2
    788c:	0691                	addi	a3,a3,4 # 2004 <_Z32MC_PULL_detect_channels_insertedv+0x56>
    788e:	0ff6f693          	zext.b	a3,a3
    7892:	11460613          	addi	a2,a2,276
    7896:	fcb69ee3          	bne	a3,a1,7872 <main+0x11c4>
    789a:	b158                	sb	a4,5(a0)
    789c:	8b05                	andi	a4,a4,1
    789e:	e701                	bnez	a4,78a6 <main+0x11f8>
    78a0:	00079023          	sh	zero,0(a5)
    78a4:	0789                	addi	a5,a5,2
    78a6:	8f89                	sub	a5,a5,a0
    78a8:	8789                	srai	a5,a5,0x2
    78aa:	17f9                	addi	a5,a5,-2
    78ac:	a13c                	sb	a5,2(a0)
    78ae:	881f90ef          	jal	ra,112e <_Z22ahubus_package_add_crcPh>
    78b2:	42a42223          	sw	a0,1060(s0)
    78b6:	82c1a783          	lw	a5,-2004(gp) # 200001bc <time_hw_tpms>
    78ba:	cb89                	beqz	a5,78cc <main+0x121e>
    78bc:	3e800713          	li	a4,1000
    78c0:	02e7b6b3          	mulhu	a3,a5,a4
    78c4:	02e787b3          	mul	a5,a5,a4
    78c8:	c291                	beqz	a3,78cc <main+0x121e>
    78ca:	57fd                	li	a5,-1
    78cc:	97d2                	add	a5,a5,s4
    78ce:	9ef1a223          	sw	a5,-1564(gp) # 20000374 <_ZZ10ahubus_runvE8deadline>
    78d2:	bdad                	j	774c <main+0x109e>
    78d4:	42442783          	lw	a5,1060(s0)
    78d8:	e6079ae3          	bnez	a5,774c <main+0x109e>
    78dc:	40044783          	lbu	a5,1024(s0)
    78e0:	4ab2                	lw	s5,12(sp)
    78e2:	c789                	beqz	a5,78ec <main+0x123e>
    78e4:	20001ab7          	lui	s5,0x20001
    78e8:	9c4a8a93          	addi	s5,s5,-1596 # 200009c4 <__global_pointer$+0x34>
    78ec:	9c418793          	addi	a5,gp,-1596 # 20000354 <_ZL30ahubus_host_package_query_init>
    78f0:	4398                	lw	a4,0(a5)
    78f2:	43dc                	lw	a5,4(a5)
    78f4:	0055c983          	lbu	s3,5(a1)
    78f8:	0065c903          	lbu	s2,6(a1)
    78fc:	00faa223          	sw	a5,4(s5)
    7900:	00eaa023          	sw	a4,0(s5)
    7904:	013a82a3          	sb	s3,5(s5)
    7908:	012a8323          	sb	s2,6(s5)
    790c:	4799                	li	a5,6
    790e:	22f98f63          	beq	s3,a5,7b4c <main+0x149e>
    7912:	00495913          	srli	s2,s2,0x4
    7916:	478d                	li	a5,3
    7918:	e327eae3          	bltu	a5,s2,774c <main+0x109e>
    791c:	4791                	li	a5,4
    791e:	0ef98f63          	beq	s3,a5,7a1c <main+0x136e>
    7922:	0737e863          	bltu	a5,s3,7992 <main+0x12e4>
    7926:	4785                	li	a5,1
    7928:	0af98f63          	beq	s3,a5,79e6 <main+0x1338>
    792c:	4789                	li	a5,2
    792e:	e0f99fe3          	bne	s3,a5,774c <main+0x109e>
    7932:	11400793          	li	a5,276
    7936:	02f90933          	mul	s2,s2,a5
    793a:	200029b7          	lui	s3,0x20002
    793e:	dd898993          	addi	s3,s3,-552 # 20001dd8 <ams>
    7942:	02c00613          	li	a2,44
    7946:	008a8513          	addi	a0,s5,8
    794a:	00490593          	addi	a1,s2,4
    794e:	95ce                	add	a1,a1,s3
    7950:	fb0f80ef          	jal	ra,100 <memcpy>
    7954:	04490593          	addi	a1,s2,68
    7958:	02c00613          	li	a2,44
    795c:	95ce                	add	a1,a1,s3
    795e:	034a8513          	addi	a0,s5,52
    7962:	f9ef80ef          	jal	ra,100 <memcpy>
    7966:	08490593          	addi	a1,s2,132
    796a:	02c00613          	li	a2,44
    796e:	95ce                	add	a1,a1,s3
    7970:	060a8513          	addi	a0,s5,96
    7974:	f8cf80ef          	jal	ra,100 <memcpy>
    7978:	0c490593          	addi	a1,s2,196
    797c:	02c00613          	li	a2,44
    7980:	95ce                	add	a1,a1,s3
    7982:	08ca8513          	addi	a0,s5,140
    7986:	f7af80ef          	jal	ra,100 <memcpy>
    798a:	02c00793          	li	a5,44
    798e:	4985                	li	s3,1
    7990:	a8a5                	j	7a08 <main+0x135a>
    7992:	4795                	li	a5,5
    7994:	daf99ce3          	bne	s3,a5,774c <main+0x109e>
    7998:	11400793          	li	a5,276
    799c:	02f90933          	mul	s2,s2,a5
    79a0:	200027b7          	lui	a5,0x20002
    79a4:	e0878793          	addi	a5,a5,-504 # 20001e08 <ams+0x30>
    79a8:	97ca                	add	a5,a5,s2
    79aa:	439c                	lw	a5,0(a5)
    79ac:	00faa423          	sw	a5,8(s5)
    79b0:	200027b7          	lui	a5,0x20002
    79b4:	e4878793          	addi	a5,a5,-440 # 20001e48 <ams+0x70>
    79b8:	97ca                	add	a5,a5,s2
    79ba:	439c                	lw	a5,0(a5)
    79bc:	00faa623          	sw	a5,12(s5)
    79c0:	200027b7          	lui	a5,0x20002
    79c4:	e8878793          	addi	a5,a5,-376 # 20001e88 <ams+0xb0>
    79c8:	97ca                	add	a5,a5,s2
    79ca:	439c                	lw	a5,0(a5)
    79cc:	00faa823          	sw	a5,16(s5)
    79d0:	200027b7          	lui	a5,0x20002
    79d4:	ec878793          	addi	a5,a5,-312 # 20001ec8 <ams+0xf0>
    79d8:	993e                	add	s2,s2,a5
    79da:	00092783          	lw	a5,0(s2)
    79de:	00faaa23          	sw	a5,20(s5)
    79e2:	47c2                	lw	a5,16(sp)
    79e4:	b76d                	j	798e <main+0x12e0>
    79e6:	11400793          	li	a5,276
    79ea:	02f907b3          	mul	a5,s2,a5
    79ee:	200025b7          	lui	a1,0x20002
    79f2:	dd858593          	addi	a1,a1,-552 # 20001dd8 <ams>
    79f6:	4621                	li	a2,8
    79f8:	008a8513          	addi	a0,s5,8
    79fc:	10578793          	addi	a5,a5,261
    7a00:	95be                	add	a1,a1,a5
    7a02:	efef80ef          	jal	ra,100 <memcpy>
    7a06:	87a6                	mv	a5,s1
    7a08:	00fa8123          	sb	a5,2(s5)
    7a0c:	013a83a3          	sb	s3,7(s5)
    7a10:	8556                	mv	a0,s5
    7a12:	f1cf90ef          	jal	ra,112e <_Z22ahubus_package_add_crcPh>
    7a16:	42a42223          	sw	a0,1060(s0)
    7a1a:	bb0d                	j	774c <main+0x109e>
    7a1c:	11400693          	li	a3,276
    7a20:	02d906b3          	mul	a3,s2,a3
    7a24:	200027b7          	lui	a5,0x20002
    7a28:	dd878713          	addi	a4,a5,-552 # 20001dd8 <ams>
    7a2c:	dd878793          	addi	a5,a5,-552
    7a30:	9736                	add	a4,a4,a3
    7a32:	03574683          	lbu	a3,53(a4)
    7a36:	03474703          	lbu	a4,52(a4)
    7a3a:	c319                	beqz	a4,7a40 <main+0x1392>
    7a3c:	0806e693          	ori	a3,a3,128
    7a40:	11400713          	li	a4,276
    7a44:	02e90733          	mul	a4,s2,a4
    7a48:	00da8423          	sb	a3,8(s5)
    7a4c:	00e786b3          	add	a3,a5,a4
    7a50:	0366c603          	lbu	a2,54(a3)
    7a54:	00ca84a3          	sb	a2,9(s5)
    7a58:	0376c603          	lbu	a2,55(a3)
    7a5c:	00ca8523          	sb	a2,10(s5)
    7a60:	0386c603          	lbu	a2,56(a3)
    7a64:	00ca85a3          	sb	a2,11(s5)
    7a68:	20002637          	lui	a2,0x20002
    7a6c:	df860613          	addi	a2,a2,-520 # 20001df8 <ams+0x20>
    7a70:	9732                	add	a4,a4,a2
    7a72:	4b18                	lw	a4,16(a4)
    7a74:	00eaa623          	sw	a4,12(s5)
    7a78:	0756c703          	lbu	a4,117(a3)
    7a7c:	0746c683          	lbu	a3,116(a3)
    7a80:	c299                	beqz	a3,7a86 <main+0x13d8>
    7a82:	08076713          	ori	a4,a4,128
    7a86:	00ea8823          	sb	a4,16(s5)
    7a8a:	11400713          	li	a4,276
    7a8e:	02e90733          	mul	a4,s2,a4
    7a92:	00e786b3          	add	a3,a5,a4
    7a96:	0766c603          	lbu	a2,118(a3)
    7a9a:	00ca88a3          	sb	a2,17(s5)
    7a9e:	0776c603          	lbu	a2,119(a3)
    7aa2:	00ca8923          	sb	a2,18(s5)
    7aa6:	0786c603          	lbu	a2,120(a3)
    7aaa:	00ca89a3          	sb	a2,19(s5)
    7aae:	20002637          	lui	a2,0x20002
    7ab2:	e3860613          	addi	a2,a2,-456 # 20001e38 <ams+0x60>
    7ab6:	9732                	add	a4,a4,a2
    7ab8:	4b18                	lw	a4,16(a4)
    7aba:	00eaaa23          	sw	a4,20(s5)
    7abe:	0b56c703          	lbu	a4,181(a3)
    7ac2:	0b46c683          	lbu	a3,180(a3)
    7ac6:	c299                	beqz	a3,7acc <main+0x141e>
    7ac8:	08076713          	ori	a4,a4,128
    7acc:	00ea8c23          	sb	a4,24(s5)
    7ad0:	11400713          	li	a4,276
    7ad4:	02e90733          	mul	a4,s2,a4
    7ad8:	00e786b3          	add	a3,a5,a4
    7adc:	0b66c603          	lbu	a2,182(a3)
    7ae0:	00ca8ca3          	sb	a2,25(s5)
    7ae4:	0b76c603          	lbu	a2,183(a3)
    7ae8:	00ca8d23          	sb	a2,26(s5)
    7aec:	0b86c603          	lbu	a2,184(a3)
    7af0:	00ca8da3          	sb	a2,27(s5)
    7af4:	20002637          	lui	a2,0x20002
    7af8:	e7860613          	addi	a2,a2,-392 # 20001e78 <ams+0xa0>
    7afc:	9732                	add	a4,a4,a2
    7afe:	4b18                	lw	a4,16(a4)
    7b00:	00eaae23          	sw	a4,28(s5)
    7b04:	0f56c703          	lbu	a4,245(a3)
    7b08:	0f46c683          	lbu	a3,244(a3)
    7b0c:	c299                	beqz	a3,7b12 <main+0x1464>
    7b0e:	08076713          	ori	a4,a4,128
    7b12:	02ea8023          	sb	a4,32(s5)
    7b16:	11400713          	li	a4,276
    7b1a:	02e90733          	mul	a4,s2,a4
    7b1e:	97ba                	add	a5,a5,a4
    7b20:	0f67c683          	lbu	a3,246(a5)
    7b24:	02da80a3          	sb	a3,33(s5)
    7b28:	0f77c683          	lbu	a3,247(a5)
    7b2c:	0f87c783          	lbu	a5,248(a5)
    7b30:	02da8123          	sb	a3,34(s5)
    7b34:	02fa81a3          	sb	a5,35(s5)
    7b38:	200027b7          	lui	a5,0x20002
    7b3c:	eb878793          	addi	a5,a5,-328 # 20001eb8 <ams+0xe0>
    7b40:	973e                	add	a4,a4,a5
    7b42:	4b1c                	lw	a5,16(a4)
    7b44:	02faa223          	sw	a5,36(s5)
    7b48:	47a1                	li	a5,8
    7b4a:	b591                	j	798e <main+0x12e0>
    7b4c:	20002737          	lui	a4,0x20002
    7b50:	008a8793          	addi	a5,s5,8
    7b54:	dd870713          	addi	a4,a4,-552 # 20001dd8 <ams>
    7b58:	4681                	li	a3,0
    7b5a:	4981                	li	s3,0
    7b5c:	4305                	li	t1,1
    7b5e:	04000893          	li	a7,64
    7b62:	11074603          	lbu	a2,272(a4)
    7b66:	ce2d                	beqz	a2,7be0 <main+0x1532>
    7b68:	03674603          	lbu	a2,54(a4)
    7b6c:	0f674e03          	lbu	t3,246(a4)
    7b70:	03574803          	lbu	a6,53(a4)
    7b74:	b3b0                	sb	a2,3(a5)
    7b76:	07674603          	lbu	a2,118(a4)
    7b7a:	07574503          	lbu	a0,117(a4)
    7b7e:	0b574583          	lbu	a1,181(a4)
    7b82:	b3d0                	sb	a2,5(a5)
    7b84:	0b674603          	lbu	a2,182(a4)
    7b88:	01c784a3          	sb	t3,9(a5)
    7b8c:	03474e03          	lbu	t3,52(a4)
    7b90:	b3f0                	sb	a2,7(a5)
    7b92:	0f574603          	lbu	a2,245(a4)
    7b96:	a394                	sb	a3,0(a5)
    7b98:	006780a3          	sb	t1,1(a5)
    7b9c:	01078123          	sb	a6,2(a5)
    7ba0:	a3c8                	sb	a0,4(a5)
    7ba2:	a3ec                	sb	a1,6(a5)
    7ba4:	a790                	sb	a2,8(a5)
    7ba6:	000e0663          	beqz	t3,7bb2 <main+0x1504>
    7baa:	f8086813          	ori	a6,a6,-128
    7bae:	01078123          	sb	a6,2(a5)
    7bb2:	07474803          	lbu	a6,116(a4)
    7bb6:	00080563          	beqz	a6,7bc0 <main+0x1512>
    7bba:	f8056513          	ori	a0,a0,-128
    7bbe:	a3c8                	sb	a0,4(a5)
    7bc0:	0b474503          	lbu	a0,180(a4)
    7bc4:	c501                	beqz	a0,7bcc <main+0x151e>
    7bc6:	f805e593          	ori	a1,a1,-128
    7bca:	a3ec                	sb	a1,6(a5)
    7bcc:	0f474583          	lbu	a1,244(a4)
    7bd0:	c581                	beqz	a1,7bd8 <main+0x152a>
    7bd2:	f8066613          	ori	a2,a2,-128
    7bd6:	a790                	sb	a2,8(a5)
    7bd8:	0985                	addi	s3,s3,1
    7bda:	07a9                	addi	a5,a5,10
    7bdc:	0ff9f993          	zext.b	s3,s3
    7be0:	06c1                	addi	a3,a3,16
    7be2:	0ff6f693          	zext.b	a3,a3
    7be6:	11470713          	addi	a4,a4,276
    7bea:	f7169ce3          	bne	a3,a7,7b62 <main+0x14b4>
    7bee:	004a8613          	addi	a2,s5,4
    7bf2:	40c78733          	sub	a4,a5,a2
    7bf6:	00377693          	andi	a3,a4,3
    7bfa:	e699                	bnez	a3,7c08 <main+0x155a>
    7bfc:	40275793          	srai	a5,a4,0x2
    7c00:	17fd                	addi	a5,a5,-1
    7c02:	0ff7f793          	zext.b	a5,a5
    7c06:	b509                	j	7a08 <main+0x135a>
    7c08:	0785                	addi	a5,a5,1
    7c0a:	fe078fa3          	sb	zero,-1(a5)
    7c0e:	b7d5                	j	7bf2 <main+0x1544>
    7c10:	42442783          	lw	a5,1060(s0)
    7c14:	b2079ce3          	bnez	a5,774c <main+0x109e>
    7c18:	40044783          	lbu	a5,1024(s0)
    7c1c:	4ab2                	lw	s5,12(sp)
    7c1e:	c789                	beqz	a5,7c28 <main+0x157a>
    7c20:	20001ab7          	lui	s5,0x20001
    7c24:	9c4a8a93          	addi	s5,s5,-1596 # 200009c4 <__global_pointer$+0x34>
    7c28:	0065c983          	lbu	s3,6(a1)
    7c2c:	470d                	li	a4,3
    7c2e:	0049db13          	srli	s6,s3,0x4
    7c32:	b1676de3          	bltu	a4,s6,774c <main+0x109e>
    7c36:	0055c903          	lbu	s2,5(a1)
    7c3a:	4795                	li	a5,5
    7c3c:	06f90463          	beq	s2,a5,7ca4 <main+0x15f6>
    7c40:	4799                	li	a5,6
    7c42:	08f90663          	beq	s2,a5,7cce <main+0x1620>
    7c46:	4789                	li	a5,2
    7c48:	b0f912e3          	bne	s2,a5,774c <main+0x109e>
    7c4c:	0345cb83          	lbu	s7,52(a1)
    7c50:	af776ee3          	bltu	a4,s7,774c <main+0x109e>
    7c54:	11400713          	li	a4,276
    7c58:	02eb0733          	mul	a4,s6,a4
    7c5c:	006b9793          	slli	a5,s7,0x6
    7c60:	0791                	addi	a5,a5,4
    7c62:	20002537          	lui	a0,0x20002
    7c66:	dd850513          	addi	a0,a0,-552 # 20001dd8 <ams>
    7c6a:	02c00613          	li	a2,44
    7c6e:	05a1                	addi	a1,a1,8
    7c70:	97ba                	add	a5,a5,a4
    7c72:	953e                	add	a0,a0,a5
    7c74:	c8cf80ef          	jal	ra,100 <memcpy>
    7c78:	000b1563          	bnez	s6,7c82 <main+0x15d4>
    7c7c:	855e                	mv	a0,s7
    7c7e:	dd6f90ef          	jal	ra,1254 <_Z35ams_datas_set_need_to_save_filamenth>
    7c82:	9cc18793          	addi	a5,gp,-1588 # 2000035c <_ZL28ahubus_host_package_set_init>
    7c86:	4398                	lw	a4,0(a5)
    7c88:	43dc                	lw	a5,4(a5)
    7c8a:	00eaa023          	sw	a4,0(s5)
    7c8e:	00faa223          	sw	a5,4(s5)
    7c92:	012a82a3          	sb	s2,5(s5)
    7c96:	013a8323          	sb	s3,6(s5)
    7c9a:	000a83a3          	sb	zero,7(s5)
    7c9e:	000a8123          	sb	zero,2(s5)
    7ca2:	b3bd                	j	7a10 <main+0x1362>
    7ca4:	25dc                	lbu	a5,12(a1)
    7ca6:	aaf763e3          	bltu	a4,a5,774c <main+0x109e>
    7caa:	11400713          	li	a4,276
    7cae:	02eb0733          	mul	a4,s6,a4
    7cb2:	079a                	slli	a5,a5,0x6
    7cb4:	03078793          	addi	a5,a5,48
    7cb8:	20002537          	lui	a0,0x20002
    7cbc:	dd850513          	addi	a0,a0,-552 # 20001dd8 <ams>
    7cc0:	4611                	li	a2,4
    7cc2:	05a1                	addi	a1,a1,8
    7cc4:	97ba                	add	a5,a5,a4
    7cc6:	953e                	add	a0,a0,a5
    7cc8:	c38f80ef          	jal	ra,100 <memcpy>
    7ccc:	bf5d                	j	7c82 <main+0x15d4>
    7cce:	200026b7          	lui	a3,0x20002
    7cd2:	31e8                	lbu	a0,7(a1)
    7cd4:	4701                	li	a4,0
    7cd6:	05a1                	addi	a1,a1,8
    7cd8:	480d                	li	a6,3
    7cda:	dd868693          	addi	a3,a3,-552 # 20001dd8 <ams>
    7cde:	11400893          	li	a7,276
    7ce2:	fae500e3          	beq	a0,a4,7c82 <main+0x15d4>
    7ce6:	219c                	lbu	a5,0(a1)
    7ce8:	0599                	addi	a1,a1,6
    7cea:	8391                	srli	a5,a5,0x4
    7cec:	04f86163          	bltu	a6,a5,7d2e <main+0x1680>
    7cf0:	031787b3          	mul	a5,a5,a7
    7cf4:	ffb5c603          	lbu	a2,-5(a1)
    7cf8:	97b6                	add	a5,a5,a3
    7cfa:	10c78223          	sb	a2,260(a5)
    7cfe:	ffc5c603          	lbu	a2,-4(a1)
    7d02:	07f67613          	andi	a2,a2,127
    7d06:	02c78aa3          	sb	a2,53(a5)
    7d0a:	ffd5c603          	lbu	a2,-3(a1)
    7d0e:	07f67613          	andi	a2,a2,127
    7d12:	06c78aa3          	sb	a2,117(a5)
    7d16:	ffe5c603          	lbu	a2,-2(a1)
    7d1a:	07f67613          	andi	a2,a2,127
    7d1e:	0ac78aa3          	sb	a2,181(a5)
    7d22:	fff5c603          	lbu	a2,-1(a1)
    7d26:	07f67613          	andi	a2,a2,127
    7d2a:	0ec78aa3          	sb	a2,245(a5)
    7d2e:	0705                	addi	a4,a4,1
    7d30:	0ff77713          	zext.b	a4,a4
    7d34:	b77d                	j	7ce2 <main+0x1634>
    7d36:	03d00693          	li	a3,61
    7d3a:	a6d79ae3          	bne	a5,a3,77ae <main+0x1100>
    7d3e:	4981                	li	s3,0
    7d40:	02090d63          	beqz	s2,7d7a <main+0x16cc>
    7d44:	50000713          	li	a4,1280
    7d48:	03574963          	blt	a4,s5,7d7a <main+0x16cc>
    7d4c:	00094703          	lbu	a4,0(s2)
    7d50:	02f71563          	bne	a4,a5,7d7a <main+0x16cc>
    7d54:	4795                	li	a5,5
    7d56:	3357c763          	blt	a5,s5,8084 <main+0x19d6>
    7d5a:	4981                	li	s3,0
    7d5c:	42442783          	lw	a5,1060(s0)
    7d60:	cf89                	beqz	a5,7d7a <main+0x16cc>
    7d62:	81c1a683          	lw	a3,-2020(gp) # 200001ac <time_hw_tpus>
    7d66:	03200713          	li	a4,50
    7d6a:	02d707b3          	mul	a5,a4,a3
    7d6e:	02d73733          	mulhu	a4,a4,a3
    7d72:	58071fe3          	bnez	a4,8b10 <main+0x2462>
    7d76:	58079ee3          	bnez	a5,8b12 <main+0x2464>
    7d7a:	800027f3          	csrr	a5,0x800
    7d7e:	08800713          	li	a4,136
    7d82:	80073073          	csrc	0x800,a4
    7d86:	42042023          	sw	zero,1056(s0)
    7d8a:	42040423          	sb	zero,1064(s0)
    7d8e:	80073073          	csrc	0x800,a4
    7d92:	0887f793          	andi	a5,a5,136
    7d96:	8007a073          	csrs	0x800,a5
    7d9a:	800026f3          	csrr	a3,0x800
    7d9e:	80073073          	csrc	0x800,a4
    7da2:	a281a783          	lw	a5,-1496(gp) # 200003b8 <_ZL27bambubus_heartbeat_deadline>
    7da6:	80073073          	csrc	0x800,a4
    7daa:	0886f713          	andi	a4,a3,136
    7dae:	80072073          	csrs	0x800,a4
    7db2:	a0098ae3          	beqz	s3,77c6 <main+0x1118>
    7db6:	4752                	lw	a4,20(sp)
    7db8:	42442583          	lw	a1,1060(s0)
    7dbc:	40f707b3          	sub	a5,a4,a5
    7dc0:	fff58713          	addi	a4,a1,-1
    7dc4:	56f052e3          	blez	a5,8b28 <main+0x247a>
    7dc8:	4ff00793          	li	a5,1279
    7dcc:	5ce7efe3          	bltu	a5,a4,8baa <main+0x24fc>
    7dd0:	42944783          	lbu	a5,1065(s0)
    7dd4:	59fd                	li	s3,-1
    7dd6:	58079ce3          	bnez	a5,8b6e <main+0x24c0>
    7dda:	4791                	li	a5,4
    7ddc:	5cf497e3          	bne	s1,a5,8baa <main+0x24fc>
    7de0:	a001ac23          	sw	zero,-1512(gp) # 200003a8 <_ZZ4mainE5error>
    7de4:	a1c1c483          	lbu	s1,-1508(gp) # 200003ac <_ZL11g_fil_dirty>
    7de8:	c485                	beqz	s1,7e10 <main+0x1762>
    7dea:	0014f793          	andi	a5,s1,1
    7dee:	5e0793e3          	bnez	a5,8bd4 <main+0x2526>
    7df2:	0024f793          	andi	a5,s1,2
    7df6:	c399                	beqz	a5,7dfc <main+0x174e>
    7df8:	6dd0006f          	j	8cd4 <main+0x2626>
    7dfc:	0044f793          	andi	a5,s1,4
    7e00:	c399                	beqz	a5,7e06 <main+0x1758>
    7e02:	6d70006f          	j	8cd8 <main+0x262a>
    7e06:	0084f793          	andi	a5,s1,8
    7e0a:	4c0d                	li	s8,3
    7e0c:	5c0795e3          	bnez	a5,8bd6 <main+0x2528>
    7e10:	8141ca83          	lbu	s5,-2028(gp) # 200001a4 <_ZL11g_loaded_ch>
    7e14:	a241c783          	lbu	a5,-1500(gp) # 200003b4 <_ZL13g_state_dirty>
    7e18:	c7d9                	beqz	a5,7ea6 <main+0x17f8>
    7e1a:	a9c1c783          	lbu	a5,-1380(gp) # 2000042c <_ZL16g_sta_have_saved>
    7e1e:	c789                	beqz	a5,7e28 <main+0x177a>
    7e20:	8281c783          	lbu	a5,-2008(gp) # 200001b8 <_ZL18g_sta_saved_loaded>
    7e24:	07578f63          	beq	a5,s5,7ea2 <main+0x17f4>
    7e28:	a9e1d483          	lhu	s1,-1378(gp) # 2000042e <_ZL10g_sta_slot>
    7e2c:	aa01da03          	lhu	s4,-1376(gp) # 20000430 <_ZL9g_sta_seq>
    7e30:	00080737          	lui	a4,0x80
    7e34:	0f670713          	addi	a4,a4,246 # 800f6 <ch32v20x_wwdg.c.13394d49+0x62238>
    7e38:	008a1793          	slli	a5,s4,0x8
    7e3c:	0054dc93          	srli	s9,s1,0x5
    7e40:	0157e7b3          	or	a5,a5,s5
    7e44:	9cba                	add	s9,s9,a4
    7e46:	a5000737          	lui	a4,0xa5000
    7e4a:	8f5d                	or	a4,a4,a5
    7e4c:	01f4f993          	andi	s3,s1,31
    7e50:	0ca2                	slli	s9,s9,0x8
    7e52:	098e                	slli	s3,s3,0x3
    7e54:	ccba                	sw	a4,88(sp)
    7e56:	94415737          	lui	a4,0x94415
    7e5a:	99e6                	add	s3,s3,s9
    7e5c:	45370713          	addi	a4,a4,1107 # 94415453 <__freertos_irq_stack_top+0x74410453>
    7e60:	8fb9                	xor	a5,a5,a4
    7e62:	4609                	li	a2,2
    7e64:	08ac                	addi	a1,sp,88
    7e66:	854e                	mv	a0,s3
    7e68:	cebe                	sw	a5,92(sp)
    7e6a:	ae9f90ef          	jal	ra,1952 <_ZL16flash_prog_wordsmPKmm>
    7e6e:	e919                	bnez	a0,7e84 <main+0x17d6>
    7e70:	8566                	mv	a0,s9
    7e72:	bebf90ef          	jal	ra,1a5c <_ZL14flash256_erasem.part.0>
    7e76:	c905                	beqz	a0,7ea6 <main+0x17f8>
    7e78:	4609                	li	a2,2
    7e7a:	08ac                	addi	a1,sp,88
    7e7c:	854e                	mv	a0,s3
    7e7e:	ad5f90ef          	jal	ra,1952 <_ZL16flash_prog_wordsmPKmm>
    7e82:	c115                	beqz	a0,7ea6 <main+0x17f8>
    7e84:	14000793          	li	a5,320
    7e88:	0485                	addi	s1,s1,1
    7e8a:	02f4f4b3          	remu	s1,s1,a5
    7e8e:	4705                	li	a4,1
    7e90:	0a05                	addi	s4,s4,1
    7e92:	a8e18e23          	sb	a4,-1380(gp) # 2000042c <_ZL16g_sta_have_saved>
    7e96:	ab419023          	sh	s4,-1376(gp) # 20000430 <_ZL9g_sta_seq>
    7e9a:	83518423          	sb	s5,-2008(gp) # 200001b8 <_ZL18g_sta_saved_loaded>
    7e9e:	a8919f23          	sh	s1,-1378(gp) # 2000042e <_ZL10g_sta_slot>
    7ea2:	a2018223          	sb	zero,-1500(gp) # 200003b4 <_ZL13g_state_dirty>
    7ea6:	a181a783          	lw	a5,-1512(gp) # 200003a8 <_ZZ4mainE5error>
    7eaa:	ce3e                	sw	a5,28(sp)
    7eac:	e000f7b7          	lui	a5,0xe000f
    7eb0:	47cc                	lw	a1,12(a5)
    7eb2:	0087a903          	lw	s2,8(a5) # e000f008 <__freertos_irq_stack_top+0xc000a008>
    7eb6:	47d8                	lw	a4,12(a5)
    7eb8:	fee59ce3          	bne	a1,a4,7eb0 <main+0x1802>
    7ebc:	82c1a783          	lw	a5,-2004(gp) # 200001bc <time_hw_tpms>
    7ec0:	ca3e                	sw	a5,20(sp)
    7ec2:	8a3e                	mv	s4,a5
    7ec4:	e391                	bnez	a5,7ec8 <main+0x181a>
    7ec6:	4a05                	li	s4,1
    7ec8:	a141c603          	lbu	a2,-1516(gp) # 200003a4 <_ZL13g_time_inited>
    7ecc:	c609                	beqz	a2,7ed6 <main+0x1828>
    7ece:	a101a603          	lw	a2,-1520(gp) # 200003a0 <_ZL15g_time_tpm_last>
    7ed2:	60ca05e3          	beq	s4,a2,8cdc <main+0x262e>
    7ed6:	4605                	li	a2,1
    7ed8:	a0c18a23          	sb	a2,-1516(gp) # 200003a4 <_ZL13g_time_inited>
    7edc:	a141a823          	sw	s4,-1520(gp) # 200003a0 <_ZL15g_time_tpm_last>
    7ee0:	a121a423          	sw	s2,-1528(gp) # 20000398 <_ZL19g_time_last_ticks64>
    7ee4:	a0b1a623          	sw	a1,-1524(gp) # 2000039c <_ZL19g_time_last_ticks64+0x4>
    7ee8:	8652                	mv	a2,s4
    7eea:	4681                	li	a3,0
    7eec:	854a                	mv	a0,s2
    7eee:	2c2010ef          	jal	ra,91b0 <__udivdi3>
    7ef2:	84aa                	mv	s1,a0
    7ef4:	a0a1a023          	sw	a0,-1536(gp) # 20000390 <_ZL11g_time_ms64>
    7ef8:	02aa0533          	mul	a0,s4,a0
    7efc:	8aae                	mv	s5,a1
    7efe:	a0b1a223          	sw	a1,-1532(gp) # 20000394 <_ZL11g_time_ms64+0x4>
    7f02:	40a90533          	sub	a0,s2,a0
    7f06:	9ea1ae23          	sw	a0,-1540(gp) # 2000038c <_ZL18g_time_rem_ticks32>
    7f0a:	854a                	mv	a0,s2
    7f0c:	ee0f80ef          	jal	ra,5ec <_ZL19MC_PULL_ONLINE_readm>
    7f10:	8141c503          	lbu	a0,-2028(gp) # 200001a4 <_ZL11g_loaded_ch>
    7f14:	478d                	li	a5,3
    7f16:	a8c18b13          	addi	s6,gp,-1396 # 2000041c <_ZL17MC_ONLINE_key_stu>
    7f1a:	00a7e863          	bltu	a5,a0,7f2a <main+0x187c>
    7f1e:	00ab07b3          	add	a5,s6,a0
    7f22:	239c                	lbu	a5,0(a5)
    7f24:	e399                	bnez	a5,7f2a <main+0x187c>
    7f26:	b46f90ef          	jal	ra,126c <_Z22ams_state_set_unloadedh>
    7f2a:	200027b7          	lui	a5,0x20002
    7f2e:	20002cb7          	lui	s9,0x20002
    7f32:	dd878d93          	addi	s11,a5,-552 # 20001dd8 <ams>
    7f36:	200027b7          	lui	a5,0x20002
    7f3a:	db0c8c93          	addi	s9,s9,-592 # 20001db0 <_ZL18g_on_use_hi_pwm_us>
    7f3e:	a7c18d13          	addi	s10,gp,-1412 # 2000040c <_ZL18g_on_use_jam_latch>
    7f42:	a0078513          	addi	a0,a5,-1536 # 20001a00 <MOTOR_CONTROL>
    7f46:	4c01                	li	s8,0
    7f48:	a7c18b93          	addi	s7,gp,-1412 # 2000040c <_ZL18g_on_use_jam_latch>
    7f4c:	a8018813          	addi	a6,gp,-1408 # 20000410 <_ZL18g_on_use_low_latch>
    7f50:	4891                	li	a7,4
    7f52:	018b07b3          	add	a5,s6,s8
    7f56:	239c                	lbu	a5,0(a5)
    7f58:	e7b9                	bnez	a5,7fa6 <main+0x18f8>
    7f5a:	47f2                	lw	a5,28(sp)
    7f5c:	eb95                	bnez	a5,7f90 <main+0x18e2>
    7f5e:	47e2                	lw	a5,24(sp)
    7f60:	1047c703          	lbu	a4,260(a5)
    7f64:	0ffc7793          	zext.b	a5,s8
    7f68:	02f71463          	bne	a4,a5,7f90 <main+0x18e2>
    7f6c:	035dc703          	lbu	a4,53(s11)
    7f70:	4785                	li	a5,1
    7f72:	00f71f63          	bne	a4,a5,7f90 <main+0x18e2>
    7f76:	87d6                	mv	a5,s5
    7f78:	8726                	mv	a4,s1
    7f7a:	06400613          	li	a2,100
    7f7e:	4681                	li	a3,0
    7f80:	458d                	li	a1,3
    7f82:	d22a                	sw	a0,36(sp)
    7f84:	b61f80ef          	jal	ra,ae4 <_ZN14_MOTOR_CONTROL10set_motionE20filament_motion_enumyy>
    7f88:	5512                	lw	a0,36(sp)
    7f8a:	a8018813          	addi	a6,gp,-1408 # 20000410 <_ZL18g_on_use_low_latch>
    7f8e:	4891                	li	a7,4
    7f90:	000d4783          	lbu	a5,0(s10)
    7f94:	c799                	beqz	a5,7fa2 <main+0x18f4>
    7f96:	010c07b3          	add	a5,s8,a6
    7f9a:	00078023          	sb	zero,0(a5)
    7f9e:	000d0023          	sb	zero,0(s10)
    7fa2:	000ca023          	sw	zero,0(s9)
    7fa6:	0c05                	addi	s8,s8,1
    7fa8:	0c91                	addi	s9,s9,4
    7faa:	0d05                	addi	s10,s10,1
    7fac:	09850513          	addi	a0,a0,152
    7fb0:	040d8d93          	addi	s11,s11,64
    7fb4:	f91c1fe3          	bne	s8,a7,7f52 <main+0x18a4>
    7fb8:	47f2                	lw	a5,28(sp)
    7fba:	58079ae3          	bnez	a5,8d4e <main+0x26a0>
    7fbe:	47e2                	lw	a5,24(sp)
    7fc0:	470d                	li	a4,3
    7fc2:	1047c783          	lbu	a5,260(a5)
    7fc6:	02f76c63          	bltu	a4,a5,7ffe <main+0x1950>
    7fca:	a9818713          	addi	a4,gp,-1384 # 20000428 <filament_channel_inserted>
    7fce:	973e                	add	a4,a4,a5
    7fd0:	2318                	lbu	a4,0(a4)
    7fd2:	c715                	beqz	a4,7ffe <main+0x1950>
    7fd4:	00fb8733          	add	a4,s7,a5
    7fd8:	2318                	lbu	a4,0(a4)
    7fda:	c315                	beqz	a4,7ffe <main+0x1950>
    7fdc:	4762                	lw	a4,24(sp)
    7fde:	079a                	slli	a5,a5,0x6
    7fe0:	97ba                	add	a5,a5,a4
    7fe2:	0357c783          	lbu	a5,53(a5)
    7fe6:	4705                	li	a4,1
    7fe8:	17fd                	addi	a5,a5,-1
    7fea:	0ff7f793          	zext.b	a5,a5
    7fee:	00f76863          	bltu	a4,a5,7ffe <main+0x1950>
    7ff2:	4762                	lw	a4,24(sp)
    7ff4:	77fd                	lui	a5,0xfffff
    7ff6:	06f78793          	addi	a5,a5,111 # fffff06f <__freertos_irq_stack_top+0xdfffa06f>
    7ffa:	10f71723          	sh	a5,270(a4)
    7ffe:	001b4783          	lbu	a5,1(s6)
    8002:	a8c1c983          	lbu	s3,-1396(gp) # 2000041c <_ZL17MC_ONLINE_key_stu>
    8006:	00f9e9b3          	or	s3,s3,a5
    800a:	002b4783          	lbu	a5,2(s6)
    800e:	00f9e9b3          	or	s3,s3,a5
    8012:	003b4783          	lbu	a5,3(s6)
    8016:	00f9e9b3          	or	s3,s3,a5
    801a:	52099de3          	bnez	s3,8d54 <main+0x26a6>
    801e:	20000737          	lui	a4,0x20000
    8022:	200007b7          	lui	a5,0x20000
    8026:	18070d93          	addi	s11,a4,384 # 20000180 <MC_PULL_V_MIN>
    802a:	15078d13          	addi	s10,a5,336 # 20000150 <_ZL15MC_PULL_stu_raw>
    802e:	4c81                	li	s9,0
    8030:	a9818b93          	addi	s7,gp,-1384 # 20000428 <filament_channel_inserted>
    8034:	82018c13          	addi	s8,gp,-2016 # 200001b0 <MC_PULL_pct>
    8038:	017c8633          	add	a2,s9,s7
    803c:	2210                	lbu	a2,0(a2)
    803e:	ca1d                	beqz	a2,8074 <main+0x19c6>
    8040:	000d2783          	lw	a5,0(s10)
    8044:	018c8633          	add	a2,s9,s8
    8048:	2210                	lbu	a2,0(a2)
    804a:	d23e                	sw	a5,36(sp)
    804c:	47bd                	li	a5,15
    804e:	60c7f4e3          	bgeu	a5,a2,8e56 <main+0x27a8>
    8052:	55a2                	lw	a1,40(sp)
    8054:	5512                	lw	a0,36(sp)
    8056:	0dd020ef          	jal	ra,a932 <__lesf2>
    805a:	5ea05ee3          	blez	a0,8e56 <main+0x27a8>
    805e:	55b2                	lw	a1,44(sp)
    8060:	000da503          	lw	a0,0(s11)
    8064:	188020ef          	jal	ra,a1ec <__addsf3>
    8068:	85aa                	mv	a1,a0
    806a:	5512                	lw	a0,36(sp)
    806c:	0c7020ef          	jal	ra,a932 <__lesf2>
    8070:	5ea053e3          	blez	a0,8e56 <main+0x27a8>
    8074:	0c85                	addi	s9,s9,1
    8076:	4791                	li	a5,4
    8078:	0d91                	addi	s11,s11,4
    807a:	0d11                	addi	s10,s10,4
    807c:	fafc9ee3          	bne	s9,a5,8038 <main+0x198a>
    8080:	4d50006f          	j	8d54 <main+0x26a6>
    8084:	67a5                	lui	a5,0x9
    8086:	65b1                	lui	a1,0xc
    8088:	ffea8693          	addi	a3,s5,-2
    808c:	4601                	li	a2,0
    808e:	13d78793          	addi	a5,a5,317 # 913d <memcmp+0x17>
    8092:	d6458593          	addi	a1,a1,-668 # bd64 <g_crc16_tbl>
    8096:	00c90533          	add	a0,s2,a2
    809a:	2108                	lbu	a0,0(a0)
    809c:	0087d713          	srli	a4,a5,0x8
    80a0:	07a2                	slli	a5,a5,0x8
    80a2:	8f29                	xor	a4,a4,a0
    80a4:	0706                	slli	a4,a4,0x1
    80a6:	972e                	add	a4,a4,a1
    80a8:	231a                	lhu	a4,0(a4)
    80aa:	07c2                	slli	a5,a5,0x10
    80ac:	83c1                	srli	a5,a5,0x10
    80ae:	0605                	addi	a2,a2,1
    80b0:	8fb9                	xor	a5,a5,a4
    80b2:	fed662e3          	bltu	a2,a3,8096 <main+0x19e8>
    80b6:	96ca                	add	a3,a3,s2
    80b8:	2294                	lbu	a3,0(a3)
    80ba:	0ff7f713          	zext.b	a4,a5
    80be:	c8e69ee3          	bne	a3,a4,7d5a <main+0x16ac>
    80c2:	01590733          	add	a4,s2,s5
    80c6:	fff74703          	lbu	a4,-1(a4)
    80ca:	83a1                	srli	a5,a5,0x8
    80cc:	c8f717e3          	bne	a4,a5,7d5a <main+0x16ac>
    80d0:	00194783          	lbu	a5,1(s2)
    80d4:	0c500713          	li	a4,197
    80d8:	04e79063          	bne	a5,a4,8118 <main+0x1a6a>
    80dc:	00494783          	lbu	a5,4(s2)
    80e0:	4721                	li	a4,8
    80e2:	02f76463          	bltu	a4,a5,810a <main+0x1a5c>
    80e6:	4709                	li	a4,2
    80e8:	02f77663          	bgeu	a4,a5,8114 <main+0x1a66>
    80ec:	17f1                	addi	a5,a5,-4
    80ee:	0ff7f793          	zext.b	a5,a5
    80f2:	4711                	li	a4,4
    80f4:	1af76b63          	bltu	a4,a5,82aa <main+0x1bfc>
    80f8:	672d                	lui	a4,0xb
    80fa:	078a                	slli	a5,a5,0x2
    80fc:	77c70713          	addi	a4,a4,1916 # b77c <__clzsi2+0x1d0>
    8100:	97ba                	add	a5,a5,a4
    8102:	439c                	lw	a5,0(a5)
    8104:	8782                	jr	a5
    8106:	4991                	li	s3,4
    8108:	b991                	j	7d5c <main+0x16ae>
    810a:	02000713          	li	a4,32
    810e:	49b1                	li	s3,12
    8110:	c4e786e3          	beq	a5,a4,7d5c <main+0x16ae>
    8114:	49b5                	li	s3,13
    8116:	b199                	j	7d5c <main+0x16ae>
    8118:	17f1                	addi	a5,a5,-4
    811a:	0ff7f793          	zext.b	a5,a5
    811e:	4705                	li	a4,1
    8120:	c2f76de3          	bltu	a4,a5,7d5a <main+0x16ac>
    8124:	47b9                	li	a5,14
    8126:	c357dae3          	bge	a5,s5,7d5a <main+0x16ac>
    812a:	ae018513          	addi	a0,gp,-1312 # 20000470 <printer_data_long>
    812e:	462d                	li	a2,11
    8130:	00290593          	addi	a1,s2,2
    8134:	fcdf70ef          	jal	ra,100 <memcpy>
    8138:	00d90793          	addi	a5,s2,13
    813c:	ae018993          	addi	s3,gp,-1312 # 20000470 <printer_data_long>
    8140:	0087d713          	srli	a4,a5,0x8
    8144:	00f985a3          	sb	a5,11(s3)
    8148:	00e98623          	sb	a4,12(s3)
    814c:	0107d713          	srli	a4,a5,0x10
    8150:	83e1                	srli	a5,a5,0x18
    8152:	00f98723          	sb	a5,14(s3)
    8156:	ff1a8793          	addi	a5,s5,-15
    815a:	00e986a3          	sb	a4,13(s3)
    815e:	01079713          	slli	a4,a5,0x10
    8162:	8341                	srli	a4,a4,0x10
    8164:	00f987a3          	sb	a5,15(s3)
    8168:	00875793          	srli	a5,a4,0x8
    816c:	00f98823          	sb	a5,16(s3)
    8170:	0049a783          	lw	a5,4(s3)
    8174:	70000693          	li	a3,1792
    8178:	ae018a13          	addi	s4,gp,-1312 # 20000470 <printer_data_long>
    817c:	83a1                	srli	a5,a5,0x8
    817e:	07c2                	slli	a5,a5,0x10
    8180:	83c1                	srli	a5,a5,0x10
    8182:	bcd79ce3          	bne	a5,a3,7d5a <main+0x16ac>
    8186:	008a2783          	lw	a5,8(s4)
    818a:	21800693          	li	a3,536
    818e:	83a1                	srli	a5,a5,0x8
    8190:	07c2                	slli	a5,a5,0x10
    8192:	83c1                	srli	a5,a5,0x10
    8194:	0ad78963          	beq	a5,a3,8246 <main+0x1b98>
    8198:	02f6e063          	bltu	a3,a5,81b8 <main+0x1b0a>
    819c:	10300713          	li	a4,259
    81a0:	08e78d63          	beq	a5,a4,823a <main+0x1b8c>
    81a4:	21100713          	li	a4,529
    81a8:	f6e796e3          	bne	a5,a4,8114 <main+0x1a66>
    81ac:	00d94783          	lbu	a5,13(s2)
    81b0:	60078663          	beqz	a5,87bc <main+0x210e>
    81b4:	49a1                	li	s3,8
    81b6:	b65d                	j	7d5c <main+0x16ae>
    81b8:	21a00693          	li	a3,538
    81bc:	0ad78763          	beq	a5,a3,826a <main+0x1bbc>
    81c0:	40200693          	li	a3,1026
    81c4:	f4d798e3          	bne	a5,a3,8114 <main+0x1a66>
    81c8:	02100793          	li	a5,33
    81cc:	74e7ef63          	bltu	a5,a4,892a <main+0x227c>
    81d0:	200027b7          	lui	a5,0x20002
    81d4:	ee87c783          	lbu	a5,-280(a5) # 20001ee8 <ams+0x110>
    81d8:	74078d63          	beqz	a5,8932 <main+0x2284>
    81dc:	5782                	lw	a5,32(sp)
    81de:	06010423          	sb	zero,104(sp)
    81e2:	04010fa3          	sb	zero,95(sp)
    81e6:	06f101a3          	sb	a5,99(sp)
    81ea:	83a1                	srli	a5,a5,0x8
    81ec:	06f10223          	sb	a5,100(sp)
    81f0:	5782                	lw	a5,32(sp)
    81f2:	08a8                	addi	a0,sp,88
    81f4:	83c1                	srli	a5,a5,0x10
    81f6:	06f102a3          	sb	a5,101(sp)
    81fa:	5782                	lw	a5,32(sp)
    81fc:	83e1                	srli	a5,a5,0x18
    81fe:	06f10323          	sb	a5,102(sp)
    8202:	04200793          	li	a5,66
    8206:	06f103a3          	sb	a5,103(sp)
    820a:	000a5783          	lhu	a5,0(s4)
    820e:	04f11c23          	sh	a5,88(sp)
    8212:	4789                	li	a5,2
    8214:	06f100a3          	sb	a5,97(sp)
    8218:	4791                	li	a5,4
    821a:	06f10123          	sb	a5,98(sp)
    821e:	479d                	li	a5,7
    8220:	06f10023          	sb	a5,96(sp)
    8224:	007a4783          	lbu	a5,7(s4)
    8228:	04f10ea3          	sb	a5,93(sp)
    822c:	008a4783          	lbu	a5,8(s4)
    8230:	04f10f23          	sb	a5,94(sp)
    8234:	d37fc0ef          	jal	ra,4f6a <_Z25bambubus_long_package_getP25bambubus_long_packge_data>
    8238:	aded                	j	8932 <main+0x2284>
    823a:	00d94783          	lbu	a5,13(s2)
    823e:	66078d63          	beqz	a5,88b8 <main+0x220a>
    8242:	49a9                	li	s3,10
    8244:	be21                	j	7d5c <main+0x16ae>
    8246:	42442783          	lw	a5,1060(s0)
    824a:	7a078463          	beqz	a5,89f2 <main+0x2344>
    824e:	00ca2783          	lw	a5,12(s4)
    8252:	00ba4703          	lbu	a4,11(s4)
    8256:	07a2                	slli	a5,a5,0x8
    8258:	8fd9                	or	a5,a5,a4
    825a:	2398                	lbu	a4,0(a5)
    825c:	e709                	bnez	a4,8266 <main+0x1bb8>
    825e:	3388                	lbu	a0,1(a5)
    8260:	478d                	li	a5,3
    8262:	0aa7f0e3          	bgeu	a5,a0,8b02 <main+0x2454>
    8266:	49a5                	li	s3,9
    8268:	bcd5                	j	7d5c <main+0x16ae>
    826a:	4c071e63          	bnez	a4,8746 <main+0x2098>
    826e:	499d                	li	s3,7
    8270:	b4f5                	j	7d5c <main+0x16ae>
    8272:	00594703          	lbu	a4,5(s2)
    8276:	42442683          	lw	a3,1060(s0)
    827a:	00475793          	srli	a5,a4,0x4
    827e:	00f77993          	andi	s3,a4,15
    8282:	8b31                	andi	a4,a4,12
    8284:	6a068a63          	beqz	a3,8938 <main+0x228a>
    8288:	8fd9                	or	a5,a5,a4
    828a:	74078f63          	beqz	a5,89e8 <main+0x233a>
    828e:	4999                	li	s3,6
    8290:	b4f1                	j	7d5c <main+0x16ae>
    8292:	42442783          	lw	a5,1060(s0)
    8296:	40078363          	beqz	a5,869c <main+0x1fee>
    829a:	498d                	li	s3,3
    829c:	b4c1                	j	7d5c <main+0x16ae>
    829e:	42442783          	lw	a5,1060(s0)
    82a2:	24078763          	beqz	a5,84f0 <main+0x1e42>
    82a6:	4989                	li	s3,2
    82a8:	bc55                	j	7d5c <main+0x16ae>
    82aa:	42442783          	lw	a5,1060(s0)
    82ae:	22079063          	bnez	a5,84ce <main+0x1e20>
    82b2:	40044783          	lbu	a5,1024(s0)
    82b6:	4d32                	lw	s10,12(sp)
    82b8:	c789                	beqz	a5,82c2 <main+0x1c14>
    82ba:	20001d37          	lui	s10,0x20001
    82be:	9c4d0d13          	addi	s10,s10,-1596 # 200009c4 <__global_pointer$+0x34>
    82c2:	00594a83          	lbu	s5,5(s2)
    82c6:	00694583          	lbu	a1,6(s2)
    82ca:	00794503          	lbu	a0,7(s2)
    82ce:	00894603          	lbu	a2,8(s2)
    82d2:	1e0a9e63          	bnez	s5,84ce <main+0x1e20>
    82d6:	20002a37          	lui	s4,0x20002
    82da:	dd8a0c93          	addi	s9,s4,-552 # 20001dd8 <ams>
    82de:	110cc783          	lbu	a5,272(s9)
    82e2:	1e078663          	beqz	a5,84ce <main+0x1e20>
    82e6:	fabf80ef          	jal	ra,1290 <_Z10set_motionhhhh.part.0>
    82ea:	1e050263          	beqz	a0,84ce <main+0x1e20>
    82ee:	65b1                	lui	a1,0xc
    82f0:	02c00613          	li	a2,44
    82f4:	bfc58593          	addi	a1,a1,-1028 # bbfc <_ZL45_bambubus_ams_motion_package_struct_init_data>
    82f8:	856a                	mv	a0,s10
    82fa:	e07f70ef          	jal	ra,100 <memcpy>
    82fe:	9ea1c903          	lbu	s2,-1558(gp) # 2000037a <package_num>
    8302:	104cc703          	lbu	a4,260(s9)
    8306:	0ff00613          	li	a2,255
    830a:	00391793          	slli	a5,s2,0x3
    830e:	fc07e793          	ori	a5,a5,-64
    8312:	00dd0893          	addi	a7,s10,13
    8316:	0ff7f793          	zext.b	a5,a5
    831a:	04c70263          	beq	a4,a2,835e <main+0x1cb0>
    831e:	10ecdc03          	lhu	s8,270(s9)
    8322:	00fd00a3          	sb	a5,1(s10)
    8326:	10dcc783          	lbu	a5,269(s9)
    832a:	05811c23          	sh	s8,88(sp)
    832e:	00ed0423          	sb	a4,8(s10)
    8332:	00fd03a3          	sb	a5,7(s10)
    8336:	02ed0323          	sb	a4,38(s10)
    833a:	478d                	li	a5,3
    833c:	08e7f763          	bgeu	a5,a4,83ca <main+0x1d1c>
    8340:	05814783          	lbu	a5,88(sp)
    8344:	dd8a0513          	addi	a0,s4,-552
    8348:	00f88023          	sb	a5,0(a7)
    834c:	05914783          	lbu	a5,89(sp)
    8350:	00f880a3          	sb	a5,1(a7)
    8354:	d77f80ef          	jal	ra,10ca <_Z22get_filament_left_charPK4_ams>
    8358:	00ad0ea3          	sb	a0,29(s10)
    835c:	a83d                	j	839a <main+0x1cec>
    835e:	f7400713          	li	a4,-140
    8362:	00fd00a3          	sb	a5,1(s10)
    8366:	57fd                	li	a5,-1
    8368:	00fd0423          	sb	a5,8(s10)
    836c:	02fd0323          	sb	a5,38(s10)
    8370:	00ed06a3          	sb	a4,13(s10)
    8374:	04e11c23          	sh	a4,88(sp)
    8378:	8361                	srli	a4,a4,0x18
    837a:	00e880a3          	sb	a4,1(a7)
    837e:	47a1                	li	a5,8
    8380:	00fd07a3          	sb	a5,15(s10)
    8384:	000d0823          	sb	zero,16(s10)
    8388:	dd8a0513          	addi	a0,s4,-552
    838c:	d3ff80ef          	jal	ra,10ca <_Z22get_filament_left_charPK4_ams>
    8390:	6841                	lui	a6,0x10
    8392:	00ad0ea3          	sb	a0,29(s10)
    8396:	f7480c13          	addi	s8,a6,-140 # ff74 <MC_PULL_calibration.cpp.947435e8+0x603>
    839a:	57fd                	li	a5,-1
    839c:	80f18623          	sb	a5,-2036(gp) # 2000019c <_ZL30before_on_use_sniff_7f_channel>
    83a0:	67bd                	lui	a5,0xf
    83a2:	9e0184a3          	sb	zero,-1559(gp) # 20000379 <_ZL29before_on_use_sniff_7f_active>
    83a6:	9e018423          	sb	zero,-1560(gp) # 20000378 <_ZL28before_on_use_sniff_7f_index>
    83aa:	06f78793          	addi	a5,a5,111 # f06f <Flash_saves.cpp.f7fa723f+0x41e>
    83ae:	0efc1f63          	bne	s8,a5,84ac <main+0x1dfe>
    83b2:	06f00793          	li	a5,111
    83b6:	00fd06a3          	sb	a5,13(s10)
    83ba:	57c1                	li	a5,-16
    83bc:	00fd0723          	sb	a5,14(s10)
    83c0:	579d                	li	a5,-25
    83c2:	00fd07a3          	sb	a5,15(s10)
    83c6:	47f1                	li	a5,28
    83c8:	a20d                	j	84ea <main+0x1e3c>
    83ca:	00671d93          	slli	s11,a4,0x6
    83ce:	03cd8593          	addi	a1,s11,60
    83d2:	95e6                	add	a1,a1,s9
    83d4:	4611                	li	a2,4
    83d6:	009d0513          	addi	a0,s10,9
    83da:	ce3a                	sw	a4,28(sp)
    83dc:	d246                	sw	a7,36(sp)
    83de:	d23f70ef          	jal	ra,100 <memcpy>
    83e2:	5892                	lw	a7,36(sp)
    83e4:	05814603          	lbu	a2,88(sp)
    83e8:	dd8a0513          	addi	a0,s4,-552
    83ec:	9de6                	add	s11,s11,s9
    83ee:	00c88023          	sb	a2,0(a7)
    83f2:	05914603          	lbu	a2,89(sp)
    83f6:	00c880a3          	sb	a2,1(a7)
    83fa:	cd1f80ef          	jal	ra,10ca <_Z22get_filament_left_charPK4_ams>
    83fe:	035dc583          	lbu	a1,53(s11)
    8402:	00ad0ea3          	sb	a0,29(s10)
    8406:	4615                	li	a2,5
    8408:	4772                	lw	a4,28(sp)
    840a:	4791                	li	a5,4
    840c:	f8c597e3          	bne	a1,a2,839a <main+0x1cec>
    8410:	10dcc683          	lbu	a3,269(s9)
    8414:	f8f693e3          	bne	a3,a5,839a <main+0x1cec>
    8418:	a251c683          	lbu	a3,-1499(gp) # 200003b5 <_ZL30last_before_on_use_motion_flag>
    841c:	07f00793          	li	a5,127
    8420:	f6f69de3          	bne	a3,a5,839a <main+0x1cec>
    8424:	9e91c783          	lbu	a5,-1559(gp) # 20000379 <_ZL29before_on_use_sniff_7f_active>
    8428:	c789                	beqz	a5,8432 <main+0x1d84>
    842a:	80c1c783          	lbu	a5,-2036(gp) # 2000019c <_ZL30before_on_use_sniff_7f_channel>
    842e:	00e78963          	beq	a5,a4,8440 <main+0x1d92>
    8432:	4785                	li	a5,1
    8434:	9ef184a3          	sb	a5,-1559(gp) # 20000379 <_ZL29before_on_use_sniff_7f_active>
    8438:	9e018423          	sb	zero,-1560(gp) # 20000378 <_ZL28before_on_use_sniff_7f_index>
    843c:	80e18623          	sb	a4,-2036(gp) # 2000019c <_ZL30before_on_use_sniff_7f_channel>
    8440:	9e81cb83          	lbu	s7,-1560(gp) # 20000378 <_ZL28before_on_use_sniff_7f_index>
    8444:	02c00793          	li	a5,44
    8448:	0977e663          	bltu	a5,s7,84d4 <main+0x1e26>
    844c:	4a61                	li	s4,24
    844e:	034b8a33          	mul	s4,s7,s4
    8452:	6b2d                	lui	s6,0xb
    8454:	7c4b0b13          	addi	s6,s6,1988 # b7c4 <_ZL27before_on_use_sniff_7f_rows>
    8458:	4631                	li	a2,12
    845a:	011d0513          	addi	a0,s10,17
    845e:	014b07b3          	add	a5,s6,s4
    8462:	4398                	lw	a4,0(a5)
    8464:	004a0593          	addi	a1,s4,4
    8468:	95da                	add	a1,a1,s6
    846a:	00ed06a3          	sb	a4,13(s10)
    846e:	8321                	srli	a4,a4,0x8
    8470:	00ed0723          	sb	a4,14(s10)
    8474:	23ba                	lhu	a4,2(a5)
    8476:	00ed07a3          	sb	a4,15(s10)
    847a:	8321                	srli	a4,a4,0x8
    847c:	00ed0823          	sb	a4,16(s10)
    8480:	c81f70ef          	jal	ra,100 <memcpy>
    8484:	010a0593          	addi	a1,s4,16
    8488:	4611                	li	a2,4
    848a:	95da                	add	a1,a1,s6
    848c:	01dd0513          	addi	a0,s10,29
    8490:	c71f70ef          	jal	ra,100 <memcpy>
    8494:	014a0593          	addi	a1,s4,20
    8498:	4611                	li	a2,4
    849a:	95da                	add	a1,a1,s6
    849c:	021d0513          	addi	a0,s10,33
    84a0:	c61f70ef          	jal	ra,100 <memcpy>
    84a4:	001b8793          	addi	a5,s7,1
    84a8:	9ef18423          	sb	a5,-1560(gp) # 20000378 <_ZL28before_on_use_sniff_7f_index>
    84ac:	4799                	li	a5,6
    84ae:	0127e563          	bltu	a5,s2,84b8 <main+0x1e0a>
    84b2:	0905                	addi	s2,s2,1
    84b4:	0ff97a93          	zext.b	s5,s2
    84b8:	02c00593          	li	a1,44
    84bc:	856a                	mv	a0,s10
    84be:	9f518523          	sb	s5,-1558(gp) # 2000037a <package_num>
    84c2:	cb5f80ef          	jal	ra,1176 <_Z15package_add_crcPhi>
    84c6:	02c00793          	li	a5,44
    84ca:	42f42223          	sw	a5,1060(s0)
    84ce:	4985                	li	s3,1
    84d0:	88dff06f          	j	7d5c <main+0x16ae>
    84d4:	03400793          	li	a5,52
    84d8:	00fd06a3          	sb	a5,13(s10)
    84dc:	47f9                	li	a5,30
    84de:	00fd0723          	sb	a5,14(s10)
    84e2:	57f5                	li	a5,-3
    84e4:	00fd07a3          	sb	a5,15(s10)
    84e8:	47a9                	li	a5,10
    84ea:	00fd0823          	sb	a5,16(s10)
    84ee:	bf7d                	j	84ac <main+0x1dfe>
    84f0:	40044783          	lbu	a5,1024(s0)
    84f4:	4bb2                	lw	s7,12(sp)
    84f6:	c789                	beqz	a5,8500 <main+0x1e52>
    84f8:	20001bb7          	lui	s7,0x20001
    84fc:	9c4b8b93          	addi	s7,s7,-1596 # 200009c4 <__global_pointer$+0x34>
    8500:	00594983          	lbu	s3,5(s2)
    8504:	00694583          	lbu	a1,6(s2)
    8508:	00794603          	lbu	a2,7(s2)
    850c:	00994b03          	lbu	s6,9(s2)
    8510:	d8099be3          	bnez	s3,82a6 <main+0x1bf8>
    8514:	20002a37          	lui	s4,0x20002
    8518:	dd8a0793          	addi	a5,s4,-552 # 20001dd8 <ams>
    851c:	1107c783          	lbu	a5,272(a5)
    8520:	dd8a0c13          	addi	s8,s4,-552
    8524:	d80781e3          	beqz	a5,82a6 <main+0x1bf8>
    8528:	dd8a0713          	addi	a4,s4,-552
    852c:	4d01                	li	s10,0
    852e:	4781                	li	a5,0
    8530:	4805                	li	a6,1
    8532:	4511                	li	a0,4
    8534:	03474683          	lbu	a3,52(a4)
    8538:	c699                	beqz	a3,8546 <main+0x1e98>
    853a:	00f816b3          	sll	a3,a6,a5
    853e:	00dd66b3          	or	a3,s10,a3
    8542:	0ff6fd13          	zext.b	s10,a3
    8546:	0785                	addi	a5,a5,1
    8548:	04070713          	addi	a4,a4,64
    854c:	fea794e3          	bne	a5,a0,8534 <main+0x1e86>
    8550:	855a                	mv	a0,s6
    8552:	d3ff80ef          	jal	ra,1290 <_Z10set_motionhhhh.part.0>
    8556:	d40508e3          	beqz	a0,82a6 <main+0x1bf8>
    855a:	65b1                	lui	a1,0xc
    855c:	03c00613          	li	a2,60
    8560:	c2858593          	addi	a1,a1,-984 # bc28 <_ZL49_bambubus_ams_stu_motion_package_struct_init_data>
    8564:	855e                	mv	a0,s7
    8566:	b9bf70ef          	jal	ra,100 <memcpy>
    856a:	0f7c0703          	lb	a4,247(s8)
    856e:	0b7c0783          	lb	a5,183(s8)
    8572:	077c0683          	lb	a3,119(s8)
    8576:	97ba                	add	a5,a5,a4
    8578:	037c0703          	lb	a4,55(s8)
    857c:	9736                	add	a4,a4,a3
    857e:	97ba                	add	a5,a5,a4
    8580:	4729                	li	a4,10
    8582:	02e787b3          	mul	a5,a5,a4
    8586:	01079693          	slli	a3,a5,0x10
    858a:	873e                	mv	a4,a5
    858c:	0006d363          	bgez	a3,8592 <main+0x1ee4>
    8590:	4701                	li	a4,0
    8592:	078c4683          	lbu	a3,120(s8)
    8596:	038c4783          	lbu	a5,56(s8)
    859a:	104c4583          	lbu	a1,260(s8)
    859e:	0742                	slli	a4,a4,0x10
    85a0:	97b6                	add	a5,a5,a3
    85a2:	0b8c4683          	lbu	a3,184(s8)
    85a6:	8741                	srai	a4,a4,0x10
    85a8:	8709                	srai	a4,a4,0x2
    85aa:	97b6                	add	a5,a5,a3
    85ac:	0f8c4683          	lbu	a3,248(s8)
    85b0:	97b6                	add	a5,a5,a3
    85b2:	07c2                	slli	a5,a5,0x10
    85b4:	83c1                	srli	a5,a5,0x10
    85b6:	0ff00693          	li	a3,255
    85ba:	8389                	srli	a5,a5,0x2
    85bc:	0ad58963          	beq	a1,a3,866e <main+0x1fc0>
    85c0:	10ec5d83          	lhu	s11,270(s8)
    85c4:	9ea1c903          	lbu	s2,-1558(gp) # 2000037a <package_num>
    85c8:	00fb8423          	sb	a5,8(s7)
    85cc:	05b11c23          	sh	s11,88(sp)
    85d0:	00391693          	slli	a3,s2,0x3
    85d4:	fc06e693          	ori	a3,a3,-64
    85d8:	00db80a3          	sb	a3,1(s7)
    85dc:	00eb9323          	sh	a4,6(s7)
    85e0:	01ab84a3          	sb	s10,9(s7)
    85e4:	01ab8523          	sb	s10,10(s7)
    85e8:	01ab85a3          	sb	s10,11(s7)
    85ec:	016b8623          	sb	s6,12(s7)
    85f0:	0ff00793          	li	a5,255
    85f4:	08f59163          	bne	a1,a5,8676 <main+0x1fc8>
    85f8:	57fd                	li	a5,-1
    85fa:	00fb8a23          	sb	a5,20(s7)
    85fe:	05814783          	lbu	a5,88(sp)
    8602:	dd8a0513          	addi	a0,s4,-552
    8606:	00fb8ca3          	sb	a5,25(s7)
    860a:	05914783          	lbu	a5,89(sp)
    860e:	00fb8d23          	sb	a5,26(s7)
    8612:	ab9f80ef          	jal	ra,10ca <_Z22get_filament_left_charPK4_ams>
    8616:	67bd                	lui	a5,0xf
    8618:	02ab84a3          	sb	a0,41(s7)
    861c:	06f78793          	addi	a5,a5,111 # f06f <Flash_saves.cpp.f7fa723f+0x41e>
    8620:	00fd9f63          	bne	s11,a5,863e <main+0x1f90>
    8624:	06f00793          	li	a5,111
    8628:	00fb8ca3          	sb	a5,25(s7)
    862c:	57c1                	li	a5,-16
    862e:	00fb8d23          	sb	a5,26(s7)
    8632:	579d                	li	a5,-25
    8634:	00fb8da3          	sb	a5,27(s7)
    8638:	47f1                	li	a5,28
    863a:	00fb8e23          	sb	a5,28(s7)
    863e:	03c00593          	li	a1,60
    8642:	855e                	mv	a0,s7
    8644:	b33f80ef          	jal	ra,1176 <_Z15package_add_crcPhi>
    8648:	4799                	li	a5,6
    864a:	0127e563          	bltu	a5,s2,8654 <main+0x1fa6>
    864e:	0905                	addi	s2,s2,1
    8650:	0ff97993          	zext.b	s3,s2
    8654:	200007b7          	lui	a5,0x20000
    8658:	6705                	lui	a4,0x1
    865a:	4c478793          	addi	a5,a5,1220 # 200004c4 <bus_port_to_host>
    865e:	97ba                	add	a5,a5,a4
    8660:	03c00713          	li	a4,60
    8664:	9f318523          	sb	s3,-1558(gp) # 2000037a <package_num>
    8668:	42e7a223          	sw	a4,1060(a5)
    866c:	b92d                	j	82a6 <main+0x1bf8>
    866e:	6dc1                	lui	s11,0x10
    8670:	f74d8d93          	addi	s11,s11,-140 # ff74 <MC_PULL_calibration.cpp.947435e8+0x603>
    8674:	bf81                	j	85c4 <main+0x1f16>
    8676:	10dc4783          	lbu	a5,269(s8)
    867a:	00bb8a23          	sb	a1,20(s7)
    867e:	00fb89a3          	sb	a5,19(s7)
    8682:	478d                	li	a5,3
    8684:	f6b7ede3          	bltu	a5,a1,85fe <main+0x1f50>
    8688:	059a                	slli	a1,a1,0x6
    868a:	03c58593          	addi	a1,a1,60
    868e:	4611                	li	a2,4
    8690:	95e2                	add	a1,a1,s8
    8692:	015b8513          	addi	a0,s7,21
    8696:	a6bf70ef          	jal	ra,100 <memcpy>
    869a:	b795                	j	85fe <main+0x1f50>
    869c:	200027b7          	lui	a5,0x20002
    86a0:	ee87c783          	lbu	a5,-280(a5) # 20001ee8 <ams+0x110>
    86a4:	eb89                	bnez	a5,86b6 <main+0x2008>
    86a6:	9e018623          	sb	zero,-1556(gp) # 2000037c <_ZL15have_registered>
    86aa:	47b1                	li	a5,12
    86ac:	80f186a3          	sb	a5,-2035(gp) # 2000019d <_ZL24online_detect_prefix_now>
    86b0:	9e0185a3          	sb	zero,-1557(gp) # 2000037b <_ZL19online_detect_phase>
    86b4:	b6dd                	j	829a <main+0x1bec>
    86b6:	00594983          	lbu	s3,5(s2)
    86ba:	04099863          	bnez	s3,870a <main+0x205c>
    86be:	9ec1c783          	lbu	a5,-1556(gp) # 2000037c <_ZL15have_registered>
    86c2:	bc079ce3          	bnez	a5,829a <main+0x1bec>
    86c6:	9eb1c783          	lbu	a5,-1557(gp) # 2000037b <_ZL19online_detect_phase>
    86ca:	cf8d                	beqz	a5,8704 <main+0x2056>
    86cc:	4729                	li	a4,10
    86ce:	4789                	li	a5,2
    86d0:	80e186a3          	sb	a4,-2035(gp) # 2000019d <_ZL24online_detect_prefix_now>
    86d4:	4501                	li	a0,0
    86d6:	9ef185a3          	sb	a5,-1557(gp) # 2000037b <_ZL19online_detect_phase>
    86da:	933fc0ef          	jal	ra,500c <_ZL26online_detect_build_packethh.constprop.0>
    86de:	40044783          	lbu	a5,1024(s0)
    86e2:	4532                	lw	a0,12(sp)
    86e4:	c789                	beqz	a5,86ee <main+0x2040>
    86e6:	20001537          	lui	a0,0x20001
    86ea:	9c450513          	addi	a0,a0,-1596 # 200009c4 <__global_pointer$+0x34>
    86ee:	200005b7          	lui	a1,0x20000
    86f2:	4675                	li	a2,29
    86f4:	02058593          	addi	a1,a1,32 # 20000020 <online_detect_res>
    86f8:	a09f70ef          	jal	ra,100 <memcpy>
    86fc:	47f5                	li	a5,29
    86fe:	42f42223          	sw	a5,1060(s0)
    8702:	be61                	j	829a <main+0x1bec>
    8704:	4731                	li	a4,12
    8706:	4785                	li	a5,1
    8708:	b7e1                	j	86d0 <main+0x2022>
    870a:	4785                	li	a5,1
    870c:	b8f997e3          	bne	s3,a5,829a <main+0x1bec>
    8710:	00694783          	lbu	a5,6(s2)
    8714:	b80793e3          	bnez	a5,829a <main+0x1bec>
    8718:	47a9                	li	a5,10
    871a:	4505                	li	a0,1
    871c:	80f186a3          	sb	a5,-2035(gp) # 2000019d <_ZL24online_detect_prefix_now>
    8720:	8edfc0ef          	jal	ra,500c <_ZL26online_detect_build_packethh.constprop.0>
    8724:	20000537          	lui	a0,0x20000
    8728:	4645                	li	a2,17
    872a:	00790593          	addi	a1,s2,7
    872e:	02750513          	addi	a0,a0,39 # 20000027 <online_detect_res+0x7>
    8732:	1f5000ef          	jal	ra,9126 <memcmp>
    8736:	b60512e3          	bnez	a0,829a <main+0x1bec>
    873a:	9f318623          	sb	s3,-1556(gp) # 2000037c <_ZL15have_registered>
    873e:	478d                	li	a5,3
    8740:	9ef185a3          	sb	a5,-1557(gp) # 2000037b <_ZL19online_detect_phase>
    8744:	bf69                	j	86de <main+0x2030>
    8746:	200027b7          	lui	a5,0x20002
    874a:	ee87c783          	lbu	a5,-280(a5) # 20001ee8 <ams+0x110>
    874e:	b20780e3          	beqz	a5,826e <main+0x1bc0>
    8752:	00d94783          	lbu	a5,13(s2)
    8756:	b0079ce3          	bnez	a5,826e <main+0x1bc0>
    875a:	183c                	addi	a5,sp,56
    875c:	06f101a3          	sb	a5,99(sp)
    8760:	83a1                	srli	a5,a5,0x8
    8762:	06f10223          	sb	a5,100(sp)
    8766:	183c                	addi	a5,sp,56
    8768:	83c1                	srli	a5,a5,0x10
    876a:	06f102a3          	sb	a5,101(sp)
    876e:	183c                	addi	a5,sp,56
    8770:	83e1                	srli	a5,a5,0x18
    8772:	06f10323          	sb	a5,102(sp)
    8776:	4799                	li	a5,6
    8778:	06f103a3          	sb	a5,103(sp)
    877c:	000a5783          	lhu	a5,0(s4)
    8780:	dc02                	sw	zero,56(sp)
    8782:	02011e23          	sh	zero,60(sp)
    8786:	04f11c23          	sh	a5,88(sp)
    878a:	47e9                	li	a5,26
    878c:	06f100a3          	sb	a5,97(sp)
    8790:	4789                	li	a5,2
    8792:	06f10123          	sb	a5,98(sp)
    8796:	479d                	li	a5,7
    8798:	06010423          	sb	zero,104(sp)
    879c:	04010fa3          	sb	zero,95(sp)
    87a0:	06f10023          	sb	a5,96(sp)
    87a4:	007a4783          	lbu	a5,7(s4)
    87a8:	08a8                	addi	a0,sp,88
    87aa:	04f10ea3          	sb	a5,93(sp)
    87ae:	008a4783          	lbu	a5,8(s4)
    87b2:	04f10f23          	sb	a5,94(sp)
    87b6:	fb4fc0ef          	jal	ra,4f6a <_Z25bambubus_long_package_getP25bambubus_long_packge_data>
    87ba:	bc55                	j	826e <main+0x1bc0>
    87bc:	00e94903          	lbu	s2,14(s2)
    87c0:	478d                	li	a5,3
    87c2:	9f27e9e3          	bltu	a5,s2,81b4 <main+0x1b06>
    87c6:	20002ab7          	lui	s5,0x20002
    87ca:	dd8a8a93          	addi	s5,s5,-552 # 20001dd8 <ams>
    87ce:	110ac783          	lbu	a5,272(s5)
    87d2:	9e0781e3          	beqz	a5,81b4 <main+0x1b06>
    87d6:	200009b7          	lui	s3,0x20000
    87da:	04098993          	addi	s3,s3,64 # 20000040 <long_packge_filament>
    87de:	012980a3          	sb	s2,1(s3)
    87e2:	091a                	slli	s2,s2,0x6
    87e4:	00490593          	addi	a1,s2,4
    87e8:	20000537          	lui	a0,0x20000
    87ec:	95d6                	add	a1,a1,s5
    87ee:	4621                	li	a2,8
    87f0:	05350513          	addi	a0,a0,83 # 20000053 <long_packge_filament+0x13>
    87f4:	00098023          	sb	zero,0(s3)
    87f8:	909f70ef          	jal	ra,100 <memcpy>
    87fc:	01490593          	addi	a1,s2,20
    8800:	20000537          	lui	a0,0x20000
    8804:	4651                	li	a2,20
    8806:	95d6                	add	a1,a1,s5
    8808:	05b50513          	addi	a0,a0,91 # 2000005b <long_packge_filament+0x1b>
    880c:	8f5f70ef          	jal	ra,100 <memcpy>
    8810:	012a87b3          	add	a5,s5,s2
    8814:	27d8                	lbu	a4,12(a5)
    8816:	073101a3          	sb	s3,99(sp)
    881a:	06010423          	sb	zero,104(sp)
    881e:	02e98da3          	sb	a4,59(s3)
    8822:	37d8                	lbu	a4,13(a5)
    8824:	04010fa3          	sb	zero,95(sp)
    8828:	08a8                	addi	a0,sp,88
    882a:	02e98e23          	sb	a4,60(s3)
    882e:	27f8                	lbu	a4,14(a5)
    8830:	37fc                	lbu	a5,15(a5)
    8832:	02e98ea3          	sb	a4,61(s3)
    8836:	01290713          	addi	a4,s2,18
    883a:	9756                	add	a4,a4,s5
    883c:	2314                	lbu	a3,0(a4)
    883e:	3318                	lbu	a4,1(a4)
    8840:	02f98f23          	sb	a5,62(s3)
    8844:	0941                	addi	s2,s2,16
    8846:	200007b7          	lui	a5,0x20000
    884a:	08f78793          	addi	a5,a5,143 # 2000008f <long_packge_filament+0x4f>
    884e:	9956                	add	s2,s2,s5
    8850:	b398                	sb	a4,1(a5)
    8852:	00094703          	lbu	a4,0(s2)
    8856:	a394                	sb	a3,0(a5)
    8858:	200007b7          	lui	a5,0x20000
    885c:	09178793          	addi	a5,a5,145 # 20000091 <long_packge_filament+0x51>
    8860:	a398                	sb	a4,0(a5)
    8862:	00194703          	lbu	a4,1(s2)
    8866:	b398                	sb	a4,1(a5)
    8868:	0089d793          	srli	a5,s3,0x8
    886c:	06f10223          	sb	a5,100(sp)
    8870:	0109d793          	srli	a5,s3,0x10
    8874:	06f102a3          	sb	a5,101(sp)
    8878:	f8300793          	li	a5,-125
    887c:	06f103a3          	sb	a5,103(sp)
    8880:	000a5783          	lhu	a5,0(s4)
    8884:	0189d993          	srli	s3,s3,0x18
    8888:	07310323          	sb	s3,102(sp)
    888c:	04f11c23          	sh	a5,88(sp)
    8890:	47c5                	li	a5,17
    8892:	06f100a3          	sb	a5,97(sp)
    8896:	4789                	li	a5,2
    8898:	06f10123          	sb	a5,98(sp)
    889c:	479d                	li	a5,7
    889e:	06f10023          	sb	a5,96(sp)
    88a2:	007a4783          	lbu	a5,7(s4)
    88a6:	04f10ea3          	sb	a5,93(sp)
    88aa:	008a4783          	lbu	a5,8(s4)
    88ae:	04f10f23          	sb	a5,94(sp)
    88b2:	eb8fc0ef          	jal	ra,4f6a <_Z25bambubus_long_package_getP25bambubus_long_packge_data>
    88b6:	b8fd                	j	81b4 <main+0x1b06>
    88b8:	200027b7          	lui	a5,0x20002
    88bc:	ee87c783          	lbu	a5,-280(a5) # 20001ee8 <ams+0x110>
    88c0:	980781e3          	beqz	a5,8242 <main+0x1b94>
    88c4:	200007b7          	lui	a5,0x20000
    88c8:	0c478793          	addi	a5,a5,196 # 200000c4 <long_packge_version_version_and_name_AMS08>
    88cc:	0087d713          	srli	a4,a5,0x8
    88d0:	06f101a3          	sb	a5,99(sp)
    88d4:	06e10223          	sb	a4,100(sp)
    88d8:	00078a23          	sb	zero,20(a5)
    88dc:	0107d713          	srli	a4,a5,0x10
    88e0:	83e1                	srli	a5,a5,0x18
    88e2:	06f10323          	sb	a5,102(sp)
    88e6:	47d5                	li	a5,21
    88e8:	06f103a3          	sb	a5,103(sp)
    88ec:	000a5783          	lhu	a5,0(s4)
    88f0:	06e102a3          	sb	a4,101(sp)
    88f4:	06010423          	sb	zero,104(sp)
    88f8:	04f11c23          	sh	a5,88(sp)
    88fc:	478d                	li	a5,3
    88fe:	06f100a3          	sb	a5,97(sp)
    8902:	4785                	li	a5,1
    8904:	06f10123          	sb	a5,98(sp)
    8908:	479d                	li	a5,7
    890a:	04010fa3          	sb	zero,95(sp)
    890e:	06f10023          	sb	a5,96(sp)
    8912:	007a4783          	lbu	a5,7(s4)
    8916:	08a8                	addi	a0,sp,88
    8918:	04f10ea3          	sb	a5,93(sp)
    891c:	008a4783          	lbu	a5,8(s4)
    8920:	04f10f23          	sb	a5,94(sp)
    8924:	e46fc0ef          	jal	ra,4f6a <_Z25bambubus_long_package_getP25bambubus_long_packge_data>
    8928:	ba29                	j	8242 <main+0x1b94>
    892a:	02e94783          	lbu	a5,46(s2)
    892e:	8a0781e3          	beqz	a5,81d0 <main+0x1b22>
    8932:	49ad                	li	s3,11
    8934:	c28ff06f          	j	7d5c <main+0x16ae>
    8938:	40044683          	lbu	a3,1024(s0)
    893c:	4a32                	lw	s4,12(sp)
    893e:	c689                	beqz	a3,8948 <main+0x229a>
    8940:	20001a37          	lui	s4,0x20001
    8944:	9c4a0a13          	addi	s4,s4,-1596 # 200009c4 <__global_pointer$+0x34>
    8948:	8fd9                	or	a5,a5,a4
    894a:	940792e3          	bnez	a5,828e <main+0x1be0>
    894e:	20002ab7          	lui	s5,0x20002
    8952:	dd8a8a93          	addi	s5,s5,-552 # 20001dd8 <ams>
    8956:	110ac783          	lbu	a5,272(s5)
    895a:	c7d9                	beqz	a5,89e8 <main+0x233a>
    895c:	00699b13          	slli	s6,s3,0x6
    8960:	004b0513          	addi	a0,s6,4
    8964:	4621                	li	a2,8
    8966:	00790593          	addi	a1,s2,7
    896a:	9556                	add	a0,a0,s5
    896c:	f94f70ef          	jal	ra,100 <memcpy>
    8970:	00f94783          	lbu	a5,15(s2)
    8974:	016a8bb3          	add	s7,s5,s6
    8978:	014b0513          	addi	a0,s6,20
    897c:	00fb8623          	sb	a5,12(s7)
    8980:	01094783          	lbu	a5,16(s2)
    8984:	4651                	li	a2,20
    8986:	01790593          	addi	a1,s2,23
    898a:	00fb86a3          	sb	a5,13(s7)
    898e:	01194783          	lbu	a5,17(s2)
    8992:	9556                	add	a0,a0,s5
    8994:	00fb8723          	sb	a5,14(s7)
    8998:	01294783          	lbu	a5,18(s2)
    899c:	00fb87a3          	sb	a5,15(s7)
    89a0:	01394703          	lbu	a4,19(s2)
    89a4:	010b0793          	addi	a5,s6,16
    89a8:	97d6                	add	a5,a5,s5
    89aa:	a398                	sb	a4,0(a5)
    89ac:	01494703          	lbu	a4,20(s2)
    89b0:	b398                	sb	a4,1(a5)
    89b2:	01594703          	lbu	a4,21(s2)
    89b6:	012b0793          	addi	a5,s6,18
    89ba:	97d6                	add	a5,a5,s5
    89bc:	a398                	sb	a4,0(a5)
    89be:	01694703          	lbu	a4,22(s2)
    89c2:	b398                	sb	a4,1(a5)
    89c4:	f3cf70ef          	jal	ra,100 <memcpy>
    89c8:	b208c7b7          	lui	a5,0xb208c
    89cc:	03d78793          	addi	a5,a5,61 # b208c03d <__freertos_irq_stack_top+0x9208703d>
    89d0:	00fa2023          	sw	a5,0(s4)
    89d4:	04b467b7          	lui	a5,0x4b46
    89d8:	07a1                	addi	a5,a5,8 # 4b46008 <ch32v20x_wwdg.c.13394d49+0x4b2814a>
    89da:	00fa2223          	sw	a5,4(s4)
    89de:	47a1                	li	a5,8
    89e0:	020b83a3          	sb	zero,39(s7)
    89e4:	42f42223          	sw	a5,1060(s0)
    89e8:	854e                	mv	a0,s3
    89ea:	86bf80ef          	jal	ra,1254 <_Z35ams_datas_set_need_to_save_filamenth>
    89ee:	8a1ff06f          	j	828e <main+0x1be0>
    89f2:	00d94783          	lbu	a5,13(s2)
    89f6:	84079ce3          	bnez	a5,824e <main+0x1ba0>
    89fa:	00e94b03          	lbu	s6,14(s2)
    89fe:	4a8d                	li	s5,3
    8a00:	856ae7e3          	bltu	s5,s6,824e <main+0x1ba0>
    8a04:	20002c37          	lui	s8,0x20002
    8a08:	dd8c0c13          	addi	s8,s8,-552 # 20001dd8 <ams>
    8a0c:	110c4783          	lbu	a5,272(s8)
    8a10:	82078fe3          	beqz	a5,824e <main+0x1ba0>
    8a14:	006b1993          	slli	s3,s6,0x6
    8a18:	00498513          	addi	a0,s3,4
    8a1c:	00f90593          	addi	a1,s2,15
    8a20:	4621                	li	a2,8
    8a22:	9562                	add	a0,a0,s8
    8a24:	edcf70ef          	jal	ra,100 <memcpy>
    8a28:	01794783          	lbu	a5,23(s2)
    8a2c:	013c0bb3          	add	s7,s8,s3
    8a30:	01498513          	addi	a0,s3,20
    8a34:	00fb8623          	sb	a5,12(s7)
    8a38:	01894783          	lbu	a5,24(s2)
    8a3c:	9562                	add	a0,a0,s8
    8a3e:	4641                	li	a2,16
    8a40:	00fb86a3          	sb	a5,13(s7)
    8a44:	01994783          	lbu	a5,25(s2)
    8a48:	01f90593          	addi	a1,s2,31
    8a4c:	00fb8723          	sb	a5,14(s7)
    8a50:	01a94783          	lbu	a5,26(s2)
    8a54:	00fb87a3          	sb	a5,15(s7)
    8a58:	01b94703          	lbu	a4,27(s2)
    8a5c:	01098793          	addi	a5,s3,16
    8a60:	97e2                	add	a5,a5,s8
    8a62:	a398                	sb	a4,0(a5)
    8a64:	01c94703          	lbu	a4,28(s2)
    8a68:	b398                	sb	a4,1(a5)
    8a6a:	01d94703          	lbu	a4,29(s2)
    8a6e:	01298793          	addi	a5,s3,18
    8a72:	97e2                	add	a5,a5,s8
    8a74:	a398                	sb	a4,0(a5)
    8a76:	01e94703          	lbu	a4,30(s2)
    8a7a:	b398                	sb	a4,1(a5)
    8a7c:	00052023          	sw	zero,0(a0)
    8a80:	00052223          	sw	zero,4(a0)
    8a84:	00052423          	sw	zero,8(a0)
    8a88:	00052623          	sw	zero,12(a0)
    8a8c:	00052823          	sw	zero,16(a0)
    8a90:	e70f70ef          	jal	ra,100 <memcpy>
    8a94:	9e018823          	sb	zero,-1552(gp) # 20000380 <set_filament_res_type2>
    8a98:	9f018793          	addi	a5,gp,-1552 # 20000380 <set_filament_res_type2>
    8a9c:	0087d713          	srli	a4,a5,0x8
    8aa0:	016780a3          	sb	s6,1(a5)
    8aa4:	06f101a3          	sb	a5,99(sp)
    8aa8:	06e10223          	sb	a4,100(sp)
    8aac:	00078123          	sb	zero,2(a5)
    8ab0:	0107d713          	srli	a4,a5,0x10
    8ab4:	83e1                	srli	a5,a5,0x18
    8ab6:	06f10323          	sb	a5,102(sp)
    8aba:	000a5783          	lhu	a5,0(s4)
    8abe:	020b83a3          	sb	zero,39(s7)
    8ac2:	06e102a3          	sb	a4,101(sp)
    8ac6:	04f11c23          	sh	a5,88(sp)
    8aca:	47e1                	li	a5,24
    8acc:	06f100a3          	sb	a5,97(sp)
    8ad0:	4789                	li	a5,2
    8ad2:	06f10123          	sb	a5,98(sp)
    8ad6:	479d                	li	a5,7
    8ad8:	075103a3          	sb	s5,103(sp)
    8adc:	06010423          	sb	zero,104(sp)
    8ae0:	04010fa3          	sb	zero,95(sp)
    8ae4:	06f10023          	sb	a5,96(sp)
    8ae8:	007a4783          	lbu	a5,7(s4)
    8aec:	08a8                	addi	a0,sp,88
    8aee:	04f10ea3          	sb	a5,93(sp)
    8af2:	008a4783          	lbu	a5,8(s4)
    8af6:	04f10f23          	sb	a5,94(sp)
    8afa:	c70fc0ef          	jal	ra,4f6a <_Z25bambubus_long_package_getP25bambubus_long_packge_data>
    8afe:	f50ff06f          	j	824e <main+0x1ba0>
    8b02:	f52f80ef          	jal	ra,1254 <_Z35ams_datas_set_need_to_save_filamenth>
    8b06:	f60ff06f          	j	8266 <main+0x1bb8>
    8b0a:	4995                	li	s3,5
    8b0c:	a50ff06f          	j	7d5c <main+0x16ae>
    8b10:	57fd                	li	a5,-1
    8b12:	e000f737          	lui	a4,0xe000f
    8b16:	4714                	lw	a3,8(a4)
    8b18:	e000f637          	lui	a2,0xe000f
    8b1c:	4618                	lw	a4,8(a2)
    8b1e:	8f15                	sub	a4,a4,a3
    8b20:	a4f77d63          	bgeu	a4,a5,7d7a <main+0x16cc>
    8b24:	0001                	nop
    8b26:	bfdd                	j	8b1c <main+0x246e>
    8b28:	4ff00793          	li	a5,1279
    8b2c:	02e7fe63          	bgeu	a5,a4,8b68 <main+0x24ba>
    8b30:	4791                	li	a5,4
    8b32:	00f49463          	bne	s1,a5,8b3a <main+0x248c>
    8b36:	b6098863          	beqz	s3,7ea6 <main+0x17f8>
    8b3a:	a001ac23          	sw	zero,-1512(gp) # 200003a8 <_ZZ4mainE5error>
    8b3e:	47b1                	li	a5,12
    8b40:	aaf99263          	bne	s3,a5,7de4 <main+0x1736>
    8b44:	af418793          	addi	a5,gp,-1292 # 20000484 <SYS_RGB>
    8b48:	23f8                	lbu	a4,6(a5)
    8b4a:	a8070d63          	beqz	a4,7de4 <main+0x1736>
    8b4e:	4794                	lw	a3,8(a5)
    8b50:	00354737          	lui	a4,0x354
    8b54:	83270713          	addi	a4,a4,-1998 # 353832 <ch32v20x_wwdg.c.13394d49+0x335974>
    8b58:	a8e68663          	beq	a3,a4,7de4 <main+0x1736>
    8b5c:	c798                	sw	a4,8(a5)
    8b5e:	4705                	li	a4,1
    8b60:	02e78623          	sb	a4,44(a5)
    8b64:	a80ff06f          	j	7de4 <main+0x1736>
    8b68:	42944783          	lbu	a5,1065(s0)
    8b6c:	d3f1                	beqz	a5,8b30 <main+0x2482>
    8b6e:	40044783          	lbu	a5,1024(s0)
    8b72:	e79d                	bnez	a5,8ba0 <main+0x24f2>
    8b74:	4532                	lw	a0,12(sp)
    8b76:	0017c793          	xori	a5,a5,1
    8b7a:	40f40023          	sb	a5,1024(s0)
    8b7e:	41842783          	lw	a5,1048(s0)
    8b82:	05c2                	slli	a1,a1,0x10
    8b84:	81c1                	srli	a1,a1,0x10
    8b86:	9782                	jalr	a5
    8b88:	4791                	li	a5,4
    8b8a:	42042223          	sw	zero,1060(s0)
    8b8e:	faf484e3          	beq	s1,a5,8b36 <main+0x2488>
    8b92:	4795                	li	a5,5
    8b94:	faf493e3          	bne	s1,a5,8b3a <main+0x248c>
    8b98:	57fd                	li	a5,-1
    8b9a:	00f98b63          	beq	s3,a5,8bb0 <main+0x2502>
    8b9e:	bf71                	j	8b3a <main+0x248c>
    8ba0:	20001537          	lui	a0,0x20001
    8ba4:	9c450513          	addi	a0,a0,-1596 # 200009c4 <__global_pointer$+0x34>
    8ba8:	b7f9                	j	8b76 <main+0x24c8>
    8baa:	4795                	li	a5,5
    8bac:	a2f49a63          	bne	s1,a5,7de0 <main+0x1732>
    8bb0:	57fd                	li	a5,-1
    8bb2:	a0f1ac23          	sw	a5,-1512(gp) # 200003a8 <_ZZ4mainE5error>
    8bb6:	af418793          	addi	a5,gp,-1292 # 20000484 <SYS_RGB>
    8bba:	23f8                	lbu	a4,6(a5)
    8bbc:	ae070563          	beqz	a4,7ea6 <main+0x17f8>
    8bc0:	4794                	lw	a3,8(a5)
    8bc2:	6705                	lui	a4,0x1
    8bc4:	aee68163          	beq	a3,a4,7ea6 <main+0x17f8>
    8bc8:	c798                	sw	a4,8(a5)
    8bca:	4705                	li	a4,1
    8bcc:	02e78623          	sb	a4,44(a5)
    8bd0:	ad6ff06f          	j	7ea6 <main+0x17f8>
    8bd4:	4c01                	li	s8,0
    8bd6:	200027b7          	lui	a5,0x20002
    8bda:	006c1713          	slli	a4,s8,0x6
    8bde:	ddc78793          	addi	a5,a5,-548 # 20001ddc <ams+0x4>
    8be2:	97ba                	add	a5,a5,a4
    8be4:	4394                	lw	a3,0(a5)
    8be6:	43dc                	lw	a5,4(a5)
    8be8:	200025b7          	lui	a1,0x20002
    8bec:	dc36                	sw	a3,56(sp)
    8bee:	de3e                	sw	a5,60(sp)
    8bf0:	47e2                	lw	a5,24(sp)
    8bf2:	dec58593          	addi	a1,a1,-532 # 20001dec <ams+0x14>
    8bf6:	4641                	li	a2,16
    8bf8:	97ba                	add	a5,a5,a4
    8bfa:	47d4                	lw	a3,12(a5)
    8bfc:	95ba                	add	a1,a1,a4
    8bfe:	00a8                	addi	a0,sp,72
    8c00:	c0b6                	sw	a3,64(sp)
    8c02:	4b9c                	lw	a5,16(a5)
    8c04:	c2be                	sw	a5,68(sp)
    8c06:	cfaf70ef          	jal	ra,100 <memcpy>
    8c0a:	aa818793          	addi	a5,gp,-1368 # 20000438 <_ZL10g_fil_have>
    8c0e:	97e2                	add	a5,a5,s8
    8c10:	239c                	lbu	a5,0(a5)
    8c12:	aa818b13          	addi	s6,gp,-1368 # 20000438 <_ZL10g_fil_have>
    8c16:	cf91                	beqz	a5,8c32 <main+0x2584>
    8c18:	200027b7          	lui	a5,0x20002
    8c1c:	005c1513          	slli	a0,s8,0x5
    8c20:	31878793          	addi	a5,a5,792 # 20002318 <_ZL10g_fil_last>
    8c24:	02000613          	li	a2,32
    8c28:	182c                	addi	a1,sp,56
    8c2a:	953e                	add	a0,a0,a5
    8c2c:	4fa000ef          	jal	ra,9126 <memcmp>
    8c30:	c941                	beqz	a0,8cc0 <main+0x2612>
    8c32:	aa418793          	addi	a5,gp,-1372 # 20000434 <_ZL17g_fil_first_empty>
    8c36:	97e2                	add	a5,a5,s8
    8c38:	0007ca83          	lbu	s5,0(a5)
    8c3c:	000809b7          	lui	s3,0x80
    8c40:	0f298993          	addi	s3,s3,242 # 800f2 <ch32v20x_wwdg.c.13394d49+0x62234>
    8c44:	99e2                	add	s3,s3,s8
    8c46:	4795                	li	a5,5
    8c48:	09a2                	slli	s3,s3,0x8
    8c4a:	aa418a13          	addi	s4,gp,-1372 # 20000434 <_ZL17g_fil_first_empty>
    8c4e:	0157f863          	bgeu	a5,s5,8c5e <main+0x25b0>
    8c52:	854e                	mv	a0,s3
    8c54:	e09f80ef          	jal	ra,1a5c <_ZL14flash256_erasem.part.0>
    8c58:	4a81                	li	s5,0
    8c5a:	9a050b63          	beqz	a0,7e10 <main+0x1762>
    8c5e:	314c57b7          	lui	a5,0x314c5
    8c62:	94678793          	addi	a5,a5,-1722 # 314c4946 <__freertos_irq_stack_top+0x114bf946>
    8c66:	02000613          	li	a2,32
    8c6a:	182c                	addi	a1,sp,56
    8c6c:	08e8                	addi	a0,sp,92
    8c6e:	ccbe                	sw	a5,88(sp)
    8c70:	c90f70ef          	jal	ra,100 <memcpy>
    8c74:	02400593          	li	a1,36
    8c78:	08a8                	addi	a0,sp,88
    8c7a:	fc0f70ef          	jal	ra,43a <_ZL14crc32_hw_wordsPKvm>
    8c7e:	deaa                	sw	a0,124(sp)
    8c80:	02800513          	li	a0,40
    8c84:	02aa8533          	mul	a0,s5,a0
    8c88:	4629                	li	a2,10
    8c8a:	08ac                	addi	a1,sp,88
    8c8c:	954e                	add	a0,a0,s3
    8c8e:	cc5f80ef          	jal	ra,1952 <_ZL16flash_prog_wordsmPKmm>
    8c92:	e119                	bnez	a0,8c98 <main+0x25ea>
    8c94:	97cff06f          	j	7e10 <main+0x1762>
    8c98:	200027b7          	lui	a5,0x20002
    8c9c:	31878793          	addi	a5,a5,792 # 20002318 <_ZL10g_fil_last>
    8ca0:	005c1513          	slli	a0,s8,0x5
    8ca4:	953e                	add	a0,a0,a5
    8ca6:	02000613          	li	a2,32
    8caa:	182c                	addi	a1,sp,56
    8cac:	c54f70ef          	jal	ra,100 <memcpy>
    8cb0:	9b62                	add	s6,s6,s8
    8cb2:	4785                	li	a5,1
    8cb4:	9a62                	add	s4,s4,s8
    8cb6:	0a85                	addi	s5,s5,1
    8cb8:	00fb0023          	sb	a5,0(s6)
    8cbc:	015a0023          	sb	s5,0(s4)
    8cc0:	4785                	li	a5,1
    8cc2:	018797b3          	sll	a5,a5,s8
    8cc6:	fff7c793          	not	a5,a5
    8cca:	8cfd                	and	s1,s1,a5
    8ccc:	a0918e23          	sb	s1,-1508(gp) # 200003ac <_ZL11g_fil_dirty>
    8cd0:	940ff06f          	j	7e10 <main+0x1762>
    8cd4:	4c05                	li	s8,1
    8cd6:	b701                	j	8bd6 <main+0x2528>
    8cd8:	4c09                	li	s8,2
    8cda:	bdf5                	j	8bd6 <main+0x2528>
    8cdc:	a081a783          	lw	a5,-1528(gp) # 20000398 <_ZL19g_time_last_ticks64>
    8ce0:	a0c1a683          	lw	a3,-1524(gp) # 2000039c <_ZL19g_time_last_ticks64+0x4>
    8ce4:	a121a423          	sw	s2,-1528(gp) # 20000398 <_ZL19g_time_last_ticks64>
    8ce8:	40f907b3          	sub	a5,s2,a5
    8cec:	00f93633          	sltu	a2,s2,a5
    8cf0:	40d586b3          	sub	a3,a1,a3
    8cf4:	a0b1a623          	sw	a1,-1524(gp) # 2000039c <_ZL19g_time_last_ticks64+0x4>
    8cf8:	9ec69863          	bne	a3,a2,7ee8 <main+0x183a>
    8cfc:	9fc1a703          	lw	a4,-1540(gp) # 2000038c <_ZL18g_time_rem_ticks32>
    8d00:	97ba                	add	a5,a5,a4
    8d02:	9ee7e363          	bltu	a5,a4,7ee8 <main+0x183a>
    8d06:	46d2                	lw	a3,20(sp)
    8d08:	4705                	li	a4,1
    8d0a:	a001a483          	lw	s1,-1536(gp) # 20000390 <_ZL11g_time_ms64>
    8d0e:	a041aa83          	lw	s5,-1532(gp) # 20000394 <_ZL11g_time_ms64+0x4>
    8d12:	00d76e63          	bltu	a4,a3,8d2e <main+0x2680>
    8d16:	94be                	add	s1,s1,a5
    8d18:	00f4b7b3          	sltu	a5,s1,a5
    8d1c:	9abe                	add	s5,s5,a5
    8d1e:	a091a023          	sw	s1,-1536(gp) # 20000390 <_ZL11g_time_ms64>
    8d22:	a151a223          	sw	s5,-1532(gp) # 20000394 <_ZL11g_time_ms64+0x4>
    8d26:	9e01ae23          	sw	zero,-1540(gp) # 2000038c <_ZL18g_time_rem_ticks32>
    8d2a:	9e0ff06f          	j	7f0a <main+0x185c>
    8d2e:	0347f733          	remu	a4,a5,s4
    8d32:	0347d7b3          	divu	a5,a5,s4
    8d36:	9ee1ae23          	sw	a4,-1540(gp) # 2000038c <_ZL18g_time_rem_ticks32>
    8d3a:	94be                	add	s1,s1,a5
    8d3c:	00f4b7b3          	sltu	a5,s1,a5
    8d40:	9abe                	add	s5,s5,a5
    8d42:	a091a023          	sw	s1,-1536(gp) # 20000390 <_ZL11g_time_ms64>
    8d46:	a151a223          	sw	s5,-1532(gp) # 20000394 <_ZL11g_time_ms64+0x4>
    8d4a:	9c0ff06f          	j	7f0a <main+0x185c>
    8d4e:	47f2                	lw	a5,28(sp)
    8d50:	aaf05763          	blez	a5,7ffe <main+0x1950>
    8d54:	577d                	li	a4,-1
    8d56:	80e1a823          	sw	a4,-2032(gp) # 200001a0 <_ZL9g_hold_ch>
    8d5a:	9e01ac23          	sw	zero,-1544(gp) # 20000388 <_ZL15g_hold_t0_ticks>
    8d5e:	854a                	mv	a0,s2
    8d60:	aa4fd0ef          	jal	ra,6004 <_Z22AS5600_distance_updatam>
    8d64:	200027b7          	lui	a5,0x20002
    8d68:	c6078693          	addi	a3,a5,-928 # 20001c60 <_ZL21filament_now_position>
    8d6c:	200027b7          	lui	a5,0x20002
    8d70:	dd878613          	addi	a2,a5,-552 # 20001dd8 <ams>
    8d74:	4701                	li	a4,0
    8d76:	4591                	li	a1,4
    8d78:	00eb07b3          	add	a5,s6,a4
    8d7c:	2388                	lbu	a0,0(a5)
    8d7e:	4785                	li	a5,1
    8d80:	e509                	bnez	a0,8d8a <main+0x26dc>
    8d82:	429c                	lw	a5,0(a3)
    8d84:	17f1                	addi	a5,a5,-4
    8d86:	0027b793          	sltiu	a5,a5,2
    8d8a:	02f60a23          	sb	a5,52(a2) # e000f034 <__freertos_irq_stack_top+0xc000a034>
    8d8e:	0705                	addi	a4,a4,1 # 1001 <_ZN14_MOTOR_CONTROL10set_motionE20filament_motion_enumyy+0x51d>
    8d90:	04060613          	addi	a2,a2,64
    8d94:	0691                	addi	a3,a3,4
    8d96:	feb711e3          	bne	a4,a1,8d78 <main+0x26ca>
    8d9a:	4572                	lw	a0,28(sp)
    8d9c:	86ca                	mv	a3,s2
    8d9e:	85a6                	mv	a1,s1
    8da0:	8656                	mv	a2,s5
    8da2:	f38f90ef          	jal	ra,24da <_ZL16motor_motion_runiym>
    8da6:	200027b7          	lui	a5,0x20002
    8daa:	cf078793          	addi	a5,a5,-784 # 20001cf0 <MC_AS5600>
    8dae:	4388                	lw	a0,0(a5)
    8db0:	0047a803          	lw	a6,4(a5)
    8db4:	66c1                	lui	a3,0x10
    8db6:	200027b7          	lui	a5,0x20002
    8dba:	25878793          	addi	a5,a5,600 # 20002258 <RGBOUT>
    8dbe:	4701                	li	a4,0
    8dc0:	f0068693          	addi	a3,a3,-256 # ff00 <MC_PULL_calibration.cpp.947435e8+0x58f>
    8dc4:	4885                	li	a7,1
    8dc6:	537d                	li	t1,-1
    8dc8:	4591                	li	a1,4
    8dca:	00e50633          	add	a2,a0,a4
    8dce:	2210                	lbu	a2,0(a2)
    8dd0:	c619                	beqz	a2,8dde <main+0x2730>
    8dd2:	00271613          	slli	a2,a4,0x2
    8dd6:	9642                	add	a2,a2,a6
    8dd8:	4210                	lw	a2,0(a2)
    8dda:	00661a63          	bne	a2,t1,8dee <main+0x2740>
    8dde:	23f0                	lbu	a2,6(a5)
    8de0:	c619                	beqz	a2,8dee <main+0x2740>
    8de2:	4790                	lw	a2,8(a5)
    8de4:	00d60563          	beq	a2,a3,8dee <main+0x2740>
    8de8:	c794                	sw	a3,8(a5)
    8dea:	03178623          	sb	a7,44(a5)
    8dee:	0705                	addi	a4,a4,1
    8df0:	03078793          	addi	a5,a5,48
    8df4:	fcb71be3          	bne	a4,a1,8dca <main+0x271c>
    8df8:	a95f80ef          	jal	ra,188c <_Z10RGB_updatev>
    8dfc:	90ffe06f          	j	770a <main+0x105c>
    8e00:	8191a823          	sw	s9,-2032(gp) # 200001a0 <_ZL9g_hold_ch>
    8e04:	9f21ac23          	sw	s2,-1544(gp) # 20000388 <_ZL15g_hold_t0_ticks>
    8e08:	bf99                	j	8d5e <main+0x26b0>
    8e0a:	008ba683          	lw	a3,8(s7)
    8e0e:	47d2                	lw	a5,20(sp)
    8e10:	414686b3          	sub	a3,a3,s4
    8e14:	02f6d6b3          	divu	a3,a3,a5
    8e18:	200027b7          	lui	a5,0x20002
    8e1c:	25878d13          	addi	s10,a5,600 # 20002258 <RGBOUT>
    8e20:	0386d6b3          	divu	a3,a3,s8
    8e24:	fff6c693          	not	a3,a3
    8e28:	8a85                	andi	a3,a3,1
    8e2a:	00469c93          	slli	s9,a3,0x4
    8e2e:	856a                	mv	a0,s10
    8e30:	86e6                	mv	a3,s9
    8e32:	4601                	li	a2,0
    8e34:	4581                	li	a1,0
    8e36:	e26f90ef          	jal	ra,245c <_ZN12WS2812_class14set_RGB_onlineEhhhhb.constprop.0>
    8e3a:	200027b7          	lui	a5,0x20002
    8e3e:	030d0d13          	addi	s10,s10,48
    8e42:	31878793          	addi	a5,a5,792 # 20002318 <_ZL10g_fil_last>
    8e46:	ffa794e3          	bne	a5,s10,8e2e <main+0x2780>
    8e4a:	a43f80ef          	jal	ra,188c <_Z10RGB_updatev>
    8e4e:	4551                	li	a0,20
    8e50:	b88f80ef          	jal	ra,11d8 <delay.part.0>
    8e54:	a881                	j	8ea4 <main+0x27f6>
    8e56:	8101a703          	lw	a4,-2032(gp) # 200001a0 <_ZL9g_hold_ch>
    8e5a:	faec93e3          	bne	s9,a4,8e00 <main+0x2752>
    8e5e:	9f81a703          	lw	a4,-1544(gp) # 20000388 <_ZL15g_hold_t0_ticks>
    8e62:	6785                	lui	a5,0x1
    8e64:	38878793          	addi	a5,a5,904 # 1388 <_Z10set_motionhhhh.part.0+0xf8>
    8e68:	02fa07b3          	mul	a5,s4,a5
    8e6c:	40e90733          	sub	a4,s2,a4
    8e70:	eef767e3          	bltu	a4,a5,8d5e <main+0x26b0>
    8e74:	4a11                	li	s4,4
    8e76:	854e                	mv	a0,s3
    8e78:	0985                	addi	s3,s3,1
    8e7a:	4581                	li	a1,0
    8e7c:	0ff9f993          	zext.b	s3,s3
    8e80:	994f80ef          	jal	ra,1014 <_Z22Motion_control_set_PWMhi>
    8e84:	ff4999e3          	bne	s3,s4,8e76 <main+0x27c8>
    8e88:	e000f7b7          	lui	a5,0xe000f
    8e8c:	0087aa03          	lw	s4,8(a5) # e000f008 <__freertos_irq_stack_top+0xc000a008>
    8e90:	47d2                	lw	a5,20(sp)
    8e92:	6985                	lui	s3,0x1
    8e94:	bb898993          	addi	s3,s3,-1096 # bb8 <_ZN14_MOTOR_CONTROL10set_motionE20filament_motion_enumyy+0xd4>
    8e98:	033789b3          	mul	s3,a5,s3
    8e9c:	e000fbb7          	lui	s7,0xe000f
    8ea0:	09600c13          	li	s8,150
    8ea4:	008ba783          	lw	a5,8(s7) # e000f008 <__freertos_irq_stack_top+0xc000a008>
    8ea8:	414787b3          	sub	a5,a5,s4
    8eac:	f537efe3          	bltu	a5,s3,8e0a <main+0x275c>
    8eb0:	200027b7          	lui	a5,0x20002
    8eb4:	25878993          	addi	s3,a5,600 # 20002258 <RGBOUT>
    8eb8:	854e                	mv	a0,s3
    8eba:	4681                	li	a3,0
    8ebc:	4601                	li	a2,0
    8ebe:	4581                	li	a1,0
    8ec0:	d9cf90ef          	jal	ra,245c <_ZN12WS2812_class14set_RGB_onlineEhhhhb.constprop.0>
    8ec4:	200027b7          	lui	a5,0x20002
    8ec8:	03098993          	addi	s3,s3,48
    8ecc:	31878793          	addi	a5,a5,792 # 20002318 <_ZL10g_fil_last>
    8ed0:	ff3794e3          	bne	a5,s3,8eb8 <main+0x280a>
    8ed4:	9b9f80ef          	jal	ra,188c <_Z10RGB_updatev>
    8ed8:	ef7fb0ef          	jal	ra,4dce <_Z20Flash_NVM_full_clearv>
    8edc:	beef07b7          	lui	a5,0xbeef0
    8ee0:	e000e737          	lui	a4,0xe000e
    8ee4:	08078793          	addi	a5,a5,128 # beef0080 <__freertos_irq_stack_top+0x9eeeb080>
    8ee8:	c73c                	sw	a5,72(a4)
    8eea:	bd95                	j	8d5e <main+0x26b0>

00008eec <_sub_I_65535_0.0>:
    8eec:	a50f72ef          	jal	t0,13c <__riscv_save_4>
    8ef0:	20002437          	lui	s0,0x20002
    8ef4:	dd840413          	addi	s0,s0,-552 # 20001dd8 <ams>
    8ef8:	64ad                	lui	s1,0xb
    8efa:	45040993          	addi	s3,s0,1104
    8efe:	62448493          	addi	s1,s1,1572 # b624 <__clzsi2+0x78>
    8f02:	597d                	li	s2,-1
    8f04:	00040023          	sb	zero,0(s0)
    8f08:	00440513          	addi	a0,s0,4
    8f0c:	10000613          	li	a2,256
    8f10:	85a6                	mv	a1,s1
    8f12:	9eef70ef          	jal	ra,100 <memcpy>
    8f16:	11440413          	addi	s0,s0,276
    8f1a:	ff240823          	sb	s2,-16(s0)
    8f1e:	fe040ca3          	sb	zero,-7(s0)
    8f22:	ff241d23          	sh	s2,-6(s0)
    8f26:	fe040e23          	sb	zero,-4(s0)
    8f2a:	fd341de3          	bne	s0,s3,8f04 <_sub_I_65535_0.0+0x18>
    8f2e:	200017b7          	lui	a5,0x20001
    8f32:	4c478793          	addi	a5,a5,1220 # 200014c4 <__global_pointer$+0xb34>
    8f36:	3e700713          	li	a4,999
    8f3a:	40e7a423          	sw	a4,1032(a5)
    8f3e:	20001737          	lui	a4,0x20001
    8f42:	ec470713          	addi	a4,a4,-316 # 20000ec4 <__global_pointer$+0x534>
    8f46:	40e7ae23          	sw	a4,1052(a5)
    8f4a:	4207a023          	sw	zero,1056(a5)
    8f4e:	4207a223          	sw	zero,1060(a5)
    8f52:	40e7a823          	sw	a4,1040(a5)
    8f56:	42078423          	sb	zero,1064(a5)
    8f5a:	4705                	li	a4,1
    8f5c:	42e784a3          	sb	a4,1065(a5)
    8f60:	40078023          	sb	zero,1024(a5)
    8f64:	4007a223          	sw	zero,1028(a5)
    8f68:	40079623          	sh	zero,1036(a5)
    8f6c:	40078723          	sb	zero,1038(a5)
    8f70:	4007aa23          	sw	zero,1044(a5)
    8f74:	20002537          	lui	a0,0x20002
    8f78:	200027b7          	lui	a5,0x20002
    8f7c:	cf078793          	addi	a5,a5,-784 # 20001cf0 <MC_AS5600>
    8f80:	20002437          	lui	s0,0x20002
    8f84:	d0850693          	addi	a3,a0,-760 # 20001d08 <MC_AS5600+0x18>
    8f88:	c3d4                	sw	a3,4(a5)
    8f8a:	d1840693          	addi	a3,s0,-744 # 20001d18 <MC_AS5600+0x28>
    8f8e:	c794                	sw	a3,8(a5)
    8f90:	200026b7          	lui	a3,0x20002
    8f94:	d2068693          	addi	a3,a3,-736 # 20001d20 <MC_AS5600+0x30>
    8f98:	c7d4                	sw	a3,12(a5)
    8f9a:	200026b7          	lui	a3,0x20002
    8f9e:	d2868693          	addi	a3,a3,-728 # 20001d28 <MC_AS5600+0x38>
    8fa2:	dfb4                	sw	a3,120(a5)
    8fa4:	200026b7          	lui	a3,0x20002
    8fa8:	d3868693          	addi	a3,a3,-712 # 20001d38 <MC_AS5600+0x48>
    8fac:	20002737          	lui	a4,0x20002
    8fb0:	d0470713          	addi	a4,a4,-764 # 20001d04 <MC_AS5600+0x14>
    8fb4:	dff4                	sw	a3,124(a5)
    8fb6:	200026b7          	lui	a3,0x20002
    8fba:	c398                	sw	a4,0(a5)
    8fbc:	0007a823          	sw	zero,16(a5)
    8fc0:	d4868693          	addi	a3,a3,-696 # 20001d48 <MC_AS5600+0x58>
    8fc4:	08078793          	addi	a5,a5,128
    8fc8:	c394                	sw	a3,0(a5)
    8fca:	200026b7          	lui	a3,0x20002
    8fce:	d5868693          	addi	a3,a3,-680 # 20001d58 <MC_AS5600+0x68>
    8fd2:	c3d4                	sw	a3,4(a5)
    8fd4:	200026b7          	lui	a3,0x20002
    8fd8:	d6068693          	addi	a3,a3,-672 # 20001d60 <MC_AS5600+0x70>
    8fdc:	4641                	li	a2,16
    8fde:	0ff00593          	li	a1,255
    8fe2:	d0850513          	addi	a0,a0,-760
    8fe6:	c794                	sw	a3,8(a5)
    8fe8:	00072023          	sw	zero,0(a4)
    8fec:	92af70ef          	jal	ra,116 <memset>
    8ff0:	05000613          	li	a2,80
    8ff4:	4581                	li	a1,0
    8ff6:	d1840513          	addi	a0,s0,-744
    8ffa:	91cf70ef          	jal	ra,116 <memset>
    8ffe:	20002537          	lui	a0,0x20002
    9002:	4581                	li	a1,0
    9004:	a0050513          	addi	a0,a0,-1536 # 20001a00 <MOTOR_CONTROL>
    9008:	a59f70ef          	jal	ra,a60 <_ZN14_MOTOR_CONTROLC1Ei>
    900c:	20002537          	lui	a0,0x20002
    9010:	4585                	li	a1,1
    9012:	a9850513          	addi	a0,a0,-1384 # 20001a98 <MOTOR_CONTROL+0x98>
    9016:	a4bf70ef          	jal	ra,a60 <_ZN14_MOTOR_CONTROLC1Ei>
    901a:	20002537          	lui	a0,0x20002
    901e:	4589                	li	a1,2
    9020:	b3050513          	addi	a0,a0,-1232 # 20001b30 <MOTOR_CONTROL+0x130>
    9024:	a3df70ef          	jal	ra,a60 <_ZN14_MOTOR_CONTROLC1Ei>
    9028:	20002537          	lui	a0,0x20002
    902c:	458d                	li	a1,3
    902e:	bc850513          	addi	a0,a0,-1080 # 20001bc8 <MOTOR_CONTROL+0x1c8>
    9032:	a2ff70ef          	jal	ra,a60 <_ZN14_MOTOR_CONTROLC1Ei>
    9036:	93af706f          	j	170 <__riscv_restore_4>

0000903a <ADC1_2_IRQHandler>:
    903a:	a001                	j	903a <ADC1_2_IRQHandler>

0000903c <handle_reset>:
    903c:	1fff8197          	auipc	gp,0x1fff8
    9040:	95418193          	addi	gp,gp,-1708 # 20000990 <__global_pointer$>
    9044:	1fffc117          	auipc	sp,0x1fffc
    9048:	fbc10113          	addi	sp,sp,-68 # 20005000 <__freertos_irq_stack_top>
    904c:	00003517          	auipc	a0,0x3
    9050:	10450513          	addi	a0,a0,260 # c150 <_data_lma>
    9054:	1fff7597          	auipc	a1,0x1fff7
    9058:	fac58593          	addi	a1,a1,-84 # 20000000 <AHBPrescTable>
    905c:	9d418613          	addi	a2,gp,-1580 # 20000364 <_edata>
    9060:	00c5fa63          	bgeu	a1,a2,9074 <handle_reset+0x38>
    9064:	00052283          	lw	t0,0(a0)
    9068:	0055a023          	sw	t0,0(a1)
    906c:	0511                	addi	a0,a0,4
    906e:	0591                	addi	a1,a1,4
    9070:	fec5eae3          	bltu	a1,a2,9064 <handle_reset+0x28>
    9074:	9d818513          	addi	a0,gp,-1576 # 20000368 <MCU_Version>
    9078:	1fffa597          	auipc	a1,0x1fffa
    907c:	c0058593          	addi	a1,a1,-1024 # 20002c78 <_ebss>
    9080:	00b57763          	bgeu	a0,a1,908e <handle_reset+0x52>
    9084:	00052023          	sw	zero,0(a0)
    9088:	0511                	addi	a0,a0,4
    908a:	feb56de3          	bltu	a0,a1,9084 <handle_reset+0x48>
    908e:	42fd                	li	t0,31
    9090:	bc029073          	csrw	0xbc0,t0
    9094:	428d                	li	t0,3
    9096:	80429073          	csrw	0x804,t0
    909a:	08800293          	li	t0,136
    909e:	30029073          	csrw	mstatus,t0
    90a2:	ffff7297          	auipc	t0,0xffff7
    90a6:	f6228293          	addi	t0,t0,-158 # 4 <_einit>
    90aa:	0032e293          	ori	t0,t0,3
    90ae:	30529073          	csrw	mtvec,t0
    90b2:	2819                	jal	90c8 <__libc_init_array>
    90b4:	b02fd0ef          	jal	ra,63b6 <SystemInit>
    90b8:	ffffd297          	auipc	t0,0xffffd
    90bc:	5f628293          	addi	t0,t0,1526 # 66ae <main>
    90c0:	34129073          	csrw	mepc,t0
    90c4:	30200073          	mret

000090c8 <__libc_init_array>:
    90c8:	1141                	addi	sp,sp,-16
    90ca:	c422                	sw	s0,8(sp)
    90cc:	c226                	sw	s1,4(sp)
    90ce:	00003417          	auipc	s0,0x3
    90d2:	07e40413          	addi	s0,s0,126 # c14c <__fsymtab_end>
    90d6:	00003497          	auipc	s1,0x3
    90da:	07648493          	addi	s1,s1,118 # c14c <__fsymtab_end>
    90de:	8c81                	sub	s1,s1,s0
    90e0:	c04a                	sw	s2,0(sp)
    90e2:	c606                	sw	ra,12(sp)
    90e4:	8489                	srai	s1,s1,0x2
    90e6:	4901                	li	s2,0
    90e8:	02991563          	bne	s2,s1,9112 <__libc_init_array+0x4a>
    90ec:	00003417          	auipc	s0,0x3
    90f0:	06040413          	addi	s0,s0,96 # c14c <__fsymtab_end>
    90f4:	00003497          	auipc	s1,0x3
    90f8:	05c48493          	addi	s1,s1,92 # c150 <_data_lma>
    90fc:	8c81                	sub	s1,s1,s0
    90fe:	8489                	srai	s1,s1,0x2
    9100:	4901                	li	s2,0
    9102:	00991d63          	bne	s2,s1,911c <__libc_init_array+0x54>
    9106:	40b2                	lw	ra,12(sp)
    9108:	4422                	lw	s0,8(sp)
    910a:	4492                	lw	s1,4(sp)
    910c:	4902                	lw	s2,0(sp)
    910e:	0141                	addi	sp,sp,16
    9110:	8082                	ret
    9112:	401c                	lw	a5,0(s0)
    9114:	0905                	addi	s2,s2,1
    9116:	0411                	addi	s0,s0,4
    9118:	9782                	jalr	a5
    911a:	b7f9                	j	90e8 <__libc_init_array+0x20>
    911c:	401c                	lw	a5,0(s0)
    911e:	0905                	addi	s2,s2,1
    9120:	0411                	addi	s0,s0,4
    9122:	9782                	jalr	a5
    9124:	bff9                	j	9102 <__libc_init_array+0x3a>

00009126 <memcmp>:
    9126:	4701                	li	a4,0
    9128:	00e61463          	bne	a2,a4,9130 <memcmp+0xa>
    912c:	4501                	li	a0,0
    912e:	8082                	ret
    9130:	00e507b3          	add	a5,a0,a4
    9134:	0705                	addi	a4,a4,1
    9136:	00e586b3          	add	a3,a1,a4
    913a:	239c                	lbu	a5,0(a5)
    913c:	fff6c683          	lbu	a3,-1(a3)
    9140:	fed784e3          	beq	a5,a3,9128 <memcmp+0x2>
    9144:	40d78533          	sub	a0,a5,a3
    9148:	8082                	ret

0000914a <__ctzsi2>:
    914a:	40a007b3          	neg	a5,a0
    914e:	8fe9                	and	a5,a5,a0
    9150:	6741                	lui	a4,0x10
    9152:	02e7f363          	bgeu	a5,a4,9178 <__ctzsi2+0x2e>
    9156:	1007b713          	sltiu	a4,a5,256
    915a:	00174713          	xori	a4,a4,1
    915e:	070e                	slli	a4,a4,0x3
    9160:	fff70693          	addi	a3,a4,-1 # ffff <MC_PULL_calibration.cpp.947435e8+0x68e>
    9164:	00e7d7b3          	srl	a5,a5,a4
    9168:	00003717          	auipc	a4,0x3
    916c:	ee470713          	addi	a4,a4,-284 # c04c <__clz_tab>
    9170:	97ba                	add	a5,a5,a4
    9172:	2388                	lbu	a0,0(a5)
    9174:	9536                	add	a0,a0,a3
    9176:	8082                	ret
    9178:	01000737          	lui	a4,0x1000
    917c:	00e7fe63          	bgeu	a5,a4,9198 <__ctzsi2+0x4e>
    9180:	4741                	li	a4,16
    9182:	00e7d7b3          	srl	a5,a5,a4
    9186:	00003717          	auipc	a4,0x3
    918a:	ec670713          	addi	a4,a4,-314 # c04c <__clz_tab>
    918e:	97ba                	add	a5,a5,a4
    9190:	2388                	lbu	a0,0(a5)
    9192:	46bd                	li	a3,15
    9194:	9536                	add	a0,a0,a3
    9196:	8082                	ret
    9198:	4761                	li	a4,24
    919a:	00e7d7b3          	srl	a5,a5,a4
    919e:	00003717          	auipc	a4,0x3
    91a2:	eae70713          	addi	a4,a4,-338 # c04c <__clz_tab>
    91a6:	97ba                	add	a5,a5,a4
    91a8:	2388                	lbu	a0,0(a5)
    91aa:	46dd                	li	a3,23
    91ac:	9536                	add	a0,a0,a3
    91ae:	8082                	ret

000091b0 <__udivdi3>:
    91b0:	8832                	mv	a6,a2
    91b2:	88aa                	mv	a7,a0
    91b4:	872e                	mv	a4,a1
    91b6:	eadd                	bnez	a3,926c <__udivdi3+0xbc>
    91b8:	10c5f163          	bgeu	a1,a2,92ba <__udivdi3+0x10a>
    91bc:	67c1                	lui	a5,0x10
    91be:	18f66d63          	bltu	a2,a5,9358 <__udivdi3+0x1a8>
    91c2:	010007b7          	lui	a5,0x1000
    91c6:	00f637b3          	sltu	a5,a2,a5
    91ca:	40f007b3          	neg	a5,a5
    91ce:	9be1                	andi	a5,a5,-8
    91d0:	07e1                	addi	a5,a5,24 # 1000018 <ch32v20x_wwdg.c.13394d49+0xfe215a>
    91d2:	00f65333          	srl	t1,a2,a5
    91d6:	00003697          	auipc	a3,0x3
    91da:	e7668693          	addi	a3,a3,-394 # c04c <__clz_tab>
    91de:	969a                	add	a3,a3,t1
    91e0:	2294                	lbu	a3,0(a3)
    91e2:	02000313          	li	t1,32
    91e6:	97b6                	add	a5,a5,a3
    91e8:	40f306b3          	sub	a3,t1,a5
    91ec:	00f30b63          	beq	t1,a5,9202 <__udivdi3+0x52>
    91f0:	00d59733          	sll	a4,a1,a3
    91f4:	00f557b3          	srl	a5,a0,a5
    91f8:	00d61833          	sll	a6,a2,a3
    91fc:	8f5d                	or	a4,a4,a5
    91fe:	00d518b3          	sll	a7,a0,a3
    9202:	01085613          	srli	a2,a6,0x10
    9206:	02c75533          	divu	a0,a4,a2
    920a:	01081693          	slli	a3,a6,0x10
    920e:	82c1                	srli	a3,a3,0x10
    9210:	0108d793          	srli	a5,a7,0x10
    9214:	02c77733          	remu	a4,a4,a2
    9218:	02a685b3          	mul	a1,a3,a0
    921c:	0742                	slli	a4,a4,0x10
    921e:	8fd9                	or	a5,a5,a4
    9220:	00b7fa63          	bgeu	a5,a1,9234 <__udivdi3+0x84>
    9224:	97c2                	add	a5,a5,a6
    9226:	fff50713          	addi	a4,a0,-1
    922a:	0107e463          	bltu	a5,a6,9232 <__udivdi3+0x82>
    922e:	30b7ed63          	bltu	a5,a1,9548 <__udivdi3+0x398>
    9232:	853a                	mv	a0,a4
    9234:	8f8d                	sub	a5,a5,a1
    9236:	02c7d733          	divu	a4,a5,a2
    923a:	08c2                	slli	a7,a7,0x10
    923c:	0108d893          	srli	a7,a7,0x10
    9240:	02c7f7b3          	remu	a5,a5,a2
    9244:	02e686b3          	mul	a3,a3,a4
    9248:	07c2                	slli	a5,a5,0x10
    924a:	00f8e8b3          	or	a7,a7,a5
    924e:	00d8fb63          	bgeu	a7,a3,9264 <__udivdi3+0xb4>
    9252:	98c2                	add	a7,a7,a6
    9254:	fff70793          	addi	a5,a4,-1
    9258:	0108e563          	bltu	a7,a6,9262 <__udivdi3+0xb2>
    925c:	1779                	addi	a4,a4,-2
    925e:	00d8e363          	bltu	a7,a3,9264 <__udivdi3+0xb4>
    9262:	873e                	mv	a4,a5
    9264:	0542                	slli	a0,a0,0x10
    9266:	8d59                	or	a0,a0,a4
    9268:	4581                	li	a1,0
    926a:	8082                	ret
    926c:	00d5f563          	bgeu	a1,a3,9276 <__udivdi3+0xc6>
    9270:	4581                	li	a1,0
    9272:	4501                	li	a0,0
    9274:	8082                	ret
    9276:	67c1                	lui	a5,0x10
    9278:	18f6e763          	bltu	a3,a5,9406 <__udivdi3+0x256>
    927c:	010007b7          	lui	a5,0x1000
    9280:	00f6b7b3          	sltu	a5,a3,a5
    9284:	40f007b3          	neg	a5,a5
    9288:	9be1                	andi	a5,a5,-8
    928a:	07e1                	addi	a5,a5,24 # 1000018 <ch32v20x_wwdg.c.13394d49+0xfe215a>
    928c:	00f6d833          	srl	a6,a3,a5
    9290:	00003717          	auipc	a4,0x3
    9294:	dbc70713          	addi	a4,a4,-580 # c04c <__clz_tab>
    9298:	9742                	add	a4,a4,a6
    929a:	2318                	lbu	a4,0(a4)
    929c:	02000893          	li	a7,32
    92a0:	973e                	add	a4,a4,a5
    92a2:	40e88833          	sub	a6,a7,a4
    92a6:	18e89463          	bne	a7,a4,942e <__udivdi3+0x27e>
    92aa:	28b6e163          	bltu	a3,a1,952c <__udivdi3+0x37c>
    92ae:	00c53533          	sltu	a0,a0,a2
    92b2:	00154513          	xori	a0,a0,1
    92b6:	4581                	li	a1,0
    92b8:	8082                	ret
    92ba:	c64d                	beqz	a2,9364 <__udivdi3+0x1b4>
    92bc:	67c1                	lui	a5,0x10
    92be:	24f67f63          	bgeu	a2,a5,951c <__udivdi3+0x36c>
    92c2:	10063713          	sltiu	a4,a2,256
    92c6:	00174713          	xori	a4,a4,1
    92ca:	070e                	slli	a4,a4,0x3
    92cc:	00e656b3          	srl	a3,a2,a4
    92d0:	00003797          	auipc	a5,0x3
    92d4:	d7c78793          	addi	a5,a5,-644 # c04c <__clz_tab>
    92d8:	97b6                	add	a5,a5,a3
    92da:	239c                	lbu	a5,0(a5)
    92dc:	02000693          	li	a3,32
    92e0:	97ba                	add	a5,a5,a4
    92e2:	40f68eb3          	sub	t4,a3,a5
    92e6:	08f69e63          	bne	a3,a5,9382 <__udivdi3+0x1d2>
    92ea:	40c587b3          	sub	a5,a1,a2
    92ee:	01065693          	srli	a3,a2,0x10
    92f2:	0642                	slli	a2,a2,0x10
    92f4:	8241                	srli	a2,a2,0x10
    92f6:	4585                	li	a1,1
    92f8:	02d7d533          	divu	a0,a5,a3
    92fc:	0108d713          	srli	a4,a7,0x10
    9300:	02d7f7b3          	remu	a5,a5,a3
    9304:	02c50333          	mul	t1,a0,a2
    9308:	07c2                	slli	a5,a5,0x10
    930a:	8fd9                	or	a5,a5,a4
    930c:	0067fa63          	bgeu	a5,t1,9320 <__udivdi3+0x170>
    9310:	97c2                	add	a5,a5,a6
    9312:	fff50713          	addi	a4,a0,-1
    9316:	0107e463          	bltu	a5,a6,931e <__udivdi3+0x16e>
    931a:	2267e463          	bltu	a5,t1,9542 <__udivdi3+0x392>
    931e:	853a                	mv	a0,a4
    9320:	406787b3          	sub	a5,a5,t1
    9324:	02d7d733          	divu	a4,a5,a3
    9328:	08c2                	slli	a7,a7,0x10
    932a:	0108d893          	srli	a7,a7,0x10
    932e:	02d7f7b3          	remu	a5,a5,a3
    9332:	02c70633          	mul	a2,a4,a2
    9336:	07c2                	slli	a5,a5,0x10
    9338:	00f8e8b3          	or	a7,a7,a5
    933c:	00c8fb63          	bgeu	a7,a2,9352 <__udivdi3+0x1a2>
    9340:	98c2                	add	a7,a7,a6
    9342:	fff70793          	addi	a5,a4,-1
    9346:	0108e563          	bltu	a7,a6,9350 <__udivdi3+0x1a0>
    934a:	1779                	addi	a4,a4,-2
    934c:	00c8e363          	bltu	a7,a2,9352 <__udivdi3+0x1a2>
    9350:	873e                	mv	a4,a5
    9352:	0542                	slli	a0,a0,0x10
    9354:	8d59                	or	a0,a0,a4
    9356:	8082                	ret
    9358:	10063793          	sltiu	a5,a2,256
    935c:	0017c793          	xori	a5,a5,1
    9360:	078e                	slli	a5,a5,0x3
    9362:	bd85                	j	91d2 <__udivdi3+0x22>
    9364:	4681                	li	a3,0
    9366:	00003797          	auipc	a5,0x3
    936a:	ce678793          	addi	a5,a5,-794 # c04c <__clz_tab>
    936e:	97b6                	add	a5,a5,a3
    9370:	239c                	lbu	a5,0(a5)
    9372:	4701                	li	a4,0
    9374:	02000693          	li	a3,32
    9378:	97ba                	add	a5,a5,a4
    937a:	40f68eb3          	sub	t4,a3,a5
    937e:	f6f686e3          	beq	a3,a5,92ea <__udivdi3+0x13a>
    9382:	01d61833          	sll	a6,a2,t4
    9386:	00f5d333          	srl	t1,a1,a5
    938a:	01085693          	srli	a3,a6,0x10
    938e:	02d35e33          	divu	t3,t1,a3
    9392:	01081613          	slli	a2,a6,0x10
    9396:	01d595b3          	sll	a1,a1,t4
    939a:	8241                	srli	a2,a2,0x10
    939c:	00f557b3          	srl	a5,a0,a5
    93a0:	8fcd                	or	a5,a5,a1
    93a2:	0107d713          	srli	a4,a5,0x10
    93a6:	01d518b3          	sll	a7,a0,t4
    93aa:	02d37333          	remu	t1,t1,a3
    93ae:	03c605b3          	mul	a1,a2,t3
    93b2:	0342                	slli	t1,t1,0x10
    93b4:	00676733          	or	a4,a4,t1
    93b8:	00b77b63          	bgeu	a4,a1,93ce <__udivdi3+0x21e>
    93bc:	9742                	add	a4,a4,a6
    93be:	fffe0513          	addi	a0,t3,-1
    93c2:	17076c63          	bltu	a4,a6,953a <__udivdi3+0x38a>
    93c6:	16b77a63          	bgeu	a4,a1,953a <__udivdi3+0x38a>
    93ca:	1e79                	addi	t3,t3,-2
    93cc:	9742                	add	a4,a4,a6
    93ce:	8f0d                	sub	a4,a4,a1
    93d0:	02d75533          	divu	a0,a4,a3
    93d4:	07c2                	slli	a5,a5,0x10
    93d6:	83c1                	srli	a5,a5,0x10
    93d8:	02d77733          	remu	a4,a4,a3
    93dc:	02a60333          	mul	t1,a2,a0
    93e0:	0742                	slli	a4,a4,0x10
    93e2:	8fd9                	or	a5,a5,a4
    93e4:	0067fb63          	bgeu	a5,t1,93fa <__udivdi3+0x24a>
    93e8:	97c2                	add	a5,a5,a6
    93ea:	fff50713          	addi	a4,a0,-1
    93ee:	1507e263          	bltu	a5,a6,9532 <__udivdi3+0x382>
    93f2:	1467f063          	bgeu	a5,t1,9532 <__udivdi3+0x382>
    93f6:	1579                	addi	a0,a0,-2
    93f8:	97c2                	add	a5,a5,a6
    93fa:	010e1593          	slli	a1,t3,0x10
    93fe:	406787b3          	sub	a5,a5,t1
    9402:	8dc9                	or	a1,a1,a0
    9404:	bdd5                	j	92f8 <__udivdi3+0x148>
    9406:	1006b793          	sltiu	a5,a3,256
    940a:	0017c793          	xori	a5,a5,1
    940e:	078e                	slli	a5,a5,0x3
    9410:	00f6d833          	srl	a6,a3,a5
    9414:	00003717          	auipc	a4,0x3
    9418:	c3870713          	addi	a4,a4,-968 # c04c <__clz_tab>
    941c:	9742                	add	a4,a4,a6
    941e:	2318                	lbu	a4,0(a4)
    9420:	02000893          	li	a7,32
    9424:	973e                	add	a4,a4,a5
    9426:	40e88833          	sub	a6,a7,a4
    942a:	e8e880e3          	beq	a7,a4,92aa <__udivdi3+0xfa>
    942e:	00e65e33          	srl	t3,a2,a4
    9432:	010696b3          	sll	a3,a3,a6
    9436:	00de6e33          	or	t3,t3,a3
    943a:	00e5d8b3          	srl	a7,a1,a4
    943e:	010e5e93          	srli	t4,t3,0x10
    9442:	03d8d7b3          	divu	a5,a7,t4
    9446:	010e1313          	slli	t1,t3,0x10
    944a:	010595b3          	sll	a1,a1,a6
    944e:	01035313          	srli	t1,t1,0x10
    9452:	00e55733          	srl	a4,a0,a4
    9456:	8f4d                	or	a4,a4,a1
    9458:	01075693          	srli	a3,a4,0x10
    945c:	01061633          	sll	a2,a2,a6
    9460:	03d8f8b3          	remu	a7,a7,t4
    9464:	02f305b3          	mul	a1,t1,a5
    9468:	08c2                	slli	a7,a7,0x10
    946a:	0116e6b3          	or	a3,a3,a7
    946e:	00b6fb63          	bgeu	a3,a1,9484 <__udivdi3+0x2d4>
    9472:	96f2                	add	a3,a3,t3
    9474:	fff78893          	addi	a7,a5,-1
    9478:	0dc6e363          	bltu	a3,t3,953e <__udivdi3+0x38e>
    947c:	0cb6f163          	bgeu	a3,a1,953e <__udivdi3+0x38e>
    9480:	17f9                	addi	a5,a5,-2
    9482:	96f2                	add	a3,a3,t3
    9484:	8e8d                	sub	a3,a3,a1
    9486:	03d6d5b3          	divu	a1,a3,t4
    948a:	0742                	slli	a4,a4,0x10
    948c:	8341                	srli	a4,a4,0x10
    948e:	03d6f6b3          	remu	a3,a3,t4
    9492:	02b308b3          	mul	a7,t1,a1
    9496:	06c2                	slli	a3,a3,0x10
    9498:	8f55                	or	a4,a4,a3
    949a:	01177b63          	bgeu	a4,a7,94b0 <__udivdi3+0x300>
    949e:	9772                	add	a4,a4,t3
    94a0:	fff58693          	addi	a3,a1,-1
    94a4:	09c76963          	bltu	a4,t3,9536 <__udivdi3+0x386>
    94a8:	09177763          	bgeu	a4,a7,9536 <__udivdi3+0x386>
    94ac:	15f9                	addi	a1,a1,-2
    94ae:	9772                	add	a4,a4,t3
    94b0:	07c2                	slli	a5,a5,0x10
    94b2:	6ec1                	lui	t4,0x10
    94b4:	8fcd                	or	a5,a5,a1
    94b6:	fffe8693          	addi	a3,t4,-1 # ffff <MC_PULL_calibration.cpp.947435e8+0x68e>
    94ba:	00d7f5b3          	and	a1,a5,a3
    94be:	0107d313          	srli	t1,a5,0x10
    94c2:	8ef1                	and	a3,a3,a2
    94c4:	8241                	srli	a2,a2,0x10
    94c6:	02d58e33          	mul	t3,a1,a3
    94ca:	41170733          	sub	a4,a4,a7
    94ce:	02d306b3          	mul	a3,t1,a3
    94d2:	010e5893          	srli	a7,t3,0x10
    94d6:	02c585b3          	mul	a1,a1,a2
    94da:	95b6                	add	a1,a1,a3
    94dc:	95c6                	add	a1,a1,a7
    94de:	02c30333          	mul	t1,t1,a2
    94e2:	00d5f363          	bgeu	a1,a3,94e8 <__udivdi3+0x338>
    94e6:	9376                	add	t1,t1,t4
    94e8:	0105d693          	srli	a3,a1,0x10
    94ec:	969a                	add	a3,a3,t1
    94ee:	02d76363          	bltu	a4,a3,9514 <__udivdi3+0x364>
    94f2:	00d70563          	beq	a4,a3,94fc <__udivdi3+0x34c>
    94f6:	853e                	mv	a0,a5
    94f8:	4581                	li	a1,0
    94fa:	8082                	ret
    94fc:	66c1                	lui	a3,0x10
    94fe:	16fd                	addi	a3,a3,-1 # ffff <MC_PULL_calibration.cpp.947435e8+0x68e>
    9500:	00d5f733          	and	a4,a1,a3
    9504:	0742                	slli	a4,a4,0x10
    9506:	00de7e33          	and	t3,t3,a3
    950a:	01051533          	sll	a0,a0,a6
    950e:	9772                	add	a4,a4,t3
    9510:	fee573e3          	bgeu	a0,a4,94f6 <__udivdi3+0x346>
    9514:	fff78513          	addi	a0,a5,-1
    9518:	4581                	li	a1,0
    951a:	8082                	ret
    951c:	010007b7          	lui	a5,0x1000
    9520:	02f67763          	bgeu	a2,a5,954e <__udivdi3+0x39e>
    9524:	01065693          	srli	a3,a2,0x10
    9528:	4741                	li	a4,16
    952a:	b35d                	j	92d0 <__udivdi3+0x120>
    952c:	4581                	li	a1,0
    952e:	4505                	li	a0,1
    9530:	8082                	ret
    9532:	853a                	mv	a0,a4
    9534:	b5d9                	j	93fa <__udivdi3+0x24a>
    9536:	85b6                	mv	a1,a3
    9538:	bfa5                	j	94b0 <__udivdi3+0x300>
    953a:	8e2a                	mv	t3,a0
    953c:	bd49                	j	93ce <__udivdi3+0x21e>
    953e:	87c6                	mv	a5,a7
    9540:	b791                	j	9484 <__udivdi3+0x2d4>
    9542:	1579                	addi	a0,a0,-2
    9544:	97c2                	add	a5,a5,a6
    9546:	bbe9                	j	9320 <__udivdi3+0x170>
    9548:	1579                	addi	a0,a0,-2
    954a:	97c2                	add	a5,a5,a6
    954c:	b1e5                	j	9234 <__udivdi3+0x84>
    954e:	01865693          	srli	a3,a2,0x18
    9552:	4761                	li	a4,24
    9554:	bbb5                	j	92d0 <__udivdi3+0x120>

00009556 <__adddf3>:
    9556:	001007b7          	lui	a5,0x100
    955a:	1101                	addi	sp,sp,-32
    955c:	17fd                	addi	a5,a5,-1 # fffff <ch32v20x_wwdg.c.13394d49+0xe2141>
    955e:	00b7f833          	and	a6,a5,a1
    9562:	0146d893          	srli	a7,a3,0x14
    9566:	8ff5                	and	a5,a5,a3
    9568:	cc22                	sw	s0,24(sp)
    956a:	0145d413          	srli	s0,a1,0x14
    956e:	00379713          	slli	a4,a5,0x3
    9572:	080e                	slli	a6,a6,0x3
    9574:	c84a                	sw	s2,16(sp)
    9576:	c64e                	sw	s3,12(sp)
    9578:	01d65793          	srli	a5,a2,0x1d
    957c:	01d55993          	srli	s3,a0,0x1d
    9580:	01f5d913          	srli	s2,a1,0x1f
    9584:	7ff47413          	andi	s0,s0,2047
    9588:	7ff8f893          	andi	a7,a7,2047
    958c:	ce06                	sw	ra,28(sp)
    958e:	ca26                	sw	s1,20(sp)
    9590:	82fd                	srli	a3,a3,0x1f
    9592:	0109e9b3          	or	s3,s3,a6
    9596:	8fd9                	or	a5,a5,a4
    9598:	00351593          	slli	a1,a0,0x3
    959c:	00361813          	slli	a6,a2,0x3
    95a0:	41140733          	sub	a4,s0,a7
    95a4:	18d90463          	beq	s2,a3,972c <__adddf3+0x1d6>
    95a8:	10e05e63          	blez	a4,96c4 <__adddf3+0x16e>
    95ac:	20088863          	beqz	a7,97bc <__adddf3+0x266>
    95b0:	7ff00693          	li	a3,2047
    95b4:	52d40663          	beq	s0,a3,9ae0 <__adddf3+0x58a>
    95b8:	03800693          	li	a3,56
    95bc:	4485                	li	s1,1
    95be:	02e6c963          	blt	a3,a4,95f0 <__adddf3+0x9a>
    95c2:	008006b7          	lui	a3,0x800
    95c6:	8fd5                	or	a5,a5,a3
    95c8:	46fd                	li	a3,31
    95ca:	42e6c763          	blt	a3,a4,99f8 <__adddf3+0x4a2>
    95ce:	02000693          	li	a3,32
    95d2:	8e99                	sub	a3,a3,a4
    95d4:	00d794b3          	sll	s1,a5,a3
    95d8:	00e85633          	srl	a2,a6,a4
    95dc:	00d816b3          	sll	a3,a6,a3
    95e0:	8cd1                	or	s1,s1,a2
    95e2:	00d036b3          	snez	a3,a3
    95e6:	00e7d733          	srl	a4,a5,a4
    95ea:	8cd5                	or	s1,s1,a3
    95ec:	40e989b3          	sub	s3,s3,a4
    95f0:	409584b3          	sub	s1,a1,s1
    95f4:	0095b7b3          	sltu	a5,a1,s1
    95f8:	40f989b3          	sub	s3,s3,a5
    95fc:	008007b7          	lui	a5,0x800
    9600:	00f9f733          	and	a4,s3,a5
    9604:	24070863          	beqz	a4,9854 <__adddf3+0x2fe>
    9608:	17fd                	addi	a5,a5,-1 # 7fffff <ch32v20x_wwdg.c.13394d49+0x7e2141>
    960a:	00f9f9b3          	and	s3,s3,a5
    960e:	2a098663          	beqz	s3,98ba <__adddf3+0x364>
    9612:	854e                	mv	a0,s3
    9614:	799010ef          	jal	ra,b5ac <__clzsi2>
    9618:	ff850713          	addi	a4,a0,-8
    961c:	02000693          	li	a3,32
    9620:	40e687b3          	sub	a5,a3,a4
    9624:	00f4d7b3          	srl	a5,s1,a5
    9628:	00e999b3          	sll	s3,s3,a4
    962c:	0137e7b3          	or	a5,a5,s3
    9630:	00e494b3          	sll	s1,s1,a4
    9634:	32874563          	blt	a4,s0,995e <__adddf3+0x408>
    9638:	8f01                	sub	a4,a4,s0
    963a:	0705                	addi	a4,a4,1
    963c:	8e99                	sub	a3,a3,a4
    963e:	00d49633          	sll	a2,s1,a3
    9642:	00e4d9b3          	srl	s3,s1,a4
    9646:	00c03633          	snez	a2,a2
    964a:	01366633          	or	a2,a2,s3
    964e:	00d796b3          	sll	a3,a5,a3
    9652:	00c6e4b3          	or	s1,a3,a2
    9656:	00e7d9b3          	srl	s3,a5,a4
    965a:	4401                	li	s0,0
    965c:	0074f793          	andi	a5,s1,7
    9660:	cf81                	beqz	a5,9678 <__adddf3+0x122>
    9662:	00f4f793          	andi	a5,s1,15
    9666:	4711                	li	a4,4
    9668:	00e78863          	beq	a5,a4,9678 <__adddf3+0x122>
    966c:	00448793          	addi	a5,s1,4
    9670:	0097b4b3          	sltu	s1,a5,s1
    9674:	99a6                	add	s3,s3,s1
    9676:	84be                	mv	s1,a5
    9678:	008007b7          	lui	a5,0x800
    967c:	00f9f7b3          	and	a5,s3,a5
    9680:	28078763          	beqz	a5,990e <__adddf3+0x3b8>
    9684:	0405                	addi	s0,s0,1
    9686:	7ff00793          	li	a5,2047
    968a:	1cf40063          	beq	s0,a5,984a <__adddf3+0x2f4>
    968e:	ff8007b7          	lui	a5,0xff800
    9692:	17fd                	addi	a5,a5,-1 # ff7fffff <__freertos_irq_stack_top+0xdf7fafff>
    9694:	00f9f7b3          	and	a5,s3,a5
    9698:	01d79713          	slli	a4,a5,0x1d
    969c:	808d                	srli	s1,s1,0x3
    969e:	07a6                	slli	a5,a5,0x9
    96a0:	8f45                	or	a4,a4,s1
    96a2:	83b1                	srli	a5,a5,0xc
    96a4:	7ff47413          	andi	s0,s0,2047
    96a8:	0452                	slli	s0,s0,0x14
    96aa:	097e                	slli	s2,s2,0x1f
    96ac:	8c5d                	or	s0,s0,a5
    96ae:	01246433          	or	s0,s0,s2
    96b2:	40f2                	lw	ra,28(sp)
    96b4:	85a2                	mv	a1,s0
    96b6:	4462                	lw	s0,24(sp)
    96b8:	44d2                	lw	s1,20(sp)
    96ba:	4942                	lw	s2,16(sp)
    96bc:	49b2                	lw	s3,12(sp)
    96be:	853a                	mv	a0,a4
    96c0:	6105                	addi	sp,sp,32
    96c2:	8082                	ret
    96c4:	10070f63          	beqz	a4,97e2 <__adddf3+0x28c>
    96c8:	40888733          	sub	a4,a7,s0
    96cc:	30041863          	bnez	s0,99dc <__adddf3+0x486>
    96d0:	00b9e533          	or	a0,s3,a1
    96d4:	26050e63          	beqz	a0,9950 <__adddf3+0x3fa>
    96d8:	fff70513          	addi	a0,a4,-1
    96dc:	48050e63          	beqz	a0,9b78 <__adddf3+0x622>
    96e0:	7ff00313          	li	t1,2047
    96e4:	42670a63          	beq	a4,t1,9b18 <__adddf3+0x5c2>
    96e8:	03800713          	li	a4,56
    96ec:	4485                	li	s1,1
    96ee:	02a74663          	blt	a4,a0,971a <__adddf3+0x1c4>
    96f2:	872a                	mv	a4,a0
    96f4:	467d                	li	a2,31
    96f6:	44e64063          	blt	a2,a4,9b36 <__adddf3+0x5e0>
    96fa:	02000613          	li	a2,32
    96fe:	8e19                	sub	a2,a2,a4
    9700:	00c994b3          	sll	s1,s3,a2
    9704:	00e5d533          	srl	a0,a1,a4
    9708:	00c59633          	sll	a2,a1,a2
    970c:	8cc9                	or	s1,s1,a0
    970e:	00c03633          	snez	a2,a2
    9712:	00e9d733          	srl	a4,s3,a4
    9716:	8cd1                	or	s1,s1,a2
    9718:	8f99                	sub	a5,a5,a4
    971a:	409804b3          	sub	s1,a6,s1
    971e:	00983833          	sltu	a6,a6,s1
    9722:	410789b3          	sub	s3,a5,a6
    9726:	8446                	mv	s0,a7
    9728:	8936                	mv	s2,a3
    972a:	bdc9                	j	95fc <__adddf3+0xa6>
    972c:	12e05963          	blez	a4,985e <__adddf3+0x308>
    9730:	10089063          	bnez	a7,9830 <__adddf3+0x2da>
    9734:	0107e6b3          	or	a3,a5,a6
    9738:	20068f63          	beqz	a3,9956 <__adddf3+0x400>
    973c:	fff70613          	addi	a2,a4,-1
    9740:	36060563          	beqz	a2,9aaa <__adddf3+0x554>
    9744:	7ff00693          	li	a3,2047
    9748:	44d70e63          	beq	a4,a3,9ba4 <__adddf3+0x64e>
    974c:	03800713          	li	a4,56
    9750:	4685                	li	a3,1
    9752:	02c74663          	blt	a4,a2,977e <__adddf3+0x228>
    9756:	8732                	mv	a4,a2
    9758:	46fd                	li	a3,31
    975a:	38e6cb63          	blt	a3,a4,9af0 <__adddf3+0x59a>
    975e:	02000613          	li	a2,32
    9762:	8e19                	sub	a2,a2,a4
    9764:	00c796b3          	sll	a3,a5,a2
    9768:	00e85533          	srl	a0,a6,a4
    976c:	00c81633          	sll	a2,a6,a2
    9770:	8ec9                	or	a3,a3,a0
    9772:	00c03633          	snez	a2,a2
    9776:	00e7d733          	srl	a4,a5,a4
    977a:	8ed1                	or	a3,a3,a2
    977c:	99ba                	add	s3,s3,a4
    977e:	00b687b3          	add	a5,a3,a1
    9782:	00d7b6b3          	sltu	a3,a5,a3
    9786:	84be                	mv	s1,a5
    9788:	99b6                	add	s3,s3,a3
    978a:	008007b7          	lui	a5,0x800
    978e:	00f9f7b3          	and	a5,s3,a5
    9792:	c3e9                	beqz	a5,9854 <__adddf3+0x2fe>
    9794:	0405                	addi	s0,s0,1
    9796:	7ff00793          	li	a5,2047
    979a:	0af40863          	beq	s0,a5,984a <__adddf3+0x2f4>
    979e:	ff8007b7          	lui	a5,0xff800
    97a2:	17fd                	addi	a5,a5,-1 # ff7fffff <__freertos_irq_stack_top+0xdf7fafff>
    97a4:	00f9f7b3          	and	a5,s3,a5
    97a8:	0014d713          	srli	a4,s1,0x1
    97ac:	8885                	andi	s1,s1,1
    97ae:	8f45                	or	a4,a4,s1
    97b0:	01f79493          	slli	s1,a5,0x1f
    97b4:	8cd9                	or	s1,s1,a4
    97b6:	0017d993          	srli	s3,a5,0x1
    97ba:	b54d                	j	965c <__adddf3+0x106>
    97bc:	0107e6b3          	or	a3,a5,a6
    97c0:	18068b63          	beqz	a3,9956 <__adddf3+0x400>
    97c4:	fff70693          	addi	a3,a4,-1
    97c8:	30068163          	beqz	a3,9aca <__adddf3+0x574>
    97cc:	7ff00613          	li	a2,2047
    97d0:	14c70f63          	beq	a4,a2,992e <__adddf3+0x3d8>
    97d4:	03800713          	li	a4,56
    97d8:	4485                	li	s1,1
    97da:	e0d74be3          	blt	a4,a3,95f0 <__adddf3+0x9a>
    97de:	8736                	mv	a4,a3
    97e0:	b3e5                	j	95c8 <__adddf3+0x72>
    97e2:	00140713          	addi	a4,s0,1
    97e6:	7fe77713          	andi	a4,a4,2046
    97ea:	1c071563          	bnez	a4,99b4 <__adddf3+0x45e>
    97ee:	00b9e8b3          	or	a7,s3,a1
    97f2:	0107e733          	or	a4,a5,a6
    97f6:	2a041063          	bnez	s0,9a96 <__adddf3+0x540>
    97fa:	38088b63          	beqz	a7,9b90 <__adddf3+0x63a>
    97fe:	3a070c63          	beqz	a4,9bb6 <__adddf3+0x660>
    9802:	410584b3          	sub	s1,a1,a6
    9806:	0095b733          	sltu	a4,a1,s1
    980a:	40f98633          	sub	a2,s3,a5
    980e:	8e19                	sub	a2,a2,a4
    9810:	00800737          	lui	a4,0x800
    9814:	8f71                	and	a4,a4,a2
    9816:	40070163          	beqz	a4,9c18 <__adddf3+0x6c2>
    981a:	40b805b3          	sub	a1,a6,a1
    981e:	413787b3          	sub	a5,a5,s3
    9822:	00b83833          	sltu	a6,a6,a1
    9826:	84ae                	mv	s1,a1
    9828:	410789b3          	sub	s3,a5,a6
    982c:	8936                	mv	s2,a3
    982e:	b53d                	j	965c <__adddf3+0x106>
    9830:	7ff00693          	li	a3,2047
    9834:	0ed40d63          	beq	s0,a3,992e <__adddf3+0x3d8>
    9838:	03800613          	li	a2,56
    983c:	4685                	li	a3,1
    983e:	f4e640e3          	blt	a2,a4,977e <__adddf3+0x228>
    9842:	008006b7          	lui	a3,0x800
    9846:	8fd5                	or	a5,a5,a3
    9848:	bf01                	j	9758 <__adddf3+0x202>
    984a:	7ff00413          	li	s0,2047
    984e:	4781                	li	a5,0
    9850:	4701                	li	a4,0
    9852:	bd99                	j	96a8 <__adddf3+0x152>
    9854:	0074f713          	andi	a4,s1,7
    9858:	e00715e3          	bnez	a4,9662 <__adddf3+0x10c>
    985c:	aa89                	j	99ae <__adddf3+0x458>
    985e:	10070763          	beqz	a4,996c <__adddf3+0x416>
    9862:	40888733          	sub	a4,a7,s0
    9866:	1a040d63          	beqz	s0,9a20 <__adddf3+0x4ca>
    986a:	7ff00693          	li	a3,2047
    986e:	2ad88d63          	beq	a7,a3,9b28 <__adddf3+0x5d2>
    9872:	03800613          	li	a2,56
    9876:	4685                	li	a3,1
    9878:	02e64963          	blt	a2,a4,98aa <__adddf3+0x354>
    987c:	008006b7          	lui	a3,0x800
    9880:	00d9e9b3          	or	s3,s3,a3
    9884:	46fd                	li	a3,31
    9886:	36e6c663          	blt	a3,a4,9bf2 <__adddf3+0x69c>
    988a:	02000613          	li	a2,32
    988e:	8e19                	sub	a2,a2,a4
    9890:	00c996b3          	sll	a3,s3,a2
    9894:	00e5d533          	srl	a0,a1,a4
    9898:	00c59633          	sll	a2,a1,a2
    989c:	8ec9                	or	a3,a3,a0
    989e:	00c03633          	snez	a2,a2
    98a2:	00e9d733          	srl	a4,s3,a4
    98a6:	8ed1                	or	a3,a3,a2
    98a8:	97ba                	add	a5,a5,a4
    98aa:	9836                	add	a6,a6,a3
    98ac:	00d836b3          	sltu	a3,a6,a3
    98b0:	84c2                	mv	s1,a6
    98b2:	00f689b3          	add	s3,a3,a5
    98b6:	8446                	mv	s0,a7
    98b8:	bdc9                	j	978a <__adddf3+0x234>
    98ba:	8526                	mv	a0,s1
    98bc:	4f1010ef          	jal	ra,b5ac <__clzsi2>
    98c0:	01850713          	addi	a4,a0,24
    98c4:	46fd                	li	a3,31
    98c6:	d4e6dbe3          	bge	a3,a4,961c <__adddf3+0xc6>
    98ca:	ff850793          	addi	a5,a0,-8
    98ce:	00f497b3          	sll	a5,s1,a5
    98d2:	16874963          	blt	a4,s0,9a44 <__adddf3+0x4ee>
    98d6:	408704b3          	sub	s1,a4,s0
    98da:	00148713          	addi	a4,s1,1
    98de:	34e6db63          	bge	a3,a4,9c34 <__adddf3+0x6de>
    98e2:	1485                	addi	s1,s1,-31
    98e4:	02000693          	li	a3,32
    98e8:	0097d4b3          	srl	s1,a5,s1
    98ec:	00d70b63          	beq	a4,a3,9902 <__adddf3+0x3ac>
    98f0:	04000693          	li	a3,64
    98f4:	40e68733          	sub	a4,a3,a4
    98f8:	00e797b3          	sll	a5,a5,a4
    98fc:	00f037b3          	snez	a5,a5
    9900:	8cdd                	or	s1,s1,a5
    9902:	0074f713          	andi	a4,s1,7
    9906:	4401                	li	s0,0
    9908:	d4071de3          	bnez	a4,9662 <__adddf3+0x10c>
    990c:	a04d                	j	99ae <__adddf3+0x458>
    990e:	0034d793          	srli	a5,s1,0x3
    9912:	01d99713          	slli	a4,s3,0x1d
    9916:	7ff00693          	li	a3,2047
    991a:	8f5d                	or	a4,a4,a5
    991c:	0039d793          	srli	a5,s3,0x3
    9920:	00d40f63          	beq	s0,a3,993e <__adddf3+0x3e8>
    9924:	07b2                	slli	a5,a5,0xc
    9926:	83b1                	srli	a5,a5,0xc
    9928:	7ff47413          	andi	s0,s0,2047
    992c:	bbb5                	j	96a8 <__adddf3+0x152>
    992e:	050e                	slli	a0,a0,0x3
    9930:	01d99793          	slli	a5,s3,0x1d
    9934:	00355713          	srli	a4,a0,0x3
    9938:	8f5d                	or	a4,a4,a5
    993a:	0039d793          	srli	a5,s3,0x3
    993e:	8f5d                	or	a4,a4,a5
    9940:	d709                	beqz	a4,984a <__adddf3+0x2f4>
    9942:	4901                	li	s2,0
    9944:	7ff00413          	li	s0,2047
    9948:	000807b7          	lui	a5,0x80
    994c:	4701                	li	a4,0
    994e:	bba9                	j	96a8 <__adddf3+0x152>
    9950:	85c2                	mv	a1,a6
    9952:	89be                	mv	s3,a5
    9954:	8936                	mv	s2,a3
    9956:	0035d793          	srli	a5,a1,0x3
    995a:	843a                	mv	s0,a4
    995c:	bf5d                	j	9912 <__adddf3+0x3bc>
    995e:	ff8009b7          	lui	s3,0xff800
    9962:	19fd                	addi	s3,s3,-1 # ff7fffff <__freertos_irq_stack_top+0xdf7fafff>
    9964:	8c19                	sub	s0,s0,a4
    9966:	0137f9b3          	and	s3,a5,s3
    996a:	b9cd                	j	965c <__adddf3+0x106>
    996c:	00140693          	addi	a3,s0,1
    9970:	7fe6f713          	andi	a4,a3,2046
    9974:	e36d                	bnez	a4,9a56 <__adddf3+0x500>
    9976:	00b9e733          	or	a4,s3,a1
    997a:	1e041163          	bnez	s0,9b5c <__adddf3+0x606>
    997e:	24070a63          	beqz	a4,9bd2 <__adddf3+0x67c>
    9982:	0107e733          	or	a4,a5,a6
    9986:	24070d63          	beqz	a4,9be0 <__adddf3+0x68a>
    998a:	982e                	add	a6,a6,a1
    998c:	97ce                	add	a5,a5,s3
    998e:	00b835b3          	sltu	a1,a6,a1
    9992:	00b789b3          	add	s3,a5,a1
    9996:	00800737          	lui	a4,0x800
    999a:	00e9f733          	and	a4,s3,a4
    999e:	84c2                	mv	s1,a6
    99a0:	c719                	beqz	a4,99ae <__adddf3+0x458>
    99a2:	ff8007b7          	lui	a5,0xff800
    99a6:	17fd                	addi	a5,a5,-1 # ff7fffff <__freertos_irq_stack_top+0xdf7fafff>
    99a8:	00f9f9b3          	and	s3,s3,a5
    99ac:	4405                	li	s0,1
    99ae:	85a6                	mv	a1,s1
    99b0:	8722                	mv	a4,s0
    99b2:	b755                	j	9956 <__adddf3+0x400>
    99b4:	410584b3          	sub	s1,a1,a6
    99b8:	0095b733          	sltu	a4,a1,s1
    99bc:	40f98633          	sub	a2,s3,a5
    99c0:	8e19                	sub	a2,a2,a4
    99c2:	00800737          	lui	a4,0x800
    99c6:	8f71                	and	a4,a4,a2
    99c8:	ef45                	bnez	a4,9a80 <__adddf3+0x52a>
    99ca:	00c4e733          	or	a4,s1,a2
    99ce:	89b2                	mv	s3,a2
    99d0:	c2071fe3          	bnez	a4,960e <__adddf3+0xb8>
    99d4:	4901                	li	s2,0
    99d6:	4401                	li	s0,0
    99d8:	4781                	li	a5,0
    99da:	b1f9                	j	96a8 <__adddf3+0x152>
    99dc:	7ff00513          	li	a0,2047
    99e0:	12a88c63          	beq	a7,a0,9b18 <__adddf3+0x5c2>
    99e4:	03800613          	li	a2,56
    99e8:	4485                	li	s1,1
    99ea:	d2e648e3          	blt	a2,a4,971a <__adddf3+0x1c4>
    99ee:	00800637          	lui	a2,0x800
    99f2:	00c9e9b3          	or	s3,s3,a2
    99f6:	b9fd                	j	96f4 <__adddf3+0x19e>
    99f8:	fe070693          	addi	a3,a4,-32 # 7fffe0 <ch32v20x_wwdg.c.13394d49+0x7e2122>
    99fc:	02000613          	li	a2,32
    9a00:	00d7d6b3          	srl	a3,a5,a3
    9a04:	00c70a63          	beq	a4,a2,9a18 <__adddf3+0x4c2>
    9a08:	04000613          	li	a2,64
    9a0c:	40e60733          	sub	a4,a2,a4
    9a10:	00e797b3          	sll	a5,a5,a4
    9a14:	00f86833          	or	a6,a6,a5
    9a18:	010034b3          	snez	s1,a6
    9a1c:	8cd5                	or	s1,s1,a3
    9a1e:	bec9                	j	95f0 <__adddf3+0x9a>
    9a20:	00b9e6b3          	or	a3,s3,a1
    9a24:	1a068263          	beqz	a3,9bc8 <__adddf3+0x672>
    9a28:	fff70513          	addi	a0,a4,-1
    9a2c:	cd3d                	beqz	a0,9aaa <__adddf3+0x554>
    9a2e:	7ff00693          	li	a3,2047
    9a32:	0ed70b63          	beq	a4,a3,9b28 <__adddf3+0x5d2>
    9a36:	03800713          	li	a4,56
    9a3a:	4685                	li	a3,1
    9a3c:	e6a747e3          	blt	a4,a0,98aa <__adddf3+0x354>
    9a40:	872a                	mv	a4,a0
    9a42:	b589                	j	9884 <__adddf3+0x32e>
    9a44:	ff8006b7          	lui	a3,0xff800
    9a48:	16fd                	addi	a3,a3,-1 # ff7fffff <__freertos_irq_stack_top+0xdf7fafff>
    9a4a:	8ff5                	and	a5,a5,a3
    9a4c:	8c19                	sub	s0,s0,a4
    9a4e:	01d79713          	slli	a4,a5,0x1d
    9a52:	838d                	srli	a5,a5,0x3
    9a54:	bdc1                	j	9924 <__adddf3+0x3ce>
    9a56:	7ff00713          	li	a4,2047
    9a5a:	dee688e3          	beq	a3,a4,984a <__adddf3+0x2f4>
    9a5e:	01058733          	add	a4,a1,a6
    9a62:	97ce                	add	a5,a5,s3
    9a64:	00b735b3          	sltu	a1,a4,a1
    9a68:	97ae                	add	a5,a5,a1
    9a6a:	8305                	srli	a4,a4,0x1
    9a6c:	01f79493          	slli	s1,a5,0x1f
    9a70:	8cd9                	or	s1,s1,a4
    9a72:	8b1d                	andi	a4,a4,7
    9a74:	0017d993          	srli	s3,a5,0x1
    9a78:	8436                	mv	s0,a3
    9a7a:	be0714e3          	bnez	a4,9662 <__adddf3+0x10c>
    9a7e:	bf05                	j	99ae <__adddf3+0x458>
    9a80:	40b805b3          	sub	a1,a6,a1
    9a84:	413787b3          	sub	a5,a5,s3
    9a88:	00b83833          	sltu	a6,a6,a1
    9a8c:	84ae                	mv	s1,a1
    9a8e:	410789b3          	sub	s3,a5,a6
    9a92:	8936                	mv	s2,a3
    9a94:	bead                	j	960e <__adddf3+0xb8>
    9a96:	12089c63          	bnez	a7,9bce <__adddf3+0x678>
    9a9a:	18071563          	bnez	a4,9c24 <__adddf3+0x6ce>
    9a9e:	4901                	li	s2,0
    9aa0:	7ff00413          	li	s0,2047
    9aa4:	000807b7          	lui	a5,0x80
    9aa8:	b101                	j	96a8 <__adddf3+0x152>
    9aaa:	982e                	add	a6,a6,a1
    9aac:	97ce                	add	a5,a5,s3
    9aae:	00b835b3          	sltu	a1,a6,a1
    9ab2:	00b789b3          	add	s3,a5,a1
    9ab6:	008007b7          	lui	a5,0x800
    9aba:	00f9f7b3          	and	a5,s3,a5
    9abe:	84c2                	mv	s1,a6
    9ac0:	4405                	li	s0,1
    9ac2:	d80789e3          	beqz	a5,9854 <__adddf3+0x2fe>
    9ac6:	4409                	li	s0,2
    9ac8:	b9d9                	j	979e <__adddf3+0x248>
    9aca:	41058833          	sub	a6,a1,a6
    9ace:	40f987b3          	sub	a5,s3,a5
    9ad2:	0105b5b3          	sltu	a1,a1,a6
    9ad6:	84c2                	mv	s1,a6
    9ad8:	40b789b3          	sub	s3,a5,a1
    9adc:	4405                	li	s0,1
    9ade:	be39                	j	95fc <__adddf3+0xa6>
    9ae0:	050e                	slli	a0,a0,0x3
    9ae2:	810d                	srli	a0,a0,0x3
    9ae4:	01d99713          	slli	a4,s3,0x1d
    9ae8:	8f49                	or	a4,a4,a0
    9aea:	0039d793          	srli	a5,s3,0x3
    9aee:	bd81                	j	993e <__adddf3+0x3e8>
    9af0:	fe070613          	addi	a2,a4,-32
    9af4:	02000693          	li	a3,32
    9af8:	00c7d633          	srl	a2,a5,a2
    9afc:	00d70a63          	beq	a4,a3,9b10 <__adddf3+0x5ba>
    9b00:	04000693          	li	a3,64
    9b04:	40e68733          	sub	a4,a3,a4
    9b08:	00e797b3          	sll	a5,a5,a4
    9b0c:	00f86833          	or	a6,a6,a5
    9b10:	010036b3          	snez	a3,a6
    9b14:	8ed1                	or	a3,a3,a2
    9b16:	b1a5                	j	977e <__adddf3+0x228>
    9b18:	060e                	slli	a2,a2,0x3
    9b1a:	01d79713          	slli	a4,a5,0x1d
    9b1e:	820d                	srli	a2,a2,0x3
    9b20:	8f51                	or	a4,a4,a2
    9b22:	838d                	srli	a5,a5,0x3
    9b24:	8936                	mv	s2,a3
    9b26:	bd21                	j	993e <__adddf3+0x3e8>
    9b28:	060e                	slli	a2,a2,0x3
    9b2a:	01d79713          	slli	a4,a5,0x1d
    9b2e:	820d                	srli	a2,a2,0x3
    9b30:	8f51                	or	a4,a4,a2
    9b32:	838d                	srli	a5,a5,0x3
    9b34:	b529                	j	993e <__adddf3+0x3e8>
    9b36:	fe070613          	addi	a2,a4,-32
    9b3a:	02000513          	li	a0,32
    9b3e:	00c9d633          	srl	a2,s3,a2
    9b42:	00a70963          	beq	a4,a0,9b54 <__adddf3+0x5fe>
    9b46:	04000513          	li	a0,64
    9b4a:	40e50733          	sub	a4,a0,a4
    9b4e:	00e99733          	sll	a4,s3,a4
    9b52:	8dd9                	or	a1,a1,a4
    9b54:	00b034b3          	snez	s1,a1
    9b58:	8cd1                	or	s1,s1,a2
    9b5a:	b6c1                	j	971a <__adddf3+0x1c4>
    9b5c:	d771                	beqz	a4,9b28 <__adddf3+0x5d2>
    9b5e:	0107e833          	or	a6,a5,a6
    9b62:	de0810e3          	bnez	a6,9942 <__adddf3+0x3ec>
    9b66:	050e                	slli	a0,a0,0x3
    9b68:	01d99793          	slli	a5,s3,0x1d
    9b6c:	810d                	srli	a0,a0,0x3
    9b6e:	00f56733          	or	a4,a0,a5
    9b72:	0039d793          	srli	a5,s3,0x3
    9b76:	b3e1                	j	993e <__adddf3+0x3e8>
    9b78:	40b805b3          	sub	a1,a6,a1
    9b7c:	413787b3          	sub	a5,a5,s3
    9b80:	00b83833          	sltu	a6,a6,a1
    9b84:	84ae                	mv	s1,a1
    9b86:	410789b3          	sub	s3,a5,a6
    9b8a:	8936                	mv	s2,a3
    9b8c:	4405                	li	s0,1
    9b8e:	b4bd                	j	95fc <__adddf3+0xa6>
    9b90:	e40702e3          	beqz	a4,99d4 <__adddf3+0x47e>
    9b94:	060e                	slli	a2,a2,0x3
    9b96:	01d79713          	slli	a4,a5,0x1d
    9b9a:	820d                	srli	a2,a2,0x3
    9b9c:	8f51                	or	a4,a4,a2
    9b9e:	838d                	srli	a5,a5,0x3
    9ba0:	8936                	mv	s2,a3
    9ba2:	b349                	j	9924 <__adddf3+0x3ce>
    9ba4:	00351793          	slli	a5,a0,0x3
    9ba8:	838d                	srli	a5,a5,0x3
    9baa:	01d99713          	slli	a4,s3,0x1d
    9bae:	8f5d                	or	a4,a4,a5
    9bb0:	0039d793          	srli	a5,s3,0x3
    9bb4:	b369                	j	993e <__adddf3+0x3e8>
    9bb6:	00351793          	slli	a5,a0,0x3
    9bba:	838d                	srli	a5,a5,0x3
    9bbc:	01d99713          	slli	a4,s3,0x1d
    9bc0:	8f5d                	or	a4,a4,a5
    9bc2:	0039d793          	srli	a5,s3,0x3
    9bc6:	bbb9                	j	9924 <__adddf3+0x3ce>
    9bc8:	85c2                	mv	a1,a6
    9bca:	89be                	mv	s3,a5
    9bcc:	b369                	j	9956 <__adddf3+0x400>
    9bce:	df41                	beqz	a4,9b66 <__adddf3+0x610>
    9bd0:	bb8d                	j	9942 <__adddf3+0x3ec>
    9bd2:	060e                	slli	a2,a2,0x3
    9bd4:	01d79713          	slli	a4,a5,0x1d
    9bd8:	820d                	srli	a2,a2,0x3
    9bda:	8f51                	or	a4,a4,a2
    9bdc:	838d                	srli	a5,a5,0x3
    9bde:	b399                	j	9924 <__adddf3+0x3ce>
    9be0:	050e                	slli	a0,a0,0x3
    9be2:	01d99793          	slli	a5,s3,0x1d
    9be6:	810d                	srli	a0,a0,0x3
    9be8:	00f56733          	or	a4,a0,a5
    9bec:	0039d793          	srli	a5,s3,0x3
    9bf0:	bb15                	j	9924 <__adddf3+0x3ce>
    9bf2:	fe070613          	addi	a2,a4,-32
    9bf6:	02000693          	li	a3,32
    9bfa:	00c9d633          	srl	a2,s3,a2
    9bfe:	00d70963          	beq	a4,a3,9c10 <__adddf3+0x6ba>
    9c02:	04000693          	li	a3,64
    9c06:	40e68733          	sub	a4,a3,a4
    9c0a:	00e99733          	sll	a4,s3,a4
    9c0e:	8dd9                	or	a1,a1,a4
    9c10:	00b036b3          	snez	a3,a1
    9c14:	8ed1                	or	a3,a3,a2
    9c16:	b951                	j	98aa <__adddf3+0x354>
    9c18:	00c4e733          	or	a4,s1,a2
    9c1c:	89b2                	mv	s3,a2
    9c1e:	d80718e3          	bnez	a4,99ae <__adddf3+0x458>
    9c22:	bb4d                	j	99d4 <__adddf3+0x47e>
    9c24:	060e                	slli	a2,a2,0x3
    9c26:	01d79713          	slli	a4,a5,0x1d
    9c2a:	820d                	srli	a2,a2,0x3
    9c2c:	8f51                	or	a4,a4,a2
    9c2e:	838d                	srli	a5,a5,0x3
    9c30:	8936                	mv	s2,a3
    9c32:	b331                	j	993e <__adddf3+0x3e8>
    9c34:	02000693          	li	a3,32
    9c38:	8e99                	sub	a3,a3,a4
    9c3a:	4601                	li	a2,0
    9c3c:	b439                	j	964a <__adddf3+0xf4>

00009c3e <__divdf3>:
    9c3e:	7179                	addi	sp,sp,-48
    9c40:	0145d793          	srli	a5,a1,0x14
    9c44:	d422                	sw	s0,40(sp)
    9c46:	d226                	sw	s1,36(sp)
    9c48:	d04a                	sw	s2,32(sp)
    9c4a:	ca56                	sw	s5,20(sp)
    9c4c:	c65e                	sw	s7,12(sp)
    9c4e:	00c59493          	slli	s1,a1,0xc
    9c52:	d606                	sw	ra,44(sp)
    9c54:	ce4e                	sw	s3,28(sp)
    9c56:	cc52                	sw	s4,24(sp)
    9c58:	c85a                	sw	s6,16(sp)
    9c5a:	c462                	sw	s8,8(sp)
    9c5c:	7ff7f793          	andi	a5,a5,2047
    9c60:	842a                	mv	s0,a0
    9c62:	8bb2                	mv	s7,a2
    9c64:	8936                	mv	s2,a3
    9c66:	80b1                	srli	s1,s1,0xc
    9c68:	01f5da93          	srli	s5,a1,0x1f
    9c6c:	10078c63          	beqz	a5,9d84 <__divdf3+0x146>
    9c70:	7ff00713          	li	a4,2047
    9c74:	14e78763          	beq	a5,a4,9dc2 <__divdf3+0x184>
    9c78:	048e                	slli	s1,s1,0x3
    9c7a:	01d55b13          	srli	s6,a0,0x1d
    9c7e:	009b6b33          	or	s6,s6,s1
    9c82:	00800737          	lui	a4,0x800
    9c86:	00eb6b33          	or	s6,s6,a4
    9c8a:	00351a13          	slli	s4,a0,0x3
    9c8e:	c0178993          	addi	s3,a5,-1023 # 7ffc01 <ch32v20x_wwdg.c.13394d49+0x7e1d43>
    9c92:	4481                	li	s1,0
    9c94:	4c01                	li	s8,0
    9c96:	01495793          	srli	a5,s2,0x14
    9c9a:	00c91413          	slli	s0,s2,0xc
    9c9e:	7ff7f793          	andi	a5,a5,2047
    9ca2:	8031                	srli	s0,s0,0xc
    9ca4:	01f95913          	srli	s2,s2,0x1f
    9ca8:	c3d5                	beqz	a5,9d4c <__divdf3+0x10e>
    9caa:	7ff00713          	li	a4,2047
    9cae:	08e78463          	beq	a5,a4,9d36 <__divdf3+0xf8>
    9cb2:	040e                	slli	s0,s0,0x3
    9cb4:	01dbd713          	srli	a4,s7,0x1d
    9cb8:	8f41                	or	a4,a4,s0
    9cba:	c0178793          	addi	a5,a5,-1023
    9cbe:	00800437          	lui	s0,0x800
    9cc2:	8c59                	or	s0,s0,a4
    9cc4:	003b9893          	slli	a7,s7,0x3
    9cc8:	40f989b3          	sub	s3,s3,a5
    9ccc:	4601                	li	a2,0
    9cce:	473d                	li	a4,15
    9cd0:	012ac6b3          	xor	a3,s5,s2
    9cd4:	18976863          	bltu	a4,s1,9e64 <__divdf3+0x226>
    9cd8:	00002717          	auipc	a4,0x2
    9cdc:	28c70713          	addi	a4,a4,652 # bf64 <g_crc16_tbl+0x200>
    9ce0:	048a                	slli	s1,s1,0x2
    9ce2:	94ba                	add	s1,s1,a4
    9ce4:	409c                	lw	a5,0(s1)
    9ce6:	97ba                	add	a5,a5,a4
    9ce8:	8782                	jr	a5
    9cea:	8f1d                	sub	a4,a4,a5
    9cec:	03800613          	li	a2,56
    9cf0:	40e65c63          	bge	a2,a4,a108 <__divdf3+0x4ca>
    9cf4:	4781                	li	a5,0
    9cf6:	4601                	li	a2,0
    9cf8:	4701                	li	a4,0
    9cfa:	50b2                	lw	ra,44(sp)
    9cfc:	5422                	lw	s0,40(sp)
    9cfe:	07d2                	slli	a5,a5,0x14
    9d00:	8fd1                	or	a5,a5,a2
    9d02:	06fe                	slli	a3,a3,0x1f
    9d04:	8fd5                	or	a5,a5,a3
    9d06:	5492                	lw	s1,36(sp)
    9d08:	5902                	lw	s2,32(sp)
    9d0a:	49f2                	lw	s3,28(sp)
    9d0c:	4a62                	lw	s4,24(sp)
    9d0e:	4ad2                	lw	s5,20(sp)
    9d10:	4b42                	lw	s6,16(sp)
    9d12:	4bb2                	lw	s7,12(sp)
    9d14:	4c22                	lw	s8,8(sp)
    9d16:	853a                	mv	a0,a4
    9d18:	85be                	mv	a1,a5
    9d1a:	6145                	addi	sp,sp,48
    9d1c:	8082                	ret
    9d1e:	7ff00793          	li	a5,2047
    9d22:	4601                	li	a2,0
    9d24:	4701                	li	a4,0
    9d26:	bfd1                	j	9cfa <__divdf3+0xbc>
    9d28:	4681                	li	a3,0
    9d2a:	7ff00793          	li	a5,2047
    9d2e:	00080637          	lui	a2,0x80
    9d32:	4701                	li	a4,0
    9d34:	b7d9                	j	9cfa <__divdf3+0xbc>
    9d36:	017468b3          	or	a7,s0,s7
    9d3a:	80198993          	addi	s3,s3,-2047
    9d3e:	10089963          	bnez	a7,9e50 <__divdf3+0x212>
    9d42:	0024e493          	ori	s1,s1,2
    9d46:	4401                	li	s0,0
    9d48:	4609                	li	a2,2
    9d4a:	b751                	j	9cce <__divdf3+0x90>
    9d4c:	017468b3          	or	a7,s0,s7
    9d50:	0e088b63          	beqz	a7,9e46 <__divdf3+0x208>
    9d54:	36040663          	beqz	s0,a0c0 <__divdf3+0x482>
    9d58:	8522                	mv	a0,s0
    9d5a:	053010ef          	jal	ra,b5ac <__clzsi2>
    9d5e:	87aa                	mv	a5,a0
    9d60:	ff550693          	addi	a3,a0,-11
    9d64:	4775                	li	a4,29
    9d66:	ff878893          	addi	a7,a5,-8
    9d6a:	8f15                	sub	a4,a4,a3
    9d6c:	01141433          	sll	s0,s0,a7
    9d70:	00ebd733          	srl	a4,s7,a4
    9d74:	8c59                	or	s0,s0,a4
    9d76:	011b98b3          	sll	a7,s7,a7
    9d7a:	97ce                	add	a5,a5,s3
    9d7c:	3f378993          	addi	s3,a5,1011
    9d80:	4601                	li	a2,0
    9d82:	b7b1                	j	9cce <__divdf3+0x90>
    9d84:	00a4eb33          	or	s6,s1,a0
    9d88:	0c0b0963          	beqz	s6,9e5a <__divdf3+0x21c>
    9d8c:	30048b63          	beqz	s1,a0a2 <__divdf3+0x464>
    9d90:	8526                	mv	a0,s1
    9d92:	01b010ef          	jal	ra,b5ac <__clzsi2>
    9d96:	872a                	mv	a4,a0
    9d98:	ff550693          	addi	a3,a0,-11
    9d9c:	47f5                	li	a5,29
    9d9e:	ff870a13          	addi	s4,a4,-8
    9da2:	8f95                	sub	a5,a5,a3
    9da4:	014494b3          	sll	s1,s1,s4
    9da8:	00f457b3          	srl	a5,s0,a5
    9dac:	0097eb33          	or	s6,a5,s1
    9db0:	01441a33          	sll	s4,s0,s4
    9db4:	c0d00793          	li	a5,-1011
    9db8:	40e789b3          	sub	s3,a5,a4
    9dbc:	4481                	li	s1,0
    9dbe:	4c01                	li	s8,0
    9dc0:	bdd9                	j	9c96 <__divdf3+0x58>
    9dc2:	00a4eb33          	or	s6,s1,a0
    9dc6:	060b1963          	bnez	s6,9e38 <__divdf3+0x1fa>
    9dca:	4a01                	li	s4,0
    9dcc:	44a1                	li	s1,8
    9dce:	7ff00993          	li	s3,2047
    9dd2:	4c09                	li	s8,2
    9dd4:	b5c9                	j	9c96 <__divdf3+0x58>
    9dd6:	8c32                	mv	s8,a2
    9dd8:	4789                	li	a5,2
    9dda:	3efc0263          	beq	s8,a5,a1be <__divdf3+0x580>
    9dde:	478d                	li	a5,3
    9de0:	f4fc04e3          	beq	s8,a5,9d28 <__divdf3+0xea>
    9de4:	4785                	li	a5,1
    9de6:	86ca                	mv	a3,s2
    9de8:	f0fc06e3          	beq	s8,a5,9cf4 <__divdf3+0xb6>
    9dec:	3ff98793          	addi	a5,s3,1023
    9df0:	22f05063          	blez	a5,a010 <__divdf3+0x3d2>
    9df4:	0078f713          	andi	a4,a7,7
    9df8:	3a071963          	bnez	a4,a1aa <__divdf3+0x56c>
    9dfc:	01000737          	lui	a4,0x1000
    9e00:	8f61                	and	a4,a4,s0
    9e02:	c719                	beqz	a4,9e10 <__divdf3+0x1d2>
    9e04:	ff0007b7          	lui	a5,0xff000
    9e08:	17fd                	addi	a5,a5,-1 # feffffff <__freertos_irq_stack_top+0xdeffafff>
    9e0a:	8c7d                	and	s0,s0,a5
    9e0c:	40098793          	addi	a5,s3,1024
    9e10:	7fe00713          	li	a4,2046
    9e14:	f0f745e3          	blt	a4,a5,9d1e <__divdf3+0xe0>
    9e18:	0038d893          	srli	a7,a7,0x3
    9e1c:	01d41713          	slli	a4,s0,0x1d
    9e20:	00941613          	slli	a2,s0,0x9
    9e24:	01176733          	or	a4,a4,a7
    9e28:	8231                	srli	a2,a2,0xc
    9e2a:	7ff7f793          	andi	a5,a5,2047
    9e2e:	b5f1                	j	9cfa <__divdf3+0xbc>
    9e30:	8956                	mv	s2,s5
    9e32:	845a                	mv	s0,s6
    9e34:	88d2                	mv	a7,s4
    9e36:	b74d                	j	9dd8 <__divdf3+0x19a>
    9e38:	8b26                	mv	s6,s1
    9e3a:	8a2a                	mv	s4,a0
    9e3c:	44b1                	li	s1,12
    9e3e:	7ff00993          	li	s3,2047
    9e42:	4c0d                	li	s8,3
    9e44:	bd89                	j	9c96 <__divdf3+0x58>
    9e46:	0014e493          	ori	s1,s1,1
    9e4a:	4401                	li	s0,0
    9e4c:	4605                	li	a2,1
    9e4e:	b541                	j	9cce <__divdf3+0x90>
    9e50:	0034e493          	ori	s1,s1,3
    9e54:	88de                	mv	a7,s7
    9e56:	460d                	li	a2,3
    9e58:	bd9d                	j	9cce <__divdf3+0x90>
    9e5a:	4a01                	li	s4,0
    9e5c:	4491                	li	s1,4
    9e5e:	4981                	li	s3,0
    9e60:	4c05                	li	s8,1
    9e62:	bd15                	j	9c96 <__divdf3+0x58>
    9e64:	23646563          	bltu	s0,s6,a08e <__divdf3+0x450>
    9e68:	228b0163          	beq	s6,s0,a08a <__divdf3+0x44c>
    9e6c:	8352                	mv	t1,s4
    9e6e:	19fd                	addi	s3,s3,-1
    9e70:	87da                	mv	a5,s6
    9e72:	4a01                	li	s4,0
    9e74:	00841713          	slli	a4,s0,0x8
    9e78:	01075513          	srli	a0,a4,0x10
    9e7c:	02a7d433          	divu	s0,a5,a0
    9e80:	0188d613          	srli	a2,a7,0x18
    9e84:	8e59                	or	a2,a2,a4
    9e86:	01061813          	slli	a6,a2,0x10
    9e8a:	01085813          	srli	a6,a6,0x10
    9e8e:	00889593          	slli	a1,a7,0x8
    9e92:	01035713          	srli	a4,t1,0x10
    9e96:	02a7f7b3          	remu	a5,a5,a0
    9e9a:	028808b3          	mul	a7,a6,s0
    9e9e:	07c2                	slli	a5,a5,0x10
    9ea0:	8fd9                	or	a5,a5,a4
    9ea2:	0117f863          	bgeu	a5,a7,9eb2 <__divdf3+0x274>
    9ea6:	97b2                	add	a5,a5,a2
    9ea8:	fff40713          	addi	a4,s0,-1 # 7fffff <ch32v20x_wwdg.c.13394d49+0x7e2141>
    9eac:	24c7f963          	bgeu	a5,a2,a0fe <__divdf3+0x4c0>
    9eb0:	843a                	mv	s0,a4
    9eb2:	411787b3          	sub	a5,a5,a7
    9eb6:	02a7d8b3          	divu	a7,a5,a0
    9eba:	01031713          	slli	a4,t1,0x10
    9ebe:	8341                	srli	a4,a4,0x10
    9ec0:	02a7f7b3          	remu	a5,a5,a0
    9ec4:	03180fb3          	mul	t6,a6,a7
    9ec8:	07c2                	slli	a5,a5,0x10
    9eca:	8f5d                	or	a4,a4,a5
    9ecc:	01f77863          	bgeu	a4,t6,9edc <__divdf3+0x29e>
    9ed0:	9732                	add	a4,a4,a2
    9ed2:	fff88793          	addi	a5,a7,-1
    9ed6:	20c77f63          	bgeu	a4,a2,a0f4 <__divdf3+0x4b6>
    9eda:	88be                	mv	a7,a5
    9edc:	0442                	slli	s0,s0,0x10
    9ede:	62c1                	lui	t0,0x10
    9ee0:	01146433          	or	s0,s0,a7
    9ee4:	fff28313          	addi	t1,t0,-1 # ffff <MC_PULL_calibration.cpp.947435e8+0x68e>
    9ee8:	006478b3          	and	a7,s0,t1
    9eec:	01045e93          	srli	t4,s0,0x10
    9ef0:	0105de13          	srli	t3,a1,0x10
    9ef4:	0065f333          	and	t1,a1,t1
    9ef8:	03130f33          	mul	t5,t1,a7
    9efc:	41f70733          	sub	a4,a4,t6
    9f00:	031e08b3          	mul	a7,t3,a7
    9f04:	010f5793          	srli	a5,t5,0x10
    9f08:	026e8fb3          	mul	t6,t4,t1
    9f0c:	98fe                	add	a7,a7,t6
    9f0e:	97c6                	add	a5,a5,a7
    9f10:	03ce8eb3          	mul	t4,t4,t3
    9f14:	01f7f363          	bgeu	a5,t6,9f1a <__divdf3+0x2dc>
    9f18:	9e96                	add	t4,t4,t0
    9f1a:	6fc1                	lui	t6,0x10
    9f1c:	1ffd                	addi	t6,t6,-1 # ffff <MC_PULL_calibration.cpp.947435e8+0x68e>
    9f1e:	0107d893          	srli	a7,a5,0x10
    9f22:	01f7f7b3          	and	a5,a5,t6
    9f26:	07c2                	slli	a5,a5,0x10
    9f28:	01ff7f33          	and	t5,t5,t6
    9f2c:	98f6                	add	a7,a7,t4
    9f2e:	97fa                	add	a5,a5,t5
    9f30:	13176b63          	bltu	a4,a7,a066 <__divdf3+0x428>
    9f34:	13170763          	beq	a4,a7,a062 <__divdf3+0x424>
    9f38:	40fa07b3          	sub	a5,s4,a5
    9f3c:	41170733          	sub	a4,a4,a7
    9f40:	00fa3a33          	sltu	s4,s4,a5
    9f44:	41470733          	sub	a4,a4,s4
    9f48:	24e60363          	beq	a2,a4,a18e <__divdf3+0x550>
    9f4c:	02a758b3          	divu	a7,a4,a0
    9f50:	0107de93          	srli	t4,a5,0x10
    9f54:	02a77733          	remu	a4,a4,a0
    9f58:	03180f33          	mul	t5,a6,a7
    9f5c:	0742                	slli	a4,a4,0x10
    9f5e:	00eee733          	or	a4,t4,a4
    9f62:	01e77b63          	bgeu	a4,t5,9f78 <__divdf3+0x33a>
    9f66:	9732                	add	a4,a4,a2
    9f68:	fff88e93          	addi	t4,a7,-1
    9f6c:	24c76763          	bltu	a4,a2,a1ba <__divdf3+0x57c>
    9f70:	25e77563          	bgeu	a4,t5,a1ba <__divdf3+0x57c>
    9f74:	18f9                	addi	a7,a7,-2
    9f76:	9732                	add	a4,a4,a2
    9f78:	41e70733          	sub	a4,a4,t5
    9f7c:	02a75eb3          	divu	t4,a4,a0
    9f80:	07c2                	slli	a5,a5,0x10
    9f82:	83c1                	srli	a5,a5,0x10
    9f84:	02a77733          	remu	a4,a4,a0
    9f88:	03d80833          	mul	a6,a6,t4
    9f8c:	0742                	slli	a4,a4,0x10
    9f8e:	8fd9                	or	a5,a5,a4
    9f90:	0107fb63          	bgeu	a5,a6,9fa6 <__divdf3+0x368>
    9f94:	97b2                	add	a5,a5,a2
    9f96:	fffe8713          	addi	a4,t4,-1
    9f9a:	20c7ee63          	bltu	a5,a2,a1b6 <__divdf3+0x578>
    9f9e:	2107fc63          	bgeu	a5,a6,a1b6 <__divdf3+0x578>
    9fa2:	1ef9                	addi	t4,t4,-2
    9fa4:	97b2                	add	a5,a5,a2
    9fa6:	08c2                	slli	a7,a7,0x10
    9fa8:	01d8e8b3          	or	a7,a7,t4
    9fac:	01089513          	slli	a0,a7,0x10
    9fb0:	0108df13          	srli	t5,a7,0x10
    9fb4:	8141                	srli	a0,a0,0x10
    9fb6:	02650eb3          	mul	t4,a0,t1
    9fba:	410787b3          	sub	a5,a5,a6
    9fbe:	02ae0533          	mul	a0,t3,a0
    9fc2:	010ed713          	srli	a4,t4,0x10
    9fc6:	026f0333          	mul	t1,t5,t1
    9fca:	951a                	add	a0,a0,t1
    9fcc:	972a                	add	a4,a4,a0
    9fce:	03ee0e33          	mul	t3,t3,t5
    9fd2:	00677463          	bgeu	a4,t1,9fda <__divdf3+0x39c>
    9fd6:	6541                	lui	a0,0x10
    9fd8:	9e2a                	add	t3,t3,a0
    9fda:	6841                	lui	a6,0x10
    9fdc:	187d                	addi	a6,a6,-1 # ffff <MC_PULL_calibration.cpp.947435e8+0x68e>
    9fde:	01075513          	srli	a0,a4,0x10
    9fe2:	01077733          	and	a4,a4,a6
    9fe6:	0742                	slli	a4,a4,0x10
    9fe8:	010efeb3          	and	t4,t4,a6
    9fec:	9572                	add	a0,a0,t3
    9fee:	9776                	add	a4,a4,t4
    9ff0:	0ea7f763          	bgeu	a5,a0,a0de <__divdf3+0x4a0>
    9ff4:	97b2                	add	a5,a5,a2
    9ff6:	fff88313          	addi	t1,a7,-1
    9ffa:	883e                	mv	a6,a5
    9ffc:	16c7e763          	bltu	a5,a2,a16a <__divdf3+0x52c>
    a000:	1ca7e563          	bltu	a5,a0,a1ca <__divdf3+0x58c>
    a004:	1ca78e63          	beq	a5,a0,a1e0 <__divdf3+0x5a2>
    a008:	889a                	mv	a7,t1
    a00a:	0018e893          	ori	a7,a7,1
    a00e:	bbf9                	j	9dec <__divdf3+0x1ae>
    a010:	4705                	li	a4,1
    a012:	cc079ce3          	bnez	a5,9cea <__divdf3+0xac>
    a016:	41e98793          	addi	a5,s3,1054
    a01a:	00f89633          	sll	a2,a7,a5
    a01e:	00c03633          	snez	a2,a2
    a022:	00f417b3          	sll	a5,s0,a5
    a026:	8fd1                	or	a5,a5,a2
    a028:	00e8d8b3          	srl	a7,a7,a4
    a02c:	00f8e8b3          	or	a7,a7,a5
    a030:	0078f793          	andi	a5,a7,7
    a034:	00e45433          	srl	s0,s0,a4
    a038:	cf81                	beqz	a5,a050 <__divdf3+0x412>
    a03a:	00f8f793          	andi	a5,a7,15
    a03e:	4711                	li	a4,4
    a040:	00e78863          	beq	a5,a4,a050 <__divdf3+0x412>
    a044:	00488793          	addi	a5,a7,4
    a048:	0117b8b3          	sltu	a7,a5,a7
    a04c:	9446                	add	s0,s0,a7
    a04e:	88be                	mv	a7,a5
    a050:	008005b7          	lui	a1,0x800
    a054:	8de1                	and	a1,a1,s0
    a056:	4785                	li	a5,1
    a058:	4601                	li	a2,0
    a05a:	4701                	li	a4,0
    a05c:	c8059fe3          	bnez	a1,9cfa <__divdf3+0xbc>
    a060:	a8d5                	j	a154 <__divdf3+0x516>
    a062:	ecfa7be3          	bgeu	s4,a5,9f38 <__divdf3+0x2fa>
    a066:	00ba0eb3          	add	t4,s4,a1
    a06a:	014ebf33          	sltu	t5,t4,s4
    a06e:	00cf0fb3          	add	t6,t5,a2
    a072:	977e                	add	a4,a4,t6
    a074:	8a76                	mv	s4,t4
    a076:	fff40f93          	addi	t6,s0,-1
    a07a:	06e67763          	bgeu	a2,a4,a0e8 <__divdf3+0x4aa>
    a07e:	11176063          	bltu	a4,a7,a17e <__divdf3+0x540>
    a082:	0ee88c63          	beq	a7,a4,a17a <__divdf3+0x53c>
    a086:	847e                	mv	s0,t6
    a088:	bd45                	j	9f38 <__divdf3+0x2fa>
    a08a:	df1a61e3          	bltu	s4,a7,9e6c <__divdf3+0x22e>
    a08e:	001a5713          	srli	a4,s4,0x1
    a092:	01fb1313          	slli	t1,s6,0x1f
    a096:	001b5793          	srli	a5,s6,0x1
    a09a:	00e36333          	or	t1,t1,a4
    a09e:	0a7e                	slli	s4,s4,0x1f
    a0a0:	bbd1                	j	9e74 <__divdf3+0x236>
    a0a2:	50a010ef          	jal	ra,b5ac <__clzsi2>
    a0a6:	01550693          	addi	a3,a0,21 # 10015 <MC_PULL_calibration.cpp.947435e8+0x6a4>
    a0aa:	47f1                	li	a5,28
    a0ac:	02050713          	addi	a4,a0,32
    a0b0:	ced7d6e3          	bge	a5,a3,9d9c <__divdf3+0x15e>
    a0b4:	ff850793          	addi	a5,a0,-8
    a0b8:	00f41b33          	sll	s6,s0,a5
    a0bc:	4a01                	li	s4,0
    a0be:	b9dd                	j	9db4 <__divdf3+0x176>
    a0c0:	855e                	mv	a0,s7
    a0c2:	4ea010ef          	jal	ra,b5ac <__clzsi2>
    a0c6:	01550693          	addi	a3,a0,21
    a0ca:	4771                	li	a4,28
    a0cc:	02050793          	addi	a5,a0,32
    a0d0:	c8d75ae3          	bge	a4,a3,9d64 <__divdf3+0x126>
    a0d4:	1561                	addi	a0,a0,-8
    a0d6:	4881                	li	a7,0
    a0d8:	00ab9433          	sll	s0,s7,a0
    a0dc:	b979                	j	9d7a <__divdf3+0x13c>
    a0de:	f2a796e3          	bne	a5,a0,a00a <__divdf3+0x3cc>
    a0e2:	d00705e3          	beqz	a4,9dec <__divdf3+0x1ae>
    a0e6:	b739                	j	9ff4 <__divdf3+0x3b6>
    a0e8:	f8e61fe3          	bne	a2,a4,a086 <__divdf3+0x448>
    a0ec:	f80f09e3          	beqz	t5,a07e <__divdf3+0x440>
    a0f0:	847e                	mv	s0,t6
    a0f2:	b599                	j	9f38 <__divdf3+0x2fa>
    a0f4:	dff773e3          	bgeu	a4,t6,9eda <__divdf3+0x29c>
    a0f8:	18f9                	addi	a7,a7,-2
    a0fa:	9732                	add	a4,a4,a2
    a0fc:	b3c5                	j	9edc <__divdf3+0x29e>
    a0fe:	db17f9e3          	bgeu	a5,a7,9eb0 <__divdf3+0x272>
    a102:	1479                	addi	s0,s0,-2
    a104:	97b2                	add	a5,a5,a2
    a106:	b375                	j	9eb2 <__divdf3+0x274>
    a108:	467d                	li	a2,31
    a10a:	f0e656e3          	bge	a2,a4,a016 <__divdf3+0x3d8>
    a10e:	5605                	li	a2,-31
    a110:	8e1d                	sub	a2,a2,a5
    a112:	02000793          	li	a5,32
    a116:	00c45633          	srl	a2,s0,a2
    a11a:	00f70863          	beq	a4,a5,a12a <__divdf3+0x4ec>
    a11e:	43e98793          	addi	a5,s3,1086
    a122:	00f417b3          	sll	a5,s0,a5
    a126:	00f8e8b3          	or	a7,a7,a5
    a12a:	011038b3          	snez	a7,a7
    a12e:	00c8e8b3          	or	a7,a7,a2
    a132:	0078f713          	andi	a4,a7,7
    a136:	4601                	li	a2,0
    a138:	c31d                	beqz	a4,a15e <__divdf3+0x520>
    a13a:	00f8f793          	andi	a5,a7,15
    a13e:	4711                	li	a4,4
    a140:	4401                	li	s0,0
    a142:	00e78963          	beq	a5,a4,a154 <__divdf3+0x516>
    a146:	00488793          	addi	a5,a7,4
    a14a:	0117b8b3          	sltu	a7,a5,a7
    a14e:	01103433          	snez	s0,a7
    a152:	88be                	mv	a7,a5
    a154:	00941613          	slli	a2,s0,0x9
    a158:	01d41713          	slli	a4,s0,0x1d
    a15c:	8231                	srli	a2,a2,0xc
    a15e:	0038d893          	srli	a7,a7,0x3
    a162:	00e8e733          	or	a4,a7,a4
    a166:	4781                	li	a5,0
    a168:	be49                	j	9cfa <__divdf3+0xbc>
    a16a:	889a                	mv	a7,t1
    a16c:	e8a81fe3          	bne	a6,a0,a00a <__divdf3+0x3cc>
    a170:	c6b70ee3          	beq	a4,a1,9dec <__divdf3+0x1ae>
    a174:	0018e893          	ori	a7,a7,1
    a178:	b995                	j	9dec <__divdf3+0x1ae>
    a17a:	f0fef6e3          	bgeu	t4,a5,a086 <__divdf3+0x448>
    a17e:	9eae                	add	t4,t4,a1
    a180:	00bebf33          	sltu	t5,t4,a1
    a184:	9f32                	add	t5,t5,a2
    a186:	1479                	addi	s0,s0,-2
    a188:	8a76                	mv	s4,t4
    a18a:	977a                	add	a4,a4,t5
    a18c:	b375                	j	9f38 <__divdf3+0x2fa>
    a18e:	c0200713          	li	a4,-1022
    a192:	3ff98793          	addi	a5,s3,1023
    a196:	58fd                	li	a7,-1
    a198:	e6e9cce3          	blt	s3,a4,a010 <__divdf3+0x3d2>
    a19c:	00488713          	addi	a4,a7,4
    a1a0:	011738b3          	sltu	a7,a4,a7
    a1a4:	9446                	add	s0,s0,a7
    a1a6:	88ba                	mv	a7,a4
    a1a8:	b991                	j	9dfc <__divdf3+0x1be>
    a1aa:	00f8f713          	andi	a4,a7,15
    a1ae:	4611                	li	a2,4
    a1b0:	c4c706e3          	beq	a4,a2,9dfc <__divdf3+0x1be>
    a1b4:	b7e5                	j	a19c <__divdf3+0x55e>
    a1b6:	8eba                	mv	t4,a4
    a1b8:	b3fd                	j	9fa6 <__divdf3+0x368>
    a1ba:	88f6                	mv	a7,t4
    a1bc:	bb75                	j	9f78 <__divdf3+0x33a>
    a1be:	86ca                	mv	a3,s2
    a1c0:	7ff00793          	li	a5,2047
    a1c4:	4601                	li	a2,0
    a1c6:	4701                	li	a4,0
    a1c8:	be0d                	j	9cfa <__divdf3+0xbc>
    a1ca:	00159313          	slli	t1,a1,0x1
    a1ce:	00b33833          	sltu	a6,t1,a1
    a1d2:	9832                	add	a6,a6,a2
    a1d4:	983e                	add	a6,a6,a5
    a1d6:	18f9                	addi	a7,a7,-2
    a1d8:	859a                	mv	a1,t1
    a1da:	f8a80be3          	beq	a6,a0,a170 <__divdf3+0x532>
    a1de:	b535                	j	a00a <__divdf3+0x3cc>
    a1e0:	fee5e5e3          	bltu	a1,a4,a1ca <__divdf3+0x58c>
    a1e4:	889a                	mv	a7,t1
    a1e6:	f8b717e3          	bne	a4,a1,a174 <__divdf3+0x536>
    a1ea:	b109                	j	9dec <__divdf3+0x1ae>

0000a1ec <__addsf3>:
    a1ec:	00800737          	lui	a4,0x800
    a1f0:	1141                	addi	sp,sp,-16
    a1f2:	177d                	addi	a4,a4,-1 # 7fffff <ch32v20x_wwdg.c.13394d49+0x7e2141>
    a1f4:	01755693          	srli	a3,a0,0x17
    a1f8:	0175d613          	srli	a2,a1,0x17
    a1fc:	00a777b3          	and	a5,a4,a0
    a200:	c226                	sw	s1,4(sp)
    a202:	8f6d                	and	a4,a4,a1
    a204:	c04a                	sw	s2,0(sp)
    a206:	0ff67613          	zext.b	a2,a2
    a20a:	0ff6f913          	zext.b	s2,a3
    a20e:	c606                	sw	ra,12(sp)
    a210:	c422                	sw	s0,8(sp)
    a212:	01f55493          	srli	s1,a0,0x1f
    a216:	81fd                	srli	a1,a1,0x1f
    a218:	078e                	slli	a5,a5,0x3
    a21a:	070e                	slli	a4,a4,0x3
    a21c:	40c906b3          	sub	a3,s2,a2
    a220:	04b48163          	beq	s1,a1,a262 <__addsf3+0x76>
    a224:	00d05f63          	blez	a3,a242 <__addsf3+0x56>
    a228:	ee31                	bnez	a2,a284 <__addsf3+0x98>
    a22a:	12070163          	beqz	a4,a34c <__addsf3+0x160>
    a22e:	fff68613          	addi	a2,a3,-1
    a232:	2a060e63          	beqz	a2,a4ee <__addsf3+0x302>
    a236:	0ff00593          	li	a1,255
    a23a:	16b68b63          	beq	a3,a1,a3b0 <__addsf3+0x1c4>
    a23e:	86b2                	mv	a3,a2
    a240:	a889                	j	a292 <__addsf3+0xa6>
    a242:	c2f1                	beqz	a3,a306 <__addsf3+0x11a>
    a244:	412606b3          	sub	a3,a2,s2
    a248:	1c091c63          	bnez	s2,a420 <__addsf3+0x234>
    a24c:	cff5                	beqz	a5,a348 <__addsf3+0x15c>
    a24e:	fff68513          	addi	a0,a3,-1
    a252:	2c050963          	beqz	a0,a524 <__addsf3+0x338>
    a256:	0ff00813          	li	a6,255
    a25a:	15068963          	beq	a3,a6,a3ac <__addsf3+0x1c0>
    a25e:	86aa                	mv	a3,a0
    a260:	a2f9                	j	a42e <__addsf3+0x242>
    a262:	8826                	mv	a6,s1
    a264:	14d05863          	blez	a3,a3b4 <__addsf3+0x1c8>
    a268:	c669                	beqz	a2,a332 <__addsf3+0x146>
    a26a:	0ff00613          	li	a2,255
    a26e:	14c90163          	beq	s2,a2,a3b0 <__addsf3+0x1c4>
    a272:	04000637          	lui	a2,0x4000
    a276:	8f51                	or	a4,a4,a2
    a278:	466d                	li	a2,27
    a27a:	1ed65963          	bge	a2,a3,a46c <__addsf3+0x280>
    a27e:	0785                	addi	a5,a5,1
    a280:	86ca                	mv	a3,s2
    a282:	a089                	j	a2c4 <__addsf3+0xd8>
    a284:	0ff00613          	li	a2,255
    a288:	12c90463          	beq	s2,a2,a3b0 <__addsf3+0x1c4>
    a28c:	04000637          	lui	a2,0x4000
    a290:	8f51                	or	a4,a4,a2
    a292:	45ed                	li	a1,27
    a294:	4605                	li	a2,1
    a296:	00d5cd63          	blt	a1,a3,a2b0 <__addsf3+0xc4>
    a29a:	02000613          	li	a2,32
    a29e:	8e15                	sub	a2,a2,a3
    a2a0:	00c71633          	sll	a2,a4,a2
    a2a4:	00d756b3          	srl	a3,a4,a3
    a2a8:	00c03733          	snez	a4,a2
    a2ac:	00e6e633          	or	a2,a3,a4
    a2b0:	8f91                	sub	a5,a5,a2
    a2b2:	04000737          	lui	a4,0x4000
    a2b6:	00e7f6b3          	and	a3,a5,a4
    a2ba:	eacd                	bnez	a3,a36c <__addsf3+0x180>
    a2bc:	0077f713          	andi	a4,a5,7
    a2c0:	86ca                	mv	a3,s2
    a2c2:	c749                	beqz	a4,a34c <__addsf3+0x160>
    a2c4:	00f7f713          	andi	a4,a5,15
    a2c8:	4611                	li	a2,4
    a2ca:	00c70363          	beq	a4,a2,a2d0 <__addsf3+0xe4>
    a2ce:	0791                	addi	a5,a5,4
    a2d0:	04000737          	lui	a4,0x4000
    a2d4:	8f7d                	and	a4,a4,a5
    a2d6:	cb3d                	beqz	a4,a34c <__addsf3+0x160>
    a2d8:	00168513          	addi	a0,a3,1
    a2dc:	0ff00713          	li	a4,255
    a2e0:	8826                	mv	a6,s1
    a2e2:	08e50163          	beq	a0,a4,a364 <__addsf3+0x178>
    a2e6:	00679713          	slli	a4,a5,0x6
    a2ea:	0ff57513          	zext.b	a0,a0
    a2ee:	8325                	srli	a4,a4,0x9
    a2f0:	40b2                	lw	ra,12(sp)
    a2f2:	4422                	lw	s0,8(sp)
    a2f4:	055e                	slli	a0,a0,0x17
    a2f6:	8d59                	or	a0,a0,a4
    a2f8:	01f81793          	slli	a5,a6,0x1f
    a2fc:	4492                	lw	s1,4(sp)
    a2fe:	4902                	lw	s2,0(sp)
    a300:	8d5d                	or	a0,a0,a5
    a302:	0141                	addi	sp,sp,16
    a304:	8082                	ret
    a306:	00190613          	addi	a2,s2,1
    a30a:	0fe67613          	andi	a2,a2,254
    a30e:	14061463          	bnez	a2,a456 <__addsf3+0x26a>
    a312:	08091a63          	bnez	s2,a3a6 <__addsf3+0x1ba>
    a316:	20078363          	beqz	a5,a51c <__addsf3+0x330>
    a31a:	cb75                	beqz	a4,a40e <__addsf3+0x222>
    a31c:	40e78533          	sub	a0,a5,a4
    a320:	04000637          	lui	a2,0x4000
    a324:	8e69                	and	a2,a2,a0
    a326:	22060363          	beqz	a2,a54c <__addsf3+0x360>
    a32a:	40f707b3          	sub	a5,a4,a5
    a32e:	84ae                	mv	s1,a1
    a330:	a0bd                	j	a39e <__addsf3+0x1b2>
    a332:	cf09                	beqz	a4,a34c <__addsf3+0x160>
    a334:	fff68613          	addi	a2,a3,-1
    a338:	1a060363          	beqz	a2,a4de <__addsf3+0x2f2>
    a33c:	0ff00593          	li	a1,255
    a340:	06b68863          	beq	a3,a1,a3b0 <__addsf3+0x1c4>
    a344:	86b2                	mv	a3,a2
    a346:	bf0d                	j	a278 <__addsf3+0x8c>
    a348:	84ae                	mv	s1,a1
    a34a:	87ba                	mv	a5,a4
    a34c:	0ff00713          	li	a4,255
    a350:	838d                	srli	a5,a5,0x3
    a352:	0ce69063          	bne	a3,a4,a412 <__addsf3+0x226>
    a356:	cfc1                	beqz	a5,a3ee <__addsf3+0x202>
    a358:	4801                	li	a6,0
    a35a:	0ff00513          	li	a0,255
    a35e:	00400737          	lui	a4,0x400
    a362:	b779                	j	a2f0 <__addsf3+0x104>
    a364:	0ff00513          	li	a0,255
    a368:	4701                	li	a4,0
    a36a:	b759                	j	a2f0 <__addsf3+0x104>
    a36c:	177d                	addi	a4,a4,-1 # 3fffff <ch32v20x_wwdg.c.13394d49+0x3e2141>
    a36e:	00e7f433          	and	s0,a5,a4
    a372:	8522                	mv	a0,s0
    a374:	238010ef          	jal	ra,b5ac <__clzsi2>
    a378:	156d                	addi	a0,a0,-5
    a37a:	00a41433          	sll	s0,s0,a0
    a37e:	07254163          	blt	a0,s2,a3e0 <__addsf3+0x1f4>
    a382:	412506b3          	sub	a3,a0,s2
    a386:	0685                	addi	a3,a3,1
    a388:	02000793          	li	a5,32
    a38c:	8f95                	sub	a5,a5,a3
    a38e:	00f417b3          	sll	a5,s0,a5
    a392:	00f037b3          	snez	a5,a5
    a396:	00d45433          	srl	s0,s0,a3
    a39a:	8fc1                	or	a5,a5,s0
    a39c:	4681                	li	a3,0
    a39e:	0077f713          	andi	a4,a5,7
    a3a2:	f30d                	bnez	a4,a2c4 <__addsf3+0xd8>
    a3a4:	b735                	j	a2d0 <__addsf3+0xe4>
    a3a6:	14079963          	bnez	a5,a4f8 <__addsf3+0x30c>
    a3aa:	d75d                	beqz	a4,a358 <__addsf3+0x16c>
    a3ac:	84ae                	mv	s1,a1
    a3ae:	87ba                	mv	a5,a4
    a3b0:	838d                	srli	a5,a5,0x3
    a3b2:	b755                	j	a356 <__addsf3+0x16a>
    a3b4:	c2b1                	beqz	a3,a3f8 <__addsf3+0x20c>
    a3b6:	412606b3          	sub	a3,a2,s2
    a3ba:	0e091963          	bnez	s2,a4ac <__addsf3+0x2c0>
    a3be:	d7d1                	beqz	a5,a34a <__addsf3+0x15e>
    a3c0:	fff68593          	addi	a1,a3,-1
    a3c4:	10058d63          	beqz	a1,a4de <__addsf3+0x2f2>
    a3c8:	0ff00513          	li	a0,255
    a3cc:	fea681e3          	beq	a3,a0,a3ae <__addsf3+0x1c2>
    a3d0:	86ae                	mv	a3,a1
    a3d2:	45ed                	li	a1,27
    a3d4:	12d5d663          	bge	a1,a3,a500 <__addsf3+0x314>
    a3d8:	00170793          	addi	a5,a4,1
    a3dc:	86b2                	mv	a3,a2
    a3de:	b5dd                	j	a2c4 <__addsf3+0xd8>
    a3e0:	fc0007b7          	lui	a5,0xfc000
    a3e4:	17fd                	addi	a5,a5,-1 # fbffffff <__freertos_irq_stack_top+0xdbffafff>
    a3e6:	40a906b3          	sub	a3,s2,a0
    a3ea:	8fe1                	and	a5,a5,s0
    a3ec:	bf4d                	j	a39e <__addsf3+0x1b2>
    a3ee:	8826                	mv	a6,s1
    a3f0:	0ff00513          	li	a0,255
    a3f4:	4701                	li	a4,0
    a3f6:	bded                	j	a2f0 <__addsf3+0x104>
    a3f8:	00190693          	addi	a3,s2,1
    a3fc:	0fe6f613          	andi	a2,a3,254
    a400:	ee55                	bnez	a2,a4bc <__addsf3+0x2d0>
    a402:	0e091963          	bnez	s2,a4f4 <__addsf3+0x308>
    a406:	12078463          	beqz	a5,a52e <__addsf3+0x342>
    a40a:	12071463          	bnez	a4,a532 <__addsf3+0x346>
    a40e:	838d                	srli	a5,a5,0x3
    a410:	4681                	li	a3,0
    a412:	07a6                	slli	a5,a5,0x9
    a414:	0097d713          	srli	a4,a5,0x9
    a418:	0ff6f513          	zext.b	a0,a3
    a41c:	8826                	mv	a6,s1
    a41e:	bdc9                	j	a2f0 <__addsf3+0x104>
    a420:	0ff00513          	li	a0,255
    a424:	f8a604e3          	beq	a2,a0,a3ac <__addsf3+0x1c0>
    a428:	04000537          	lui	a0,0x4000
    a42c:	8fc9                	or	a5,a5,a0
    a42e:	486d                	li	a6,27
    a430:	4505                	li	a0,1
    a432:	00d84d63          	blt	a6,a3,a44c <__addsf3+0x260>
    a436:	02000513          	li	a0,32
    a43a:	8d15                	sub	a0,a0,a3
    a43c:	00a79533          	sll	a0,a5,a0
    a440:	00d7d6b3          	srl	a3,a5,a3
    a444:	00a037b3          	snez	a5,a0
    a448:	00f6e533          	or	a0,a3,a5
    a44c:	40a707b3          	sub	a5,a4,a0
    a450:	8932                	mv	s2,a2
    a452:	84ae                	mv	s1,a1
    a454:	bdb9                	j	a2b2 <__addsf3+0xc6>
    a456:	40e78433          	sub	s0,a5,a4
    a45a:	040006b7          	lui	a3,0x4000
    a45e:	8ee1                	and	a3,a3,s0
    a460:	eabd                	bnez	a3,a4d6 <__addsf3+0x2ea>
    a462:	f801                	bnez	s0,a372 <__addsf3+0x186>
    a464:	4801                	li	a6,0
    a466:	4501                	li	a0,0
    a468:	4701                	li	a4,0
    a46a:	b559                	j	a2f0 <__addsf3+0x104>
    a46c:	02000613          	li	a2,32
    a470:	8e15                	sub	a2,a2,a3
    a472:	00c71633          	sll	a2,a4,a2
    a476:	00d75733          	srl	a4,a4,a3
    a47a:	00c036b3          	snez	a3,a2
    a47e:	8f55                	or	a4,a4,a3
    a480:	97ba                	add	a5,a5,a4
    a482:	04000737          	lui	a4,0x4000
    a486:	8f7d                	and	a4,a4,a5
    a488:	e2070ae3          	beqz	a4,a2bc <__addsf3+0xd0>
    a48c:	00190693          	addi	a3,s2,1
    a490:	0ff00513          	li	a0,255
    a494:	4701                	li	a4,0
    a496:	e4a68de3          	beq	a3,a0,a2f0 <__addsf3+0x104>
    a49a:	7e000637          	lui	a2,0x7e000
    a49e:	0017d713          	srli	a4,a5,0x1
    a4a2:	167d                	addi	a2,a2,-1 # 7dffffff <__freertos_irq_stack_top+0x5dffafff>
    a4a4:	8b85                	andi	a5,a5,1
    a4a6:	8f71                	and	a4,a4,a2
    a4a8:	8fd9                	or	a5,a5,a4
    a4aa:	bdd5                	j	a39e <__addsf3+0x1b2>
    a4ac:	0ff00593          	li	a1,255
    a4b0:	eeb60fe3          	beq	a2,a1,a3ae <__addsf3+0x1c2>
    a4b4:	040005b7          	lui	a1,0x4000
    a4b8:	8fcd                	or	a5,a5,a1
    a4ba:	bf21                	j	a3d2 <__addsf3+0x1e6>
    a4bc:	0ff00613          	li	a2,255
    a4c0:	eac682e3          	beq	a3,a2,a364 <__addsf3+0x178>
    a4c4:	973e                	add	a4,a4,a5
    a4c6:	00175793          	srli	a5,a4,0x1
    a4ca:	0077f613          	andi	a2,a5,7
    a4ce:	de061be3          	bnez	a2,a2c4 <__addsf3+0xd8>
    a4d2:	838d                	srli	a5,a5,0x3
    a4d4:	bf3d                	j	a412 <__addsf3+0x226>
    a4d6:	40f70433          	sub	s0,a4,a5
    a4da:	84ae                	mv	s1,a1
    a4dc:	bd59                	j	a372 <__addsf3+0x186>
    a4de:	97ba                	add	a5,a5,a4
    a4e0:	04000737          	lui	a4,0x4000
    a4e4:	8f7d                	and	a4,a4,a5
    a4e6:	4689                	li	a3,2
    a4e8:	4905                	li	s2,1
    a4ea:	fb45                	bnez	a4,a49a <__addsf3+0x2ae>
    a4ec:	bbc1                	j	a2bc <__addsf3+0xd0>
    a4ee:	8f99                	sub	a5,a5,a4
    a4f0:	4905                	li	s2,1
    a4f2:	b3c1                	j	a2b2 <__addsf3+0xc6>
    a4f4:	ea078de3          	beqz	a5,a3ae <__addsf3+0x1c2>
    a4f8:	e60710e3          	bnez	a4,a358 <__addsf3+0x16c>
    a4fc:	838d                	srli	a5,a5,0x3
    a4fe:	bda1                	j	a356 <__addsf3+0x16a>
    a500:	02000593          	li	a1,32
    a504:	8d95                	sub	a1,a1,a3
    a506:	00b795b3          	sll	a1,a5,a1
    a50a:	00d7d6b3          	srl	a3,a5,a3
    a50e:	00b037b3          	snez	a5,a1
    a512:	8edd                	or	a3,a3,a5
    a514:	00e687b3          	add	a5,a3,a4
    a518:	8932                	mv	s2,a2
    a51a:	b7a5                	j	a482 <__addsf3+0x296>
    a51c:	d721                	beqz	a4,a464 <__addsf3+0x278>
    a51e:	84ae                	mv	s1,a1
    a520:	87ba                	mv	a5,a4
    a522:	b5f5                	j	a40e <__addsf3+0x222>
    a524:	40f707b3          	sub	a5,a4,a5
    a528:	84ae                	mv	s1,a1
    a52a:	4905                	li	s2,1
    a52c:	b359                	j	a2b2 <__addsf3+0xc6>
    a52e:	87ba                	mv	a5,a4
    a530:	bdf9                	j	a40e <__addsf3+0x222>
    a532:	97ba                	add	a5,a5,a4
    a534:	04000637          	lui	a2,0x4000
    a538:	8e7d                	and	a2,a2,a5
    a53a:	4681                	li	a3,0
    a53c:	da59                	beqz	a2,a4d2 <__addsf3+0x2e6>
    a53e:	fc000737          	lui	a4,0xfc000
    a542:	177d                	addi	a4,a4,-1 # fbffffff <__freertos_irq_stack_top+0xdbffafff>
    a544:	8ff9                	and	a5,a5,a4
    a546:	4685                	li	a3,1
    a548:	838d                	srli	a5,a5,0x3
    a54a:	b5e1                	j	a412 <__addsf3+0x226>
    a54c:	87aa                	mv	a5,a0
    a54e:	d919                	beqz	a0,a464 <__addsf3+0x278>
    a550:	838d                	srli	a5,a5,0x3
    a552:	b5c1                	j	a412 <__addsf3+0x226>

0000a554 <__divsf3>:
    a554:	7179                	addi	sp,sp,-48
    a556:	01755793          	srli	a5,a0,0x17
    a55a:	d04a                	sw	s2,32(sp)
    a55c:	ce4e                	sw	s3,28(sp)
    a55e:	d606                	sw	ra,44(sp)
    a560:	00951993          	slli	s3,a0,0x9
    a564:	d422                	sw	s0,40(sp)
    a566:	d226                	sw	s1,36(sp)
    a568:	cc52                	sw	s4,24(sp)
    a56a:	ca56                	sw	s5,20(sp)
    a56c:	c85a                	sw	s6,16(sp)
    a56e:	0ff7f793          	zext.b	a5,a5
    a572:	0099d993          	srli	s3,s3,0x9
    a576:	01f55913          	srli	s2,a0,0x1f
    a57a:	cff1                	beqz	a5,a656 <__divsf3+0x102>
    a57c:	0ff00713          	li	a4,255
    a580:	0ee78163          	beq	a5,a4,a662 <__divsf3+0x10e>
    a584:	098e                	slli	s3,s3,0x3
    a586:	04000737          	lui	a4,0x4000
    a58a:	00e9e9b3          	or	s3,s3,a4
    a58e:	f8178a93          	addi	s5,a5,-127
    a592:	4401                	li	s0,0
    a594:	4b01                	li	s6,0
    a596:	0175d793          	srli	a5,a1,0x17
    a59a:	00959a13          	slli	s4,a1,0x9
    a59e:	0ff7f793          	zext.b	a5,a5
    a5a2:	009a5a13          	srli	s4,s4,0x9
    a5a6:	01f5d493          	srli	s1,a1,0x1f
    a5aa:	c7c1                	beqz	a5,a632 <__divsf3+0xde>
    a5ac:	0ff00713          	li	a4,255
    a5b0:	0ce78063          	beq	a5,a4,a670 <__divsf3+0x11c>
    a5b4:	0a0e                	slli	s4,s4,0x3
    a5b6:	04000737          	lui	a4,0x4000
    a5ba:	00ea6a33          	or	s4,s4,a4
    a5be:	f8178793          	addi	a5,a5,-127
    a5c2:	4601                	li	a2,0
    a5c4:	46bd                	li	a3,15
    a5c6:	00994733          	xor	a4,s2,s1
    a5ca:	40fa8ab3          	sub	s5,s5,a5
    a5ce:	1a86eb63          	bltu	a3,s0,a784 <__divsf3+0x230>
    a5d2:	00002697          	auipc	a3,0x2
    a5d6:	9d268693          	addi	a3,a3,-1582 # bfa4 <g_crc16_tbl+0x240>
    a5da:	040a                	slli	s0,s0,0x2
    a5dc:	9436                	add	s0,s0,a3
    a5de:	401c                	lw	a5,0(s0)
    a5e0:	97b6                	add	a5,a5,a3
    a5e2:	8782                	jr	a5
    a5e4:	0ff00793          	li	a5,255
    a5e8:	4681                	li	a3,0
    a5ea:	50b2                	lw	ra,44(sp)
    a5ec:	5422                	lw	s0,40(sp)
    a5ee:	01779513          	slli	a0,a5,0x17
    a5f2:	8d55                	or	a0,a0,a3
    a5f4:	077e                	slli	a4,a4,0x1f
    a5f6:	5492                	lw	s1,36(sp)
    a5f8:	5902                	lw	s2,32(sp)
    a5fa:	49f2                	lw	s3,28(sp)
    a5fc:	4a62                	lw	s4,24(sp)
    a5fe:	4ad2                	lw	s5,20(sp)
    a600:	4b42                	lw	s6,16(sp)
    a602:	8d59                	or	a0,a0,a4
    a604:	6145                	addi	sp,sp,48
    a606:	8082                	ret
    a608:	478d                	li	a5,3
    a60a:	00fb0e63          	beq	s6,a5,a626 <__divsf3+0xd2>
    a60e:	4785                	li	a5,1
    a610:	0efb1563          	bne	s6,a5,a6fa <__divsf3+0x1a6>
    a614:	872a                	mv	a4,a0
    a616:	4781                	li	a5,0
    a618:	4681                	li	a3,0
    a61a:	bfc1                	j	a5ea <__divsf3+0x96>
    a61c:	478d                	li	a5,3
    a61e:	8526                	mv	a0,s1
    a620:	89d2                	mv	s3,s4
    a622:	0cf61c63          	bne	a2,a5,a6fa <__divsf3+0x1a6>
    a626:	4701                	li	a4,0
    a628:	0ff00793          	li	a5,255
    a62c:	004006b7          	lui	a3,0x400
    a630:	bf6d                	j	a5ea <__divsf3+0x96>
    a632:	080a1d63          	bnez	s4,a6cc <__divsf3+0x178>
    a636:	00146413          	ori	s0,s0,1
    a63a:	47b5                	li	a5,13
    a63c:	00994733          	xor	a4,s2,s1
    a640:	fa87e2e3          	bltu	a5,s0,a5e4 <__divsf3+0x90>
    a644:	00002697          	auipc	a3,0x2
    a648:	9a068693          	addi	a3,a3,-1632 # bfe4 <g_crc16_tbl+0x280>
    a64c:	040a                	slli	s0,s0,0x2
    a64e:	9436                	add	s0,s0,a3
    a650:	401c                	lw	a5,0(s0)
    a652:	97b6                	add	a5,a5,a3
    a654:	8782                	jr	a5
    a656:	04099b63          	bnez	s3,a6ac <__divsf3+0x158>
    a65a:	4411                	li	s0,4
    a65c:	4a81                	li	s5,0
    a65e:	4b05                	li	s6,1
    a660:	bf1d                	j	a596 <__divsf3+0x42>
    a662:	04099063          	bnez	s3,a6a2 <__divsf3+0x14e>
    a666:	4421                	li	s0,8
    a668:	0ff00a93          	li	s5,255
    a66c:	4b09                	li	s6,2
    a66e:	b725                	j	a596 <__divsf3+0x42>
    a670:	020a1363          	bnez	s4,a696 <__divsf3+0x142>
    a674:	00246413          	ori	s0,s0,2
    a678:	1475                	addi	s0,s0,-3
    a67a:	46ad                	li	a3,11
    a67c:	00994733          	xor	a4,s2,s1
    a680:	f886ebe3          	bltu	a3,s0,a616 <__divsf3+0xc2>
    a684:	00002617          	auipc	a2,0x2
    a688:	99860613          	addi	a2,a2,-1640 # c01c <g_crc16_tbl+0x2b8>
    a68c:	040a                	slli	s0,s0,0x2
    a68e:	9432                	add	s0,s0,a2
    a690:	4014                	lw	a3,0(s0)
    a692:	96b2                	add	a3,a3,a2
    a694:	8682                	jr	a3
    a696:	00346413          	ori	s0,s0,3
    a69a:	0ff00793          	li	a5,255
    a69e:	460d                	li	a2,3
    a6a0:	b715                	j	a5c4 <__divsf3+0x70>
    a6a2:	4431                	li	s0,12
    a6a4:	0ff00a93          	li	s5,255
    a6a8:	4b0d                	li	s6,3
    a6aa:	b5f5                	j	a596 <__divsf3+0x42>
    a6ac:	854e                	mv	a0,s3
    a6ae:	c62e                	sw	a1,12(sp)
    a6b0:	6fd000ef          	jal	ra,b5ac <__clzsi2>
    a6b4:	ffb50793          	addi	a5,a0,-5 # 3fffffb <ch32v20x_wwdg.c.13394d49+0x3fe213d>
    a6b8:	00f999b3          	sll	s3,s3,a5
    a6bc:	f8a00793          	li	a5,-118
    a6c0:	45b2                	lw	a1,12(sp)
    a6c2:	40a78ab3          	sub	s5,a5,a0
    a6c6:	4401                	li	s0,0
    a6c8:	4b01                	li	s6,0
    a6ca:	b5f1                	j	a596 <__divsf3+0x42>
    a6cc:	8552                	mv	a0,s4
    a6ce:	6df000ef          	jal	ra,b5ac <__clzsi2>
    a6d2:	ffb50793          	addi	a5,a0,-5
    a6d6:	00fa1a33          	sll	s4,s4,a5
    a6da:	f8a00793          	li	a5,-118
    a6de:	8f89                	sub	a5,a5,a0
    a6e0:	4601                	li	a2,0
    a6e2:	b5cd                	j	a5c4 <__divsf3+0x70>
    a6e4:	f01a8a93          	addi	s5,s5,-255
    a6e8:	4789                	li	a5,2
    a6ea:	854a                	mv	a0,s2
    a6ec:	f0fb1ee3          	bne	s6,a5,a608 <__divsf3+0xb4>
    a6f0:	872a                	mv	a4,a0
    a6f2:	0ff00793          	li	a5,255
    a6f6:	4681                	li	a3,0
    a6f8:	bdcd                	j	a5ea <__divsf3+0x96>
    a6fa:	872a                	mv	a4,a0
    a6fc:	07fa8793          	addi	a5,s5,127
    a700:	04f05163          	blez	a5,a742 <__divsf3+0x1ee>
    a704:	0079f693          	andi	a3,s3,7
    a708:	c699                	beqz	a3,a716 <__divsf3+0x1c2>
    a70a:	00f9f693          	andi	a3,s3,15
    a70e:	4611                	li	a2,4
    a710:	00c68363          	beq	a3,a2,a716 <__divsf3+0x1c2>
    a714:	0991                	addi	s3,s3,4
    a716:	080006b7          	lui	a3,0x8000
    a71a:	00d9f6b3          	and	a3,s3,a3
    a71e:	ca81                	beqz	a3,a72e <__divsf3+0x1da>
    a720:	f80007b7          	lui	a5,0xf8000
    a724:	17fd                	addi	a5,a5,-1 # f7ffffff <__freertos_irq_stack_top+0xd7ffafff>
    a726:	00f9f9b3          	and	s3,s3,a5
    a72a:	080a8793          	addi	a5,s5,128
    a72e:	0fe00693          	li	a3,254
    a732:	eaf6c9e3          	blt	a3,a5,a5e4 <__divsf3+0x90>
    a736:	00699693          	slli	a3,s3,0x6
    a73a:	82a5                	srli	a3,a3,0x9
    a73c:	0ff7f793          	zext.b	a5,a5
    a740:	b56d                	j	a5ea <__divsf3+0x96>
    a742:	4605                	li	a2,1
    a744:	c799                	beqz	a5,a752 <__divsf3+0x1fe>
    a746:	8e1d                	sub	a2,a2,a5
    a748:	45ed                	li	a1,27
    a74a:	4781                	li	a5,0
    a74c:	4681                	li	a3,0
    a74e:	e8c5cee3          	blt	a1,a2,a5ea <__divsf3+0x96>
    a752:	09ea8693          	addi	a3,s5,158
    a756:	00d996b3          	sll	a3,s3,a3
    a75a:	00d036b3          	snez	a3,a3
    a75e:	00c9d7b3          	srl	a5,s3,a2
    a762:	8fd5                	or	a5,a5,a3
    a764:	0077f693          	andi	a3,a5,7
    a768:	c699                	beqz	a3,a776 <__divsf3+0x222>
    a76a:	00f7f693          	andi	a3,a5,15
    a76e:	4611                	li	a2,4
    a770:	00c68363          	beq	a3,a2,a776 <__divsf3+0x222>
    a774:	0791                	addi	a5,a5,4
    a776:	040006b7          	lui	a3,0x4000
    a77a:	8efd                	and	a3,a3,a5
    a77c:	cad5                	beqz	a3,a830 <__divsf3+0x2dc>
    a77e:	4785                	li	a5,1
    a780:	4681                	li	a3,0
    a782:	b5a5                	j	a5ea <__divsf3+0x96>
    a784:	66c1                	lui	a3,0x10
    a786:	005a1813          	slli	a6,s4,0x5
    a78a:	16fd                	addi	a3,a3,-1 # ffff <MC_PULL_calibration.cpp.947435e8+0x68e>
    a78c:	01085593          	srli	a1,a6,0x10
    a790:	00d876b3          	and	a3,a6,a3
    a794:	0749f863          	bgeu	s3,s4,a804 <__divsf3+0x2b0>
    a798:	02b9d633          	divu	a2,s3,a1
    a79c:	87ce                	mv	a5,s3
    a79e:	1afd                	addi	s5,s5,-1
    a7a0:	4981                	li	s3,0
    a7a2:	02d60533          	mul	a0,a2,a3
    a7a6:	02b7f7b3          	remu	a5,a5,a1
    a7aa:	07c2                	slli	a5,a5,0x10
    a7ac:	0137e7b3          	or	a5,a5,s3
    a7b0:	00a7f863          	bgeu	a5,a0,a7c0 <__divsf3+0x26c>
    a7b4:	97c2                	add	a5,a5,a6
    a7b6:	fff60893          	addi	a7,a2,-1
    a7ba:	0707f663          	bgeu	a5,a6,a826 <__divsf3+0x2d2>
    a7be:	8646                	mv	a2,a7
    a7c0:	8f89                	sub	a5,a5,a0
    a7c2:	02b7d533          	divu	a0,a5,a1
    a7c6:	02b7f7b3          	remu	a5,a5,a1
    a7ca:	02d506b3          	mul	a3,a0,a3
    a7ce:	07c2                	slli	a5,a5,0x10
    a7d0:	02d7f263          	bgeu	a5,a3,a7f4 <__divsf3+0x2a0>
    a7d4:	010785b3          	add	a1,a5,a6
    a7d8:	00f5b8b3          	sltu	a7,a1,a5
    a7dc:	fff50313          	addi	t1,a0,-1
    a7e0:	87ae                	mv	a5,a1
    a7e2:	00089863          	bnez	a7,a7f2 <__divsf3+0x29e>
    a7e6:	00d5f663          	bgeu	a1,a3,a7f2 <__divsf3+0x29e>
    a7ea:	1579                	addi	a0,a0,-2
    a7ec:	010587b3          	add	a5,a1,a6
    a7f0:	a011                	j	a7f4 <__divsf3+0x2a0>
    a7f2:	851a                	mv	a0,t1
    a7f4:	0642                	slli	a2,a2,0x10
    a7f6:	8f95                	sub	a5,a5,a3
    a7f8:	8e49                	or	a2,a2,a0
    a7fa:	00f037b3          	snez	a5,a5
    a7fe:	00f669b3          	or	s3,a2,a5
    a802:	bded                	j	a6fc <__divsf3+0x1a8>
    a804:	0019d793          	srli	a5,s3,0x1
    a808:	02b7d633          	divu	a2,a5,a1
    a80c:	09fe                	slli	s3,s3,0x1f
    a80e:	0109d993          	srli	s3,s3,0x10
    a812:	02d60533          	mul	a0,a2,a3
    a816:	bf41                	j	a7a6 <__divsf3+0x252>
    a818:	8526                	mv	a0,s1
    a81a:	872a                	mv	a4,a0
    a81c:	bbed                	j	a616 <__divsf3+0xc2>
    a81e:	4701                	li	a4,0
    a820:	004006b7          	lui	a3,0x400
    a824:	b3d9                	j	a5ea <__divsf3+0x96>
    a826:	f8a7fce3          	bgeu	a5,a0,a7be <__divsf3+0x26a>
    a82a:	1679                	addi	a2,a2,-2
    a82c:	97c2                	add	a5,a5,a6
    a82e:	bf49                	j	a7c0 <__divsf3+0x26c>
    a830:	079a                	slli	a5,a5,0x6
    a832:	0097d693          	srli	a3,a5,0x9
    a836:	4781                	li	a5,0
    a838:	bb4d                	j	a5ea <__divsf3+0x96>
    a83a:	8526                	mv	a0,s1
    a83c:	bd55                	j	a6f0 <__divsf3+0x19c>

0000a83e <__eqsf2>:
    a83e:	01755693          	srli	a3,a0,0x17
    a842:	00800737          	lui	a4,0x800
    a846:	177d                	addi	a4,a4,-1 # 7fffff <ch32v20x_wwdg.c.13394d49+0x7e2141>
    a848:	0175d613          	srli	a2,a1,0x17
    a84c:	0ff6f693          	zext.b	a3,a3
    a850:	0ff00813          	li	a6,255
    a854:	00a778b3          	and	a7,a4,a0
    a858:	01f55793          	srli	a5,a0,0x1f
    a85c:	8f6d                	and	a4,a4,a1
    a85e:	0ff67613          	zext.b	a2,a2
    a862:	81fd                	srli	a1,a1,0x1f
    a864:	4505                	li	a0,1
    a866:	03068263          	beq	a3,a6,a88a <__eqsf2+0x4c>
    a86a:	01060763          	beq	a2,a6,a878 <__eqsf2+0x3a>
    a86e:	00c69463          	bne	a3,a2,a876 <__eqsf2+0x38>
    a872:	00e88463          	beq	a7,a4,a87a <__eqsf2+0x3c>
    a876:	8082                	ret
    a878:	8082                	ret
    a87a:	4501                	li	a0,0
    a87c:	feb78de3          	beq	a5,a1,a876 <__eqsf2+0x38>
    a880:	4505                	li	a0,1
    a882:	faf5                	bnez	a3,a876 <__eqsf2+0x38>
    a884:	01103533          	snez	a0,a7
    a888:	8082                	ret
    a88a:	fed616e3          	bne	a2,a3,a876 <__eqsf2+0x38>
    a88e:	00e8e8b3          	or	a7,a7,a4
    a892:	fe0892e3          	bnez	a7,a876 <__eqsf2+0x38>
    a896:	00b7c533          	xor	a0,a5,a1
    a89a:	8082                	ret

0000a89c <__gesf2>:
    a89c:	01755613          	srli	a2,a0,0x17
    a8a0:	00800737          	lui	a4,0x800
    a8a4:	177d                	addi	a4,a4,-1 # 7fffff <ch32v20x_wwdg.c.13394d49+0x7e2141>
    a8a6:	0175d693          	srli	a3,a1,0x17
    a8aa:	0ff67613          	zext.b	a2,a2
    a8ae:	0ff00813          	li	a6,255
    a8b2:	00a778b3          	and	a7,a4,a0
    a8b6:	01f55793          	srli	a5,a0,0x1f
    a8ba:	8f6d                	and	a4,a4,a1
    a8bc:	0ff6f513          	zext.b	a0,a3
    a8c0:	81fd                	srli	a1,a1,0x1f
    a8c2:	03060563          	beq	a2,a6,a8ec <__gesf2+0x50>
    a8c6:	01050a63          	beq	a0,a6,a8da <__gesf2+0x3e>
    a8ca:	ea05                	bnez	a2,a8fa <__gesf2+0x5e>
    a8cc:	e909                	bnez	a0,a8de <__gesf2+0x42>
    a8ce:	c339                	beqz	a4,a914 <__gesf2+0x78>
    a8d0:	04089e63          	bnez	a7,a92c <__gesf2+0x90>
    a8d4:	c9a1                	beqz	a1,a924 <__gesf2+0x88>
    a8d6:	852e                	mv	a0,a1
    a8d8:	8082                	ret
    a8da:	e739                	bnez	a4,a928 <__gesf2+0x8c>
    a8dc:	e219                	bnez	a2,a8e2 <__gesf2+0x46>
    a8de:	fe088be3          	beqz	a7,a8d4 <__gesf2+0x38>
    a8e2:	00b79963          	bne	a5,a1,a8f4 <__gesf2+0x58>
    a8e6:	cf9d                	beqz	a5,a924 <__gesf2+0x88>
    a8e8:	853e                	mv	a0,a5
    a8ea:	8082                	ret
    a8ec:	02089e63          	bnez	a7,a928 <__gesf2+0x8c>
    a8f0:	02c50563          	beq	a0,a2,a91a <__gesf2+0x7e>
    a8f4:	4505                	li	a0,1
    a8f6:	e79d                	bnez	a5,a924 <__gesf2+0x88>
    a8f8:	8082                	ret
    a8fa:	dd6d                	beqz	a0,a8f4 <__gesf2+0x58>
    a8fc:	feb79ce3          	bne	a5,a1,a8f4 <__gesf2+0x58>
    a900:	fec54ae3          	blt	a0,a2,a8f4 <__gesf2+0x58>
    a904:	fea641e3          	blt	a2,a0,a8e6 <__gesf2+0x4a>
    a908:	ff1766e3          	bltu	a4,a7,a8f4 <__gesf2+0x58>
    a90c:	4501                	li	a0,0
    a90e:	fce8ece3          	bltu	a7,a4,a8e6 <__gesf2+0x4a>
    a912:	8082                	ret
    a914:	fe0890e3          	bnez	a7,a8f4 <__gesf2+0x58>
    a918:	8082                	ret
    a91a:	e719                	bnez	a4,a928 <__gesf2+0x8c>
    a91c:	fcb79ce3          	bne	a5,a1,a8f4 <__gesf2+0x58>
    a920:	4501                	li	a0,0
    a922:	8082                	ret
    a924:	557d                	li	a0,-1
    a926:	8082                	ret
    a928:	5579                	li	a0,-2
    a92a:	8082                	ret
    a92c:	fcb78ee3          	beq	a5,a1,a908 <__gesf2+0x6c>
    a930:	b7d1                	j	a8f4 <__gesf2+0x58>

0000a932 <__lesf2>:
    a932:	01755613          	srli	a2,a0,0x17
    a936:	00800737          	lui	a4,0x800
    a93a:	177d                	addi	a4,a4,-1 # 7fffff <ch32v20x_wwdg.c.13394d49+0x7e2141>
    a93c:	0175d693          	srli	a3,a1,0x17
    a940:	0ff67613          	zext.b	a2,a2
    a944:	0ff00813          	li	a6,255
    a948:	00a778b3          	and	a7,a4,a0
    a94c:	01f55793          	srli	a5,a0,0x1f
    a950:	8f6d                	and	a4,a4,a1
    a952:	0ff6f513          	zext.b	a0,a3
    a956:	81fd                	srli	a1,a1,0x1f
    a958:	03060663          	beq	a2,a6,a984 <__lesf2+0x52>
    a95c:	01050a63          	beq	a0,a6,a970 <__lesf2+0x3e>
    a960:	ee05                	bnez	a2,a998 <__lesf2+0x66>
    a962:	e911                	bnez	a0,a976 <__lesf2+0x44>
    a964:	cb29                	beqz	a4,a9b6 <__lesf2+0x84>
    a966:	04089f63          	bnez	a7,a9c4 <__lesf2+0x92>
    a96a:	c9b9                	beqz	a1,a9c0 <__lesf2+0x8e>
    a96c:	852e                	mv	a0,a1
    a96e:	8082                	ret
    a970:	4509                	li	a0,2
    a972:	eb01                	bnez	a4,a982 <__lesf2+0x50>
    a974:	e219                	bnez	a2,a97a <__lesf2+0x48>
    a976:	fe088ae3          	beqz	a7,a96a <__lesf2+0x38>
    a97a:	02b78b63          	beq	a5,a1,a9b0 <__lesf2+0x7e>
    a97e:	4505                	li	a0,1
    a980:	e3a1                	bnez	a5,a9c0 <__lesf2+0x8e>
    a982:	8082                	ret
    a984:	02089c63          	bnez	a7,a9bc <__lesf2+0x8a>
    a988:	fec51be3          	bne	a0,a2,a97e <__lesf2+0x4c>
    a98c:	4509                	li	a0,2
    a98e:	fb75                	bnez	a4,a982 <__lesf2+0x50>
    a990:	feb797e3          	bne	a5,a1,a97e <__lesf2+0x4c>
    a994:	4501                	li	a0,0
    a996:	8082                	ret
    a998:	d17d                	beqz	a0,a97e <__lesf2+0x4c>
    a99a:	feb792e3          	bne	a5,a1,a97e <__lesf2+0x4c>
    a99e:	fec540e3          	blt	a0,a2,a97e <__lesf2+0x4c>
    a9a2:	00a64763          	blt	a2,a0,a9b0 <__lesf2+0x7e>
    a9a6:	fd176ce3          	bltu	a4,a7,a97e <__lesf2+0x4c>
    a9aa:	4501                	li	a0,0
    a9ac:	fce8fbe3          	bgeu	a7,a4,a982 <__lesf2+0x50>
    a9b0:	cb81                	beqz	a5,a9c0 <__lesf2+0x8e>
    a9b2:	853e                	mv	a0,a5
    a9b4:	8082                	ret
    a9b6:	fc0894e3          	bnez	a7,a97e <__lesf2+0x4c>
    a9ba:	8082                	ret
    a9bc:	4509                	li	a0,2
    a9be:	8082                	ret
    a9c0:	557d                	li	a0,-1
    a9c2:	8082                	ret
    a9c4:	feb781e3          	beq	a5,a1,a9a6 <__lesf2+0x74>
    a9c8:	bf5d                	j	a97e <__lesf2+0x4c>

0000a9ca <__mulsf3>:
    a9ca:	7179                	addi	sp,sp,-48
    a9cc:	01755793          	srli	a5,a0,0x17
    a9d0:	cc52                	sw	s4,24(sp)
    a9d2:	ca56                	sw	s5,20(sp)
    a9d4:	00951713          	slli	a4,a0,0x9
    a9d8:	d606                	sw	ra,44(sp)
    a9da:	d422                	sw	s0,40(sp)
    a9dc:	d226                	sw	s1,36(sp)
    a9de:	d04a                	sw	s2,32(sp)
    a9e0:	ce4e                	sw	s3,28(sp)
    a9e2:	c85a                	sw	s6,16(sp)
    a9e4:	0ff7f793          	zext.b	a5,a5
    a9e8:	00975a93          	srli	s5,a4,0x9
    a9ec:	01f55a13          	srli	s4,a0,0x1f
    a9f0:	10078b63          	beqz	a5,ab06 <__mulsf3+0x13c>
    a9f4:	0ff00713          	li	a4,255
    a9f8:	10e78d63          	beq	a5,a4,ab12 <__mulsf3+0x148>
    a9fc:	003a9713          	slli	a4,s5,0x3
    aa00:	040006b7          	lui	a3,0x4000
    aa04:	00d76ab3          	or	s5,a4,a3
    aa08:	f8178493          	addi	s1,a5,-127
    aa0c:	4901                	li	s2,0
    aa0e:	4b01                	li	s6,0
    aa10:	0175d793          	srli	a5,a1,0x17
    aa14:	00959413          	slli	s0,a1,0x9
    aa18:	0ff7f793          	zext.b	a5,a5
    aa1c:	8025                	srli	s0,s0,0x9
    aa1e:	01f5d993          	srli	s3,a1,0x1f
    aa22:	c7f9                	beqz	a5,aaf0 <__mulsf3+0x126>
    aa24:	0ff00713          	li	a4,255
    aa28:	06e78263          	beq	a5,a4,aa8c <__mulsf3+0xc2>
    aa2c:	f8178793          	addi	a5,a5,-127
    aa30:	00978533          	add	a0,a5,s1
    aa34:	040e                	slli	s0,s0,0x3
    aa36:	04000737          	lui	a4,0x4000
    aa3a:	47a9                	li	a5,10
    aa3c:	8c59                	or	s0,s0,a4
    aa3e:	4681                	li	a3,0
    aa40:	00150493          	addi	s1,a0,1
    aa44:	0f27cf63          	blt	a5,s2,ab42 <__mulsf3+0x178>
    aa48:	013a45b3          	xor	a1,s4,s3
    aa4c:	4709                	li	a4,2
    aa4e:	882e                	mv	a6,a1
    aa50:	05274c63          	blt	a4,s2,aaa8 <__mulsf3+0xde>
    aa54:	197d                	addi	s2,s2,-1
    aa56:	4605                	li	a2,1
    aa58:	13266e63          	bltu	a2,s2,ab94 <__mulsf3+0x1ca>
    aa5c:	0ce68263          	beq	a3,a4,ab20 <__mulsf3+0x156>
    aa60:	4785                	li	a5,1
    aa62:	85c2                	mv	a1,a6
    aa64:	06f69463          	bne	a3,a5,aacc <__mulsf3+0x102>
    aa68:	4781                	li	a5,0
    aa6a:	4701                	li	a4,0
    aa6c:	50b2                	lw	ra,44(sp)
    aa6e:	5422                	lw	s0,40(sp)
    aa70:	01779513          	slli	a0,a5,0x17
    aa74:	8d59                	or	a0,a0,a4
    aa76:	01f59793          	slli	a5,a1,0x1f
    aa7a:	5492                	lw	s1,36(sp)
    aa7c:	5902                	lw	s2,32(sp)
    aa7e:	49f2                	lw	s3,28(sp)
    aa80:	4a62                	lw	s4,24(sp)
    aa82:	4ad2                	lw	s5,20(sp)
    aa84:	4b42                	lw	s6,16(sp)
    aa86:	8d5d                	or	a0,a0,a5
    aa88:	6145                	addi	sp,sp,48
    aa8a:	8082                	ret
    aa8c:	0ff48513          	addi	a0,s1,255
    aa90:	cc49                	beqz	s0,ab2a <__mulsf3+0x160>
    aa92:	013a45b3          	xor	a1,s4,s3
    aa96:	00396913          	ori	s2,s2,3
    aa9a:	4729                	li	a4,10
    aa9c:	882e                	mv	a6,a1
    aa9e:	10048493          	addi	s1,s1,256
    aaa2:	1f274963          	blt	a4,s2,ac94 <__mulsf3+0x2ca>
    aaa6:	468d                	li	a3,3
    aaa8:	4705                	li	a4,1
    aaaa:	01271733          	sll	a4,a4,s2
    aaae:	53077613          	andi	a2,a4,1328
    aab2:	ce19                	beqz	a2,aad0 <__mulsf3+0x106>
    aab4:	4789                	li	a5,2
    aab6:	06fb0563          	beq	s6,a5,ab20 <__mulsf3+0x156>
    aaba:	478d                	li	a5,3
    aabc:	02fb0463          	beq	s6,a5,aae4 <__mulsf3+0x11a>
    aac0:	86da                	mv	a3,s6
    aac2:	4785                	li	a5,1
    aac4:	8456                	mv	s0,s5
    aac6:	85c2                	mv	a1,a6
    aac8:	faf680e3          	beq	a3,a5,aa68 <__mulsf3+0x9e>
    aacc:	8526                	mv	a0,s1
    aace:	aa05                	j	abfe <__mulsf3+0x234>
    aad0:	24077793          	andi	a5,a4,576
    aad4:	eb81                	bnez	a5,aae4 <__mulsf3+0x11a>
    aad6:	08877713          	andi	a4,a4,136
    aada:	cf4d                	beqz	a4,ab94 <__mulsf3+0x1ca>
    aadc:	884e                	mv	a6,s3
    aade:	8aa2                	mv	s5,s0
    aae0:	8b36                	mv	s6,a3
    aae2:	bfc9                	j	aab4 <__mulsf3+0xea>
    aae4:	4581                	li	a1,0
    aae6:	0ff00793          	li	a5,255
    aaea:	00400737          	lui	a4,0x400
    aaee:	bfbd                	j	aa6c <__mulsf3+0xa2>
    aaf0:	e041                	bnez	s0,ab70 <__mulsf3+0x1a6>
    aaf2:	8526                	mv	a0,s1
    aaf4:	00196913          	ori	s2,s2,1
    aaf8:	47a9                	li	a5,10
    aafa:	4685                	li	a3,1
    aafc:	00150493          	addi	s1,a0,1
    ab00:	f527d4e3          	bge	a5,s2,aa48 <__mulsf3+0x7e>
    ab04:	a83d                	j	ab42 <__mulsf3+0x178>
    ab06:	040a9563          	bnez	s5,ab50 <__mulsf3+0x186>
    ab0a:	4911                	li	s2,4
    ab0c:	4481                	li	s1,0
    ab0e:	4b05                	li	s6,1
    ab10:	b701                	j	aa10 <__mulsf3+0x46>
    ab12:	020a9a63          	bnez	s5,ab46 <__mulsf3+0x17c>
    ab16:	4921                	li	s2,8
    ab18:	0ff00493          	li	s1,255
    ab1c:	4b09                	li	s6,2
    ab1e:	bdcd                	j	aa10 <__mulsf3+0x46>
    ab20:	85c2                	mv	a1,a6
    ab22:	0ff00793          	li	a5,255
    ab26:	4701                	li	a4,0
    ab28:	b791                	j	aa6c <__mulsf3+0xa2>
    ab2a:	00296913          	ori	s2,s2,2
    ab2e:	47a9                	li	a5,10
    ab30:	10048493          	addi	s1,s1,256
    ab34:	4739                	li	a4,14
    ab36:	4689                	li	a3,2
    ab38:	f127d8e3          	bge	a5,s2,aa48 <__mulsf3+0x7e>
    ab3c:	47ad                	li	a5,11
    ab3e:	f8f70fe3          	beq	a4,a5,aadc <__mulsf3+0x112>
    ab42:	8852                	mv	a6,s4
    ab44:	bf85                	j	aab4 <__mulsf3+0xea>
    ab46:	4931                	li	s2,12
    ab48:	0ff00493          	li	s1,255
    ab4c:	4b0d                	li	s6,3
    ab4e:	b5c9                	j	aa10 <__mulsf3+0x46>
    ab50:	8556                	mv	a0,s5
    ab52:	c62e                	sw	a1,12(sp)
    ab54:	259000ef          	jal	ra,b5ac <__clzsi2>
    ab58:	ffb50793          	addi	a5,a0,-5
    ab5c:	00fa9ab3          	sll	s5,s5,a5
    ab60:	f8a00793          	li	a5,-118
    ab64:	45b2                	lw	a1,12(sp)
    ab66:	40a784b3          	sub	s1,a5,a0
    ab6a:	4901                	li	s2,0
    ab6c:	4b01                	li	s6,0
    ab6e:	b54d                	j	aa10 <__mulsf3+0x46>
    ab70:	8522                	mv	a0,s0
    ab72:	23b000ef          	jal	ra,b5ac <__clzsi2>
    ab76:	40a487b3          	sub	a5,s1,a0
    ab7a:	ffb50713          	addi	a4,a0,-5
    ab7e:	f8a78513          	addi	a0,a5,-118
    ab82:	47a9                	li	a5,10
    ab84:	00e41433          	sll	s0,s0,a4
    ab88:	4681                	li	a3,0
    ab8a:	00150493          	addi	s1,a0,1
    ab8e:	eb27dde3          	bge	a5,s2,aa48 <__mulsf3+0x7e>
    ab92:	bf45                	j	ab42 <__mulsf3+0x178>
    ab94:	68c1                	lui	a7,0x10
    ab96:	fff88793          	addi	a5,a7,-1 # ffff <MC_PULL_calibration.cpp.947435e8+0x68e>
    ab9a:	010ad613          	srli	a2,s5,0x10
    ab9e:	01045813          	srli	a6,s0,0x10
    aba2:	00fafab3          	and	s5,s5,a5
    aba6:	8fe1                	and	a5,a5,s0
    aba8:	035786b3          	mul	a3,a5,s5
    abac:	02f607b3          	mul	a5,a2,a5
    abb0:	0106d713          	srli	a4,a3,0x10
    abb4:	03580ab3          	mul	s5,a6,s5
    abb8:	9abe                	add	s5,s5,a5
    abba:	9756                	add	a4,a4,s5
    abbc:	03060633          	mul	a2,a2,a6
    abc0:	00f77363          	bgeu	a4,a5,abc6 <__mulsf3+0x1fc>
    abc4:	9646                	add	a2,a2,a7
    abc6:	6841                	lui	a6,0x10
    abc8:	187d                	addi	a6,a6,-1 # ffff <MC_PULL_calibration.cpp.947435e8+0x68e>
    abca:	010777b3          	and	a5,a4,a6
    abce:	0106f6b3          	and	a3,a3,a6
    abd2:	07c2                	slli	a5,a5,0x10
    abd4:	97b6                	add	a5,a5,a3
    abd6:	00679693          	slli	a3,a5,0x6
    abda:	01075413          	srli	s0,a4,0x10
    abde:	83e9                	srli	a5,a5,0x1a
    abe0:	00d03733          	snez	a4,a3
    abe4:	9432                	add	s0,s0,a2
    abe6:	8fd9                	or	a5,a5,a4
    abe8:	041a                	slli	s0,s0,0x6
    abea:	8c5d                	or	s0,s0,a5
    abec:	080007b7          	lui	a5,0x8000
    abf0:	8fe1                	and	a5,a5,s0
    abf2:	c791                	beqz	a5,abfe <__mulsf3+0x234>
    abf4:	00145793          	srli	a5,s0,0x1
    abf8:	8805                	andi	s0,s0,1
    abfa:	8c5d                	or	s0,s0,a5
    abfc:	8526                	mv	a0,s1
    abfe:	07f50793          	addi	a5,a0,127
    ac02:	02f05f63          	blez	a5,ac40 <__mulsf3+0x276>
    ac06:	00747713          	andi	a4,s0,7
    ac0a:	c719                	beqz	a4,ac18 <__mulsf3+0x24e>
    ac0c:	00f47713          	andi	a4,s0,15
    ac10:	4691                	li	a3,4
    ac12:	00d70363          	beq	a4,a3,ac18 <__mulsf3+0x24e>
    ac16:	0411                	addi	s0,s0,4
    ac18:	08000737          	lui	a4,0x8000
    ac1c:	8f61                	and	a4,a4,s0
    ac1e:	c719                	beqz	a4,ac2c <__mulsf3+0x262>
    ac20:	f80007b7          	lui	a5,0xf8000
    ac24:	17fd                	addi	a5,a5,-1 # f7ffffff <__freertos_irq_stack_top+0xd7ffafff>
    ac26:	8c7d                	and	s0,s0,a5
    ac28:	08050793          	addi	a5,a0,128
    ac2c:	0fe00713          	li	a4,254
    ac30:	04f74963          	blt	a4,a5,ac82 <__mulsf3+0x2b8>
    ac34:	00641713          	slli	a4,s0,0x6
    ac38:	8325                	srli	a4,a4,0x9
    ac3a:	0ff7f793          	zext.b	a5,a5
    ac3e:	b53d                	j	aa6c <__mulsf3+0xa2>
    ac40:	4685                	li	a3,1
    ac42:	c799                	beqz	a5,ac50 <__mulsf3+0x286>
    ac44:	8e9d                	sub	a3,a3,a5
    ac46:	466d                	li	a2,27
    ac48:	4781                	li	a5,0
    ac4a:	4701                	li	a4,0
    ac4c:	e2d640e3          	blt	a2,a3,aa6c <__mulsf3+0xa2>
    ac50:	09e50713          	addi	a4,a0,158
    ac54:	00e41733          	sll	a4,s0,a4
    ac58:	00e03733          	snez	a4,a4
    ac5c:	00d457b3          	srl	a5,s0,a3
    ac60:	8fd9                	or	a5,a5,a4
    ac62:	0077f713          	andi	a4,a5,7
    ac66:	c719                	beqz	a4,ac74 <__mulsf3+0x2aa>
    ac68:	00f7f713          	andi	a4,a5,15
    ac6c:	4691                	li	a3,4
    ac6e:	00d70363          	beq	a4,a3,ac74 <__mulsf3+0x2aa>
    ac72:	0791                	addi	a5,a5,4
    ac74:	04000737          	lui	a4,0x4000
    ac78:	8f7d                	and	a4,a4,a5
    ac7a:	cb01                	beqz	a4,ac8a <__mulsf3+0x2c0>
    ac7c:	4785                	li	a5,1
    ac7e:	4701                	li	a4,0
    ac80:	b3f5                	j	aa6c <__mulsf3+0xa2>
    ac82:	0ff00793          	li	a5,255
    ac86:	4701                	li	a4,0
    ac88:	b3d5                	j	aa6c <__mulsf3+0xa2>
    ac8a:	079a                	slli	a5,a5,0x6
    ac8c:	0097d713          	srli	a4,a5,0x9
    ac90:	4781                	li	a5,0
    ac92:	bbe9                	j	aa6c <__mulsf3+0xa2>
    ac94:	46bd                	li	a3,15
    ac96:	4581                	li	a1,0
    ac98:	00400737          	lui	a4,0x400
    ac9c:	dcd908e3          	beq	s2,a3,aa6c <__mulsf3+0xa2>
    aca0:	472d                	li	a4,11
    aca2:	468d                	li	a3,3
    aca4:	bd61                	j	ab3c <__mulsf3+0x172>

0000aca6 <__subsf3>:
    aca6:	008007b7          	lui	a5,0x800
    acaa:	1141                	addi	sp,sp,-16
    acac:	17fd                	addi	a5,a5,-1 # 7fffff <ch32v20x_wwdg.c.13394d49+0x7e2141>
    acae:	0175d613          	srli	a2,a1,0x17
    acb2:	00a7f733          	and	a4,a5,a0
    acb6:	01755693          	srli	a3,a0,0x17
    acba:	8fed                	and	a5,a5,a1
    acbc:	c226                	sw	s1,4(sp)
    acbe:	c04a                	sw	s2,0(sp)
    acc0:	01f55493          	srli	s1,a0,0x1f
    acc4:	c606                	sw	ra,12(sp)
    acc6:	c422                	sw	s0,8(sp)
    acc8:	0ff67613          	zext.b	a2,a2
    accc:	0ff00513          	li	a0,255
    acd0:	0ff6f913          	zext.b	s2,a3
    acd4:	8826                	mv	a6,s1
    acd6:	070e                	slli	a4,a4,0x3
    acd8:	81fd                	srli	a1,a1,0x1f
    acda:	00379693          	slli	a3,a5,0x3
    acde:	04a60363          	beq	a2,a0,ad24 <__subsf3+0x7e>
    ace2:	0015c593          	xori	a1,a1,1
    ace6:	40c907b3          	sub	a5,s2,a2
    acea:	00b48f63          	beq	s1,a1,ad08 <__subsf3+0x62>
    acee:	30f05a63          	blez	a5,b002 <__subsf3+0x35c>
    acf2:	e235                	bnez	a2,ad56 <__subsf3+0xb0>
    acf4:	14068f63          	beqz	a3,ae52 <__subsf3+0x1ac>
    acf8:	fff78613          	addi	a2,a5,-1
    acfc:	2a060263          	beqz	a2,afa0 <__subsf3+0x2fa>
    ad00:	02a78f63          	beq	a5,a0,ad3e <__subsf3+0x98>
    ad04:	87b2                	mv	a5,a2
    ad06:	a8a9                	j	ad60 <__subsf3+0xba>
    ad08:	30f05963          	blez	a5,b01a <__subsf3+0x374>
    ad0c:	ca7d                	beqz	a2,ae02 <__subsf3+0x15c>
    ad0e:	02a90863          	beq	s2,a0,ad3e <__subsf3+0x98>
    ad12:	04000637          	lui	a2,0x4000
    ad16:	8ed1                	or	a3,a3,a2
    ad18:	466d                	li	a2,27
    ad1a:	14f65263          	bge	a2,a5,ae5e <__subsf3+0x1b8>
    ad1e:	0705                	addi	a4,a4,1 # 400001 <ch32v20x_wwdg.c.13394d49+0x3e2143>
    ad20:	87ca                	mv	a5,s2
    ad22:	a88d                	j	ad94 <__subsf3+0xee>
    ad24:	f0190793          	addi	a5,s2,-255
    ad28:	e6d5                	bnez	a3,add4 <__subsf3+0x12e>
    ad2a:	0015c593          	xori	a1,a1,1
    ad2e:	0eb48363          	beq	s1,a1,ae14 <__subsf3+0x16e>
    ad32:	18078d63          	beqz	a5,aecc <__subsf3+0x226>
    ad36:	10090963          	beqz	s2,ae48 <__subsf3+0x1a2>
    ad3a:	84ae                	mv	s1,a1
    ad3c:	8736                	mv	a4,a3
    ad3e:	830d                	srli	a4,a4,0x3
    ad40:	0014f813          	andi	a6,s1,1
    ad44:	0ff00513          	li	a0,255
    ad48:	cb3d                	beqz	a4,adbe <__subsf3+0x118>
    ad4a:	4801                	li	a6,0
    ad4c:	0ff00513          	li	a0,255
    ad50:	00400737          	lui	a4,0x400
    ad54:	a0ad                	j	adbe <__subsf3+0x118>
    ad56:	fea904e3          	beq	s2,a0,ad3e <__subsf3+0x98>
    ad5a:	04000637          	lui	a2,0x4000
    ad5e:	8ed1                	or	a3,a3,a2
    ad60:	45ed                	li	a1,27
    ad62:	4605                	li	a2,1
    ad64:	00f5cd63          	blt	a1,a5,ad7e <__subsf3+0xd8>
    ad68:	02000613          	li	a2,32
    ad6c:	8e1d                	sub	a2,a2,a5
    ad6e:	00c69633          	sll	a2,a3,a2
    ad72:	00f6d6b3          	srl	a3,a3,a5
    ad76:	00c037b3          	snez	a5,a2
    ad7a:	00f6e633          	or	a2,a3,a5
    ad7e:	8f11                	sub	a4,a4,a2
    ad80:	040007b7          	lui	a5,0x4000
    ad84:	00f776b3          	and	a3,a4,a5
    ad88:	10069463          	bnez	a3,ae90 <__subsf3+0x1ea>
    ad8c:	00777693          	andi	a3,a4,7
    ad90:	87ca                	mv	a5,s2
    ad92:	c2e1                	beqz	a3,ae52 <__subsf3+0x1ac>
    ad94:	00f77693          	andi	a3,a4,15
    ad98:	4611                	li	a2,4
    ad9a:	00c68363          	beq	a3,a2,ada0 <__subsf3+0xfa>
    ad9e:	0711                	addi	a4,a4,4 # 400004 <ch32v20x_wwdg.c.13394d49+0x3e2146>
    ada0:	040006b7          	lui	a3,0x4000
    ada4:	8ef9                	and	a3,a3,a4
    ada6:	c6d5                	beqz	a3,ae52 <__subsf3+0x1ac>
    ada8:	0785                	addi	a5,a5,1 # 4000001 <ch32v20x_wwdg.c.13394d49+0x3fe2143>
    adaa:	0ff00693          	li	a3,255
    adae:	0014f813          	andi	a6,s1,1
    adb2:	0cd78b63          	beq	a5,a3,ae88 <__subsf3+0x1e2>
    adb6:	071a                	slli	a4,a4,0x6
    adb8:	0ff7f513          	zext.b	a0,a5
    adbc:	8325                	srli	a4,a4,0x9
    adbe:	40b2                	lw	ra,12(sp)
    adc0:	4422                	lw	s0,8(sp)
    adc2:	055e                	slli	a0,a0,0x17
    adc4:	8d59                	or	a0,a0,a4
    adc6:	01f81793          	slli	a5,a6,0x1f
    adca:	4492                	lw	s1,4(sp)
    adcc:	4902                	lw	s2,0(sp)
    adce:	8d5d                	or	a0,a0,a5
    add0:	0141                	addi	sp,sp,16
    add2:	8082                	ret
    add4:	f4b49fe3          	bne	s1,a1,ad32 <__subsf3+0x8c>
    add8:	c3b9                	beqz	a5,ae1e <__subsf3+0x178>
    adda:	1c091163          	bnez	s2,af9c <__subsf3+0x2f6>
    adde:	0ff00793          	li	a5,255
    ade2:	c73d                	beqz	a4,ae50 <__subsf3+0x1aa>
    ade4:	fff78593          	addi	a1,a5,-1
    ade8:	12058963          	beqz	a1,af1a <__subsf3+0x274>
    adec:	0ff00513          	li	a0,255
    adf0:	1aa78663          	beq	a5,a0,af9c <__subsf3+0x2f6>
    adf4:	47ed                	li	a5,27
    adf6:	1ab7db63          	bge	a5,a1,afac <__subsf3+0x306>
    adfa:	00168713          	addi	a4,a3,1 # 4000001 <ch32v20x_wwdg.c.13394d49+0x3fe2143>
    adfe:	87b2                	mv	a5,a2
    ae00:	bf51                	j	ad94 <__subsf3+0xee>
    ae02:	caa1                	beqz	a3,ae52 <__subsf3+0x1ac>
    ae04:	fff78613          	addi	a2,a5,-1
    ae08:	10060963          	beqz	a2,af1a <__subsf3+0x274>
    ae0c:	f2a789e3          	beq	a5,a0,ad3e <__subsf3+0x98>
    ae10:	87b2                	mv	a5,a2
    ae12:	b719                	j	ad18 <__subsf3+0x72>
    ae14:	c789                	beqz	a5,ae1e <__subsf3+0x178>
    ae16:	fc0904e3          	beqz	s2,adde <__subsf3+0x138>
    ae1a:	4701                	li	a4,0
    ae1c:	b70d                	j	ad3e <__subsf3+0x98>
    ae1e:	00190793          	addi	a5,s2,1
    ae22:	0fe7f613          	andi	a2,a5,254
    ae26:	14061563          	bnez	a2,af70 <__subsf3+0x2ca>
    ae2a:	16091863          	bnez	s2,af9a <__subsf3+0x2f4>
    ae2e:	1a070663          	beqz	a4,afda <__subsf3+0x334>
    ae32:	1a069663          	bnez	a3,afde <__subsf3+0x338>
    ae36:	830d                	srli	a4,a4,0x3
    ae38:	4781                	li	a5,0
    ae3a:	0726                	slli	a4,a4,0x9
    ae3c:	8325                	srli	a4,a4,0x9
    ae3e:	0ff7f513          	zext.b	a0,a5
    ae42:	0014f813          	andi	a6,s1,1
    ae46:	bfa5                	j	adbe <__subsf3+0x118>
    ae48:	0ff00793          	li	a5,255
    ae4c:	eb65                	bnez	a4,af3c <__subsf3+0x296>
    ae4e:	84ae                	mv	s1,a1
    ae50:	8736                	mv	a4,a3
    ae52:	0ff00693          	li	a3,255
    ae56:	830d                	srli	a4,a4,0x3
    ae58:	eed784e3          	beq	a5,a3,ad40 <__subsf3+0x9a>
    ae5c:	bff9                	j	ae3a <__subsf3+0x194>
    ae5e:	02000613          	li	a2,32
    ae62:	8e1d                	sub	a2,a2,a5
    ae64:	00c69633          	sll	a2,a3,a2
    ae68:	00c03633          	snez	a2,a2
    ae6c:	00f6d6b3          	srl	a3,a3,a5
    ae70:	8ed1                	or	a3,a3,a2
    ae72:	9736                	add	a4,a4,a3
    ae74:	040007b7          	lui	a5,0x4000
    ae78:	8ff9                	and	a5,a5,a4
    ae7a:	db89                	beqz	a5,ad8c <__subsf3+0xe6>
    ae7c:	00190793          	addi	a5,s2,1
    ae80:	0ff00693          	li	a3,255
    ae84:	0ad79363          	bne	a5,a3,af2a <__subsf3+0x284>
    ae88:	0ff00513          	li	a0,255
    ae8c:	4701                	li	a4,0
    ae8e:	bf05                	j	adbe <__subsf3+0x118>
    ae90:	17fd                	addi	a5,a5,-1 # 3ffffff <ch32v20x_wwdg.c.13394d49+0x3fe2141>
    ae92:	00f77433          	and	s0,a4,a5
    ae96:	8522                	mv	a0,s0
    ae98:	2f11                	jal	b5ac <__clzsi2>
    ae9a:	ffb50793          	addi	a5,a0,-5
    ae9e:	00f41433          	sll	s0,s0,a5
    aea2:	0527ca63          	blt	a5,s2,aef6 <__subsf3+0x250>
    aea6:	412787b3          	sub	a5,a5,s2
    aeaa:	0785                	addi	a5,a5,1
    aeac:	02000713          	li	a4,32
    aeb0:	8f1d                	sub	a4,a4,a5
    aeb2:	00e41733          	sll	a4,s0,a4
    aeb6:	00e03733          	snez	a4,a4
    aeba:	00f45433          	srl	s0,s0,a5
    aebe:	8f41                	or	a4,a4,s0
    aec0:	4781                	li	a5,0
    aec2:	00777693          	andi	a3,a4,7
    aec6:	ec0697e3          	bnez	a3,ad94 <__subsf3+0xee>
    aeca:	bdd9                	j	ada0 <__subsf3+0xfa>
    aecc:	00190793          	addi	a5,s2,1
    aed0:	0fe7f793          	andi	a5,a5,254
    aed4:	eb85                	bnez	a5,af04 <__subsf3+0x25e>
    aed6:	0a091a63          	bnez	s2,af8a <__subsf3+0x2e4>
    aeda:	cf65                	beqz	a4,afd2 <__subsf3+0x32c>
    aedc:	dea9                	beqz	a3,ae36 <__subsf3+0x190>
    aede:	40d707b3          	sub	a5,a4,a3
    aee2:	04000637          	lui	a2,0x4000
    aee6:	8e7d                	and	a2,a2,a5
    aee8:	10060863          	beqz	a2,aff8 <__subsf3+0x352>
    aeec:	40e68733          	sub	a4,a3,a4
    aef0:	4781                	li	a5,0
    aef2:	84ae                	mv	s1,a1
    aef4:	b7f9                	j	aec2 <__subsf3+0x21c>
    aef6:	fc000737          	lui	a4,0xfc000
    aefa:	177d                	addi	a4,a4,-1 # fbffffff <__freertos_irq_stack_top+0xdbffafff>
    aefc:	40f907b3          	sub	a5,s2,a5
    af00:	8f61                	and	a4,a4,s0
    af02:	b7c1                	j	aec2 <__subsf3+0x21c>
    af04:	40d70433          	sub	s0,a4,a3
    af08:	040007b7          	lui	a5,0x4000
    af0c:	8fe1                	and	a5,a5,s0
    af0e:	e3d1                	bnez	a5,af92 <__subsf3+0x2ec>
    af10:	f059                	bnez	s0,ae96 <__subsf3+0x1f0>
    af12:	4801                	li	a6,0
    af14:	4501                	li	a0,0
    af16:	4701                	li	a4,0
    af18:	b55d                	j	adbe <__subsf3+0x118>
    af1a:	9736                	add	a4,a4,a3
    af1c:	040006b7          	lui	a3,0x4000
    af20:	8ef9                	and	a3,a3,a4
    af22:	4789                	li	a5,2
    af24:	4905                	li	s2,1
    af26:	e60683e3          	beqz	a3,ad8c <__subsf3+0xe6>
    af2a:	7e000637          	lui	a2,0x7e000
    af2e:	00175693          	srli	a3,a4,0x1
    af32:	167d                	addi	a2,a2,-1 # 7dffffff <__freertos_irq_stack_top+0x5dffafff>
    af34:	8b05                	andi	a4,a4,1
    af36:	8ef1                	and	a3,a3,a2
    af38:	8f55                	or	a4,a4,a3
    af3a:	b761                	j	aec2 <__subsf3+0x21c>
    af3c:	fff78513          	addi	a0,a5,-1 # 3ffffff <ch32v20x_wwdg.c.13394d49+0x3fe2141>
    af40:	c541                	beqz	a0,afc8 <__subsf3+0x322>
    af42:	0ff00813          	li	a6,255
    af46:	84ae                	mv	s1,a1
    af48:	05078a63          	beq	a5,a6,af9c <__subsf3+0x2f6>
    af4c:	45ed                	li	a1,27
    af4e:	4785                	li	a5,1
    af50:	00a5cc63          	blt	a1,a0,af68 <__subsf3+0x2c2>
    af54:	02000793          	li	a5,32
    af58:	8f89                	sub	a5,a5,a0
    af5a:	00f717b3          	sll	a5,a4,a5
    af5e:	00a75533          	srl	a0,a4,a0
    af62:	00f037b3          	snez	a5,a5
    af66:	8fc9                	or	a5,a5,a0
    af68:	40f68733          	sub	a4,a3,a5
    af6c:	8932                	mv	s2,a2
    af6e:	bd09                	j	ad80 <__subsf3+0xda>
    af70:	0ff00613          	li	a2,255
    af74:	f0c78ae3          	beq	a5,a2,ae88 <__subsf3+0x1e2>
    af78:	96ba                	add	a3,a3,a4
    af7a:	0016d713          	srli	a4,a3,0x1
    af7e:	00777613          	andi	a2,a4,7
    af82:	e00619e3          	bnez	a2,ad94 <__subsf3+0xee>
    af86:	830d                	srli	a4,a4,0x3
    af88:	bd4d                	j	ae3a <__subsf3+0x194>
    af8a:	ef11                	bnez	a4,afa6 <__subsf3+0x300>
    af8c:	da068fe3          	beqz	a3,ad4a <__subsf3+0xa4>
    af90:	b36d                	j	ad3a <__subsf3+0x94>
    af92:	40e68433          	sub	s0,a3,a4
    af96:	84ae                	mv	s1,a1
    af98:	bdfd                	j	ae96 <__subsf3+0x1f0>
    af9a:	e711                	bnez	a4,afa6 <__subsf3+0x300>
    af9c:	8736                	mv	a4,a3
    af9e:	b345                	j	ad3e <__subsf3+0x98>
    afa0:	8f15                	sub	a4,a4,a3
    afa2:	4905                	li	s2,1
    afa4:	bbf1                	j	ad80 <__subsf3+0xda>
    afa6:	d8068ce3          	beqz	a3,ad3e <__subsf3+0x98>
    afaa:	b345                	j	ad4a <__subsf3+0xa4>
    afac:	02000793          	li	a5,32
    afb0:	8f8d                	sub	a5,a5,a1
    afb2:	00f717b3          	sll	a5,a4,a5
    afb6:	00b755b3          	srl	a1,a4,a1
    afba:	00f037b3          	snez	a5,a5
    afbe:	8ddd                	or	a1,a1,a5
    afc0:	00d58733          	add	a4,a1,a3
    afc4:	8932                	mv	s2,a2
    afc6:	b57d                	j	ae74 <__subsf3+0x1ce>
    afc8:	40e68733          	sub	a4,a3,a4
    afcc:	84ae                	mv	s1,a1
    afce:	4905                	li	s2,1
    afd0:	bb45                	j	ad80 <__subsf3+0xda>
    afd2:	d2a1                	beqz	a3,af12 <__subsf3+0x26c>
    afd4:	84ae                	mv	s1,a1
    afd6:	8736                	mv	a4,a3
    afd8:	bdb9                	j	ae36 <__subsf3+0x190>
    afda:	8736                	mv	a4,a3
    afdc:	bda9                	j	ae36 <__subsf3+0x190>
    afde:	9736                	add	a4,a4,a3
    afe0:	04000637          	lui	a2,0x4000
    afe4:	8e79                	and	a2,a2,a4
    afe6:	4781                	li	a5,0
    afe8:	de59                	beqz	a2,af86 <__subsf3+0x2e0>
    afea:	fc0007b7          	lui	a5,0xfc000
    afee:	17fd                	addi	a5,a5,-1 # fbffffff <__freertos_irq_stack_top+0xdbffafff>
    aff0:	8f7d                	and	a4,a4,a5
    aff2:	830d                	srli	a4,a4,0x3
    aff4:	4785                	li	a5,1
    aff6:	b591                	j	ae3a <__subsf3+0x194>
    aff8:	df89                	beqz	a5,af12 <__subsf3+0x26c>
    affa:	873e                	mv	a4,a5
    affc:	830d                	srli	a4,a4,0x3
    affe:	4781                	li	a5,0
    b000:	bd2d                	j	ae3a <__subsf3+0x194>
    b002:	ec0785e3          	beqz	a5,aecc <__subsf3+0x226>
    b006:	41260533          	sub	a0,a2,s2
    b00a:	87aa                	mv	a5,a0
    b00c:	e40900e3          	beqz	s2,ae4c <__subsf3+0x1a6>
    b010:	040007b7          	lui	a5,0x4000
    b014:	8f5d                	or	a4,a4,a5
    b016:	84ae                	mv	s1,a1
    b018:	bf15                	j	af4c <__subsf3+0x2a6>
    b01a:	e00782e3          	beqz	a5,ae1e <__subsf3+0x178>
    b01e:	412605b3          	sub	a1,a2,s2
    b022:	00091463          	bnez	s2,b02a <__subsf3+0x384>
    b026:	87ae                	mv	a5,a1
    b028:	bb6d                	j	ade2 <__subsf3+0x13c>
    b02a:	040007b7          	lui	a5,0x4000
    b02e:	8f5d                	or	a4,a4,a5
    b030:	b3d1                	j	adf4 <__subsf3+0x14e>

0000b032 <__fixsfsi>:
    b032:	00800637          	lui	a2,0x800
    b036:	01755713          	srli	a4,a0,0x17
    b03a:	fff60793          	addi	a5,a2,-1 # 7fffff <ch32v20x_wwdg.c.13394d49+0x7e2141>
    b03e:	0ff77713          	zext.b	a4,a4
    b042:	07e00593          	li	a1,126
    b046:	00a7f6b3          	and	a3,a5,a0
    b04a:	01f55793          	srli	a5,a0,0x1f
    b04e:	00e5db63          	bge	a1,a4,b064 <__fixsfsi+0x32>
    b052:	09d00593          	li	a1,157
    b056:	00e5d963          	bge	a1,a4,b068 <__fixsfsi+0x36>
    b05a:	80000537          	lui	a0,0x80000
    b05e:	157d                	addi	a0,a0,-1 # 7fffffff <__freertos_irq_stack_top+0x5fffafff>
    b060:	953e                	add	a0,a0,a5
    b062:	8082                	ret
    b064:	4501                	li	a0,0
    b066:	8082                	ret
    b068:	09500593          	li	a1,149
    b06c:	8ed1                	or	a3,a3,a2
    b06e:	00e5cd63          	blt	a1,a4,b088 <__fixsfsi+0x56>
    b072:	09600613          	li	a2,150
    b076:	40e60733          	sub	a4,a2,a4
    b07a:	00e6d6b3          	srl	a3,a3,a4
    b07e:	40d00533          	neg	a0,a3
    b082:	f3f5                	bnez	a5,b066 <__fixsfsi+0x34>
    b084:	8536                	mv	a0,a3
    b086:	8082                	ret
    b088:	f6a70713          	addi	a4,a4,-150
    b08c:	00e696b3          	sll	a3,a3,a4
    b090:	b7fd                	j	b07e <__fixsfsi+0x4c>

0000b092 <__fixunssfsi>:
    b092:	01755713          	srli	a4,a0,0x17
    b096:	00800637          	lui	a2,0x800
    b09a:	fff60793          	addi	a5,a2,-1 # 7fffff <ch32v20x_wwdg.c.13394d49+0x7e2141>
    b09e:	0ff77713          	zext.b	a4,a4
    b0a2:	07e00593          	li	a1,126
    b0a6:	00a7f6b3          	and	a3,a5,a0
    b0aa:	01f55793          	srli	a5,a0,0x1f
    b0ae:	4501                	li	a0,0
    b0b0:	00e5d363          	bge	a1,a4,b0b6 <__fixunssfsi+0x24>
    b0b4:	c391                	beqz	a5,b0b8 <__fixunssfsi+0x26>
    b0b6:	8082                	ret
    b0b8:	09e00793          	li	a5,158
    b0bc:	557d                	li	a0,-1
    b0be:	fee7cce3          	blt	a5,a4,b0b6 <__fixunssfsi+0x24>
    b0c2:	09500593          	li	a1,149
    b0c6:	00c6e7b3          	or	a5,a3,a2
    b0ca:	00e5d763          	bge	a1,a4,b0d8 <__fixunssfsi+0x46>
    b0ce:	f6a70713          	addi	a4,a4,-150
    b0d2:	00e79533          	sll	a0,a5,a4
    b0d6:	8082                	ret
    b0d8:	09600513          	li	a0,150
    b0dc:	8d19                	sub	a0,a0,a4
    b0de:	00a7d533          	srl	a0,a5,a0
    b0e2:	8082                	ret

0000b0e4 <__floatsisf>:
    b0e4:	1141                	addi	sp,sp,-16
    b0e6:	c606                	sw	ra,12(sp)
    b0e8:	c422                	sw	s0,8(sp)
    b0ea:	c226                	sw	s1,4(sp)
    b0ec:	cd15                	beqz	a0,b128 <__floatsisf+0x44>
    b0ee:	41f55713          	srai	a4,a0,0x1f
    b0f2:	00a74433          	xor	s0,a4,a0
    b0f6:	8c19                	sub	s0,s0,a4
    b0f8:	87aa                	mv	a5,a0
    b0fa:	8522                	mv	a0,s0
    b0fc:	01f7d493          	srli	s1,a5,0x1f
    b100:	2175                	jal	b5ac <__clzsi2>
    b102:	09e00713          	li	a4,158
    b106:	40a707b3          	sub	a5,a4,a0
    b10a:	09600713          	li	a4,150
    b10e:	02f74a63          	blt	a4,a5,b142 <__floatsisf+0x5e>
    b112:	4721                	li	a4,8
    b114:	08e50863          	beq	a0,a4,b1a4 <__floatsisf+0xc0>
    b118:	1561                	addi	a0,a0,-8
    b11a:	00a41733          	sll	a4,s0,a0
    b11e:	0726                	slli	a4,a4,0x9
    b120:	8325                	srli	a4,a4,0x9
    b122:	0ff7f513          	zext.b	a0,a5
    b126:	a021                	j	b12e <__floatsisf+0x4a>
    b128:	4481                	li	s1,0
    b12a:	4501                	li	a0,0
    b12c:	4701                	li	a4,0
    b12e:	40b2                	lw	ra,12(sp)
    b130:	4422                	lw	s0,8(sp)
    b132:	055e                	slli	a0,a0,0x17
    b134:	01f49793          	slli	a5,s1,0x1f
    b138:	8d59                	or	a0,a0,a4
    b13a:	4492                	lw	s1,4(sp)
    b13c:	8d5d                	or	a0,a0,a5
    b13e:	0141                	addi	sp,sp,16
    b140:	8082                	ret
    b142:	09900713          	li	a4,153
    b146:	04f74363          	blt	a4,a5,b18c <__floatsisf+0xa8>
    b14a:	4715                	li	a4,5
    b14c:	ffb50693          	addi	a3,a0,-5
    b150:	00e50463          	beq	a0,a4,b158 <__floatsisf+0x74>
    b154:	00d41433          	sll	s0,s0,a3
    b158:	fc0006b7          	lui	a3,0xfc000
    b15c:	16fd                	addi	a3,a3,-1 # fbffffff <__freertos_irq_stack_top+0xdbffafff>
    b15e:	00747613          	andi	a2,s0,7
    b162:	00d47733          	and	a4,s0,a3
    b166:	ce11                	beqz	a2,b182 <__floatsisf+0x9e>
    b168:	883d                	andi	s0,s0,15
    b16a:	4611                	li	a2,4
    b16c:	00c40b63          	beq	s0,a2,b182 <__floatsisf+0x9e>
    b170:	0711                	addi	a4,a4,4
    b172:	04000637          	lui	a2,0x4000
    b176:	8e79                	and	a2,a2,a4
    b178:	c609                	beqz	a2,b182 <__floatsisf+0x9e>
    b17a:	09f00793          	li	a5,159
    b17e:	8f75                	and	a4,a4,a3
    b180:	8f89                	sub	a5,a5,a0
    b182:	071a                	slli	a4,a4,0x6
    b184:	8325                	srli	a4,a4,0x9
    b186:	0ff7f513          	zext.b	a0,a5
    b18a:	b755                	j	b12e <__floatsisf+0x4a>
    b18c:	01b50713          	addi	a4,a0,27
    b190:	4695                	li	a3,5
    b192:	00e41733          	sll	a4,s0,a4
    b196:	8e89                	sub	a3,a3,a0
    b198:	00d45433          	srl	s0,s0,a3
    b19c:	00e03733          	snez	a4,a4
    b1a0:	8c59                	or	s0,s0,a4
    b1a2:	bf5d                	j	b158 <__floatsisf+0x74>
    b1a4:	0426                	slli	s0,s0,0x9
    b1a6:	00945713          	srli	a4,s0,0x9
    b1aa:	09600513          	li	a0,150
    b1ae:	b741                	j	b12e <__floatsisf+0x4a>

0000b1b0 <__floatunsisf>:
    b1b0:	cd0d                	beqz	a0,b1ea <__floatunsisf+0x3a>
    b1b2:	1141                	addi	sp,sp,-16
    b1b4:	c422                	sw	s0,8(sp)
    b1b6:	c606                	sw	ra,12(sp)
    b1b8:	842a                	mv	s0,a0
    b1ba:	2ecd                	jal	b5ac <__clzsi2>
    b1bc:	09e00793          	li	a5,158
    b1c0:	8f89                	sub	a5,a5,a0
    b1c2:	09600713          	li	a4,150
    b1c6:	02f74763          	blt	a4,a5,b1f4 <__floatunsisf+0x44>
    b1ca:	4721                	li	a4,8
    b1cc:	08e50a63          	beq	a0,a4,b260 <__floatunsisf+0xb0>
    b1d0:	1561                	addi	a0,a0,-8
    b1d2:	00a41733          	sll	a4,s0,a0
    b1d6:	0726                	slli	a4,a4,0x9
    b1d8:	8325                	srli	a4,a4,0x9
    b1da:	0ff7f513          	zext.b	a0,a5
    b1de:	40b2                	lw	ra,12(sp)
    b1e0:	4422                	lw	s0,8(sp)
    b1e2:	055e                	slli	a0,a0,0x17
    b1e4:	8d59                	or	a0,a0,a4
    b1e6:	0141                	addi	sp,sp,16
    b1e8:	8082                	ret
    b1ea:	4501                	li	a0,0
    b1ec:	4701                	li	a4,0
    b1ee:	055e                	slli	a0,a0,0x17
    b1f0:	8d59                	or	a0,a0,a4
    b1f2:	8082                	ret
    b1f4:	09900713          	li	a4,153
    b1f8:	04f74863          	blt	a4,a5,b248 <__floatunsisf+0x98>
    b1fc:	4715                	li	a4,5
    b1fe:	ffb50693          	addi	a3,a0,-5
    b202:	00e50463          	beq	a0,a4,b20a <__floatunsisf+0x5a>
    b206:	00d41433          	sll	s0,s0,a3
    b20a:	fc0006b7          	lui	a3,0xfc000
    b20e:	16fd                	addi	a3,a3,-1 # fbffffff <__freertos_irq_stack_top+0xdbffafff>
    b210:	00747613          	andi	a2,s0,7
    b214:	00d47733          	and	a4,s0,a3
    b218:	ce11                	beqz	a2,b234 <__floatunsisf+0x84>
    b21a:	883d                	andi	s0,s0,15
    b21c:	4611                	li	a2,4
    b21e:	00c40b63          	beq	s0,a2,b234 <__floatunsisf+0x84>
    b222:	0711                	addi	a4,a4,4
    b224:	04000637          	lui	a2,0x4000
    b228:	8e79                	and	a2,a2,a4
    b22a:	c609                	beqz	a2,b234 <__floatunsisf+0x84>
    b22c:	09f00793          	li	a5,159
    b230:	8f75                	and	a4,a4,a3
    b232:	8f89                	sub	a5,a5,a0
    b234:	40b2                	lw	ra,12(sp)
    b236:	4422                	lw	s0,8(sp)
    b238:	071a                	slli	a4,a4,0x6
    b23a:	0ff7f513          	zext.b	a0,a5
    b23e:	8325                	srli	a4,a4,0x9
    b240:	055e                	slli	a0,a0,0x17
    b242:	8d59                	or	a0,a0,a4
    b244:	0141                	addi	sp,sp,16
    b246:	8082                	ret
    b248:	01b50713          	addi	a4,a0,27
    b24c:	4695                	li	a3,5
    b24e:	00e41733          	sll	a4,s0,a4
    b252:	8e89                	sub	a3,a3,a0
    b254:	00e03733          	snez	a4,a4
    b258:	00d45433          	srl	s0,s0,a3
    b25c:	8c59                	or	s0,s0,a4
    b25e:	b775                	j	b20a <__floatunsisf+0x5a>
    b260:	0426                	slli	s0,s0,0x9
    b262:	00945713          	srli	a4,s0,0x9
    b266:	09600513          	li	a0,150
    b26a:	bf95                	j	b1de <__floatunsisf+0x2e>

0000b26c <__floatundisf>:
    b26c:	1141                	addi	sp,sp,-16
    b26e:	c606                	sw	ra,12(sp)
    b270:	c422                	sw	s0,8(sp)
    b272:	c226                	sw	s1,4(sp)
    b274:	00b567b3          	or	a5,a0,a1
    b278:	c3d1                	beqz	a5,b2fc <__floatundisf+0x90>
    b27a:	842a                	mv	s0,a0
    b27c:	84ae                	mv	s1,a1
    b27e:	c9c1                	beqz	a1,b30e <__floatundisf+0xa2>
    b280:	852e                	mv	a0,a1
    b282:	262d                	jal	b5ac <__clzsi2>
    b284:	86aa                	mv	a3,a0
    b286:	0be00513          	li	a0,190
    b28a:	40d50733          	sub	a4,a0,a3
    b28e:	ffb68613          	addi	a2,a3,-5
    b292:	01b68793          	addi	a5,a3,27
    b296:	0a064e63          	bltz	a2,b352 <__floatundisf+0xe6>
    b29a:	00c41633          	sll	a2,s0,a2
    b29e:	4781                	li	a5,0
    b2a0:	02500593          	li	a1,37
    b2a4:	8d95                	sub	a1,a1,a3
    b2a6:	8fd1                	or	a5,a5,a2
    b2a8:	fe058613          	addi	a2,a1,-32 # 3ffffe0 <ch32v20x_wwdg.c.13394d49+0x3fe2122>
    b2ac:	00f037b3          	snez	a5,a5
    b2b0:	0a064d63          	bltz	a2,b36a <__floatundisf+0xfe>
    b2b4:	00c4d4b3          	srl	s1,s1,a2
    b2b8:	8fc5                	or	a5,a5,s1
    b2ba:	fc000637          	lui	a2,0xfc000
    b2be:	167d                	addi	a2,a2,-1 # fbffffff <__freertos_irq_stack_top+0xdbffafff>
    b2c0:	0077f593          	andi	a1,a5,7
    b2c4:	00c7f433          	and	s0,a5,a2
    b2c8:	cd99                	beqz	a1,b2e6 <__floatundisf+0x7a>
    b2ca:	8bbd                	andi	a5,a5,15
    b2cc:	4591                	li	a1,4
    b2ce:	00b78c63          	beq	a5,a1,b2e6 <__floatundisf+0x7a>
    b2d2:	0411                	addi	s0,s0,4
    b2d4:	040007b7          	lui	a5,0x4000
    b2d8:	8fe1                	and	a5,a5,s0
    b2da:	c791                	beqz	a5,b2e6 <__floatundisf+0x7a>
    b2dc:	0bf00513          	li	a0,191
    b2e0:	8c71                	and	s0,s0,a2
    b2e2:	40d50733          	sub	a4,a0,a3
    b2e6:	041a                	slli	s0,s0,0x6
    b2e8:	0ff77513          	zext.b	a0,a4
    b2ec:	8025                	srli	s0,s0,0x9
    b2ee:	055e                	slli	a0,a0,0x17
    b2f0:	40b2                	lw	ra,12(sp)
    b2f2:	8d41                	or	a0,a0,s0
    b2f4:	4422                	lw	s0,8(sp)
    b2f6:	4492                	lw	s1,4(sp)
    b2f8:	0141                	addi	sp,sp,16
    b2fa:	8082                	ret
    b2fc:	4501                	li	a0,0
    b2fe:	4401                	li	s0,0
    b300:	055e                	slli	a0,a0,0x17
    b302:	40b2                	lw	ra,12(sp)
    b304:	8d41                	or	a0,a0,s0
    b306:	4422                	lw	s0,8(sp)
    b308:	4492                	lw	s1,4(sp)
    b30a:	0141                	addi	sp,sp,16
    b30c:	8082                	ret
    b30e:	2c79                	jal	b5ac <__clzsi2>
    b310:	02050693          	addi	a3,a0,32
    b314:	0be00713          	li	a4,190
    b318:	8f15                	sub	a4,a4,a3
    b31a:	09600613          	li	a2,150
    b31e:	87a2                	mv	a5,s0
    b320:	04e64e63          	blt	a2,a4,b37c <__floatundisf+0x110>
    b324:	02800793          	li	a5,40
    b328:	02f68063          	beq	a3,a5,b348 <__floatundisf+0xdc>
    b32c:	1561                	addi	a0,a0,-8
    b32e:	00a41433          	sll	s0,s0,a0
    b332:	0426                	slli	s0,s0,0x9
    b334:	0ff77513          	zext.b	a0,a4
    b338:	8025                	srli	s0,s0,0x9
    b33a:	055e                	slli	a0,a0,0x17
    b33c:	40b2                	lw	ra,12(sp)
    b33e:	8d41                	or	a0,a0,s0
    b340:	4422                	lw	s0,8(sp)
    b342:	4492                	lw	s1,4(sp)
    b344:	0141                	addi	sp,sp,16
    b346:	8082                	ret
    b348:	0426                	slli	s0,s0,0x9
    b34a:	8025                	srli	s0,s0,0x9
    b34c:	09600513          	li	a0,150
    b350:	bf45                	j	b300 <__floatundisf+0x94>
    b352:	467d                	li	a2,31
    b354:	8e1d                	sub	a2,a2,a5
    b356:	00145593          	srli	a1,s0,0x1
    b35a:	00c5d5b3          	srl	a1,a1,a2
    b35e:	00f49633          	sll	a2,s1,a5
    b362:	8e4d                	or	a2,a2,a1
    b364:	00f417b3          	sll	a5,s0,a5
    b368:	bf25                	j	b2a0 <__floatundisf+0x34>
    b36a:	467d                	li	a2,31
    b36c:	0486                	slli	s1,s1,0x1
    b36e:	8e0d                	sub	a2,a2,a1
    b370:	00c49633          	sll	a2,s1,a2
    b374:	00b454b3          	srl	s1,s0,a1
    b378:	8cd1                	or	s1,s1,a2
    b37a:	bf3d                	j	b2b8 <__floatundisf+0x4c>
    b37c:	09900613          	li	a2,153
    b380:	f0e647e3          	blt	a2,a4,b28e <__floatundisf+0x22>
    b384:	02500613          	li	a2,37
    b388:	156d                	addi	a0,a0,-5
    b38a:	00c68563          	beq	a3,a2,b394 <__floatundisf+0x128>
    b38e:	00a417b3          	sll	a5,s0,a0
    b392:	b725                	j	b2ba <__floatundisf+0x4e>
    b394:	09900713          	li	a4,153
    b398:	b70d                	j	b2ba <__floatundisf+0x4e>

0000b39a <__extendsfdf2>:
    b39a:	01755793          	srli	a5,a0,0x17
    b39e:	0ff7f793          	zext.b	a5,a5
    b3a2:	1141                	addi	sp,sp,-16
    b3a4:	00178713          	addi	a4,a5,1 # 4000001 <ch32v20x_wwdg.c.13394d49+0x3fe2143>
    b3a8:	c422                	sw	s0,8(sp)
    b3aa:	c226                	sw	s1,4(sp)
    b3ac:	c606                	sw	ra,12(sp)
    b3ae:	00951493          	slli	s1,a0,0x9
    b3b2:	0fe77713          	andi	a4,a4,254
    b3b6:	80a5                	srli	s1,s1,0x9
    b3b8:	01f55413          	srli	s0,a0,0x1f
    b3bc:	c315                	beqz	a4,b3e0 <__extendsfdf2+0x46>
    b3be:	0034d713          	srli	a4,s1,0x3
    b3c2:	38078793          	addi	a5,a5,896
    b3c6:	04f6                	slli	s1,s1,0x1d
    b3c8:	01f41513          	slli	a0,s0,0x1f
    b3cc:	40b2                	lw	ra,12(sp)
    b3ce:	4422                	lw	s0,8(sp)
    b3d0:	07d2                	slli	a5,a5,0x14
    b3d2:	8fd9                	or	a5,a5,a4
    b3d4:	8fc9                	or	a5,a5,a0
    b3d6:	85be                	mv	a1,a5
    b3d8:	8526                	mv	a0,s1
    b3da:	4492                	lw	s1,4(sp)
    b3dc:	0141                	addi	sp,sp,16
    b3de:	8082                	ret
    b3e0:	e79d                	bnez	a5,b40e <__extendsfdf2+0x74>
    b3e2:	c0b1                	beqz	s1,b426 <__extendsfdf2+0x8c>
    b3e4:	8526                	mv	a0,s1
    b3e6:	22d9                	jal	b5ac <__clzsi2>
    b3e8:	47a9                	li	a5,10
    b3ea:	04a7c563          	blt	a5,a0,b434 <__extendsfdf2+0x9a>
    b3ee:	472d                	li	a4,11
    b3f0:	8f09                	sub	a4,a4,a0
    b3f2:	01550793          	addi	a5,a0,21
    b3f6:	00e4d733          	srl	a4,s1,a4
    b3fa:	00f494b3          	sll	s1,s1,a5
    b3fe:	38900793          	li	a5,905
    b402:	0732                	slli	a4,a4,0xc
    b404:	8f89                	sub	a5,a5,a0
    b406:	8331                	srli	a4,a4,0xc
    b408:	7ff7f793          	andi	a5,a5,2047
    b40c:	bf75                	j	b3c8 <__extendsfdf2+0x2e>
    b40e:	cc99                	beqz	s1,b42c <__extendsfdf2+0x92>
    b410:	0034d713          	srli	a4,s1,0x3
    b414:	000807b7          	lui	a5,0x80
    b418:	8f5d                	or	a4,a4,a5
    b41a:	0732                	slli	a4,a4,0xc
    b41c:	04f6                	slli	s1,s1,0x1d
    b41e:	8331                	srli	a4,a4,0xc
    b420:	7ff00793          	li	a5,2047
    b424:	b755                	j	b3c8 <__extendsfdf2+0x2e>
    b426:	4781                	li	a5,0
    b428:	4701                	li	a4,0
    b42a:	bf79                	j	b3c8 <__extendsfdf2+0x2e>
    b42c:	7ff00793          	li	a5,2047
    b430:	4701                	li	a4,0
    b432:	bf59                	j	b3c8 <__extendsfdf2+0x2e>
    b434:	ff550713          	addi	a4,a0,-11
    b438:	00e49733          	sll	a4,s1,a4
    b43c:	4481                	li	s1,0
    b43e:	b7c1                	j	b3fe <__extendsfdf2+0x64>

0000b440 <__truncdfsf2>:
    b440:	0145d793          	srli	a5,a1,0x14
    b444:	7ff7f793          	andi	a5,a5,2047
    b448:	00c59693          	slli	a3,a1,0xc
    b44c:	00178613          	addi	a2,a5,1 # 80001 <ch32v20x_wwdg.c.13394d49+0x62143>
    b450:	82a5                	srli	a3,a3,0x9
    b452:	01d55713          	srli	a4,a0,0x1d
    b456:	7fe67613          	andi	a2,a2,2046
    b45a:	81fd                	srli	a1,a1,0x1f
    b45c:	8ed9                	or	a3,a3,a4
    b45e:	00351813          	slli	a6,a0,0x3
    b462:	c205                	beqz	a2,b482 <__truncdfsf2+0x42>
    b464:	c8078613          	addi	a2,a5,-896
    b468:	0fe00713          	li	a4,254
    b46c:	04c75463          	bge	a4,a2,b4b4 <__truncdfsf2+0x74>
    b470:	0ff00793          	li	a5,255
    b474:	4701                	li	a4,0
    b476:	07de                	slli	a5,a5,0x17
    b478:	00e7e533          	or	a0,a5,a4
    b47c:	05fe                	slli	a1,a1,0x1f
    b47e:	8d4d                	or	a0,a0,a1
    b480:	8082                	ret
    b482:	0106e733          	or	a4,a3,a6
    b486:	eb89                	bnez	a5,b498 <__truncdfsf2+0x58>
    b488:	4801                	li	a6,0
    b48a:	cb2d                	beqz	a4,b4fc <__truncdfsf2+0xbc>
    b48c:	0826                	slli	a6,a6,0x9
    b48e:	00985713          	srli	a4,a6,0x9
    b492:	0ff7f793          	zext.b	a5,a5
    b496:	b7c5                	j	b476 <__truncdfsf2+0x36>
    b498:	0ff00793          	li	a5,255
    b49c:	df69                	beqz	a4,b476 <__truncdfsf2+0x36>
    b49e:	0ff00793          	li	a5,255
    b4a2:	00400737          	lui	a4,0x400
    b4a6:	07de                	slli	a5,a5,0x17
    b4a8:	4581                	li	a1,0
    b4aa:	00e7e533          	or	a0,a5,a4
    b4ae:	05fe                	slli	a1,a1,0x1f
    b4b0:	8d4d                	or	a0,a0,a1
    b4b2:	8082                	ret
    b4b4:	04c05c63          	blez	a2,b50c <__truncdfsf2+0xcc>
    b4b8:	00651713          	slli	a4,a0,0x6
    b4bc:	00e03733          	snez	a4,a4
    b4c0:	068e                	slli	a3,a3,0x3
    b4c2:	01d85813          	srli	a6,a6,0x1d
    b4c6:	8f55                	or	a4,a4,a3
    b4c8:	01076733          	or	a4,a4,a6
    b4cc:	00777793          	andi	a5,a4,7
    b4d0:	cbe9                	beqz	a5,b5a2 <__truncdfsf2+0x162>
    b4d2:	00f77793          	andi	a5,a4,15
    b4d6:	4691                	li	a3,4
    b4d8:	0cd78563          	beq	a5,a3,b5a2 <__truncdfsf2+0x162>
    b4dc:	0711                	addi	a4,a4,4 # 400004 <ch32v20x_wwdg.c.13394d49+0x3e2146>
    b4de:	040007b7          	lui	a5,0x4000
    b4e2:	8ff9                	and	a5,a5,a4
    b4e4:	c7dd                	beqz	a5,b592 <__truncdfsf2+0x152>
    b4e6:	00160793          	addi	a5,a2,1
    b4ea:	0ff7f793          	zext.b	a5,a5
    b4ee:	4701                	li	a4,0
    b4f0:	07de                	slli	a5,a5,0x17
    b4f2:	00e7e533          	or	a0,a5,a4
    b4f6:	05fe                	slli	a1,a1,0x1f
    b4f8:	8d4d                	or	a0,a0,a1
    b4fa:	8082                	ret
    b4fc:	4781                	li	a5,0
    b4fe:	4701                	li	a4,0
    b500:	07de                	slli	a5,a5,0x17
    b502:	00e7e533          	or	a0,a5,a4
    b506:	05fe                	slli	a1,a1,0x1f
    b508:	8d4d                	or	a0,a0,a1
    b50a:	8082                	ret
    b50c:	5725                	li	a4,-23
    b50e:	fee647e3          	blt	a2,a4,b4fc <__truncdfsf2+0xbc>
    b512:	4579                	li	a0,30
    b514:	008008b7          	lui	a7,0x800
    b518:	8d11                	sub	a0,a0,a2
    b51a:	477d                	li	a4,31
    b51c:	0116e6b3          	or	a3,a3,a7
    b520:	04a75063          	bge	a4,a0,b560 <__truncdfsf2+0x120>
    b524:	5779                	li	a4,-2
    b526:	8f11                	sub	a4,a4,a2
    b528:	02000613          	li	a2,32
    b52c:	00e6d733          	srl	a4,a3,a4
    b530:	00c50863          	beq	a0,a2,b540 <__truncdfsf2+0x100>
    b534:	ca278793          	addi	a5,a5,-862 # 3fffca2 <ch32v20x_wwdg.c.13394d49+0x3fe1de4>
    b538:	00f696b3          	sll	a3,a3,a5
    b53c:	00d86833          	or	a6,a6,a3
    b540:	01003833          	snez	a6,a6
    b544:	00e86833          	or	a6,a6,a4
    b548:	00787793          	andi	a5,a6,7
    b54c:	c7b9                	beqz	a5,b59a <__truncdfsf2+0x15a>
    b54e:	00f87793          	andi	a5,a6,15
    b552:	4711                	li	a4,4
    b554:	02e79c63          	bne	a5,a4,b58c <__truncdfsf2+0x14c>
    b558:	00385813          	srli	a6,a6,0x3
    b55c:	4781                	li	a5,0
    b55e:	b73d                	j	b48c <__truncdfsf2+0x4c>
    b560:	c8278793          	addi	a5,a5,-894
    b564:	00f81733          	sll	a4,a6,a5
    b568:	00f696b3          	sll	a3,a3,a5
    b56c:	00e03733          	snez	a4,a4
    b570:	00a85833          	srl	a6,a6,a0
    b574:	8f55                	or	a4,a4,a3
    b576:	00e86733          	or	a4,a6,a4
    b57a:	00777793          	andi	a5,a4,7
    b57e:	4601                	li	a2,0
    b580:	fba9                	bnez	a5,b4d2 <__truncdfsf2+0x92>
    b582:	830d                	srli	a4,a4,0x3
    b584:	18fd                	addi	a7,a7,-1 # 7fffff <ch32v20x_wwdg.c.13394d49+0x7e2141>
    b586:	01177733          	and	a4,a4,a7
    b58a:	b5f5                	j	b476 <__truncdfsf2+0x36>
    b58c:	00480713          	addi	a4,a6,4
    b590:	4601                	li	a2,0
    b592:	00375813          	srli	a6,a4,0x3
    b596:	87b2                	mv	a5,a2
    b598:	bdd5                	j	b48c <__truncdfsf2+0x4c>
    b59a:	081a                	slli	a6,a6,0x6
    b59c:	00985713          	srli	a4,a6,0x9
    b5a0:	bdd9                	j	b476 <__truncdfsf2+0x36>
    b5a2:	071a                	slli	a4,a4,0x6
    b5a4:	8325                	srli	a4,a4,0x9
    b5a6:	0ff67793          	zext.b	a5,a2
    b5aa:	b5f1                	j	b476 <__truncdfsf2+0x36>

0000b5ac <__clzsi2>:
    b5ac:	67c1                	lui	a5,0x10
    b5ae:	02f57563          	bgeu	a0,a5,b5d8 <__clzsi2+0x2c>
    b5b2:	10053793          	sltiu	a5,a0,256
    b5b6:	0017c793          	xori	a5,a5,1
    b5ba:	078e                	slli	a5,a5,0x3
    b5bc:	02000713          	li	a4,32
    b5c0:	8f1d                	sub	a4,a4,a5
    b5c2:	00f55533          	srl	a0,a0,a5
    b5c6:	00001797          	auipc	a5,0x1
    b5ca:	a8678793          	addi	a5,a5,-1402 # c04c <__clz_tab>
    b5ce:	97aa                	add	a5,a5,a0
    b5d0:	2388                	lbu	a0,0(a5)
    b5d2:	40a70533          	sub	a0,a4,a0
    b5d6:	8082                	ret
    b5d8:	010007b7          	lui	a5,0x1000
    b5dc:	00f57f63          	bgeu	a0,a5,b5fa <__clzsi2+0x4e>
    b5e0:	47c1                	li	a5,16
    b5e2:	00f55533          	srl	a0,a0,a5
    b5e6:	00001797          	auipc	a5,0x1
    b5ea:	a6678793          	addi	a5,a5,-1434 # c04c <__clz_tab>
    b5ee:	97aa                	add	a5,a5,a0
    b5f0:	2388                	lbu	a0,0(a5)
    b5f2:	4741                	li	a4,16
    b5f4:	40a70533          	sub	a0,a4,a0
    b5f8:	8082                	ret
    b5fa:	47e1                	li	a5,24
    b5fc:	00f55533          	srl	a0,a0,a5
    b600:	00001797          	auipc	a5,0x1
    b604:	a4c78793          	addi	a5,a5,-1460 # c04c <__clz_tab>
    b608:	97aa                	add	a5,a5,a0
    b60a:	2388                	lbu	a0,0(a5)
    b60c:	4721                	li	a4,8
    b60e:	40a70533          	sub	a0,a4,a0
    b612:	8082                	ret
    b614:	3fd33333          	.4byte	0x3fd33333
    b618:	3fd33333          	.4byte	0x3fd33333
    b61c:	3fd33333          	.4byte	0x3fd33333
    b620:	3fd33333          	.4byte	0x3fd33333
    b624:	30474647          	.4byte	0x30474647
    b628:	0030                	addi	a2,sp,8
    b62a:	0000                	unimp
    b62c:	ffff                	.2byte	0xffff
    b62e:	ffff                	.2byte	0xffff
    b630:	00dc                	addi	a5,sp,68
    b632:	00f0                	addi	a2,sp,76
    b634:	4550                	lw	a2,12(a0)
    b636:	4754                	lw	a3,12(a4)
	...
    b654:	0001                	nop
    b656:	1600                	addi	s0,sp,800
    b658:	0014                	.2byte	0x14
    b65a:	0000                	unimp
    b65c:	0000                	unimp
    b65e:	3f80                	lbu	s0,25(a5)
    b660:	0000                	unimp
    b662:	0000                	unimp
    b664:	30474647          	.4byte	0x30474647
    b668:	0030                	addi	a2,sp,8
    b66a:	0000                	unimp
    b66c:	ffff                	.2byte	0xffff
    b66e:	ffff                	.2byte	0xffff
    b670:	00dc                	addi	a5,sp,68
    b672:	00f0                	addi	a2,sp,76
    b674:	4550                	lw	a2,12(a0)
    b676:	4754                	lw	a3,12(a4)
	...
    b694:	0001                	nop
    b696:	1600                	addi	s0,sp,800
    b698:	0014                	.2byte	0x14
    b69a:	0000                	unimp
    b69c:	0000                	unimp
    b69e:	3f80                	lbu	s0,25(a5)
    b6a0:	0000                	unimp
    b6a2:	0000                	unimp
    b6a4:	30474647          	.4byte	0x30474647
    b6a8:	0030                	addi	a2,sp,8
    b6aa:	0000                	unimp
    b6ac:	ffff                	.2byte	0xffff
    b6ae:	ffff                	.2byte	0xffff
    b6b0:	00dc                	addi	a5,sp,68
    b6b2:	00f0                	addi	a2,sp,76
    b6b4:	4550                	lw	a2,12(a0)
    b6b6:	4754                	lw	a3,12(a4)
	...
    b6d4:	0001                	nop
    b6d6:	1600                	addi	s0,sp,800
    b6d8:	0014                	.2byte	0x14
    b6da:	0000                	unimp
    b6dc:	0000                	unimp
    b6de:	3f80                	lbu	s0,25(a5)
    b6e0:	0000                	unimp
    b6e2:	0000                	unimp
    b6e4:	30474647          	.4byte	0x30474647
    b6e8:	0030                	addi	a2,sp,8
    b6ea:	0000                	unimp
    b6ec:	ffff                	.2byte	0xffff
    b6ee:	ffff                	.2byte	0xffff
    b6f0:	00dc                	addi	a5,sp,68
    b6f2:	00f0                	addi	a2,sp,76
    b6f4:	4550                	lw	a2,12(a0)
    b6f6:	4754                	lw	a3,12(a4)
	...
    b714:	0001                	nop
    b716:	1600                	addi	s0,sp,800
    b718:	0014                	.2byte	0x14
    b71a:	0000                	unimp
    b71c:	0000                	unimp
    b71e:	3f80                	lbu	s0,25(a5)
    b720:	0000                	unimp
    b722:	0000                	unimp
    b724:	2f20                	lbu	s0,26(a4)
    b726:	0000                	unimp
    b728:	2daa                	lhu	a0,26(a1)
    b72a:	0000                	unimp
    b72c:	2d80                	lbu	s0,24(a1)
    b72e:	0000                	unimp
    b730:	2d34                	lbu	a3,26(a0)
    b732:	0000                	unimp
    b734:	2c8a                	lhu	a0,24(s1)
    b736:	0000                	unimp
    b738:	2e14                	lbu	a3,24(a2)
    b73a:	0000                	unimp
    b73c:	4520                	lw	s0,72(a0)
    b73e:	0000                	unimp
    b740:	4686                	lw	a3,64(sp)
    b742:	0000                	unimp
    b744:	4686                	lw	a3,64(sp)
    b746:	0000                	unimp
    b748:	4512                	lw	a0,4(sp)
    b74a:	0000                	unimp
    b74c:	426c                	lw	a1,68(a2)
    b74e:	0000                	unimp
    b750:	40f2                	lw	ra,28(sp)
    b752:	0000                	unimp
    b754:	429a                	lw	t0,132(sp)
    b756:	0000                	unimp
    b758:	4686                	lw	a3,64(sp)
    b75a:	0000                	unimp
    b75c:	41d0                	lw	a2,4(a1)
    b75e:	0000                	unimp
    b760:	3c6e                	lhu	a1,62(s0)
    b762:	0000                	unimp
    b764:	3cce                	lhu	a1,60(s1)
    b766:	0000                	unimp
    b768:	3d68                	lbu	a0,31(a0)
    b76a:	0000                	unimp
    b76c:	3dd2                	lhu	a2,60(a1)
    b76e:	0000                	unimp
    b770:	3ebc                	lbu	a5,27(a3)
    b772:	0000                	unimp
    b774:	3f96                	lhu	a3,56(a5)
    b776:	0000                	unimp
    b778:	3fda                	lhu	a4,60(a5)
    b77a:	0000                	unimp
    b77c:	829e                	mv	t0,t2
    b77e:	0000                	unimp
    b780:	8292                	mv	t0,tp
    b782:	0000                	unimp
    b784:	8106                	mv	sp,ra
    b786:	0000                	unimp
    b788:	8b0a                	mv	s6,sp
    b78a:	0000                	unimp
    b78c:	8272                	mv	tp,t3
	...

0000b790 <_ZL15AS5600_SDA_PORT>:
    b790:	1400 4001 1000 4001 1000 4001 1000 4001     ...@...@...@...@

0000b7a0 <_ZL15AS5600_SCL_PORT>:
    b7a0:	0c00 4001 0c00 4001 0c00 4001 0c00 4001     ...@...@...@...@

0000b7b0 <_ZZL28bambubus_build_static_serialvE3hex>:
    b7b0:	3130 3332 3534 3736 3938 4241 4443 4645     0123456789ABCDEF
    b7c0:	0000 0000                                   ....

0000b7c4 <_ZL27before_on_use_sniff_7f_rows>:
    b7c4:	403d fff8 0036 0000 fff7 fff6 0000 ffd9     =@..6...........
    b7d4:	fa57 f3f4 f0f7 b4b5 3fe7 fec9 e981 f6ce     W........?......
    b7e4:	fff4 fff3 0000 ffd9 fa57 f3f4 f0f7 b4b5     ........W.......
    b7f4:	4006 f8d8 eabc e856 fff4 fff3 0000 062a     .@....V.......*.
    b804:	fa57 f3f4 edf7 b4b5 3d8e f798 eb6c e4b5     W........=..l...
    b814:	fff5 fff4 0000 fb0b fa57 f3f4 ecf7 b4b5     ........W.......
    b824:	1bc9 0168 00de 041b fff5 fff4 0000 fee7     ..h.............
    b834:	fa57 f3f4 ecf6 b4b5 1b8d 024a 01de 0659     W.........J...Y.
    b844:	fff4 fff3 0000 ff1a fa57 f3f4 ecf6 b4b5     ........W.......
    b854:	1b71 0368 0266 07be fff4 fff3 0000 ff36     q.h.f.........6.
    b864:	fa57 f3f4 ecf6 b4b5 1b99 0487 022b 0961     W...........+.a.
    b874:	fff4 fff3 0000 00ae fa57 f3f4 ecf7 b4b5     ........W.......
    b884:	1c11 07f7 0253 0c14 fff4 fff2 0000 0098     ....S...........
    b894:	fa57 f3f4 ecf7 b4b5 1e4f 056a 0157 0839     W.......O.j.W.9.
    b8a4:	fff4 fff3 0000 00ae fa57 f3f4 ecf7 b4b5     ........W.......
    b8b4:	1db5 06a0 06a3 08e0 fff4 fff3 0000 0233     ..............3.
    b8c4:	fa57 f3f4 edf6 b4b5 1d86 054c 067e 0769     W.........L.~.i.
    b8d4:	fff4 fff3 0000 0186 fa57 f3f4 edf6 b4b5     ........W.......
    b8e4:	1d42 04f8 0400 07de fff4 fff3 0000 013d     B.............=.
    b8f4:	fa57 f3f4 edf6 b4b5 1b83 0a32 012d 0f73     W.........2.-.s.
    b904:	fff4 fff2 0000 00a3 fb57 f3f4 edf6 b4b5     ........W.......
    b914:	1c70 058a 01fe 0847 fff4 fff3 0000 00d3     p.....G.........
    b924:	fb57 f3f4 eef6 b4b5 1be9 0980 0141 0da6     W...........A...
    b934:	fff3 fff2 0000 009e fb57 f3f4 eef7 b4b5     ........W.......
    b944:	1c04 0a51 0552 0eee fff4 fff2 0000 0233     ..Q.R.........3.
    b954:	fb57 f3f4 eff7 b4b5 1d9a 05b7 03dc 0874     W.............t.
    b964:	fff3 fff2 0000 00d3 fb57 f3f4 eff7 b4b5     ........W.......
    b974:	1d3d 0583 0286 084e fff4 fff3 0000 00b5     =.....N.........
    b984:	fb57 f3f4 f0f6 b4b5 1b9e 09aa 0139 0f0b     W...........9...
    b994:	fff3 fff2 0000 0097 fb57 f3f4 f0f7 b4b5     ........W.......
    b9a4:	1c75 09c6 05ce 0d64 fff3 fff2 0000 fec3     u.....d.........
    b9b4:	fb57 f3f4 f0f6 b4b5 1d12 0642 0252 08f1     W.........B.R...
    b9c4:	fff4 fff3 0000 016a fb57 f3f4 f0f7 b4b5     ......j.W.......
    b9d4:	1c4c 09ff 054d 0f52 fff4 fff2 0000 009f     L...M.R.........
    b9e4:	fb57 f3f4 f0f7 b4b5 1e28 05c0 0682 07e3     W.......(.......
    b9f4:	fff4 fff3 0000 009f fb57 f3f4 f0f6 b4b5     ........W.......
    ba04:	1d59 057c 026a 0831 fff3 fff2 0000 0152     Y.|.j.1.......R.
    ba14:	fb57 f3f4 f0f7 b4b5 1cd9 0852 048e 0a8c     W.........R.....
    ba24:	fff3 fff2 0000 01fb fb57 f3f4 f0f6 b4b5     ........W.......
    ba34:	1cd7 070c 0324 0992 fff4 fff3 0000 012a     ....$.........*.
    ba44:	fb57 f3f4 f0f7 b4b5 1b86 0cc8 0140 11c3     W...........@...
    ba54:	fff3 fff2 0000 009e fa57 f3f4 f0f7 b4b5     ........W.......
    ba64:	1c48 0e01 0506 10e5 fff4 fff3 0000 008a     H...............
    ba74:	fa57 f3f4 f0f6 b4b5 1d86 0b06 05e2 0cf8     W...............
    ba84:	fff3 fff2 0000 01fb fa57 f3f4 eff6 b4b5     ........W.......
    ba94:	1e07 0a1b 04f4 0c69 fff4 fff2 0000 016a     ......i.......j.
    baa4:	fa57 f3f4 eff7 b4b5 1e28 0a08 02fd 0c84     W.......(.......
    bab4:	fff3 fff2 0000 0119 fa57 f3f4 eff6 b4b5     ........W.......
    bac4:	1d08 08b3 026d 0add fff3 fff2 0000 00ae     ....m...........
    bad4:	fa57 f3f4 eff7 b4b5 1ce6 0ac4 038d 0c87     W...............
    bae4:	fff4 fff2 0000 0119 fa57 f3f4 eef7 b4b5     ........W.......
    baf4:	1c64 0a42 031c 152a fff4 fff3 0000 00e6     d.B...*.........
    bb04:	fa57 f3f4 eef7 b4b5 1ce0 0ae0 03ff 0d24     W.............$.
    bb14:	fff4 fff3 0000 013d fa57 f3f4 edf6 b4b5     ......=.W.......
    bb24:	1cee 0aad 02c2 0cdb fff3 fff2 0000 00fd     ................
    bb34:	fa57 f3f4 edf7 b4b5 1d00 0a5d 0210 0cc5     W.........].....
    bb44:	fff4 fff2 0000 00d3 fa57 f3f4 edf7 b4b5     ........W.......
    bb54:	1cf7 09d4 01de 0d2a fff3 fff2 0000 00bb     ......*.........
    bb64:	fa57 f3f4 edf7 b4b5 1bcd 0c34 0203 1135     W.........4...5.
    bb74:	fff3 fff2 0000 008d fa57 f3f4 edf6 b4b5     ........W.......
    bb84:	1b9d 0efd 0208 14eb fff4 fff3 0000 00cd     ................
    bb94:	fa57 f3f4 edf7 b4b5 1e0e 0ab0 0509 0cd5     W...............
    bba4:	fff3 fff2 0000 01cd fa57 f3f4 edf6 b4b5     ........W.......
    bbb4:	1af0 0e87 013d 13e9 fff3 fff2 0000 008c     ....=...........
    bbc4:	fa57 f3f4 edf7 b4b5 1e26 0b3d 018b 0cf1     W.......&.=.....
    bbd4:	fff3 fff2 0000 009e fb57 f3f4 edf7 b4b5     ........W.......
    bbe4:	1e42 0afd 0145 0cca fff4 fff3 0000 008c     B...E...........
    bbf4:	fb57 f3f4 edf7 b4b5                         W.......

0000bbfc <_ZL45_bambubus_ams_motion_package_struct_init_data>:
    bbfc:	c03d 002c 0003 0000 0000 0000 0000 ff00     =.,.............
    bc0c:	36ff 0000 f800 f7ff 00ff 2700 0000 f4fb     .6.........'....
    bc1c:	f6f2 b7b5 b1b4 0000 0000 0000               ............

0000bc28 <_ZL49_bambubus_ams_stu_motion_package_struct_init_data>:
    bc28:	c03d 003c 0004 0000 0000 0000 0000 0000     =.<.............
	...
    bc40:	0000 ff00 36ff 0000 f900 f8ff 00ff 2700     .....6.........'
    bc50:	0000 f4fb f6f2 b7b5 b1b4 0000 0000 ffff     ................
    bc60:	ffff 0000                                   ....

0000bc64 <g_crc8_tbl>:
    bc64:	3900 4b72 dde4 af96 c8f1 ba83 2c15 5e67     .9rK.........,g^
    bc74:	e2db 90a9 063f 744d 132a 6158 f7ce 85bc     ....?.Mt*.Xa....
    bc84:	b68f c4fd 526b 2019 477e 350c a39a d1e8     ....kR. ~G.5....
    bc94:	6d54 1f26 89b0 fbc2 9ca5 eed7 7841 0a33     Tm&.........Ax3.
    bca4:	1e27 6c55 fac3 88b1 efd6 9da4 0b32 7940     '.Ul........2.@y
    bcb4:	c5fc b78e 2118 536a 340d 467f d0e9 a29b     .....!jS.4.F....
    bcc4:	91a8 e3da 754c 073e 6059 122b 84bd f6cf     ....Lu>.Y`+.....
    bcd4:	4a73 3801 ae97 dce5 bb82 c9f0 5f66 2d14     sJ.8........f_.-
    bce4:	774e 053c 93aa e1d8 86bf f4cd 625b 1029     Nw<.........[b).
    bcf4:	ac95 dee7 4871 3a03 5d64 2f16 b980 cbf2     ....qH.:d]./....
    bd04:	f8c1 8ab3 1c25 6e57 0930 7b42 edd4 9fa6     ....%.Wn0.B{....
    bd14:	231a 5168 c7fe b58c d2eb a099 360f 447d     .#hQ.........6}D
    bd24:	5069 221b b48d c6ff a198 d3ea 457c 370e     iP."........|E.7
    bd34:	8bb2 f9c0 6f56 1d24 7a43 0831 9ea7 ecd5     ....Vo$.Cz1.....
    bd44:	dfe6 ad94 3b02 4970 2e17 5c65 caf3 b881     .....;pI..e\....
    bd54:	043d 764f e0d9 92ab f5cc 87be 1128 635a     =.Ov........(.Zc

0000bd64 <g_crc16_tbl>:
    bd64:	0000 1021 2042 3063 4084 50a5 60c6 70e7     ..!.B c0.@.P.`.p
    bd74:	8108 9129 a14a b16b c18c d1ad e1ce f1ef     ..).J.k.........
    bd84:	1231 0210 3273 2252 52b5 4294 72f7 62d6     1...s2R".R.B.r.b
    bd94:	9339 8318 b37b a35a d3bd c39c f3ff e3de     9...{.Z.........
    bda4:	2462 3443 0420 1401 64e6 74c7 44a4 5485     b$C4 ....d.t.D.T
    bdb4:	a56a b54b 8528 9509 e5ee f5cf c5ac d58d     j.K.(...........
    bdc4:	3653 2672 1611 0630 76d7 66f6 5695 46b4     S6r&..0..v.f.V.F
    bdd4:	b75b a77a 9719 8738 f7df e7fe d79d c7bc     [.z...8.........
    bde4:	48c4 58e5 6886 78a7 0840 1861 2802 3823     .H.X.h.x@.a..(#8
    bdf4:	c9cc d9ed e98e f9af 8948 9969 a90a b92b     ........H.i...+.
    be04:	5af5 4ad4 7ab7 6a96 1a71 0a50 3a33 2a12     .Z.J.z.jq.P.3:.*
    be14:	dbfd cbdc fbbf eb9e 9b79 8b58 bb3b ab1a     ........y.X.;...
    be24:	6ca6 7c87 4ce4 5cc5 2c22 3c03 0c60 1c41     .l.|.L.\",.<`.A.
    be34:	edae fd8f cdec ddcd ad2a bd0b 8d68 9d49     ........*...h.I.
    be44:	7e97 6eb6 5ed5 4ef4 3e13 2e32 1e51 0e70     .~.n.^.N.>2.Q.p.
    be54:	ff9f efbe dfdd cffc bf1b af3a 9f59 8f78     ..........:.Y.x.
    be64:	9188 81a9 b1ca a1eb d10c c12d f14e e16f     ..........-.N.o.
    be74:	1080 00a1 30c2 20e3 5004 4025 7046 6067     .....0. .P%@Fpg`
    be84:	83b9 9398 a3fb b3da c33d d31c e37f f35e     ........=.....^.
    be94:	02b1 1290 22f3 32d2 4235 5214 6277 7256     .....".25B.RwbVr
    bea4:	b5ea a5cb 95a8 8589 f56e e54f d52c c50d     ........n.O.,...
    beb4:	34e2 24c3 14a0 0481 7466 6447 5424 4405     .4.$....ftGd$T.D
    bec4:	a7db b7fa 8799 97b8 e75f f77e c71d d73c     ........_.~...<.
    bed4:	26d3 36f2 0691 16b0 6657 7676 4615 5634     .&.6....Wfvv.F4V
    bee4:	d94c c96d f90e e92f 99c8 89e9 b98a a9ab     L.m.../.........
    bef4:	5844 4865 7806 6827 18c0 08e1 3882 28a3     DXeH.x'h.....8.(
    bf04:	cb7d db5c eb3f fb1e 8bf9 9bd8 abbb bb9a     }.\.?...........
    bf14:	4a75 5a54 6a37 7a16 0af1 1ad0 2ab3 3a92     uJTZ7j.z.....*.:
    bf24:	fd2e ed0f dd6c cd4d bdaa ad8b 9de8 8dc9     ....l.M.........
    bf34:	7c26 6c07 5c64 4c45 3ca2 2c83 1ce0 0cc1     &|.ld\EL.<.,....
    bf44:	ef1f ff3e cf5d df7c af9b bfba 8fd9 9ff8     ..>.].|.........
    bf54:	6e17 7e36 4e55 5e74 2e93 3eb2 0ed1 1ef0     .n6~UNt^...>....
    bf64:	df00 ffff ddba ffff dd90 ffff de72 ffff     ............r...
    bf74:	dd90 ffff ddc4 ffff dd90 ffff de72 ffff     ............r...
    bf84:	ddba ffff ddba ffff ddc4 ffff de72 ffff     ............r...
    bf94:	decc ffff decc ffff decc ffff ddc4 ffff     ................
    bfa4:	e7e0 ffff e640 ffff e672 ffff e678 ffff     ....@...r...x...
    bfb4:	e672 ffff e682 ffff e672 ffff e678 ffff     r.......r...x...
    bfc4:	e640 ffff e640 ffff e682 ffff e678 ffff     @...@.......x...
    bfd4:	e744 ffff e744 ffff e744 ffff e682 ffff     D...D...D.......
    bfe4:	e600 ffff e600 ffff e632 ffff e834 ffff     ........2...4...
    bff4:	e632 ffff e642 ffff e632 ffff e834 ffff     2...B...2...4...
    c004:	e600 ffff e600 ffff e642 ffff e834 ffff     ........B...4...
    c014:	e704 ffff e704 ffff e81e ffff e5fa ffff     ................
    c024:	e802 ffff e5fa ffff e81e ffff e5c8 ffff     ................
    c034:	e5c8 ffff e802 ffff e81e ffff e6c8 ffff     ................
    c044:	e6c8 ffff e6c8 ffff                         ........

0000c04c <__clz_tab>:
    c04c:	0100 0202 0303 0303 0404 0404 0404 0404     ................
    c05c:	0505 0505 0505 0505 0505 0505 0505 0505     ................
    c06c:	0606 0606 0606 0606 0606 0606 0606 0606     ................
    c07c:	0606 0606 0606 0606 0606 0606 0606 0606     ................
    c08c:	0707 0707 0707 0707 0707 0707 0707 0707     ................
    c09c:	0707 0707 0707 0707 0707 0707 0707 0707     ................
    c0ac:	0707 0707 0707 0707 0707 0707 0707 0707     ................
    c0bc:	0707 0707 0707 0707 0707 0707 0707 0707     ................
    c0cc:	0808 0808 0808 0808 0808 0808 0808 0808     ................
    c0dc:	0808 0808 0808 0808 0808 0808 0808 0808     ................
    c0ec:	0808 0808 0808 0808 0808 0808 0808 0808     ................
    c0fc:	0808 0808 0808 0808 0808 0808 0808 0808     ................
    c10c:	0808 0808 0808 0808 0808 0808 0808 0808     ................
    c11c:	0808 0808 0808 0808 0808 0808 0808 0808     ................
    c12c:	0808 0808 0808 0808 0808 0808 0808 0808     ................
    c13c:	0808 0808 0808 0808 0808 0808 0808 0808     ................
